Unnamed: 0,essay_num,op_index,time,op_loc,op_type,current_editor,add,delete,selected_text,cursor_location,recording_obj,Unnamed: 12,Unnamed: 13,Unnamed: 14
3284,5,0,199.091,essay_prompt,y,,,,"consider the issue and perspectives, state your own perspective on the issue, and analyze the relationship between your perspective and at least one other perspective on the issue.
Issue:
Automation is generally seen as a sign of progress, but what is lost when we replace humans with machines?

Intelligent Machines
Many of the goods and services we depend on daily are now supplied by intelligent, automated machines rather than human beings. Robots build cars and other goods on assembly lines, where once there were human workers. Many of our phone conversations are now conducted not with people but with sophisticated technologies. We can now buy goods at a variety of stores without the help of a human cashier. Automation is generally seen as a sign of progress, but what is lost when we replace humans with machines? Given the accelerating variety and prevalence of intelligent machines, it is worth examining the implications and meaning of their presence in our lives.
Perspective One (Dystopian view)
What we lose with the replacement of people by machines is some part of our own humanity. Even our mundane daily encounters no longer require from us basic courtesy, respect, and tolerance for other people.
Perspective Two (Utilitarian view)
Machines are good at low-skill, repetitive jobs, and at high-speed, extremely precise jobs. In both cases they work better than humans. This efficiency leads to a more prosperous and progressive world for everyone.
Perspective Three (Progressive view)
Intelligent machines challenge our long-standing ideas about what humans are or can be. This is good because it pushes both humans and machines toward new, unimagined possibilities.",,,,,
3285,5,1,237.485,gpt,gpt_inquiry,,,,"consider the issue and perspectives, state your own perspective on the issue, and analyze the relationship between your perspective and at least one other perspective on the issue.
Issue:
Automation is generally seen as a sign of progress, but what is lost when we replace humans with machines?

Intelligent Machines
Many of the goods and services we depend on daily are now supplied by intelligent, automated machines rather than human beings. Robots build cars and other goods on assembly lines, where once there were human workers. Many of our phone conversations are now conducted not with people but with sophisticated technologies. We can now buy goods at a variety of stores without the help of a human cashier. Automation is generally seen as a sign of progress, but what is lost when we replace humans with machines? Given the accelerating variety and prevalence of intelligent machines, it is worth examining the implications and meaning of their presence in our lives.
Perspective One (Dystopian view)
What we lose with the replacement of people by machines is some part of our own humanity. Even our mundane daily encounters no longer require from us basic courtesy, respect, and tolerance for other people.
Perspective Two (Utilitarian view)
Machines are good at low-skill, repetitive jobs, and at high-speed, extremely precise jobs. In both cases they work better than humans. This efficiency leads to a more prosperous and progressive world for everyone.
Perspective Three (Progressive view)
Intelligent machines challenge our long-standing ideas about what humans are or can be. This is good because it pushes both humans and machines toward new, unimagined possibilities.",,,,,
3286,5,2,243.15,gpt,gpt_response,,,,"My perspective on the issue is a combination of both the utilitarian and progressive views. I believe that the replacement of humans with machines in certain jobs can lead to increased efficiency and productivity, ultimately benefiting society as a whole. However, I also recognize that the presence of intelligent machines can challenge our concept of humanity and raise questions about the role of humans in a society increasingly driven by automation.

In considering the dystopian view, I acknowledge the concern that the replacement of human interactions with machines may result in a loss of empathy, compassion, and personal connection. As more tasks become automated, there is a risk that we may become disconnected from the human element of society, leading to a potential erosion of social bonds and community cohesion.

However, I also see the potential for intelligent machines to enhance our capabilities and create new opportunities for innovation and growth. By delegating low-skill, repetitive tasks to machines, humans can focus on more creative and complex endeavors that require unique thinking and problem-solving skills. This shift can lead to the development of new industries, new job opportunities, and new ways of approaching work and society.

Overall, I believe that a balance must be struck between the efficiencies gained by automation and the preservation of human values and connections. While embracing intelligent machines can propel us toward a more prosperous and progressive world, it is essential to consider the impacts on individuals and society as a whole. By recognizing the potential benefits and pitfalls of automation, we can work towards a future that leverages technology to enhance our lives while maintaining the essential human elements that make us who we are.",,,,,
3287,5,3,300.223,gpt,y,,,,"My perspective on the issue is a combination of both the utilitarian and progressive views. I believe that the replacement of humans with machines in certain jobs can lead to increased efficiency and productivity, ultimately benefiting society as a whole. However, I also recognize that the presence of intelligent machines can challenge our concept of humanity and raise questions about the role of humans in a society increasingly driven by automation.

In considering the dystopian view, I acknowledge the concern that the replacement of human interactions with machines may result in a loss of empathy, compassion, and personal connection. As more tasks become automated, there is a risk that we may become disconnected from the human element of society, leading to a potential erosion of social bonds and community cohesion.

However, I also see the potential for intelligent machines to enhance our capabilities and create new opportunities for innovation and growth. By delegating low-skill, repetitive tasks to machines, humans can focus on more creative and complex endeavors that require unique thinking and problem-solving skills. This shift can lead to the development of new industries, new job opportunities, and new ways of approaching work and society.

Overall, I believe that a balance must be struck between the efficiencies gained by automation and the preservation of human values and connections. While embracing intelligent machines can propel us toward a more prosperous and progressive world, it is essential to consider the impacts on individuals and society as a whole. By recognizing the potential benefits and pitfalls of automation, we can work towards a future that leverages technology to enhance our lives while maintaining the essential human elements that make us who we are.",,,,,
3288,5,4,302.056,editor,p,"['My perspective on the issue is a combination of both the utilitarian and progressive views. I believe that the replacement of humans with machines in certain jobs can lead to increased efficiency and productivity, ultimately benefiting society as a whole. However, I also recognize that the presence of intelligent machines can challenge our concept of humanity and raise questions about the role of humans in a society increasingly driven by automation.', '', 'In considering the dystopian view, I acknowledge the concern that the replacement of human interactions with machines may result in a loss of empathy, compassion, and personal connection. As more tasks become automated, there is a risk that we may become disconnected from the human element of society, leading to a potential erosion of social bonds and community cohesion.', '', 'However, I also see the potential for intelligent machines to enhance our capabilities and create new opportunities for innovation and growth. By delegating low-skill, repetitive tasks to machines, humans can focus on more creative and complex endeavors that require unique thinking and problem-solving skills. This shift can lead to the development of new industries, new job opportunities, and new ways of approaching work and society.', '', 'Overall, I believe that a balance must be struck between the efficiencies gained by automation and the preservation of human values and connections. While embracing intelligent machines can propel us toward a more prosperous and progressive world, it is essential to consider the impacts on individuals and society as a whole. By recognizing the potential benefits and pitfalls of automation, we can work towards a future that leverages technology to enhance our lives while maintaining the essential human elements that make us who we are.']","My perspective on the issue is a combination of both the utilitarian and progressive views. I believe that the replacement of humans with machines in certain jobs can lead to increased efficiency and productivity, ultimately benefiting society as a whole. However, I also recognize that the presence of intelligent machines can challenge our concept of humanity and raise questions about the role of humans in a society increasingly driven by automation.\n\nIn considering the dystopian view, I acknowledge the concern that the replacement of human interactions with machines may result in a loss of empathy, compassion, and personal connection. As more tasks become automated, there is a risk that we may become disconnected from the human element of society, leading to a potential erosion of social bonds and community cohesion.\n\nHowever, I also see the potential for intelligent machines to enhance our capabilities and create new opportunities for innovation and growth. By delegating low-skill, repetitive tasks to machines, humans can focus on more creative and complex endeavors that require unique thinking and problem-solving skills. This shift can lead to the development of new industries, new job opportunities, and new ways of approaching work and society.\n\nOverall, I believe that a balance must be struck between the efficiencies gained by automation and the preservation of human values and connections. While embracing intelligent machines can propel us toward a more prosperous and progressive world, it is essential to consider the impacts on individuals and society as a whole. By recognizing the potential benefits and pitfalls of automation, we can work towards a future that leverages technology to enhance our lives while maintaining the essential human elements that make us who we are.'",,,"[0, 0]","{'t': 302056, 'o': [{'o': 'p', 'i': [0, 0], 'a': ['My perspective on the issue is a combination of both the utilitarian and progressive views. I believe that the replacement of humans with machines in certain jobs can lead to increased efficiency and productivity, ultimately benefiting society as a whole. However, I also recognize that the presence of intelligent machines can challenge our concept of humanity and raise questions about the role of humans in a society increasingly driven by automation.', '', 'In considering the dystopian view, I acknowledge the concern that the replacement of human interactions with machines may result in a loss of empathy, compassion, and personal connection. As more tasks become automated, there is a risk that we may become disconnected from the human element of society, leading to a potential erosion of social bonds and community cohesion.', '', 'However, I also see the potential for intelligent machines to enhance our capabilities and create new opportunities for innovation and growth. By delegating low-skill, repetitive tasks to machines, humans can focus on more creative and complex endeavors that require unique thinking and problem-solving skills. This shift can lead to the development of new industries, new job opportunities, and new ways of approaching work and society.', '', 'Overall, I believe that a balance must be struck between the efficiencies gained by automation and the preservation of human values and connections. While embracing intelligent machines can propel us toward a more prosperous and progressive world, it is essential to consider the impacts on individuals and society as a whole. By recognizing the potential benefits and pitfalls of automation, we can work towards a future that leverages technology to enhance our lives while maintaining the essential human elements that make us who we are.']}]}",,,
3289,5,5,302.057,editor,o,"['My perspective on the issue is a combination of both the utilitarian and progressive views. I believe that the replacement of humans with machines in certain jobs can lead to increased efficiency and productivity, ultimately benefiting society as a whole. However, I also recognize that the presence of intelligent machines can challenge our concept of humanity and raise questions about the role of humans in a society increasingly driven by automation.', '', 'In considering the dystopian view, I acknowledge the concern that the replacement of human interactions with machines may result in a loss of empathy, compassion, and personal connection. As more tasks become automated, there is a risk that we may become disconnected from the human element of society, leading to a potential erosion of social bonds and community cohesion.', '', 'However, I also see the potential for intelligent machines to enhance our capabilities and create new opportunities for innovation and growth. By delegating low-skill, repetitive tasks to machines, humans can focus on more creative and complex endeavors that require unique thinking and problem-solving skills. This shift can lead to the development of new industries, new job opportunities, and new ways of approaching work and society.', '', 'Overall, I believe that a balance must be struck between the efficiencies gained by automation and the preservation of human values and connections. While embracing intelligent machines can propel us toward a more prosperous and progressive world, it is essential to consider the impacts on individuals and society as a whole. By recognizing the potential benefits and pitfalls of automation, we can work towards a future that leverages technology to enhance our lives while maintaining the essential human elements that make us who we are.']",,,,"[6, 540]","{'t': 302057, 'o': [{'o': 'o', 'i': [6, 540]}]}",,,
3290,5,6,303.785,editor,o,"['My perspective on the issue is a combination of both the utilitarian and progressive views. I believe that the replacement of humans with machines in certain jobs can lead to increased efficiency and productivity, ultimately benefiting society as a whole. However, I also recognize that the presence of intelligent machines can challenge our concept of humanity and raise questions about the role of humans in a society increasingly driven by automation.', '', 'In considering the dystopian view, I acknowledge the concern that the replacement of human interactions with machines may result in a loss of empathy, compassion, and personal connection. As more tasks become automated, there is a risk that we may become disconnected from the human element of society, leading to a potential erosion of social bonds and community cohesion.', '', 'However, I also see the potential for intelligent machines to enhance our capabilities and create new opportunities for innovation and growth. By delegating low-skill, repetitive tasks to machines, humans can focus on more creative and complex endeavors that require unique thinking and problem-solving skills. This shift can lead to the development of new industries, new job opportunities, and new ways of approaching work and society.', '', 'Overall, I believe that a balance must be struck between the efficiencies gained by automation and the preservation of human values and connections. While embracing intelligent machines can propel us toward a more prosperous and progressive world, it is essential to consider the impacts on individuals and society as a whole. By recognizing the potential benefits and pitfalls of automation, we can work towards a future that leverages technology to enhance our lives while maintaining the essential human elements that make us who we are.']",,,,"[0, 0]","{'t': 303785, 'o': [{'o': 'o', 'i': [0, 0]}]}",,,
3291,5,7,309.99,editor,i,"['FMy perspective on the issue is a combination of both the utilitarian and progressive views. I believe that the replacement of humans with machines in certain jobs can lead to increased efficiency and productivity, ultimately benefiting society as a whole. However, I also recognize that the presence of intelligent machines can challenge our concept of humanity and raise questions about the role of humans in a society increasingly driven by automation.', '', 'In considering the dystopian view, I acknowledge the concern that the replacement of human interactions with machines may result in a loss of empathy, compassion, and personal connection. As more tasks become automated, there is a risk that we may become disconnected from the human element of society, leading to a potential erosion of social bonds and community cohesion.', '', 'However, I also see the potential for intelligent machines to enhance our capabilities and create new opportunities for innovation and growth. By delegating low-skill, repetitive tasks to machines, humans can focus on more creative and complex endeavors that require unique thinking and problem-solving skills. This shift can lead to the development of new industries, new job opportunities, and new ways of approaching work and society.', '', 'Overall, I believe that a balance must be struck between the efficiencies gained by automation and the preservation of human values and connections. While embracing intelligent machines can propel us toward a more prosperous and progressive world, it is essential to consider the impacts on individuals and society as a whole. By recognizing the potential benefits and pitfalls of automation, we can work towards a future that leverages technology to enhance our lives while maintaining the essential human elements that make us who we are.']",F',,,"[0, 0]","{'t': 309990, 'o': [{'o': 'i', 'i': [0, 0], 'a': 'F'}]}",,,
3292,5,8,310.495,editor,i,"['From My perspective on the issue is a combination of both the utilitarian and progressive views. I believe that the replacement of humans with machines in certain jobs can lead to increased efficiency and productivity, ultimately benefiting society as a whole. However, I also recognize that the presence of intelligent machines can challenge our concept of humanity and raise questions about the role of humans in a society increasingly driven by automation.', '', 'In considering the dystopian view, I acknowledge the concern that the replacement of human interactions with machines may result in a loss of empathy, compassion, and personal connection. As more tasks become automated, there is a risk that we may become disconnected from the human element of society, leading to a potential erosion of social bonds and community cohesion.', '', 'However, I also see the potential for intelligent machines to enhance our capabilities and create new opportunities for innovation and growth. By delegating low-skill, repetitive tasks to machines, humans can focus on more creative and complex endeavors that require unique thinking and problem-solving skills. This shift can lead to the development of new industries, new job opportunities, and new ways of approaching work and society.', '', 'Overall, I believe that a balance must be struck between the efficiencies gained by automation and the preservation of human values and connections. While embracing intelligent machines can propel us toward a more prosperous and progressive world, it is essential to consider the impacts on individuals and society as a whole. By recognizing the potential benefits and pitfalls of automation, we can work towards a future that leverages technology to enhance our lives while maintaining the essential human elements that make us who we are.']",rom ',,,"[0, 1]","{'t': [310195, 310495], 'l': 4, 'o': [{'o': 'i', 'i': [0, 1], 'a': 'rom '}]}",,,
3293,5,9,312.198,editor,d,"['FromMy perspective on the issue is a combination of both the utilitarian and progressive views. I believe that the replacement of humans with machines in certain jobs can lead to increased efficiency and productivity, ultimately benefiting society as a whole. However, I also recognize that the presence of intelligent machines can challenge our concept of humanity and raise questions about the role of humans in a society increasingly driven by automation.', '', 'In considering the dystopian view, I acknowledge the concern that the replacement of human interactions with machines may result in a loss of empathy, compassion, and personal connection. As more tasks become automated, there is a risk that we may become disconnected from the human element of society, leading to a potential erosion of social bonds and community cohesion.', '', 'However, I also see the potential for intelligent machines to enhance our capabilities and create new opportunities for innovation and growth. By delegating low-skill, repetitive tasks to machines, humans can focus on more creative and complex endeavors that require unique thinking and problem-solving skills. This shift can lead to the development of new industries, new job opportunities, and new ways of approaching work and society.', '', 'Overall, I believe that a balance must be struck between the efficiencies gained by automation and the preservation of human values and connections. While embracing intelligent machines can propel us toward a more prosperous and progressive world, it is essential to consider the impacts on individuals and society as a whole. By recognizing the potential benefits and pitfalls of automation, we can work towards a future that leverages technology to enhance our lives while maintaining the essential human elements that make us who we are.']",,,,"[[0, 4], [0, 5]]","{'t': 312198, 'o': [{'o': 'd', 'i': [[0, 4], [0, 5]]}]}",,,
3294,5,10,312.947,editor,d,"['My perspective on the issue is a combination of both the utilitarian and progressive views. I believe that the replacement of humans with machines in certain jobs can lead to increased efficiency and productivity, ultimately benefiting society as a whole. However, I also recognize that the presence of intelligent machines can challenge our concept of humanity and raise questions about the role of humans in a society increasingly driven by automation.', '', 'In considering the dystopian view, I acknowledge the concern that the replacement of human interactions with machines may result in a loss of empathy, compassion, and personal connection. As more tasks become automated, there is a risk that we may become disconnected from the human element of society, leading to a potential erosion of social bonds and community cohesion.', '', 'However, I also see the potential for intelligent machines to enhance our capabilities and create new opportunities for innovation and growth. By delegating low-skill, repetitive tasks to machines, humans can focus on more creative and complex endeavors that require unique thinking and problem-solving skills. This shift can lead to the development of new industries, new job opportunities, and new ways of approaching work and society.', '', 'Overall, I believe that a balance must be struck between the efficiencies gained by automation and the preservation of human values and connections. While embracing intelligent machines can propel us toward a more prosperous and progressive world, it is essential to consider the impacts on individuals and society as a whole. By recognizing the potential benefits and pitfalls of automation, we can work towards a future that leverages technology to enhance our lives while maintaining the essential human elements that make us who we are.']",,From',,"[[0, 0], [0, 4]]","{'t': [312694, 312947], 'l': 4, 'o': [{'o': 'd', 'i': [[0, 0], [0, 4]], 'd': [[1, 4]]}]}",,,
3295,5,11,356.756,editor,o,"['My perspective on the issue is a combination of both the utilitarian and progressive views. I believe that the replacement of humans with machines in certain jobs can lead to increased efficiency and productivity, ultimately benefiting society as a whole. However, I also recognize that the presence of intelligent machines can challenge our concept of humanity and raise questions about the role of humans in a society increasingly driven by automation.', '', 'In considering the dystopian view, I acknowledge the concern that the replacement of human interactions with machines may result in a loss of empathy, compassion, and personal connection. As more tasks become automated, there is a risk that we may become disconnected from the human element of society, leading to a potential erosion of social bonds and community cohesion.', '', 'However, I also see the potential for intelligent machines to enhance our capabilities and create new opportunities for innovation and growth. By delegating low-skill, repetitive tasks to machines, humans can focus on more creative and complex endeavors that require unique thinking and problem-solving skills. This shift can lead to the development of new industries, new job opportunities, and new ways of approaching work and society.', '', 'Overall, I believe that a balance must be struck between the efficiencies gained by automation and the preservation of human values and connections. While embracing intelligent machines can propel us toward a more prosperous and progressive world, it is essential to consider the impacts on individuals and society as a whole. By recognizing the potential benefits and pitfalls of automation, we can work towards a future that leverages technology to enhance our lives while maintaining the essential human elements that make us who we are.']",,,,"[0, 28]","{'t': 356756, 'o': [{'o': 'o', 'i': [0, 28]}]}",,,
3296,5,12,378.496,editor,i,"['My perspective on the issue sis a combination of both the utilitarian and progressive views. I believe that the replacement of humans with machines in certain jobs can lead to increased efficiency and productivity, ultimately benefiting society as a whole. However, I also recognize that the presence of intelligent machines can challenge our concept of humanity and raise questions about the role of humans in a society increasingly driven by automation.', '', 'In considering the dystopian view, I acknowledge the concern that the replacement of human interactions with machines may result in a loss of empathy, compassion, and personal connection. As more tasks become automated, there is a risk that we may become disconnected from the human element of society, leading to a potential erosion of social bonds and community cohesion.', '', 'However, I also see the potential for intelligent machines to enhance our capabilities and create new opportunities for innovation and growth. By delegating low-skill, repetitive tasks to machines, humans can focus on more creative and complex endeavors that require unique thinking and problem-solving skills. This shift can lead to the development of new industries, new job opportunities, and new ways of approaching work and society.', '', 'Overall, I believe that a balance must be struck between the efficiencies gained by automation and the preservation of human values and connections. While embracing intelligent machines can propel us toward a more prosperous and progressive world, it is essential to consider the impacts on individuals and society as a whole. By recognizing the potential benefits and pitfalls of automation, we can work towards a future that leverages technology to enhance our lives while maintaining the essential human elements that make us who we are.']",s',,,"[0, 28]","{'t': 378496, 'o': [{'o': 'i', 'i': [0, 28], 'a': 's'}]}",,,
3297,5,13,380.422,editor,i,"['My perspective on the issue sees how the is a combination of both the utilitarian and progressive views. I believe that the replacement of humans with machines in certain jobs can lead to increased efficiency and productivity, ultimately benefiting society as a whole. However, I also recognize that the presence of intelligent machines can challenge our concept of humanity and raise questions about the role of humans in a society increasingly driven by automation.', '', 'In considering the dystopian view, I acknowledge the concern that the replacement of human interactions with machines may result in a loss of empathy, compassion, and personal connection. As more tasks become automated, there is a risk that we may become disconnected from the human element of society, leading to a potential erosion of social bonds and community cohesion.', '', 'However, I also see the potential for intelligent machines to enhance our capabilities and create new opportunities for innovation and growth. By delegating low-skill, repetitive tasks to machines, humans can focus on more creative and complex endeavors that require unique thinking and problem-solving skills. This shift can lead to the development of new industries, new job opportunities, and new ways of approaching work and society.', '', 'Overall, I believe that a balance must be struck between the efficiencies gained by automation and the preservation of human values and connections. While embracing intelligent machines can propel us toward a more prosperous and progressive world, it is essential to consider the impacts on individuals and society as a whole. By recognizing the potential benefits and pitfalls of automation, we can work towards a future that leverages technology to enhance our lives while maintaining the essential human elements that make us who we are.']",ees how the ',,,"[0, 29]","{'t': [378746, 380422], 'l': 12, 'o': [{'o': 'i', 'i': [0, 29], 'a': 'ees how the '}]}",,,
3298,5,14,386.457,editor,d,"['My perspective on the issue sees how theis a combination of both the utilitarian and progressive views. I believe that the replacement of humans with machines in certain jobs can lead to increased efficiency and productivity, ultimately benefiting society as a whole. However, I also recognize that the presence of intelligent machines can challenge our concept of humanity and raise questions about the role of humans in a society increasingly driven by automation.', '', 'In considering the dystopian view, I acknowledge the concern that the replacement of human interactions with machines may result in a loss of empathy, compassion, and personal connection. As more tasks become automated, there is a risk that we may become disconnected from the human element of society, leading to a potential erosion of social bonds and community cohesion.', '', 'However, I also see the potential for intelligent machines to enhance our capabilities and create new opportunities for innovation and growth. By delegating low-skill, repetitive tasks to machines, humans can focus on more creative and complex endeavors that require unique thinking and problem-solving skills. This shift can lead to the development of new industries, new job opportunities, and new ways of approaching work and society.', '', 'Overall, I believe that a balance must be struck between the efficiencies gained by automation and the preservation of human values and connections. While embracing intelligent machines can propel us toward a more prosperous and progressive world, it is essential to consider the impacts on individuals and society as a whole. By recognizing the potential benefits and pitfalls of automation, we can work towards a future that leverages technology to enhance our lives while maintaining the essential human elements that make us who we are.']",,,,"[[0, 40], [0, 41]]","{'t': 386457, 'o': [{'o': 'd', 'i': [[0, 40], [0, 41]]}]}",,,
3299,5,15,387.307,editor,d,"['My perspective on the issue sees hois a combination of both the utilitarian and progressive views. I believe that the replacement of humans with machines in certain jobs can lead to increased efficiency and productivity, ultimately benefiting society as a whole. However, I also recognize that the presence of intelligent machines can challenge our concept of humanity and raise questions about the role of humans in a society increasingly driven by automation.', '', 'In considering the dystopian view, I acknowledge the concern that the replacement of human interactions with machines may result in a loss of empathy, compassion, and personal connection. As more tasks become automated, there is a risk that we may become disconnected from the human element of society, leading to a potential erosion of social bonds and community cohesion.', '', 'However, I also see the potential for intelligent machines to enhance our capabilities and create new opportunities for innovation and growth. By delegating low-skill, repetitive tasks to machines, humans can focus on more creative and complex endeavors that require unique thinking and problem-solving skills. This shift can lead to the development of new industries, new job opportunities, and new ways of approaching work and society.', '', 'Overall, I believe that a balance must be struck between the efficiencies gained by automation and the preservation of human values and connections. While embracing intelligent machines can propel us toward a more prosperous and progressive world, it is essential to consider the impacts on individuals and society as a whole. By recognizing the potential benefits and pitfalls of automation, we can work towards a future that leverages technology to enhance our lives while maintaining the essential human elements that make us who we are.']",,w the',,"[[0, 35], [0, 40]]","{'t': [386625, 387307], 'l': 5, 'o': [{'o': 'd', 'i': [[0, 35], [0, 40]], 'd': [[1, 5]]}]}",,,
3300,5,16,388.257,editor,i,"['My perspective on the issue sees how is a combination of both the utilitarian and progressive views. I believe that the replacement of humans with machines in certain jobs can lead to increased efficiency and productivity, ultimately benefiting society as a whole. However, I also recognize that the presence of intelligent machines can challenge our concept of humanity and raise questions about the role of humans in a society increasingly driven by automation.', '', 'In considering the dystopian view, I acknowledge the concern that the replacement of human interactions with machines may result in a loss of empathy, compassion, and personal connection. As more tasks become automated, there is a risk that we may become disconnected from the human element of society, leading to a potential erosion of social bonds and community cohesion.', '', 'However, I also see the potential for intelligent machines to enhance our capabilities and create new opportunities for innovation and growth. By delegating low-skill, repetitive tasks to machines, humans can focus on more creative and complex endeavors that require unique thinking and problem-solving skills. This shift can lead to the development of new industries, new job opportunities, and new ways of approaching work and society.', '', 'Overall, I believe that a balance must be struck between the efficiencies gained by automation and the preservation of human values and connections. While embracing intelligent machines can propel us toward a more prosperous and progressive world, it is essential to consider the impacts on individuals and society as a whole. By recognizing the potential benefits and pitfalls of automation, we can work towards a future that leverages technology to enhance our lives while maintaining the essential human elements that make us who we are.']",w ',,,"[0, 35]","{'t': [388137, 388257], 'l': 2, 'o': [{'o': 'i', 'i': [0, 35], 'a': 'w '}]}",,,
3301,5,17,390.322,editor,d,"['My perspective on the issue sees howis a combination of both the utilitarian and progressive views. I believe that the replacement of humans with machines in certain jobs can lead to increased efficiency and productivity, ultimately benefiting society as a whole. However, I also recognize that the presence of intelligent machines can challenge our concept of humanity and raise questions about the role of humans in a society increasingly driven by automation.', '', 'In considering the dystopian view, I acknowledge the concern that the replacement of human interactions with machines may result in a loss of empathy, compassion, and personal connection. As more tasks become automated, there is a risk that we may become disconnected from the human element of society, leading to a potential erosion of social bonds and community cohesion.', '', 'However, I also see the potential for intelligent machines to enhance our capabilities and create new opportunities for innovation and growth. By delegating low-skill, repetitive tasks to machines, humans can focus on more creative and complex endeavors that require unique thinking and problem-solving skills. This shift can lead to the development of new industries, new job opportunities, and new ways of approaching work and society.', '', 'Overall, I believe that a balance must be struck between the efficiencies gained by automation and the preservation of human values and connections. While embracing intelligent machines can propel us toward a more prosperous and progressive world, it is essential to consider the impacts on individuals and society as a whole. By recognizing the potential benefits and pitfalls of automation, we can work towards a future that leverages technology to enhance our lives while maintaining the essential human elements that make us who we are.']",,,,"[[0, 36], [0, 37]]","{'t': 390322, 'o': [{'o': 'd', 'i': [[0, 36], [0, 37]]}]}",,,
3302,5,18,390.99,editor,d,"['My perspective on the issue sees is a combination of both the utilitarian and progressive views. I believe that the replacement of humans with machines in certain jobs can lead to increased efficiency and productivity, ultimately benefiting society as a whole. However, I also recognize that the presence of intelligent machines can challenge our concept of humanity and raise questions about the role of humans in a society increasingly driven by automation.', '', 'In considering the dystopian view, I acknowledge the concern that the replacement of human interactions with machines may result in a loss of empathy, compassion, and personal connection. As more tasks become automated, there is a risk that we may become disconnected from the human element of society, leading to a potential erosion of social bonds and community cohesion.', '', 'However, I also see the potential for intelligent machines to enhance our capabilities and create new opportunities for innovation and growth. By delegating low-skill, repetitive tasks to machines, humans can focus on more creative and complex endeavors that require unique thinking and problem-solving skills. This shift can lead to the development of new industries, new job opportunities, and new ways of approaching work and society.', '', 'Overall, I believe that a balance must be struck between the efficiencies gained by automation and the preservation of human values and connections. While embracing intelligent machines can propel us toward a more prosperous and progressive world, it is essential to consider the impacts on individuals and society as a whole. By recognizing the potential benefits and pitfalls of automation, we can work towards a future that leverages technology to enhance our lives while maintaining the essential human elements that make us who we are.']",,how',,"[[0, 33], [0, 36]]","{'t': [390824, 390990], 'l': 3, 'o': [{'o': 'd', 'i': [[0, 33], [0, 36]], 'd': [[1, 3]]}]}",,,
3303,5,19,410.563,editor,o,"['My perspective on the issue sees is a combination of both the utilitarian and progressive views. I believe that the replacement of humans with machines in certain jobs can lead to increased efficiency and productivity, ultimately benefiting society as a whole. However, I also recognize that the presence of intelligent machines can challenge our concept of humanity and raise questions about the role of humans in a society increasingly driven by automation.', '', 'In considering the dystopian view, I acknowledge the concern that the replacement of human interactions with machines may result in a loss of empathy, compassion, and personal connection. As more tasks become automated, there is a risk that we may become disconnected from the human element of society, leading to a potential erosion of social bonds and community cohesion.', '', 'However, I also see the potential for intelligent machines to enhance our capabilities and create new opportunities for innovation and growth. By delegating low-skill, repetitive tasks to machines, humans can focus on more creative and complex endeavors that require unique thinking and problem-solving skills. This shift can lead to the development of new industries, new job opportunities, and new ways of approaching work and society.', '', 'Overall, I believe that a balance must be struck between the efficiencies gained by automation and the preservation of human values and connections. While embracing intelligent machines can propel us toward a more prosperous and progressive world, it is essential to consider the impacts on individuals and society as a whole. By recognizing the potential benefits and pitfalls of automation, we can work towards a future that leverages technology to enhance our lives while maintaining the essential human elements that make us who we are.']",,,,"[0, 58]","{'t': 410563, 'o': [{'o': 'o', 'i': [0, 58]}]}",,,
3304,5,20,411.662,editor,l,"['My perspective on the issue sees is a combination of both the utilitarian and progressive views. I believe that the replacement of humans with machines in certain jobs can lead to increased efficiency and productivity, ultimately benefiting society as a whole. However, I also recognize that the presence of intelligent machines can challenge our concept of humanity and raise questions about the role of humans in a society increasingly driven by automation.', '', 'In considering the dystopian view, I acknowledge the concern that the replacement of human interactions with machines may result in a loss of empathy, compassion, and personal connection. As more tasks become automated, there is a risk that we may become disconnected from the human element of society, leading to a potential erosion of social bonds and community cohesion.', '', 'However, I also see the potential for intelligent machines to enhance our capabilities and create new opportunities for innovation and growth. By delegating low-skill, repetitive tasks to machines, humans can focus on more creative and complex endeavors that require unique thinking and problem-solving skills. This shift can lead to the development of new industries, new job opportunities, and new ways of approaching work and society.', '', 'Overall, I believe that a balance must be struck between the efficiencies gained by automation and the preservation of human values and connections. While embracing intelligent machines can propel us toward a more prosperous and progressive world, it is essential to consider the impacts on individuals and society as a whole. By recognizing the potential benefits and pitfalls of automation, we can work towards a future that leverages technology to enhance our lives while maintaining the essential human elements that make us who we are.']",,,the utilitarian',"[[0, 58], [0, 73]]","{'t': [411179, 411662], 'l': 15, 'o': [{'o': 'l', 'i': [0, 58], 's': [[0, [[59, 73]]]]}]}",,,
3305,5,21,412.362,editor,d_i,"['My perspective on the issue sees is a combination of both p and progressive views. I believe that the replacement of humans with machines in certain jobs can lead to increased efficiency and productivity, ultimately benefiting society as a whole. However, I also recognize that the presence of intelligent machines can challenge our concept of humanity and raise questions about the role of humans in a society increasingly driven by automation.', '', 'In considering the dystopian view, I acknowledge the concern that the replacement of human interactions with machines may result in a loss of empathy, compassion, and personal connection. As more tasks become automated, there is a risk that we may become disconnected from the human element of society, leading to a potential erosion of social bonds and community cohesion.', '', 'However, I also see the potential for intelligent machines to enhance our capabilities and create new opportunities for innovation and growth. By delegating low-skill, repetitive tasks to machines, humans can focus on more creative and complex endeavors that require unique thinking and problem-solving skills. This shift can lead to the development of new industries, new job opportunities, and new ways of approaching work and society.', '', 'Overall, I believe that a balance must be struck between the efficiencies gained by automation and the preservation of human values and connections. While embracing intelligent machines can propel us toward a more prosperous and progressive world, it is essential to consider the impacts on individuals and society as a whole. By recognizing the potential benefits and pitfalls of automation, we can work towards a future that leverages technology to enhance our lives while maintaining the essential human elements that make us who we are.']",p',the utilitarian',the utilitarian',"[[0, 58], [0, 73]]","{'t': 412362, 'o': [{'o': 'i', 'i': [[0, 58], [0, 73]], 'a': 'p'}]}",,,
3306,5,22,413.579,editor,i,"['My perspective on the issue sees is a combination of both practo and progressive views. I believe that the replacement of humans with machines in certain jobs can lead to increased efficiency and productivity, ultimately benefiting society as a whole. However, I also recognize that the presence of intelligent machines can challenge our concept of humanity and raise questions about the role of humans in a society increasingly driven by automation.', '', 'In considering the dystopian view, I acknowledge the concern that the replacement of human interactions with machines may result in a loss of empathy, compassion, and personal connection. As more tasks become automated, there is a risk that we may become disconnected from the human element of society, leading to a potential erosion of social bonds and community cohesion.', '', 'However, I also see the potential for intelligent machines to enhance our capabilities and create new opportunities for innovation and growth. By delegating low-skill, repetitive tasks to machines, humans can focus on more creative and complex endeavors that require unique thinking and problem-solving skills. This shift can lead to the development of new industries, new job opportunities, and new ways of approaching work and society.', '', 'Overall, I believe that a balance must be struck between the efficiencies gained by automation and the preservation of human values and connections. While embracing intelligent machines can propel us toward a more prosperous and progressive world, it is essential to consider the impacts on individuals and society as a whole. By recognizing the potential benefits and pitfalls of automation, we can work towards a future that leverages technology to enhance our lives while maintaining the essential human elements that make us who we are.']",racto',,,"[0, 59]","{'t': [412682, 413579], 'l': 5, 'o': [{'o': 'i', 'i': [0, 59], 'a': 'racto'}]}",,,
3307,5,23,414.541,editor,d,"['My perspective on the issue sees is a combination of both pract and progressive views. I believe that the replacement of humans with machines in certain jobs can lead to increased efficiency and productivity, ultimately benefiting society as a whole. However, I also recognize that the presence of intelligent machines can challenge our concept of humanity and raise questions about the role of humans in a society increasingly driven by automation.', '', 'In considering the dystopian view, I acknowledge the concern that the replacement of human interactions with machines may result in a loss of empathy, compassion, and personal connection. As more tasks become automated, there is a risk that we may become disconnected from the human element of society, leading to a potential erosion of social bonds and community cohesion.', '', 'However, I also see the potential for intelligent machines to enhance our capabilities and create new opportunities for innovation and growth. By delegating low-skill, repetitive tasks to machines, humans can focus on more creative and complex endeavors that require unique thinking and problem-solving skills. This shift can lead to the development of new industries, new job opportunities, and new ways of approaching work and society.', '', 'Overall, I believe that a balance must be struck between the efficiencies gained by automation and the preservation of human values and connections. While embracing intelligent machines can propel us toward a more prosperous and progressive world, it is essential to consider the impacts on individuals and society as a whole. By recognizing the potential benefits and pitfalls of automation, we can work towards a future that leverages technology to enhance our lives while maintaining the essential human elements that make us who we are.']",,o',,"[[0, 63], [0, 64]]","{'t': 414541, 'o': [{'o': 'd', 'i': [[0, 63], [0, 64]]}]}",,,
3308,5,24,415.822,editor,i,"['My perspective on the issue sees is a combination of both practical and progressive views. I believe that the replacement of humans with machines in certain jobs can lead to increased efficiency and productivity, ultimately benefiting society as a whole. However, I also recognize that the presence of intelligent machines can challenge our concept of humanity and raise questions about the role of humans in a society increasingly driven by automation.', '', 'In considering the dystopian view, I acknowledge the concern that the replacement of human interactions with machines may result in a loss of empathy, compassion, and personal connection. As more tasks become automated, there is a risk that we may become disconnected from the human element of society, leading to a potential erosion of social bonds and community cohesion.', '', 'However, I also see the potential for intelligent machines to enhance our capabilities and create new opportunities for innovation and growth. By delegating low-skill, repetitive tasks to machines, humans can focus on more creative and complex endeavors that require unique thinking and problem-solving skills. This shift can lead to the development of new industries, new job opportunities, and new ways of approaching work and society.', '', 'Overall, I believe that a balance must be struck between the efficiencies gained by automation and the preservation of human values and connections. While embracing intelligent machines can propel us toward a more prosperous and progressive world, it is essential to consider the impacts on individuals and society as a whole. By recognizing the potential benefits and pitfalls of automation, we can work towards a future that leverages technology to enhance our lives while maintaining the essential human elements that make us who we are.']",ical',,,"[0, 63]","{'t': [415062, 415822], 'l': 4, 'o': [{'o': 'i', 'i': [0, 63], 'a': 'ical'}]}",,,
3309,5,25,442.429,gpt,gpt_inquiry,,,,rewrite in college level,,,,,
3310,5,26,447.888,gpt,gpt_response,,,,"Automation is often seen as a symbol of advancement in society, but the question arises: what do we sacrifice when we replace humans with machines? Intelligent machines now play a significant role in providing goods and services, taking over tasks that were previously carried out by humans. From assembly line production to customer service interactions, the rise of automation has led to a reevaluation of the implications and significance of these technologies in our lives.

One perspective, known as the dystopian view, argues that the replacement of human interaction with machines diminishes our innate humanity. The elimination of basic courtesies and respect in our daily encounters is a consequence of relying on intelligent machines for various tasks, which may lead to a disconnection from essential social values.

Conversely, the utilitarian view suggests that machines excel at monotone, repetitive tasks and precise, high-speed functions, ultimately outperforming humans in efficiency. This efficiency is believed to contribute to a more prosperous and progressive society, benefiting all individuals in the long run.

On the other hand, the progressive view contends that the presence of intelligent machines challenges traditional notions of human capabilities, pushing both humans and machines towards new and unimagined possibilities. This perspective acknowledges the transformative impact of automation on our understanding of humanity and the role of technology in shaping our future.

My viewpoint aligns with a combination of both the utilitarian and progressive perspectives. I recognize the potential for automation to enhance productivity and innovation in society, while also acknowledging the risks of losing crucial human connections and values in the process. Striking a balance between the benefits of automation and the preservation of human qualities is essential in navigating the complexities of a rapidly evolving technological landscape. By leveraging the advantages of intelligent machines while safeguarding the essential human elements that define us, we can strive for a future that maximizes the benefits of automation while preserving the core values that make us human.",,,,,
3311,5,27,458.984,gpt,y,,,,"Automation is often seen as a symbol of advancement in society, but the question arises: what do we sacrifice when we replace humans with machines? Intelligent machines now play a significant role in providing goods and services, taking over tasks that were previously carried out by humans. From assembly line production to customer service interactions, the rise of automation has led to a reevaluation of the implications and significance of these technologies in our lives.

One perspective, known as the dystopian view, argues that the replacement of human interaction with machines diminishes our innate humanity. The elimination of basic courtesies and respect in our daily encounters is a consequence of relying on intelligent machines for various tasks, which may lead to a disconnection from essential social values.

Conversely, the utilitarian view suggests that machines excel at monotone, repetitive tasks and precise, high-speed functions, ultimately outperforming humans in efficiency. This efficiency is believed to contribute to a more prosperous and progressive society, benefiting all individuals in the long run.

On the other hand, the progressive view contends that the presence of intelligent machines challenges traditional notions of human capabilities, pushing both humans and machines towards new and unimagined possibilities. This perspective acknowledges the transformative impact of automation on our understanding of humanity and the role of technology in shaping our future.

My viewpoint aligns with a combination of both the utilitarian and progressive perspectives. I recognize the potential for automation to enhance productivity and innovation in society, while also acknowledging the risks of losing crucial human connections and values in the process. Striking a balance between the benefits of automation and the preservation of human qualities is essential in navigating the complexities of a rapidly evolving technological landscape. By leveraging the advantages of intelligent machines while safeguarding the essential human elements that define us, we can strive for a future that maximizes the benefits of automation while preserving the core values that make us human.",,,,,
3312,5,28,461.939,editor,o,"['My perspective on the issue sees is a combination of both practical and progressive views. I believe that the replacement of humans with machines in certain jobs can lead to increased efficiency and productivity, ultimately benefiting society as a whole. However, I also recognize that the presence of intelligent machines can challenge our concept of humanity and raise questions about the role of humans in a society increasingly driven by automation.', '', 'In considering the dystopian view, I acknowledge the concern that the replacement of human interactions with machines may result in a loss of empathy, compassion, and personal connection. As more tasks become automated, there is a risk that we may become disconnected from the human element of society, leading to a potential erosion of social bonds and community cohesion.', '', 'However, I also see the potential for intelligent machines to enhance our capabilities and create new opportunities for innovation and growth. By delegating low-skill, repetitive tasks to machines, humans can focus on more creative and complex endeavors that require unique thinking and problem-solving skills. This shift can lead to the development of new industries, new job opportunities, and new ways of approaching work and society.', '', 'Overall, I believe that a balance must be struck between the efficiencies gained by automation and the preservation of human values and connections. While embracing intelligent machines can propel us toward a more prosperous and progressive world, it is essential to consider the impacts on individuals and society as a whole. By recognizing the potential benefits and pitfalls of automation, we can work towards a future that leverages technology to enhance our lives while maintaining the essential human elements that make us who we are.']",,,,"[2, 303]","{'t': 461939, 'o': [{'o': 'o', 'i': [2, 303]}]}",,,
3313,5,29,462.811,editor,o,"['My perspective on the issue sees is a combination of both practical and progressive views. I believe that the replacement of humans with machines in certain jobs can lead to increased efficiency and productivity, ultimately benefiting society as a whole. However, I also recognize that the presence of intelligent machines can challenge our concept of humanity and raise questions about the role of humans in a society increasingly driven by automation.', '', 'In considering the dystopian view, I acknowledge the concern that the replacement of human interactions with machines may result in a loss of empathy, compassion, and personal connection. As more tasks become automated, there is a risk that we may become disconnected from the human element of society, leading to a potential erosion of social bonds and community cohesion.', '', 'However, I also see the potential for intelligent machines to enhance our capabilities and create new opportunities for innovation and growth. By delegating low-skill, repetitive tasks to machines, humans can focus on more creative and complex endeavors that require unique thinking and problem-solving skills. This shift can lead to the development of new industries, new job opportunities, and new ways of approaching work and society.', '', 'Overall, I believe that a balance must be struck between the efficiencies gained by automation and the preservation of human values and connections. While embracing intelligent machines can propel us toward a more prosperous and progressive world, it is essential to consider the impacts on individuals and society as a whole. By recognizing the potential benefits and pitfalls of automation, we can work towards a future that leverages technology to enhance our lives while maintaining the essential human elements that make us who we are.']",,,"My perspective on the issue sees is a combination of both practical and progressive views. I believe that the replacement of humans with machines in certain jobs can lead to increased efficiency and productivity, ultimately benefiting society as a whole. However, I also recognize that the presence of intelligent machines can challenge our concept of humanity and raise questions about the role of humans in a society increasingly driven by automation.\n\nIn considering the dystopian view, I acknowledge the concern that the replacement of human interactions with machines may result in a loss of empathy, compassion, and personal connection. As more tasks become automated, there is a risk that we may become disconnected from the human element of society, leading to a potential erosion of social bonds and community cohesion.\n\nHowever, I also see the potential for intelligent machines to enhance our capabilities and create new opportunities for innovation and growth. By delegating low-skill, repetitive tasks to machines, humans can focus on more creative and complex endeavors that require unique thinking and problem-solving skills. This shift can lead to the development of new industries, new job opportunities, and new ways of approaching work and society.\n\nOverall, I believe that a balance must be struck between the efficiencies gained by automation and the preservation of human values and connections. While embracing intelligent machines can propel us toward a more prosperous and progressive world, it is essential to consider the impacts on individuals and society as a whole. By recognizing the potential benefits and pitfalls of automation, we can work towards a future that leverages technology to enhance our lives while maintaining the essential human elements that make us who we are.'","[[0, 0], [6, 540]]","{'t': 462811, 'o': [{'o': 'o', 'i': [[0, 0], [6, 540]]}]}",,,
3314,5,30,463.259,editor,p,"['Automation is often seen as a symbol of advancement in society, but the question arises: what do we sacrifice when we replace humans with machines? Intelligent machines now play a significant role in providing goods and services, taking over tasks that were previously carried out by humans. From assembly line production to customer service interactions, the rise of automation has led to a reevaluation of the implications and significance of these technologies in our lives.', '', 'One perspective, known as the dystopian view, argues that the replacement of human interaction with machines diminishes our innate humanity. The elimination of basic courtesies and respect in our daily encounters is a consequence of relying on intelligent machines for various tasks, which may lead to a disconnection from essential social values.', '', 'Conversely, the utilitarian view suggests that machines excel at monotone, repetitive tasks and precise, high-speed functions, ultimately outperforming humans in efficiency. This efficiency is believed to contribute to a more prosperous and progressive society, benefiting all individuals in the long run.', '', 'On the other hand, the progressive view contends that the presence of intelligent machines challenges traditional notions of human capabilities, pushing both humans and machines towards new and unimagined possibilities. This perspective acknowledges the transformative impact of automation on our understanding of humanity and the role of technology in shaping our future.', '', 'My viewpoint aligns with a combination of both the utilitarian and progressive perspectives. I recognize the potential for automation to enhance productivity and innovation in society, while also acknowledging the risks of losing crucial human connections and values in the process. Striking a balance between the benefits of automation and the preservation of human qualities is essential in navigating the complexities of a rapidly evolving technological landscape. By leveraging the advantages of intelligent machines while safeguarding the essential human elements that define us, we can strive for a future that maximizes the benefits of automation while preserving the core values that make us human.']","Automation is often seen as a symbol of advancement in society, but the question arises: what do we sacrifice when we replace humans with machines? Intelligent machines now play a significant role in providing goods and services, taking over tasks that were previously carried out by humans. From assembly line production to customer service interactions, the rise of automation has led to a reevaluation of the implications and significance of these technologies in our lives.\n\nOne perspective, known as the dystopian view, argues that the replacement of human interaction with machines diminishes our innate humanity. The elimination of basic courtesies and respect in our daily encounters is a consequence of relying on intelligent machines for various tasks, which may lead to a disconnection from essential social values.\n\nConversely, the utilitarian view suggests that machines excel at monotone, repetitive tasks and precise, high-speed functions, ultimately outperforming humans in efficiency. This efficiency is believed to contribute to a more prosperous and progressive society, benefiting all individuals in the long run.\n\nOn the other hand, the progressive view contends that the presence of intelligent machines challenges traditional notions of human capabilities, pushing both humans and machines towards new and unimagined possibilities. This perspective acknowledges the transformative impact of automation on our understanding of humanity and the role of technology in shaping our future.\n\nMy viewpoint aligns with a combination of both the utilitarian and progressive perspectives. I recognize the potential for automation to enhance productivity and innovation in society, while also acknowledging the risks of losing crucial human connections and values in the process. Striking a balance between the benefits of automation and the preservation of human qualities is essential in navigating the complexities of a rapidly evolving technological landscape. By leveraging the advantages of intelligent machines while safeguarding the essential human elements that define us, we can strive for a future that maximizes the benefits of automation while preserving the core values that make us human.'","My perspective on the issue sees is a combination of both practical and progressive views. I believe that the replacement of humans with machines in certain jobs can lead to increased efficiency and productivity, ultimately benefiting society as a whole. However, I also recognize that the presence of intelligent machines can challenge our concept of humanity and raise questions about the role of humans in a society increasingly driven by automation.\n\nIn considering the dystopian view, I acknowledge the concern that the replacement of human interactions with machines may result in a loss of empathy, compassion, and personal connection. As more tasks become automated, there is a risk that we may become disconnected from the human element of society, leading to a potential erosion of social bonds and community cohesion.\n\nHowever, I also see the potential for intelligent machines to enhance our capabilities and create new opportunities for innovation and growth. By delegating low-skill, repetitive tasks to machines, humans can focus on more creative and complex endeavors that require unique thinking and problem-solving skills. This shift can lead to the development of new industries, new job opportunities, and new ways of approaching work and society.\n\nOverall, I believe that a balance must be struck between the efficiencies gained by automation and the preservation of human values and connections. While embracing intelligent machines can propel us toward a more prosperous and progressive world, it is essential to consider the impacts on individuals and society as a whole. By recognizing the potential benefits and pitfalls of automation, we can work towards a future that leverages technology to enhance our lives while maintaining the essential human elements that make us who we are.'","My perspective on the issue sees is a combination of both practical and progressive views. I believe that the replacement of humans with machines in certain jobs can lead to increased efficiency and productivity, ultimately benefiting society as a whole. However, I also recognize that the presence of intelligent machines can challenge our concept of humanity and raise questions about the role of humans in a society increasingly driven by automation.\n\nIn considering the dystopian view, I acknowledge the concern that the replacement of human interactions with machines may result in a loss of empathy, compassion, and personal connection. As more tasks become automated, there is a risk that we may become disconnected from the human element of society, leading to a potential erosion of social bonds and community cohesion.\n\nHowever, I also see the potential for intelligent machines to enhance our capabilities and create new opportunities for innovation and growth. By delegating low-skill, repetitive tasks to machines, humans can focus on more creative and complex endeavors that require unique thinking and problem-solving skills. This shift can lead to the development of new industries, new job opportunities, and new ways of approaching work and society.\n\nOverall, I believe that a balance must be struck between the efficiencies gained by automation and the preservation of human values and connections. While embracing intelligent machines can propel us toward a more prosperous and progressive world, it is essential to consider the impacts on individuals and society as a whole. By recognizing the potential benefits and pitfalls of automation, we can work towards a future that leverages technology to enhance our lives while maintaining the essential human elements that make us who we are.'","[[0, 0], [6, 540]]","{'t': 463259, 'o': [{'o': 'p', 'i': [[0, 0], [6, 540]], 'a': ['Automation is often seen as a symbol of advancement in society, but the question arises: what do we sacrifice when we replace humans with machines? Intelligent machines now play a significant role in providing goods and services, taking over tasks that were previously carried out by humans. From assembly line production to customer service interactions, the rise of automation has led to a reevaluation of the implications and significance of these technologies in our lives.', '', 'One perspective, known as the dystopian view, argues that the replacement of human interaction with machines diminishes our innate humanity. The elimination of basic courtesies and respect in our daily encounters is a consequence of relying on intelligent machines for various tasks, which may lead to a disconnection from essential social values.', '', 'Conversely, the utilitarian view suggests that machines excel at monotone, repetitive tasks and precise, high-speed functions, ultimately outperforming humans in efficiency. This efficiency is believed to contribute to a more prosperous and progressive society, benefiting all individuals in the long run.', '', 'On the other hand, the progressive view contends that the presence of intelligent machines challenges traditional notions of human capabilities, pushing both humans and machines towards new and unimagined possibilities. This perspective acknowledges the transformative impact of automation on our understanding of humanity and the role of technology in shaping our future.', '', 'My viewpoint aligns with a combination of both the utilitarian and progressive perspectives. I recognize the potential for automation to enhance productivity and innovation in society, while also acknowledging the risks of losing crucial human connections and values in the process. Striking a balance between the benefits of automation and the preservation of human qualities is essential in navigating the complexities of a rapidly evolving technological landscape. By leveraging the advantages of intelligent machines while safeguarding the essential human elements that define us, we can strive for a future that maximizes the benefits of automation while preserving the core values that make us human.']}]}",,,
3315,5,31,463.26,editor,o,"['Automation is often seen as a symbol of advancement in society, but the question arises: what do we sacrifice when we replace humans with machines? Intelligent machines now play a significant role in providing goods and services, taking over tasks that were previously carried out by humans. From assembly line production to customer service interactions, the rise of automation has led to a reevaluation of the implications and significance of these technologies in our lives.', '', 'One perspective, known as the dystopian view, argues that the replacement of human interaction with machines diminishes our innate humanity. The elimination of basic courtesies and respect in our daily encounters is a consequence of relying on intelligent machines for various tasks, which may lead to a disconnection from essential social values.', '', 'Conversely, the utilitarian view suggests that machines excel at monotone, repetitive tasks and precise, high-speed functions, ultimately outperforming humans in efficiency. This efficiency is believed to contribute to a more prosperous and progressive society, benefiting all individuals in the long run.', '', 'On the other hand, the progressive view contends that the presence of intelligent machines challenges traditional notions of human capabilities, pushing both humans and machines towards new and unimagined possibilities. This perspective acknowledges the transformative impact of automation on our understanding of humanity and the role of technology in shaping our future.', '', 'My viewpoint aligns with a combination of both the utilitarian and progressive perspectives. I recognize the potential for automation to enhance productivity and innovation in society, while also acknowledging the risks of losing crucial human connections and values in the process. Striking a balance between the benefits of automation and the preservation of human qualities is essential in navigating the complexities of a rapidly evolving technological landscape. By leveraging the advantages of intelligent machines while safeguarding the essential human elements that define us, we can strive for a future that maximizes the benefits of automation while preserving the core values that make us human.']",,,,"[8, 706]","{'t': 463260, 'o': [{'o': 'o', 'i': [8, 706]}]}",,,
3316,5,32,464.454,editor,o,"['Automation is often seen as a symbol of advancement in society, but the question arises: what do we sacrifice when we replace humans with machines? Intelligent machines now play a significant role in providing goods and services, taking over tasks that were previously carried out by humans. From assembly line production to customer service interactions, the rise of automation has led to a reevaluation of the implications and significance of these technologies in our lives.', '', 'One perspective, known as the dystopian view, argues that the replacement of human interaction with machines diminishes our innate humanity. The elimination of basic courtesies and respect in our daily encounters is a consequence of relying on intelligent machines for various tasks, which may lead to a disconnection from essential social values.', '', 'Conversely, the utilitarian view suggests that machines excel at monotone, repetitive tasks and precise, high-speed functions, ultimately outperforming humans in efficiency. This efficiency is believed to contribute to a more prosperous and progressive society, benefiting all individuals in the long run.', '', 'On the other hand, the progressive view contends that the presence of intelligent machines challenges traditional notions of human capabilities, pushing both humans and machines towards new and unimagined possibilities. This perspective acknowledges the transformative impact of automation on our understanding of humanity and the role of technology in shaping our future.', '', 'My viewpoint aligns with a combination of both the utilitarian and progressive perspectives. I recognize the potential for automation to enhance productivity and innovation in society, while also acknowledging the risks of losing crucial human connections and values in the process. Striking a balance between the benefits of automation and the preservation of human qualities is essential in navigating the complexities of a rapidly evolving technological landscape. By leveraging the advantages of intelligent machines while safeguarding the essential human elements that define us, we can strive for a future that maximizes the benefits of automation while preserving the core values that make us human.']",,,,"[0, 74]","{'t': 464454, 'o': [{'o': 'o', 'i': [0, 74]}]}",,,
3317,5,33,465.904,editor,o,"['Automation is often seen as a symbol of advancement in society, but the question arises: what do we sacrifice when we replace humans with machines? Intelligent machines now play a significant role in providing goods and services, taking over tasks that were previously carried out by humans. From assembly line production to customer service interactions, the rise of automation has led to a reevaluation of the implications and significance of these technologies in our lives.', '', 'One perspective, known as the dystopian view, argues that the replacement of human interaction with machines diminishes our innate humanity. The elimination of basic courtesies and respect in our daily encounters is a consequence of relying on intelligent machines for various tasks, which may lead to a disconnection from essential social values.', '', 'Conversely, the utilitarian view suggests that machines excel at monotone, repetitive tasks and precise, high-speed functions, ultimately outperforming humans in efficiency. This efficiency is believed to contribute to a more prosperous and progressive society, benefiting all individuals in the long run.', '', 'On the other hand, the progressive view contends that the presence of intelligent machines challenges traditional notions of human capabilities, pushing both humans and machines towards new and unimagined possibilities. This perspective acknowledges the transformative impact of automation on our understanding of humanity and the role of technology in shaping our future.', '', 'My viewpoint aligns with a combination of both the utilitarian and progressive perspectives. I recognize the potential for automation to enhance productivity and innovation in society, while also acknowledging the risks of losing crucial human connections and values in the process. Striking a balance between the benefits of automation and the preservation of human qualities is essential in navigating the complexities of a rapidly evolving technological landscape. By leveraging the advantages of intelligent machines while safeguarding the essential human elements that define us, we can strive for a future that maximizes the benefits of automation while preserving the core values that make us human.']",,,,"[0, 0]","{'t': 465904, 'o': [{'o': 'o', 'i': [0, 0]}]}",,,
3318,5,34,466.496,editor,i,"['WAutomation is often seen as a symbol of advancement in society, but the question arises: what do we sacrifice when we replace humans with machines? Intelligent machines now play a significant role in providing goods and services, taking over tasks that were previously carried out by humans. From assembly line production to customer service interactions, the rise of automation has led to a reevaluation of the implications and significance of these technologies in our lives.', '', 'One perspective, known as the dystopian view, argues that the replacement of human interaction with machines diminishes our innate humanity. The elimination of basic courtesies and respect in our daily encounters is a consequence of relying on intelligent machines for various tasks, which may lead to a disconnection from essential social values.', '', 'Conversely, the utilitarian view suggests that machines excel at monotone, repetitive tasks and precise, high-speed functions, ultimately outperforming humans in efficiency. This efficiency is believed to contribute to a more prosperous and progressive society, benefiting all individuals in the long run.', '', 'On the other hand, the progressive view contends that the presence of intelligent machines challenges traditional notions of human capabilities, pushing both humans and machines towards new and unimagined possibilities. This perspective acknowledges the transformative impact of automation on our understanding of humanity and the role of technology in shaping our future.', '', 'My viewpoint aligns with a combination of both the utilitarian and progressive perspectives. I recognize the potential for automation to enhance productivity and innovation in society, while also acknowledging the risks of losing crucial human connections and values in the process. Striking a balance between the benefits of automation and the preservation of human qualities is essential in navigating the complexities of a rapidly evolving technological landscape. By leveraging the advantages of intelligent machines while safeguarding the essential human elements that define us, we can strive for a future that maximizes the benefits of automation while preserving the core values that make us human.']",W',,,"[0, 0]","{'t': 466496, 'o': [{'o': 'i', 'i': [0, 0], 'a': 'W'}]}",,,
3319,5,35,468.838,editor,i,"['When looking at Automation is often seen as a symbol of advancement in society, but the question arises: what do we sacrifice when we replace humans with machines? Intelligent machines now play a significant role in providing goods and services, taking over tasks that were previously carried out by humans. From assembly line production to customer service interactions, the rise of automation has led to a reevaluation of the implications and significance of these technologies in our lives.', '', 'One perspective, known as the dystopian view, argues that the replacement of human interaction with machines diminishes our innate humanity. The elimination of basic courtesies and respect in our daily encounters is a consequence of relying on intelligent machines for various tasks, which may lead to a disconnection from essential social values.', '', 'Conversely, the utilitarian view suggests that machines excel at monotone, repetitive tasks and precise, high-speed functions, ultimately outperforming humans in efficiency. This efficiency is believed to contribute to a more prosperous and progressive society, benefiting all individuals in the long run.', '', 'On the other hand, the progressive view contends that the presence of intelligent machines challenges traditional notions of human capabilities, pushing both humans and machines towards new and unimagined possibilities. This perspective acknowledges the transformative impact of automation on our understanding of humanity and the role of technology in shaping our future.', '', 'My viewpoint aligns with a combination of both the utilitarian and progressive perspectives. I recognize the potential for automation to enhance productivity and innovation in society, while also acknowledging the risks of losing crucial human connections and values in the process. Striking a balance between the benefits of automation and the preservation of human qualities is essential in navigating the complexities of a rapidly evolving technological landscape. By leveraging the advantages of intelligent machines while safeguarding the essential human elements that define us, we can strive for a future that maximizes the benefits of automation while preserving the core values that make us human.']",hen looking at ',,,"[0, 1]","{'t': [466601, 468838], 'l': 15, 'o': [{'o': 'i', 'i': [0, 1], 'a': 'hen looking at '}]}",,,
3320,5,36,469.932,editor,o,"['When looking at Automation is often seen as a symbol of advancement in society, but the question arises: what do we sacrifice when we replace humans with machines? Intelligent machines now play a significant role in providing goods and services, taking over tasks that were previously carried out by humans. From assembly line production to customer service interactions, the rise of automation has led to a reevaluation of the implications and significance of these technologies in our lives.', '', 'One perspective, known as the dystopian view, argues that the replacement of human interaction with machines diminishes our innate humanity. The elimination of basic courtesies and respect in our daily encounters is a consequence of relying on intelligent machines for various tasks, which may lead to a disconnection from essential social values.', '', 'Conversely, the utilitarian view suggests that machines excel at monotone, repetitive tasks and precise, high-speed functions, ultimately outperforming humans in efficiency. This efficiency is believed to contribute to a more prosperous and progressive society, benefiting all individuals in the long run.', '', 'On the other hand, the progressive view contends that the presence of intelligent machines challenges traditional notions of human capabilities, pushing both humans and machines towards new and unimagined possibilities. This perspective acknowledges the transformative impact of automation on our understanding of humanity and the role of technology in shaping our future.', '', 'My viewpoint aligns with a combination of both the utilitarian and progressive perspectives. I recognize the potential for automation to enhance productivity and innovation in society, while also acknowledging the risks of losing crucial human connections and values in the process. Striking a balance between the benefits of automation and the preservation of human qualities is essential in navigating the complexities of a rapidly evolving technological landscape. By leveraging the advantages of intelligent machines while safeguarding the essential human elements that define us, we can strive for a future that maximizes the benefits of automation while preserving the core values that make us human.']",,,,"[0, 17]","{'t': 469932, 'o': [{'o': 'o', 'i': [0, 17]}]}",,,
3321,5,37,470.183,editor,d,"['When looking at utomation is often seen as a symbol of advancement in society, but the question arises: what do we sacrifice when we replace humans with machines? Intelligent machines now play a significant role in providing goods and services, taking over tasks that were previously carried out by humans. From assembly line production to customer service interactions, the rise of automation has led to a reevaluation of the implications and significance of these technologies in our lives.', '', 'One perspective, known as the dystopian view, argues that the replacement of human interaction with machines diminishes our innate humanity. The elimination of basic courtesies and respect in our daily encounters is a consequence of relying on intelligent machines for various tasks, which may lead to a disconnection from essential social values.', '', 'Conversely, the utilitarian view suggests that machines excel at monotone, repetitive tasks and precise, high-speed functions, ultimately outperforming humans in efficiency. This efficiency is believed to contribute to a more prosperous and progressive society, benefiting all individuals in the long run.', '', 'On the other hand, the progressive view contends that the presence of intelligent machines challenges traditional notions of human capabilities, pushing both humans and machines towards new and unimagined possibilities. This perspective acknowledges the transformative impact of automation on our understanding of humanity and the role of technology in shaping our future.', '', 'My viewpoint aligns with a combination of both the utilitarian and progressive perspectives. I recognize the potential for automation to enhance productivity and innovation in society, while also acknowledging the risks of losing crucial human connections and values in the process. Striking a balance between the benefits of automation and the preservation of human qualities is essential in navigating the complexities of a rapidly evolving technological landscape. By leveraging the advantages of intelligent machines while safeguarding the essential human elements that define us, we can strive for a future that maximizes the benefits of automation while preserving the core values that make us human.']",,A',,"[[0, 16], [0, 17]]","{'t': 470183, 'o': [{'o': 'd', 'i': [[0, 16], [0, 17]]}]}",,,
3322,5,38,471.351,editor,i,"['When looking at automation is often seen as a symbol of advancement in society, but the question arises: what do we sacrifice when we replace humans with machines? Intelligent machines now play a significant role in providing goods and services, taking over tasks that were previously carried out by humans. From assembly line production to customer service interactions, the rise of automation has led to a reevaluation of the implications and significance of these technologies in our lives.', '', 'One perspective, known as the dystopian view, argues that the replacement of human interaction with machines diminishes our innate humanity. The elimination of basic courtesies and respect in our daily encounters is a consequence of relying on intelligent machines for various tasks, which may lead to a disconnection from essential social values.', '', 'Conversely, the utilitarian view suggests that machines excel at monotone, repetitive tasks and precise, high-speed functions, ultimately outperforming humans in efficiency. This efficiency is believed to contribute to a more prosperous and progressive society, benefiting all individuals in the long run.', '', 'On the other hand, the progressive view contends that the presence of intelligent machines challenges traditional notions of human capabilities, pushing both humans and machines towards new and unimagined possibilities. This perspective acknowledges the transformative impact of automation on our understanding of humanity and the role of technology in shaping our future.', '', 'My viewpoint aligns with a combination of both the utilitarian and progressive perspectives. I recognize the potential for automation to enhance productivity and innovation in society, while also acknowledging the risks of losing crucial human connections and values in the process. Striking a balance between the benefits of automation and the preservation of human qualities is essential in navigating the complexities of a rapidly evolving technological landscape. By leveraging the advantages of intelligent machines while safeguarding the essential human elements that define us, we can strive for a future that maximizes the benefits of automation while preserving the core values that make us human.']",a',,,"[0, 16]","{'t': 471351, 'o': [{'o': 'i', 'i': [0, 16], 'a': 'a'}]}",,,
3323,5,39,471.931,editor,o,"['When looking at automation is often seen as a symbol of advancement in society, but the question arises: what do we sacrifice when we replace humans with machines? Intelligent machines now play a significant role in providing goods and services, taking over tasks that were previously carried out by humans. From assembly line production to customer service interactions, the rise of automation has led to a reevaluation of the implications and significance of these technologies in our lives.', '', 'One perspective, known as the dystopian view, argues that the replacement of human interaction with machines diminishes our innate humanity. The elimination of basic courtesies and respect in our daily encounters is a consequence of relying on intelligent machines for various tasks, which may lead to a disconnection from essential social values.', '', 'Conversely, the utilitarian view suggests that machines excel at monotone, repetitive tasks and precise, high-speed functions, ultimately outperforming humans in efficiency. This efficiency is believed to contribute to a more prosperous and progressive society, benefiting all individuals in the long run.', '', 'On the other hand, the progressive view contends that the presence of intelligent machines challenges traditional notions of human capabilities, pushing both humans and machines towards new and unimagined possibilities. This perspective acknowledges the transformative impact of automation on our understanding of humanity and the role of technology in shaping our future.', '', 'My viewpoint aligns with a combination of both the utilitarian and progressive perspectives. I recognize the potential for automation to enhance productivity and innovation in society, while also acknowledging the risks of losing crucial human connections and values in the process. Striking a balance between the benefits of automation and the preservation of human qualities is essential in navigating the complexities of a rapidly evolving technological landscape. By leveraging the advantages of intelligent machines while safeguarding the essential human elements that define us, we can strive for a future that maximizes the benefits of automation while preserving the core values that make us human.']",,,,"[0, 84]","{'t': 471931, 'o': [{'o': 'o', 'i': [0, 84]}]}",,,
3324,5,40,472.528,editor,l,"['When looking at automation is often seen as a symbol of advancement in society, but the question arises: what do we sacrifice when we replace humans with machines? Intelligent machines now play a significant role in providing goods and services, taking over tasks that were previously carried out by humans. From assembly line production to customer service interactions, the rise of automation has led to a reevaluation of the implications and significance of these technologies in our lives.', '', 'One perspective, known as the dystopian view, argues that the replacement of human interaction with machines diminishes our innate humanity. The elimination of basic courtesies and respect in our daily encounters is a consequence of relying on intelligent machines for various tasks, which may lead to a disconnection from essential social values.', '', 'Conversely, the utilitarian view suggests that machines excel at monotone, repetitive tasks and precise, high-speed functions, ultimately outperforming humans in efficiency. This efficiency is believed to contribute to a more prosperous and progressive society, benefiting all individuals in the long run.', '', 'On the other hand, the progressive view contends that the presence of intelligent machines challenges traditional notions of human capabilities, pushing both humans and machines towards new and unimagined possibilities. This perspective acknowledges the transformative impact of automation on our understanding of humanity and the role of technology in shaping our future.', '', 'My viewpoint aligns with a combination of both the utilitarian and progressive perspectives. I recognize the potential for automation to enhance productivity and innovation in society, while also acknowledging the risks of losing crucial human connections and values in the process. Striking a balance between the benefits of automation and the preservation of human qualities is essential in navigating the complexities of a rapidly evolving technological landscape. By leveraging the advantages of intelligent machines while safeguarding the essential human elements that define us, we can strive for a future that maximizes the benefits of automation while preserving the core values that make us human.']",,,s',"[[0, 117], [0, 116]]","{'t': [472515, 472528], 'l': 2, 'o': [{'o': 'l', 'i': [0, 117], 's': [[0, [[117, 116]]]]}]}",,,
3325,5,41,473.011,editor,o,"['When looking at automation is often seen as a symbol of advancement in society, but the question arises: what do we sacrifice when we replace humans with machines? Intelligent machines now play a significant role in providing goods and services, taking over tasks that were previously carried out by humans. From assembly line production to customer service interactions, the rise of automation has led to a reevaluation of the implications and significance of these technologies in our lives.', '', 'One perspective, known as the dystopian view, argues that the replacement of human interaction with machines diminishes our innate humanity. The elimination of basic courtesies and respect in our daily encounters is a consequence of relying on intelligent machines for various tasks, which may lead to a disconnection from essential social values.', '', 'Conversely, the utilitarian view suggests that machines excel at monotone, repetitive tasks and precise, high-speed functions, ultimately outperforming humans in efficiency. This efficiency is believed to contribute to a more prosperous and progressive society, benefiting all individuals in the long run.', '', 'On the other hand, the progressive view contends that the presence of intelligent machines challenges traditional notions of human capabilities, pushing both humans and machines towards new and unimagined possibilities. This perspective acknowledges the transformative impact of automation on our understanding of humanity and the role of technology in shaping our future.', '', 'My viewpoint aligns with a combination of both the utilitarian and progressive perspectives. I recognize the potential for automation to enhance productivity and innovation in society, while also acknowledging the risks of losing crucial human connections and values in the process. Striking a balance between the benefits of automation and the preservation of human qualities is essential in navigating the complexities of a rapidly evolving technological landscape. By leveraging the advantages of intelligent machines while safeguarding the essential human elements that define us, we can strive for a future that maximizes the benefits of automation while preserving the core values that make us human.']",,,,"[0, 101]","{'t': 473011, 'o': [{'o': 'o', 'i': [0, 101]}]}",,,
3326,5,42,473.95,editor,o,"['When looking at automation is often seen as a symbol of advancement in society, but the question arises: what do we sacrifice when we replace humans with machines? Intelligent machines now play a significant role in providing goods and services, taking over tasks that were previously carried out by humans. From assembly line production to customer service interactions, the rise of automation has led to a reevaluation of the implications and significance of these technologies in our lives.', '', 'One perspective, known as the dystopian view, argues that the replacement of human interaction with machines diminishes our innate humanity. The elimination of basic courtesies and respect in our daily encounters is a consequence of relying on intelligent machines for various tasks, which may lead to a disconnection from essential social values.', '', 'Conversely, the utilitarian view suggests that machines excel at monotone, repetitive tasks and precise, high-speed functions, ultimately outperforming humans in efficiency. This efficiency is believed to contribute to a more prosperous and progressive society, benefiting all individuals in the long run.', '', 'On the other hand, the progressive view contends that the presence of intelligent machines challenges traditional notions of human capabilities, pushing both humans and machines towards new and unimagined possibilities. This perspective acknowledges the transformative impact of automation on our understanding of humanity and the role of technology in shaping our future.', '', 'My viewpoint aligns with a combination of both the utilitarian and progressive perspectives. I recognize the potential for automation to enhance productivity and innovation in society, while also acknowledging the risks of losing crucial human connections and values in the process. Striking a balance between the benefits of automation and the preservation of human qualities is essential in navigating the complexities of a rapidly evolving technological landscape. By leveraging the advantages of intelligent machines while safeguarding the essential human elements that define us, we can strive for a future that maximizes the benefits of automation while preserving the core values that make us human.']",,,,"[0, 27]","{'t': 473950, 'o': [{'o': 'o', 'i': [0, 27]}]}",,,
3327,5,43,474.995,editor,o,"['When looking at automation is often seen as a symbol of advancement in society, but the question arises: what do we sacrifice when we replace humans with machines? Intelligent machines now play a significant role in providing goods and services, taking over tasks that were previously carried out by humans. From assembly line production to customer service interactions, the rise of automation has led to a reevaluation of the implications and significance of these technologies in our lives.', '', 'One perspective, known as the dystopian view, argues that the replacement of human interaction with machines diminishes our innate humanity. The elimination of basic courtesies and respect in our daily encounters is a consequence of relying on intelligent machines for various tasks, which may lead to a disconnection from essential social values.', '', 'Conversely, the utilitarian view suggests that machines excel at monotone, repetitive tasks and precise, high-speed functions, ultimately outperforming humans in efficiency. This efficiency is believed to contribute to a more prosperous and progressive society, benefiting all individuals in the long run.', '', 'On the other hand, the progressive view contends that the presence of intelligent machines challenges traditional notions of human capabilities, pushing both humans and machines towards new and unimagined possibilities. This perspective acknowledges the transformative impact of automation on our understanding of humanity and the role of technology in shaping our future.', '', 'My viewpoint aligns with a combination of both the utilitarian and progressive perspectives. I recognize the potential for automation to enhance productivity and innovation in society, while also acknowledging the risks of losing crucial human connections and values in the process. Striking a balance between the benefits of automation and the preservation of human qualities is essential in navigating the complexities of a rapidly evolving technological landscape. By leveraging the advantages of intelligent machines while safeguarding the essential human elements that define us, we can strive for a future that maximizes the benefits of automation while preserving the core values that make us human.']",,,i',"[[0, 27], [0, 28]]","{'t': 474995, 'o': [{'o': 'o', 'i': [[0, 27], [0, 28]]}]}",,,
3328,5,44,475.162,editor,l,"['When looking at automation is often seen as a symbol of advancement in society, but the question arises: what do we sacrifice when we replace humans with machines? Intelligent machines now play a significant role in providing goods and services, taking over tasks that were previously carried out by humans. From assembly line production to customer service interactions, the rise of automation has led to a reevaluation of the implications and significance of these technologies in our lives.', '', 'One perspective, known as the dystopian view, argues that the replacement of human interaction with machines diminishes our innate humanity. The elimination of basic courtesies and respect in our daily encounters is a consequence of relying on intelligent machines for various tasks, which may lead to a disconnection from essential social values.', '', 'Conversely, the utilitarian view suggests that machines excel at monotone, repetitive tasks and precise, high-speed functions, ultimately outperforming humans in efficiency. This efficiency is believed to contribute to a more prosperous and progressive society, benefiting all individuals in the long run.', '', 'On the other hand, the progressive view contends that the presence of intelligent machines challenges traditional notions of human capabilities, pushing both humans and machines towards new and unimagined possibilities. This perspective acknowledges the transformative impact of automation on our understanding of humanity and the role of technology in shaping our future.', '', 'My viewpoint aligns with a combination of both the utilitarian and progressive perspectives. I recognize the potential for automation to enhance productivity and innovation in society, while also acknowledging the risks of losing crucial human connections and values in the process. Striking a balance between the benefits of automation and the preservation of human qualities is essential in navigating the complexities of a rapidly evolving technological landscape. By leveraging the advantages of intelligent machines while safeguarding the essential human elements that define us, we can strive for a future that maximizes the benefits of automation while preserving the core values that make us human.']",,,is often',"[[0, 27], [0, 35]]","{'t': [475028, 475162], 'l': 7, 'o': [{'o': 'l', 'i': [0, 27], 's': [[0, [[29, 35]]]]}]}",,,
3329,5,45,476.134,editor,d_i,"['When looking at automation i seen as a symbol of advancement in society, but the question arises: what do we sacrifice when we replace humans with machines? Intelligent machines now play a significant role in providing goods and services, taking over tasks that were previously carried out by humans. From assembly line production to customer service interactions, the rise of automation has led to a reevaluation of the implications and significance of these technologies in our lives.', '', 'One perspective, known as the dystopian view, argues that the replacement of human interaction with machines diminishes our innate humanity. The elimination of basic courtesies and respect in our daily encounters is a consequence of relying on intelligent machines for various tasks, which may lead to a disconnection from essential social values.', '', 'Conversely, the utilitarian view suggests that machines excel at monotone, repetitive tasks and precise, high-speed functions, ultimately outperforming humans in efficiency. This efficiency is believed to contribute to a more prosperous and progressive society, benefiting all individuals in the long run.', '', 'On the other hand, the progressive view contends that the presence of intelligent machines challenges traditional notions of human capabilities, pushing both humans and machines towards new and unimagined possibilities. This perspective acknowledges the transformative impact of automation on our understanding of humanity and the role of technology in shaping our future.', '', 'My viewpoint aligns with a combination of both the utilitarian and progressive perspectives. I recognize the potential for automation to enhance productivity and innovation in society, while also acknowledging the risks of losing crucial human connections and values in the process. Striking a balance between the benefits of automation and the preservation of human qualities is essential in navigating the complexities of a rapidly evolving technological landscape. By leveraging the advantages of intelligent machines while safeguarding the essential human elements that define us, we can strive for a future that maximizes the benefits of automation while preserving the core values that make us human.']",i',is often',is often',"[[0, 27], [0, 35]]","{'t': 476134, 'o': [{'o': 'i', 'i': [[0, 27], [0, 35]], 'a': 'i'}]}",,,
3330,5,46,476.498,editor,i,"['When looking at automation it is seen as a symbol of advancement in society, but the question arises: what do we sacrifice when we replace humans with machines? Intelligent machines now play a significant role in providing goods and services, taking over tasks that were previously carried out by humans. From assembly line production to customer service interactions, the rise of automation has led to a reevaluation of the implications and significance of these technologies in our lives.', '', 'One perspective, known as the dystopian view, argues that the replacement of human interaction with machines diminishes our innate humanity. The elimination of basic courtesies and respect in our daily encounters is a consequence of relying on intelligent machines for various tasks, which may lead to a disconnection from essential social values.', '', 'Conversely, the utilitarian view suggests that machines excel at monotone, repetitive tasks and precise, high-speed functions, ultimately outperforming humans in efficiency. This efficiency is believed to contribute to a more prosperous and progressive society, benefiting all individuals in the long run.', '', 'On the other hand, the progressive view contends that the presence of intelligent machines challenges traditional notions of human capabilities, pushing both humans and machines towards new and unimagined possibilities. This perspective acknowledges the transformative impact of automation on our understanding of humanity and the role of technology in shaping our future.', '', 'My viewpoint aligns with a combination of both the utilitarian and progressive perspectives. I recognize the potential for automation to enhance productivity and innovation in society, while also acknowledging the risks of losing crucial human connections and values in the process. Striking a balance between the benefits of automation and the preservation of human qualities is essential in navigating the complexities of a rapidly evolving technological landscape. By leveraging the advantages of intelligent machines while safeguarding the essential human elements that define us, we can strive for a future that maximizes the benefits of automation while preserving the core values that make us human.']",t is',,,"[0, 28]","{'t': [476183, 476498], 'l': 4, 'o': [{'o': 'i', 'i': [0, 28], 'a': 't is'}]}",,,
3331,5,47,488.263,editor,o,"['When looking at automation it is seen as a symbol of advancement in society, but the question arises: what do we sacrifice when we replace humans with machines? Intelligent machines now play a significant role in providing goods and services, taking over tasks that were previously carried out by humans. From assembly line production to customer service interactions, the rise of automation has led to a reevaluation of the implications and significance of these technologies in our lives.', '', 'One perspective, known as the dystopian view, argues that the replacement of human interaction with machines diminishes our innate humanity. The elimination of basic courtesies and respect in our daily encounters is a consequence of relying on intelligent machines for various tasks, which may lead to a disconnection from essential social values.', '', 'Conversely, the utilitarian view suggests that machines excel at monotone, repetitive tasks and precise, high-speed functions, ultimately outperforming humans in efficiency. This efficiency is believed to contribute to a more prosperous and progressive society, benefiting all individuals in the long run.', '', 'On the other hand, the progressive view contends that the presence of intelligent machines challenges traditional notions of human capabilities, pushing both humans and machines towards new and unimagined possibilities. This perspective acknowledges the transformative impact of automation on our understanding of humanity and the role of technology in shaping our future.', '', 'My viewpoint aligns with a combination of both the utilitarian and progressive perspectives. I recognize the potential for automation to enhance productivity and innovation in society, while also acknowledging the risks of losing crucial human connections and values in the process. Striking a balance between the benefits of automation and the preservation of human qualities is essential in navigating the complexities of a rapidly evolving technological landscape. By leveraging the advantages of intelligent machines while safeguarding the essential human elements that define us, we can strive for a future that maximizes the benefits of automation while preserving the core values that make us human.']",,,,"[0, 123]","{'t': 488263, 'o': [{'o': 'o', 'i': [0, 123]}]}",,,
3332,5,48,496.962,editor,o,"['When looking at automation it is seen as a symbol of advancement in society, but the question arises: what do we sacrifice when we replace humans with machines? Intelligent machines now play a significant role in providing goods and services, taking over tasks that were previously carried out by humans. From assembly line production to customer service interactions, the rise of automation has led to a reevaluation of the implications and significance of these technologies in our lives.', '', 'One perspective, known as the dystopian view, argues that the replacement of human interaction with machines diminishes our innate humanity. The elimination of basic courtesies and respect in our daily encounters is a consequence of relying on intelligent machines for various tasks, which may lead to a disconnection from essential social values.', '', 'Conversely, the utilitarian view suggests that machines excel at monotone, repetitive tasks and precise, high-speed functions, ultimately outperforming humans in efficiency. This efficiency is believed to contribute to a more prosperous and progressive society, benefiting all individuals in the long run.', '', 'On the other hand, the progressive view contends that the presence of intelligent machines challenges traditional notions of human capabilities, pushing both humans and machines towards new and unimagined possibilities. This perspective acknowledges the transformative impact of automation on our understanding of humanity and the role of technology in shaping our future.', '', 'My viewpoint aligns with a combination of both the utilitarian and progressive perspectives. I recognize the potential for automation to enhance productivity and innovation in society, while also acknowledging the risks of losing crucial human connections and values in the process. Striking a balance between the benefits of automation and the preservation of human qualities is essential in navigating the complexities of a rapidly evolving technological landscape. By leveraging the advantages of intelligent machines while safeguarding the essential human elements that define us, we can strive for a future that maximizes the benefits of automation while preserving the core values that make us human.']",,,,"[0, 310]","{'t': 496962, 'o': [{'o': 'o', 'i': [0, 310]}]}",,,
3333,5,49,497.628,editor,o,"['When looking at automation it is seen as a symbol of advancement in society, but the question arises: what do we sacrifice when we replace humans with machines? Intelligent machines now play a significant role in providing goods and services, taking over tasks that were previously carried out by humans. From assembly line production to customer service interactions, the rise of automation has led to a reevaluation of the implications and significance of these technologies in our lives.', '', 'One perspective, known as the dystopian view, argues that the replacement of human interaction with machines diminishes our innate humanity. The elimination of basic courtesies and respect in our daily encounters is a consequence of relying on intelligent machines for various tasks, which may lead to a disconnection from essential social values.', '', 'Conversely, the utilitarian view suggests that machines excel at monotone, repetitive tasks and precise, high-speed functions, ultimately outperforming humans in efficiency. This efficiency is believed to contribute to a more prosperous and progressive society, benefiting all individuals in the long run.', '', 'On the other hand, the progressive view contends that the presence of intelligent machines challenges traditional notions of human capabilities, pushing both humans and machines towards new and unimagined possibilities. This perspective acknowledges the transformative impact of automation on our understanding of humanity and the role of technology in shaping our future.', '', 'My viewpoint aligns with a combination of both the utilitarian and progressive perspectives. I recognize the potential for automation to enhance productivity and innovation in society, while also acknowledging the risks of losing crucial human connections and values in the process. Striking a balance between the benefits of automation and the preservation of human qualities is essential in navigating the complexities of a rapidly evolving technological landscape. By leveraging the advantages of intelligent machines while safeguarding the essential human elements that define us, we can strive for a future that maximizes the benefits of automation while preserving the core values that make us human.']",,,,"[0, 162]","{'t': 497628, 'o': [{'o': 'o', 'i': [0, 162]}]}",,,
3334,5,50,531.185,editor,o,"['When looking at automation it is seen as a symbol of advancement in society, but the question arises: what do we sacrifice when we replace humans with machines? Intelligent machines now play a significant role in providing goods and services, taking over tasks that were previously carried out by humans. From assembly line production to customer service interactions, the rise of automation has led to a reevaluation of the implications and significance of these technologies in our lives.', '', 'One perspective, known as the dystopian view, argues that the replacement of human interaction with machines diminishes our innate humanity. The elimination of basic courtesies and respect in our daily encounters is a consequence of relying on intelligent machines for various tasks, which may lead to a disconnection from essential social values.', '', 'Conversely, the utilitarian view suggests that machines excel at monotone, repetitive tasks and precise, high-speed functions, ultimately outperforming humans in efficiency. This efficiency is believed to contribute to a more prosperous and progressive society, benefiting all individuals in the long run.', '', 'On the other hand, the progressive view contends that the presence of intelligent machines challenges traditional notions of human capabilities, pushing both humans and machines towards new and unimagined possibilities. This perspective acknowledges the transformative impact of automation on our understanding of humanity and the role of technology in shaping our future.', '', 'My viewpoint aligns with a combination of both the utilitarian and progressive perspectives. I recognize the potential for automation to enhance productivity and innovation in society, while also acknowledging the risks of losing crucial human connections and values in the process. Striking a balance between the benefits of automation and the preservation of human qualities is essential in navigating the complexities of a rapidly evolving technological landscape. By leveraging the advantages of intelligent machines while safeguarding the essential human elements that define us, we can strive for a future that maximizes the benefits of automation while preserving the core values that make us human.']",,,,"[8, 26]","{'t': 531185, 'o': [{'o': 'o', 'i': [8, 26]}]}",,,
3335,5,51,531.445,editor,l,"['When looking at automation it is seen as a symbol of advancement in society, but the question arises: what do we sacrifice when we replace humans with machines? Intelligent machines now play a significant role in providing goods and services, taking over tasks that were previously carried out by humans. From assembly line production to customer service interactions, the rise of automation has led to a reevaluation of the implications and significance of these technologies in our lives.', '', 'One perspective, known as the dystopian view, argues that the replacement of human interaction with machines diminishes our innate humanity. The elimination of basic courtesies and respect in our daily encounters is a consequence of relying on intelligent machines for various tasks, which may lead to a disconnection from essential social values.', '', 'Conversely, the utilitarian view suggests that machines excel at monotone, repetitive tasks and precise, high-speed functions, ultimately outperforming humans in efficiency. This efficiency is believed to contribute to a more prosperous and progressive society, benefiting all individuals in the long run.', '', 'On the other hand, the progressive view contends that the presence of intelligent machines challenges traditional notions of human capabilities, pushing both humans and machines towards new and unimagined possibilities. This perspective acknowledges the transformative impact of automation on our understanding of humanity and the role of technology in shaping our future.', '', 'My viewpoint aligns with a combination of both the utilitarian and progressive perspectives. I recognize the potential for automation to enhance productivity and innovation in society, while also acknowledging the risks of losing crucial human connections and values in the process. Striking a balance between the benefits of automation and the preservation of human qualities is essential in navigating the complexities of a rapidly evolving technological landscape. By leveraging the advantages of intelligent machines while safeguarding the essential human elements that define us, we can strive for a future that maximizes the benefits of automation while preserving the core values that make us human.']",,,My viewpoint aligns with a',"[[8, 26], [8, 0]]","{'t': [531310, 531445], 'l': 9, 'o': [{'o': 'l', 'i': [8, 26], 's': [[8, [25, 23, 20, 16, 11, 7, 4, [1, 0]]]]}]}",,,
3336,5,52,532.138,editor,d_i,"['When looking at automation it is seen as a symbol of advancement in society, but the question arises: what do we sacrifice when we replace humans with machines? Intelligent machines now play a significant role in providing goods and services, taking over tasks that were previously carried out by humans. From assembly line production to customer service interactions, the rise of automation has led to a reevaluation of the implications and significance of these technologies in our lives.', '', 'One perspective, known as the dystopian view, argues that the replacement of human interaction with machines diminishes our innate humanity. The elimination of basic courtesies and respect in our daily encounters is a consequence of relying on intelligent machines for various tasks, which may lead to a disconnection from essential social values.', '', 'Conversely, the utilitarian view suggests that machines excel at monotone, repetitive tasks and precise, high-speed functions, ultimately outperforming humans in efficiency. This efficiency is believed to contribute to a more prosperous and progressive society, benefiting all individuals in the long run.', '', 'On the other hand, the progressive view contends that the presence of intelligent machines challenges traditional notions of human capabilities, pushing both humans and machines towards new and unimagined possibilities. This perspective acknowledges the transformative impact of automation on our understanding of humanity and the role of technology in shaping our future.', '', 'A combination of both the utilitarian and progressive perspectives. I recognize the potential for automation to enhance productivity and innovation in society, while also acknowledging the risks of losing crucial human connections and values in the process. Striking a balance between the benefits of automation and the preservation of human qualities is essential in navigating the complexities of a rapidly evolving technological landscape. By leveraging the advantages of intelligent machines while safeguarding the essential human elements that define us, we can strive for a future that maximizes the benefits of automation while preserving the core values that make us human.']",A',My viewpoint aligns with a',My viewpoint aligns with a',"[[8, 0], [8, 26]]","{'t': 532138, 'o': [{'o': 'i', 'i': [[8, 0], [8, 26]], 'a': 'A'}]}",,,
3337,5,53,540.655,editor,o,"['When looking at automation it is seen as a symbol of advancement in society, but the question arises: what do we sacrifice when we replace humans with machines? Intelligent machines now play a significant role in providing goods and services, taking over tasks that were previously carried out by humans. From assembly line production to customer service interactions, the rise of automation has led to a reevaluation of the implications and significance of these technologies in our lives.', '', 'One perspective, known as the dystopian view, argues that the replacement of human interaction with machines diminishes our innate humanity. The elimination of basic courtesies and respect in our daily encounters is a consequence of relying on intelligent machines for various tasks, which may lead to a disconnection from essential social values.', '', 'Conversely, the utilitarian view suggests that machines excel at monotone, repetitive tasks and precise, high-speed functions, ultimately outperforming humans in efficiency. This efficiency is believed to contribute to a more prosperous and progressive society, benefiting all individuals in the long run.', '', 'On the other hand, the progressive view contends that the presence of intelligent machines challenges traditional notions of human capabilities, pushing both humans and machines towards new and unimagined possibilities. This perspective acknowledges the transformative impact of automation on our understanding of humanity and the role of technology in shaping our future.', '', 'A combination of both the utilitarian and progressive perspectives. I recognize the potential for automation to enhance productivity and innovation in society, while also acknowledging the risks of losing crucial human connections and values in the process. Striking a balance between the benefits of automation and the preservation of human qualities is essential in navigating the complexities of a rapidly evolving technological landscape. By leveraging the advantages of intelligent machines while safeguarding the essential human elements that define us, we can strive for a future that maximizes the benefits of automation while preserving the core values that make us human.']",,,,"[8, 1]","{'t': 540655, 'o': [{'o': 'o', 'i': [8, 1]}]}",,,
3338,5,54,540.832,editor,o,"['When looking at automation it is seen as a symbol of advancement in society, but the question arises: what do we sacrifice when we replace humans with machines? Intelligent machines now play a significant role in providing goods and services, taking over tasks that were previously carried out by humans. From assembly line production to customer service interactions, the rise of automation has led to a reevaluation of the implications and significance of these technologies in our lives.', '', 'One perspective, known as the dystopian view, argues that the replacement of human interaction with machines diminishes our innate humanity. The elimination of basic courtesies and respect in our daily encounters is a consequence of relying on intelligent machines for various tasks, which may lead to a disconnection from essential social values.', '', 'Conversely, the utilitarian view suggests that machines excel at monotone, repetitive tasks and precise, high-speed functions, ultimately outperforming humans in efficiency. This efficiency is believed to contribute to a more prosperous and progressive society, benefiting all individuals in the long run.', '', 'On the other hand, the progressive view contends that the presence of intelligent machines challenges traditional notions of human capabilities, pushing both humans and machines towards new and unimagined possibilities. This perspective acknowledges the transformative impact of automation on our understanding of humanity and the role of technology in shaping our future.', '', 'A combination of both the utilitarian and progressive perspectives. I recognize the potential for automation to enhance productivity and innovation in society, while also acknowledging the risks of losing crucial human connections and values in the process. Striking a balance between the benefits of automation and the preservation of human qualities is essential in navigating the complexities of a rapidly evolving technological landscape. By leveraging the advantages of intelligent machines while safeguarding the essential human elements that define us, we can strive for a future that maximizes the benefits of automation while preserving the core values that make us human.']",,,A',"[[8, 0], [8, 1]]","{'t': 540832, 'o': [{'o': 'o', 'i': [[8, 0], [8, 1]]}]}",,,
3339,5,55,548.321,editor,o,"['When looking at automation it is seen as a symbol of advancement in society, but the question arises: what do we sacrifice when we replace humans with machines? Intelligent machines now play a significant role in providing goods and services, taking over tasks that were previously carried out by humans. From assembly line production to customer service interactions, the rise of automation has led to a reevaluation of the implications and significance of these technologies in our lives.', '', 'One perspective, known as the dystopian view, argues that the replacement of human interaction with machines diminishes our innate humanity. The elimination of basic courtesies and respect in our daily encounters is a consequence of relying on intelligent machines for various tasks, which may lead to a disconnection from essential social values.', '', 'Conversely, the utilitarian view suggests that machines excel at monotone, repetitive tasks and precise, high-speed functions, ultimately outperforming humans in efficiency. This efficiency is believed to contribute to a more prosperous and progressive society, benefiting all individuals in the long run.', '', 'On the other hand, the progressive view contends that the presence of intelligent machines challenges traditional notions of human capabilities, pushing both humans and machines towards new and unimagined possibilities. This perspective acknowledges the transformative impact of automation on our understanding of humanity and the role of technology in shaping our future.', '', 'A combination of both the utilitarian and progressive perspectives. I recognize the potential for automation to enhance productivity and innovation in society, while also acknowledging the risks of losing crucial human connections and values in the process. Striking a balance between the benefits of automation and the preservation of human qualities is essential in navigating the complexities of a rapidly evolving technological landscape. By leveraging the advantages of intelligent machines while safeguarding the essential human elements that define us, we can strive for a future that maximizes the benefits of automation while preserving the core values that make us human.']",,,,"[8, 137]","{'t': 548321, 'o': [{'o': 'o', 'i': [8, 137]}]}",,,
3340,5,56,549.801,editor,o,"['When looking at automation it is seen as a symbol of advancement in society, but the question arises: what do we sacrifice when we replace humans with machines? Intelligent machines now play a significant role in providing goods and services, taking over tasks that were previously carried out by humans. From assembly line production to customer service interactions, the rise of automation has led to a reevaluation of the implications and significance of these technologies in our lives.', '', 'One perspective, known as the dystopian view, argues that the replacement of human interaction with machines diminishes our innate humanity. The elimination of basic courtesies and respect in our daily encounters is a consequence of relying on intelligent machines for various tasks, which may lead to a disconnection from essential social values.', '', 'Conversely, the utilitarian view suggests that machines excel at monotone, repetitive tasks and precise, high-speed functions, ultimately outperforming humans in efficiency. This efficiency is believed to contribute to a more prosperous and progressive society, benefiting all individuals in the long run.', '', 'On the other hand, the progressive view contends that the presence of intelligent machines challenges traditional notions of human capabilities, pushing both humans and machines towards new and unimagined possibilities. This perspective acknowledges the transformative impact of automation on our understanding of humanity and the role of technology in shaping our future.', '', 'A combination of both the utilitarian and progressive perspectives. I recognize the potential for automation to enhance productivity and innovation in society, while also acknowledging the risks of losing crucial human connections and values in the process. Striking a balance between the benefits of automation and the preservation of human qualities is essential in navigating the complexities of a rapidly evolving technological landscape. By leveraging the advantages of intelligent machines while safeguarding the essential human elements that define us, we can strive for a future that maximizes the benefits of automation while preserving the core values that make us human.']",,,.',"[[8, 66], [8, 67]]","{'t': [549003, 549801], 'l': 2, 'o': [{'o': 'o', 'i': [[8, 66], [8, 67]]}]}",,,
3341,5,57,550.119,editor,d,"['When looking at automation it is seen as a symbol of advancement in society, but the question arises: what do we sacrifice when we replace humans with machines? Intelligent machines now play a significant role in providing goods and services, taking over tasks that were previously carried out by humans. From assembly line production to customer service interactions, the rise of automation has led to a reevaluation of the implications and significance of these technologies in our lives.', '', 'One perspective, known as the dystopian view, argues that the replacement of human interaction with machines diminishes our innate humanity. The elimination of basic courtesies and respect in our daily encounters is a consequence of relying on intelligent machines for various tasks, which may lead to a disconnection from essential social values.', '', 'Conversely, the utilitarian view suggests that machines excel at monotone, repetitive tasks and precise, high-speed functions, ultimately outperforming humans in efficiency. This efficiency is believed to contribute to a more prosperous and progressive society, benefiting all individuals in the long run.', '', 'On the other hand, the progressive view contends that the presence of intelligent machines challenges traditional notions of human capabilities, pushing both humans and machines towards new and unimagined possibilities. This perspective acknowledges the transformative impact of automation on our understanding of humanity and the role of technology in shaping our future.', '', 'A combination of both the utilitarian and progressive perspectives I recognize the potential for automation to enhance productivity and innovation in society, while also acknowledging the risks of losing crucial human connections and values in the process. Striking a balance between the benefits of automation and the preservation of human qualities is essential in navigating the complexities of a rapidly evolving technological landscape. By leveraging the advantages of intelligent machines while safeguarding the essential human elements that define us, we can strive for a future that maximizes the benefits of automation while preserving the core values that make us human.']",,.',,"[[8, 66], [8, 67]]","{'t': 550119, 'o': [{'o': 'd', 'i': [[8, 66], [8, 67]]}]}",,,
3342,5,58,551.125,editor,d,"['When looking at automation it is seen as a symbol of advancement in society, but the question arises: what do we sacrifice when we replace humans with machines? Intelligent machines now play a significant role in providing goods and services, taking over tasks that were previously carried out by humans. From assembly line production to customer service interactions, the rise of automation has led to a reevaluation of the implications and significance of these technologies in our lives.', '', 'One perspective, known as the dystopian view, argues that the replacement of human interaction with machines diminishes our innate humanity. The elimination of basic courtesies and respect in our daily encounters is a consequence of relying on intelligent machines for various tasks, which may lead to a disconnection from essential social values.', '', 'Conversely, the utilitarian view suggests that machines excel at monotone, repetitive tasks and precise, high-speed functions, ultimately outperforming humans in efficiency. This efficiency is believed to contribute to a more prosperous and progressive society, benefiting all individuals in the long run.', '', 'On the other hand, the progressive view contends that the presence of intelligent machines challenges traditional notions of human capabilities, pushing both humans and machines towards new and unimagined possibilities. This perspective acknowledges the transformative impact of automation on our understanding of humanity and the role of technology in shaping our future.', '', 'A combination of both the utilitarian and progressive perspective I recognize the potential for automation to enhance productivity and innovation in society, while also acknowledging the risks of losing crucial human connections and values in the process. Striking a balance between the benefits of automation and the preservation of human qualities is essential in navigating the complexities of a rapidly evolving technological landscape. By leveraging the advantages of intelligent machines while safeguarding the essential human elements that define us, we can strive for a future that maximizes the benefits of automation while preserving the core values that make us human.']",,s',,"[[8, 65], [8, 66]]","{'t': 551125, 'o': [{'o': 'd', 'i': [[8, 65], [8, 66]]}]}",,,
3343,5,59,552.417,editor,i,"['When looking at automation it is seen as a symbol of advancement in society, but the question arises: what do we sacrifice when we replace humans with machines? Intelligent machines now play a significant role in providing goods and services, taking over tasks that were previously carried out by humans. From assembly line production to customer service interactions, the rise of automation has led to a reevaluation of the implications and significance of these technologies in our lives.', '', 'One perspective, known as the dystopian view, argues that the replacement of human interaction with machines diminishes our innate humanity. The elimination of basic courtesies and respect in our daily encounters is a consequence of relying on intelligent machines for various tasks, which may lead to a disconnection from essential social values.', '', 'Conversely, the utilitarian view suggests that machines excel at monotone, repetitive tasks and precise, high-speed functions, ultimately outperforming humans in efficiency. This efficiency is believed to contribute to a more prosperous and progressive society, benefiting all individuals in the long run.', '', 'On the other hand, the progressive view contends that the presence of intelligent machines challenges traditional notions of human capabilities, pushing both humans and machines towards new and unimagined possibilities. This perspective acknowledges the transformative impact of automation on our understanding of humanity and the role of technology in shaping our future.', '', 'A combination of both the utilitarian and progressive perspectives I recognize the potential for automation to enhance productivity and innovation in society, while also acknowledging the risks of losing crucial human connections and values in the process. Striking a balance between the benefits of automation and the preservation of human qualities is essential in navigating the complexities of a rapidly evolving technological landscape. By leveraging the advantages of intelligent machines while safeguarding the essential human elements that define us, we can strive for a future that maximizes the benefits of automation while preserving the core values that make us human.']",s',,,"[8, 65]","{'t': 552417, 'o': [{'o': 'i', 'i': [8, 65], 'a': 's'}]}",,,
3344,5,60,552.882,editor,o,"['When looking at automation it is seen as a symbol of advancement in society, but the question arises: what do we sacrifice when we replace humans with machines? Intelligent machines now play a significant role in providing goods and services, taking over tasks that were previously carried out by humans. From assembly line production to customer service interactions, the rise of automation has led to a reevaluation of the implications and significance of these technologies in our lives.', '', 'One perspective, known as the dystopian view, argues that the replacement of human interaction with machines diminishes our innate humanity. The elimination of basic courtesies and respect in our daily encounters is a consequence of relying on intelligent machines for various tasks, which may lead to a disconnection from essential social values.', '', 'Conversely, the utilitarian view suggests that machines excel at monotone, repetitive tasks and precise, high-speed functions, ultimately outperforming humans in efficiency. This efficiency is believed to contribute to a more prosperous and progressive society, benefiting all individuals in the long run.', '', 'On the other hand, the progressive view contends that the presence of intelligent machines challenges traditional notions of human capabilities, pushing both humans and machines towards new and unimagined possibilities. This perspective acknowledges the transformative impact of automation on our understanding of humanity and the role of technology in shaping our future.', '', 'A combination of both the utilitarian and progressive perspectives I recognize the potential for automation to enhance productivity and innovation in society, while also acknowledging the risks of losing crucial human connections and values in the process. Striking a balance between the benefits of automation and the preservation of human qualities is essential in navigating the complexities of a rapidly evolving technological landscape. By leveraging the advantages of intelligent machines while safeguarding the essential human elements that define us, we can strive for a future that maximizes the benefits of automation while preserving the core values that make us human.']",,,,"[8, 67]","{'t': 552882, 'o': [{'o': 'o', 'i': [8, 67]}]}",,,
3345,5,61,553.123,editor,d,"['When looking at automation it is seen as a symbol of advancement in society, but the question arises: what do we sacrifice when we replace humans with machines? Intelligent machines now play a significant role in providing goods and services, taking over tasks that were previously carried out by humans. From assembly line production to customer service interactions, the rise of automation has led to a reevaluation of the implications and significance of these technologies in our lives.', '', 'One perspective, known as the dystopian view, argues that the replacement of human interaction with machines diminishes our innate humanity. The elimination of basic courtesies and respect in our daily encounters is a consequence of relying on intelligent machines for various tasks, which may lead to a disconnection from essential social values.', '', 'Conversely, the utilitarian view suggests that machines excel at monotone, repetitive tasks and precise, high-speed functions, ultimately outperforming humans in efficiency. This efficiency is believed to contribute to a more prosperous and progressive society, benefiting all individuals in the long run.', '', 'On the other hand, the progressive view contends that the presence of intelligent machines challenges traditional notions of human capabilities, pushing both humans and machines towards new and unimagined possibilities. This perspective acknowledges the transformative impact of automation on our understanding of humanity and the role of technology in shaping our future.', '', 'A combination of both the utilitarian and progressive perspectivesI recognize the potential for automation to enhance productivity and innovation in society, while also acknowledging the risks of losing crucial human connections and values in the process. Striking a balance between the benefits of automation and the preservation of human qualities is essential in navigating the complexities of a rapidly evolving technological landscape. By leveraging the advantages of intelligent machines while safeguarding the essential human elements that define us, we can strive for a future that maximizes the benefits of automation while preserving the core values that make us human.']",,,,"[[8, 66], [8, 67]]","{'t': 553123, 'o': [{'o': 'd', 'i': [[8, 66], [8, 67]]}]}",,,
3346,5,62,554.573,editor,i,"['When looking at automation it is seen as a symbol of advancement in society, but the question arises: what do we sacrifice when we replace humans with machines? Intelligent machines now play a significant role in providing goods and services, taking over tasks that were previously carried out by humans. From assembly line production to customer service interactions, the rise of automation has led to a reevaluation of the implications and significance of these technologies in our lives.', '', 'One perspective, known as the dystopian view, argues that the replacement of human interaction with machines diminishes our innate humanity. The elimination of basic courtesies and respect in our daily encounters is a consequence of relying on intelligent machines for various tasks, which may lead to a disconnection from essential social values.', '', 'Conversely, the utilitarian view suggests that machines excel at monotone, repetitive tasks and precise, high-speed functions, ultimately outperforming humans in efficiency. This efficiency is believed to contribute to a more prosperous and progressive society, benefiting all individuals in the long run.', '', 'On the other hand, the progressive view contends that the presence of intelligent machines challenges traditional notions of human capabilities, pushing both humans and machines towards new and unimagined possibilities. This perspective acknowledges the transformative impact of automation on our understanding of humanity and the role of technology in shaping our future.', '', 'A combination of both the utilitarian and progressive perspectives,I recognize the potential for automation to enhance productivity and innovation in society, while also acknowledging the risks of losing crucial human connections and values in the process. Striking a balance between the benefits of automation and the preservation of human qualities is essential in navigating the complexities of a rapidly evolving technological landscape. By leveraging the advantages of intelligent machines while safeguarding the essential human elements that define us, we can strive for a future that maximizes the benefits of automation while preserving the core values that make us human.']",",'",,,"[8, 66]","{'t': 554573, 'o': [{'o': 'i', 'i': [8, 66], 'a': ','}]}",,,
3347,5,63,554.943,editor,i,"['When looking at automation it is seen as a symbol of advancement in society, but the question arises: what do we sacrifice when we replace humans with machines? Intelligent machines now play a significant role in providing goods and services, taking over tasks that were previously carried out by humans. From assembly line production to customer service interactions, the rise of automation has led to a reevaluation of the implications and significance of these technologies in our lives.', '', 'One perspective, known as the dystopian view, argues that the replacement of human interaction with machines diminishes our innate humanity. The elimination of basic courtesies and respect in our daily encounters is a consequence of relying on intelligent machines for various tasks, which may lead to a disconnection from essential social values.', '', 'Conversely, the utilitarian view suggests that machines excel at monotone, repetitive tasks and precise, high-speed functions, ultimately outperforming humans in efficiency. This efficiency is believed to contribute to a more prosperous and progressive society, benefiting all individuals in the long run.', '', 'On the other hand, the progressive view contends that the presence of intelligent machines challenges traditional notions of human capabilities, pushing both humans and machines towards new and unimagined possibilities. This perspective acknowledges the transformative impact of automation on our understanding of humanity and the role of technology in shaping our future.', '', 'A combination of both the utilitarian and progressive perspectives, I recognize the potential for automation to enhance productivity and innovation in society, while also acknowledging the risks of losing crucial human connections and values in the process. Striking a balance between the benefits of automation and the preservation of human qualities is essential in navigating the complexities of a rapidly evolving technological landscape. By leveraging the advantages of intelligent machines while safeguarding the essential human elements that define us, we can strive for a future that maximizes the benefits of automation while preserving the core values that make us human.']",,,,"[8, 67]","{'t': 554943, 'o': [{'o': 'i', 'i': [8, 67], 'a': ' '}]}",,,
3348,5,64,555.385,editor,d,"['When looking at automation it is seen as a symbol of advancement in society, but the question arises: what do we sacrifice when we replace humans with machines? Intelligent machines now play a significant role in providing goods and services, taking over tasks that were previously carried out by humans. From assembly line production to customer service interactions, the rise of automation has led to a reevaluation of the implications and significance of these technologies in our lives.', '', 'One perspective, known as the dystopian view, argues that the replacement of human interaction with machines diminishes our innate humanity. The elimination of basic courtesies and respect in our daily encounters is a consequence of relying on intelligent machines for various tasks, which may lead to a disconnection from essential social values.', '', 'Conversely, the utilitarian view suggests that machines excel at monotone, repetitive tasks and precise, high-speed functions, ultimately outperforming humans in efficiency. This efficiency is believed to contribute to a more prosperous and progressive society, benefiting all individuals in the long run.', '', 'On the other hand, the progressive view contends that the presence of intelligent machines challenges traditional notions of human capabilities, pushing both humans and machines towards new and unimagined possibilities. This perspective acknowledges the transformative impact of automation on our understanding of humanity and the role of technology in shaping our future.', '', 'A combination of both the utilitarian and progressive perspectives,I recognize the potential for automation to enhance productivity and innovation in society, while also acknowledging the risks of losing crucial human connections and values in the process. Striking a balance between the benefits of automation and the preservation of human qualities is essential in navigating the complexities of a rapidly evolving technological landscape. By leveraging the advantages of intelligent machines while safeguarding the essential human elements that define us, we can strive for a future that maximizes the benefits of automation while preserving the core values that make us human.']",,,,"[[8, 67], [8, 68]]","{'t': 555385, 'o': [{'o': 'd', 'i': [[8, 67], [8, 68]]}]}",,,
3349,5,65,556.544,editor,o,"['When looking at automation it is seen as a symbol of advancement in society, but the question arises: what do we sacrifice when we replace humans with machines? Intelligent machines now play a significant role in providing goods and services, taking over tasks that were previously carried out by humans. From assembly line production to customer service interactions, the rise of automation has led to a reevaluation of the implications and significance of these technologies in our lives.', '', 'One perspective, known as the dystopian view, argues that the replacement of human interaction with machines diminishes our innate humanity. The elimination of basic courtesies and respect in our daily encounters is a consequence of relying on intelligent machines for various tasks, which may lead to a disconnection from essential social values.', '', 'Conversely, the utilitarian view suggests that machines excel at monotone, repetitive tasks and precise, high-speed functions, ultimately outperforming humans in efficiency. This efficiency is believed to contribute to a more prosperous and progressive society, benefiting all individuals in the long run.', '', 'On the other hand, the progressive view contends that the presence of intelligent machines challenges traditional notions of human capabilities, pushing both humans and machines towards new and unimagined possibilities. This perspective acknowledges the transformative impact of automation on our understanding of humanity and the role of technology in shaping our future.', '', 'A combination of both the utilitarian and progressive perspectives,I recognize the potential for automation to enhance productivity and innovation in society, while also acknowledging the risks of losing crucial human connections and values in the process. Striking a balance between the benefits of automation and the preservation of human qualities is essential in navigating the complexities of a rapidly evolving technological landscape. By leveraging the advantages of intelligent machines while safeguarding the essential human elements that define us, we can strive for a future that maximizes the benefits of automation while preserving the core values that make us human.']",,,,"[8, 371]","{'t': 556544, 'o': [{'o': 'o', 'i': [8, 371]}]}",,,
3350,5,66,558.545,editor,o,"['When looking at automation it is seen as a symbol of advancement in society, but the question arises: what do we sacrifice when we replace humans with machines? Intelligent machines now play a significant role in providing goods and services, taking over tasks that were previously carried out by humans. From assembly line production to customer service interactions, the rise of automation has led to a reevaluation of the implications and significance of these technologies in our lives.', '', 'One perspective, known as the dystopian view, argues that the replacement of human interaction with machines diminishes our innate humanity. The elimination of basic courtesies and respect in our daily encounters is a consequence of relying on intelligent machines for various tasks, which may lead to a disconnection from essential social values.', '', 'Conversely, the utilitarian view suggests that machines excel at monotone, repetitive tasks and precise, high-speed functions, ultimately outperforming humans in efficiency. This efficiency is believed to contribute to a more prosperous and progressive society, benefiting all individuals in the long run.', '', 'On the other hand, the progressive view contends that the presence of intelligent machines challenges traditional notions of human capabilities, pushing both humans and machines towards new and unimagined possibilities. This perspective acknowledges the transformative impact of automation on our understanding of humanity and the role of technology in shaping our future.', '', 'A combination of both the utilitarian and progressive perspectives,I recognize the potential for automation to enhance productivity and innovation in society, while also acknowledging the risks of losing crucial human connections and values in the process. Striking a balance between the benefits of automation and the preservation of human qualities is essential in navigating the complexities of a rapidly evolving technological landscape. By leveraging the advantages of intelligent machines while safeguarding the essential human elements that define us, we can strive for a future that maximizes the benefits of automation while preserving the core values that make us human.']",,,,"[8, 88]","{'t': 558545, 'o': [{'o': 'o', 'i': [8, 88]}]}",,,
3351,5,67,558.713,editor,o,"['When looking at automation it is seen as a symbol of advancement in society, but the question arises: what do we sacrifice when we replace humans with machines? Intelligent machines now play a significant role in providing goods and services, taking over tasks that were previously carried out by humans. From assembly line production to customer service interactions, the rise of automation has led to a reevaluation of the implications and significance of these technologies in our lives.', '', 'One perspective, known as the dystopian view, argues that the replacement of human interaction with machines diminishes our innate humanity. The elimination of basic courtesies and respect in our daily encounters is a consequence of relying on intelligent machines for various tasks, which may lead to a disconnection from essential social values.', '', 'Conversely, the utilitarian view suggests that machines excel at monotone, repetitive tasks and precise, high-speed functions, ultimately outperforming humans in efficiency. This efficiency is believed to contribute to a more prosperous and progressive society, benefiting all individuals in the long run.', '', 'On the other hand, the progressive view contends that the presence of intelligent machines challenges traditional notions of human capabilities, pushing both humans and machines towards new and unimagined possibilities. This perspective acknowledges the transformative impact of automation on our understanding of humanity and the role of technology in shaping our future.', '', 'A combination of both the utilitarian and progressive perspectives,I recognize the potential for automation to enhance productivity and innovation in society, while also acknowledging the risks of losing crucial human connections and values in the process. Striking a balance between the benefits of automation and the preservation of human qualities is essential in navigating the complexities of a rapidly evolving technological landscape. By leveraging the advantages of intelligent machines while safeguarding the essential human elements that define us, we can strive for a future that maximizes the benefits of automation while preserving the core values that make us human.']",,,potential',"[[8, 83], [8, 92]]","{'t': 558713, 'o': [{'o': 'o', 'i': [[8, 83], [8, 92]]}]}",,,
3352,5,68,568.947,editor,l,"['When looking at automation it is seen as a symbol of advancement in society, but the question arises: what do we sacrifice when we replace humans with machines? Intelligent machines now play a significant role in providing goods and services, taking over tasks that were previously carried out by humans. From assembly line production to customer service interactions, the rise of automation has led to a reevaluation of the implications and significance of these technologies in our lives.', '', 'One perspective, known as the dystopian view, argues that the replacement of human interaction with machines diminishes our innate humanity. The elimination of basic courtesies and respect in our daily encounters is a consequence of relying on intelligent machines for various tasks, which may lead to a disconnection from essential social values.', '', 'Conversely, the utilitarian view suggests that machines excel at monotone, repetitive tasks and precise, high-speed functions, ultimately outperforming humans in efficiency. This efficiency is believed to contribute to a more prosperous and progressive society, benefiting all individuals in the long run.', '', 'On the other hand, the progressive view contends that the presence of intelligent machines challenges traditional notions of human capabilities, pushing both humans and machines towards new and unimagined possibilities. This perspective acknowledges the transformative impact of automation on our understanding of humanity and the role of technology in shaping our future.', '', 'A combination of both the utilitarian and progressive perspectives,I recognize the potential for automation to enhance productivity and innovation in society, while also acknowledging the risks of losing crucial human connections and values in the process. Striking a balance between the benefits of automation and the preservation of human qualities is essential in navigating the complexities of a rapidly evolving technological landscape. By leveraging the advantages of intelligent machines while safeguarding the essential human elements that define us, we can strive for a future that maximizes the benefits of automation while preserving the core values that make us human.']",,,,"[[8, 229], [8, 230]]","{'t': [561061, 568947], 'l': 2, 'o': [{'o': 'l', 'i': [8, 229], 's': [[8, [[229, 230]]]]}]}",,,
3353,5,69,569.127,editor,o,"['When looking at automation it is seen as a symbol of advancement in society, but the question arises: what do we sacrifice when we replace humans with machines? Intelligent machines now play a significant role in providing goods and services, taking over tasks that were previously carried out by humans. From assembly line production to customer service interactions, the rise of automation has led to a reevaluation of the implications and significance of these technologies in our lives.', '', 'One perspective, known as the dystopian view, argues that the replacement of human interaction with machines diminishes our innate humanity. The elimination of basic courtesies and respect in our daily encounters is a consequence of relying on intelligent machines for various tasks, which may lead to a disconnection from essential social values.', '', 'Conversely, the utilitarian view suggests that machines excel at monotone, repetitive tasks and precise, high-speed functions, ultimately outperforming humans in efficiency. This efficiency is believed to contribute to a more prosperous and progressive society, benefiting all individuals in the long run.', '', 'On the other hand, the progressive view contends that the presence of intelligent machines challenges traditional notions of human capabilities, pushing both humans and machines towards new and unimagined possibilities. This perspective acknowledges the transformative impact of automation on our understanding of humanity and the role of technology in shaping our future.', '', 'A combination of both the utilitarian and progressive perspectives,I recognize the potential for automation to enhance productivity and innovation in society, while also acknowledging the risks of losing crucial human connections and values in the process. Striking a balance between the benefits of automation and the preservation of human qualities is essential in navigating the complexities of a rapidly evolving technological landscape. By leveraging the advantages of intelligent machines while safeguarding the essential human elements that define us, we can strive for a future that maximizes the benefits of automation while preserving the core values that make us human.']",,,"A combination of both the utilitarian and progressive perspectives,I recognize the potential for automation to enhance productivity and innovation in society, while also acknowledging the risks of losing crucial human connections and values in the process. Striking a balance between the benefits of automation and the preservation of human qualities is essential in navigating the complexities of a rapidly evolving technological landscape. By leveraging the advantages of intelligent machines while safeguarding the essential human elements that define us, we can strive for a future that maximizes the benefits of automation while preserving the core values that make us human.'","[[8, 0], [8, 680]]","{'t': 569127, 'o': [{'o': 'o', 'i': [[8, 0], [8, 680]]}]}",,,
3354,5,70,578.536,editor,o,"['When looking at automation it is seen as a symbol of advancement in society, but the question arises: what do we sacrifice when we replace humans with machines? Intelligent machines now play a significant role in providing goods and services, taking over tasks that were previously carried out by humans. From assembly line production to customer service interactions, the rise of automation has led to a reevaluation of the implications and significance of these technologies in our lives.', '', 'One perspective, known as the dystopian view, argues that the replacement of human interaction with machines diminishes our innate humanity. The elimination of basic courtesies and respect in our daily encounters is a consequence of relying on intelligent machines for various tasks, which may lead to a disconnection from essential social values.', '', 'Conversely, the utilitarian view suggests that machines excel at monotone, repetitive tasks and precise, high-speed functions, ultimately outperforming humans in efficiency. This efficiency is believed to contribute to a more prosperous and progressive society, benefiting all individuals in the long run.', '', 'On the other hand, the progressive view contends that the presence of intelligent machines challenges traditional notions of human capabilities, pushing both humans and machines towards new and unimagined possibilities. This perspective acknowledges the transformative impact of automation on our understanding of humanity and the role of technology in shaping our future.', '', 'A combination of both the utilitarian and progressive perspectives,I recognize the potential for automation to enhance productivity and innovation in society, while also acknowledging the risks of losing crucial human connections and values in the process. Striking a balance between the benefits of automation and the preservation of human qualities is essential in navigating the complexities of a rapidly evolving technological landscape. By leveraging the advantages of intelligent machines while safeguarding the essential human elements that define us, we can strive for a future that maximizes the benefits of automation while preserving the core values that make us human.']",,,,"[8, 301]","{'t': 578536, 'o': [{'o': 'o', 'i': [8, 301]}]}",,,
3355,5,71,644.947,gpt,gpt_inquiry,,,,Include how the passion is lost when we replace machines with humans,,,,,
3356,5,72,652.212,gpt,gpt_response,,,,"Automation is often heralded as a marker of societal progress, yet it raises the important question of what is forfeited when humans are supplanted by machines. Intelligent machines now play a pivotal role in supplying goods and services, taking over functions once performed by humans. From industrial assembly lines to customer service interactions, the growing ubiquity of automation prompts a critical examination of its implications and impact on our lives.

The dystopian perspective posits that the displacement of human involvement by machines results in a loss of essential humanity. The erosion of basic courtesies, respect, and genuine interpersonal connections in our daily exchanges is a consequence of relying on intelligent machines for various tasks, potentially leading to a disconnect from fundamental social values. Additionally, the diminishing passion and emotion that come with human interaction may be lost in the transactional nature of relationships with automated systems.

Conversely, the utilitarian view argues that machines excel at monotonous, repetitive tasks and precise, high-speed functions, surpassing humans in efficiency. This efficiency is believed to contribute to the prosperity and advancement of society, benefiting individuals in the long term. However, this efficiency may come at the cost of the passion and creativity that humans bring to their work.

The progressive standpoint suggests that the advent of intelligent machines challenges traditional concepts of human potential, pushing both humans and machines towards uncharted possibilities. This perspective recognizes the transformative impact of automation on our understanding of humanity and the evolving relationship between humans and technology.

My perspective aligns with a balance of the utilitarian and progressive views, acknowledging the potential for automation to enhance productivity and innovation in society while also recognizing the risks of losing essential human qualities and passion in the process. Capturing the unique spark and creativity that comes with human interaction, and finding ways to instill these qualities in automated systems, is crucial in navigating the changing landscape of technology and ensuring that advancements in automation lead to a more fulfilling and enriching society. By preserving the passion and emotion that humans bring to their work while reaping the benefits of automation, we can strive towards a future that leverages the strengths of both humans and machines to create a more harmonious and prosperous society.
",,,,,
3357,5,73,684.946,gpt,y,,,,"Automation is often heralded as a marker of societal progress, yet it raises the important question of what is forfeited when humans are supplanted by machines. Intelligent machines now play a pivotal role in supplying goods and services, taking over functions once performed by humans. From industrial assembly lines to customer service interactions, the growing ubiquity of automation prompts a critical examination of its implications and impact on our lives.

The dystopian perspective posits that the displacement of human involvement by machines results in a loss of essential humanity. The erosion of basic courtesies, respect, and genuine interpersonal connections in our daily exchanges is a consequence of relying on intelligent machines for various tasks, potentially leading to a disconnect from fundamental social values. Additionally, the diminishing passion and emotion that come with human interaction may be lost in the transactional nature of relationships with automated systems.

Conversely, the utilitarian view argues that machines excel at monotonous, repetitive tasks and precise, high-speed functions, surpassing humans in efficiency. This efficiency is believed to contribute to the prosperity and advancement of society, benefiting individuals in the long term. However, this efficiency may come at the cost of the passion and creativity that humans bring to their work.

The progressive standpoint suggests that the advent of intelligent machines challenges traditional concepts of human potential, pushing both humans and machines towards uncharted possibilities. This perspective recognizes the transformative impact of automation on our understanding of humanity and the evolving relationship between humans and technology.

My perspective aligns with a balance of the utilitarian and progressive views, acknowledging the potential for automation to enhance productivity and innovation in society while also recognizing the risks of losing essential human qualities and passion in the process. Capturing the unique spark and creativity that comes with human interaction, and finding ways to instill these qualities in automated systems, is crucial in navigating the changing landscape of technology and ensuring that advancements in automation lead to a more fulfilling and enriching society. By preserving the passion and emotion that humans bring to their work while reaping the benefits of automation, we can strive towards a future that leverages the strengths of both humans and machines to create a more harmonious and prosperous society.",,,,,
3358,5,74,686.738,editor,o,"['When looking at automation it is seen as a symbol of advancement in society, but the question arises: what do we sacrifice when we replace humans with machines? Intelligent machines now play a significant role in providing goods and services, taking over tasks that were previously carried out by humans. From assembly line production to customer service interactions, the rise of automation has led to a reevaluation of the implications and significance of these technologies in our lives.', '', 'One perspective, known as the dystopian view, argues that the replacement of human interaction with machines diminishes our innate humanity. The elimination of basic courtesies and respect in our daily encounters is a consequence of relying on intelligent machines for various tasks, which may lead to a disconnection from essential social values.', '', 'Conversely, the utilitarian view suggests that machines excel at monotone, repetitive tasks and precise, high-speed functions, ultimately outperforming humans in efficiency. This efficiency is believed to contribute to a more prosperous and progressive society, benefiting all individuals in the long run.', '', 'On the other hand, the progressive view contends that the presence of intelligent machines challenges traditional notions of human capabilities, pushing both humans and machines towards new and unimagined possibilities. This perspective acknowledges the transformative impact of automation on our understanding of humanity and the role of technology in shaping our future.', '', 'A combination of both the utilitarian and progressive perspectives,I recognize the potential for automation to enhance productivity and innovation in society, while also acknowledging the risks of losing crucial human connections and values in the process. Striking a balance between the benefits of automation and the preservation of human qualities is essential in navigating the complexities of a rapidly evolving technological landscape. By leveraging the advantages of intelligent machines while safeguarding the essential human elements that define us, we can strive for a future that maximizes the benefits of automation while preserving the core values that make us human.']",,,,"[0, 359]","{'t': 686738, 'o': [{'o': 'o', 'i': [0, 359]}]}",,,
3359,5,75,687.32,editor,o,"['When looking at automation it is seen as a symbol of advancement in society, but the question arises: what do we sacrifice when we replace humans with machines? Intelligent machines now play a significant role in providing goods and services, taking over tasks that were previously carried out by humans. From assembly line production to customer service interactions, the rise of automation has led to a reevaluation of the implications and significance of these technologies in our lives.', '', 'One perspective, known as the dystopian view, argues that the replacement of human interaction with machines diminishes our innate humanity. The elimination of basic courtesies and respect in our daily encounters is a consequence of relying on intelligent machines for various tasks, which may lead to a disconnection from essential social values.', '', 'Conversely, the utilitarian view suggests that machines excel at monotone, repetitive tasks and precise, high-speed functions, ultimately outperforming humans in efficiency. This efficiency is believed to contribute to a more prosperous and progressive society, benefiting all individuals in the long run.', '', 'On the other hand, the progressive view contends that the presence of intelligent machines challenges traditional notions of human capabilities, pushing both humans and machines towards new and unimagined possibilities. This perspective acknowledges the transformative impact of automation on our understanding of humanity and the role of technology in shaping our future.', '', 'A combination of both the utilitarian and progressive perspectives,I recognize the potential for automation to enhance productivity and innovation in society, while also acknowledging the risks of losing crucial human connections and values in the process. Striking a balance between the benefits of automation and the preservation of human qualities is essential in navigating the complexities of a rapidly evolving technological landscape. By leveraging the advantages of intelligent machines while safeguarding the essential human elements that define us, we can strive for a future that maximizes the benefits of automation while preserving the core values that make us human.']",,,"When looking at automation it is seen as a symbol of advancement in society, but the question arises: what do we sacrifice when we replace humans with machines? Intelligent machines now play a significant role in providing goods and services, taking over tasks that were previously carried out by humans. From assembly line production to customer service interactions, the rise of automation has led to a reevaluation of the implications and significance of these technologies in our lives.\n\nOne perspective, known as the dystopian view, argues that the replacement of human interaction with machines diminishes our innate humanity. The elimination of basic courtesies and respect in our daily encounters is a consequence of relying on intelligent machines for various tasks, which may lead to a disconnection from essential social values.\n\nConversely, the utilitarian view suggests that machines excel at monotone, repetitive tasks and precise, high-speed functions, ultimately outperforming humans in efficiency. This efficiency is believed to contribute to a more prosperous and progressive society, benefiting all individuals in the long run.\n\nOn the other hand, the progressive view contends that the presence of intelligent machines challenges traditional notions of human capabilities, pushing both humans and machines towards new and unimagined possibilities. This perspective acknowledges the transformative impact of automation on our understanding of humanity and the role of technology in shaping our future.\n\nA combination of both the utilitarian and progressive perspectives,I recognize the potential for automation to enhance productivity and innovation in society, while also acknowledging the risks of losing crucial human connections and values in the process. Striking a balance between the benefits of automation and the preservation of human qualities is essential in navigating the complexities of a rapidly evolving technological landscape. By leveraging the advantages of intelligent machines while safeguarding the essential human elements that define us, we can strive for a future that maximizes the benefits of automation while preserving the core values that make us human.'","[[0, 0], [8, 680]]","{'t': 687320, 'o': [{'o': 'o', 'i': [[0, 0], [8, 680]]}]}",,,
3360,5,76,687.946,editor,p,"['Automation is often heralded as a marker of societal progress, yet it raises the important question of what is forfeited when humans are supplanted by machines. Intelligent machines now play a pivotal role in supplying goods and services, taking over functions once performed by humans. From industrial assembly lines to customer service interactions, the growing ubiquity of automation prompts a critical examination of its implications and impact on our lives.', '', 'The dystopian perspective posits that the displacement of human involvement by machines results in a loss of essential humanity. The erosion of basic courtesies, respect, and genuine interpersonal connections in our daily exchanges is a consequence of relying on intelligent machines for various tasks, potentially leading to a disconnect from fundamental social values. Additionally, the diminishing passion and emotion that come with human interaction may be lost in the transactional nature of relationships with automated systems.', '', 'Conversely, the utilitarian view argues that machines excel at monotonous, repetitive tasks and precise, high-speed functions, surpassing humans in efficiency. This efficiency is believed to contribute to the prosperity and advancement of society, benefiting individuals in the long term. However, this efficiency may come at the cost of the passion and creativity that humans bring to their work.', '', 'The progressive standpoint suggests that the advent of intelligent machines challenges traditional concepts of human potential, pushing both humans and machines towards uncharted possibilities. This perspective recognizes the transformative impact of automation on our understanding of humanity and the evolving relationship between humans and technology.', '', 'My perspective aligns with a balance of the utilitarian and progressive views, acknowledging the potential for automation to enhance productivity and innovation in society while also recognizing the risks of losing essential human qualities and passion in the process. Capturing the unique spark and creativity that comes with human interaction, and finding ways to instill these qualities in automated systems, is crucial in navigating the changing landscape of technology and ensuring that advancements in automation lead to a more fulfilling and enriching society. By preserving the passion and emotion that humans bring to their work while reaping the benefits of automation, we can strive towards a future that leverages the strengths of both humans and machines to create a more harmonious and prosperous society.']","Automation is often heralded as a marker of societal progress, yet it raises the important question of what is forfeited when humans are supplanted by machines. Intelligent machines now play a pivotal role in supplying goods and services, taking over functions once performed by humans. From industrial assembly lines to customer service interactions, the growing ubiquity of automation prompts a critical examination of its implications and impact on our lives.\n\nThe dystopian perspective posits that the displacement of human involvement by machines results in a loss of essential humanity. The erosion of basic courtesies, respect, and genuine interpersonal connections in our daily exchanges is a consequence of relying on intelligent machines for various tasks, potentially leading to a disconnect from fundamental social values. Additionally, the diminishing passion and emotion that come with human interaction may be lost in the transactional nature of relationships with automated systems.\n\nConversely, the utilitarian view argues that machines excel at monotonous, repetitive tasks and precise, high-speed functions, surpassing humans in efficiency. This efficiency is believed to contribute to the prosperity and advancement of society, benefiting individuals in the long term. However, this efficiency may come at the cost of the passion and creativity that humans bring to their work.\n\nThe progressive standpoint suggests that the advent of intelligent machines challenges traditional concepts of human potential, pushing both humans and machines towards uncharted possibilities. This perspective recognizes the transformative impact of automation on our understanding of humanity and the evolving relationship between humans and technology.\n\nMy perspective aligns with a balance of the utilitarian and progressive views, acknowledging the potential for automation to enhance productivity and innovation in society while also recognizing the risks of losing essential human qualities and passion in the process. Capturing the unique spark and creativity that comes with human interaction, and finding ways to instill these qualities in automated systems, is crucial in navigating the changing landscape of technology and ensuring that advancements in automation lead to a more fulfilling and enriching society. By preserving the passion and emotion that humans bring to their work while reaping the benefits of automation, we can strive towards a future that leverages the strengths of both humans and machines to create a more harmonious and prosperous society.'","When looking at automation it is seen as a symbol of advancement in society, but the question arises: what do we sacrifice when we replace humans with machines? Intelligent machines now play a significant role in providing goods and services, taking over tasks that were previously carried out by humans. From assembly line production to customer service interactions, the rise of automation has led to a reevaluation of the implications and significance of these technologies in our lives.\n\nOne perspective, known as the dystopian view, argues that the replacement of human interaction with machines diminishes our innate humanity. The elimination of basic courtesies and respect in our daily encounters is a consequence of relying on intelligent machines for various tasks, which may lead to a disconnection from essential social values.\n\nConversely, the utilitarian view suggests that machines excel at monotone, repetitive tasks and precise, high-speed functions, ultimately outperforming humans in efficiency. This efficiency is believed to contribute to a more prosperous and progressive society, benefiting all individuals in the long run.\n\nOn the other hand, the progressive view contends that the presence of intelligent machines challenges traditional notions of human capabilities, pushing both humans and machines towards new and unimagined possibilities. This perspective acknowledges the transformative impact of automation on our understanding of humanity and the role of technology in shaping our future.\n\nA combination of both the utilitarian and progressive perspectives,I recognize the potential for automation to enhance productivity and innovation in society, while also acknowledging the risks of losing crucial human connections and values in the process. Striking a balance between the benefits of automation and the preservation of human qualities is essential in navigating the complexities of a rapidly evolving technological landscape. By leveraging the advantages of intelligent machines while safeguarding the essential human elements that define us, we can strive for a future that maximizes the benefits of automation while preserving the core values that make us human.'","When looking at automation it is seen as a symbol of advancement in society, but the question arises: what do we sacrifice when we replace humans with machines? Intelligent machines now play a significant role in providing goods and services, taking over tasks that were previously carried out by humans. From assembly line production to customer service interactions, the rise of automation has led to a reevaluation of the implications and significance of these technologies in our lives.\n\nOne perspective, known as the dystopian view, argues that the replacement of human interaction with machines diminishes our innate humanity. The elimination of basic courtesies and respect in our daily encounters is a consequence of relying on intelligent machines for various tasks, which may lead to a disconnection from essential social values.\n\nConversely, the utilitarian view suggests that machines excel at monotone, repetitive tasks and precise, high-speed functions, ultimately outperforming humans in efficiency. This efficiency is believed to contribute to a more prosperous and progressive society, benefiting all individuals in the long run.\n\nOn the other hand, the progressive view contends that the presence of intelligent machines challenges traditional notions of human capabilities, pushing both humans and machines towards new and unimagined possibilities. This perspective acknowledges the transformative impact of automation on our understanding of humanity and the role of technology in shaping our future.\n\nA combination of both the utilitarian and progressive perspectives,I recognize the potential for automation to enhance productivity and innovation in society, while also acknowledging the risks of losing crucial human connections and values in the process. Striking a balance between the benefits of automation and the preservation of human qualities is essential in navigating the complexities of a rapidly evolving technological landscape. By leveraging the advantages of intelligent machines while safeguarding the essential human elements that define us, we can strive for a future that maximizes the benefits of automation while preserving the core values that make us human.'","[[0, 0], [8, 680]]","{'t': 687946, 'o': [{'o': 'p', 'i': [[0, 0], [8, 680]], 'a': ['Automation is often heralded as a marker of societal progress, yet it raises the important question of what is forfeited when humans are supplanted by machines. Intelligent machines now play a pivotal role in supplying goods and services, taking over functions once performed by humans. From industrial assembly lines to customer service interactions, the growing ubiquity of automation prompts a critical examination of its implications and impact on our lives.', '', 'The dystopian perspective posits that the displacement of human involvement by machines results in a loss of essential humanity. The erosion of basic courtesies, respect, and genuine interpersonal connections in our daily exchanges is a consequence of relying on intelligent machines for various tasks, potentially leading to a disconnect from fundamental social values. Additionally, the diminishing passion and emotion that come with human interaction may be lost in the transactional nature of relationships with automated systems.', '', 'Conversely, the utilitarian view argues that machines excel at monotonous, repetitive tasks and precise, high-speed functions, surpassing humans in efficiency. This efficiency is believed to contribute to the prosperity and advancement of society, benefiting individuals in the long term. However, this efficiency may come at the cost of the passion and creativity that humans bring to their work.', '', 'The progressive standpoint suggests that the advent of intelligent machines challenges traditional concepts of human potential, pushing both humans and machines towards uncharted possibilities. This perspective recognizes the transformative impact of automation on our understanding of humanity and the evolving relationship between humans and technology.', '', 'My perspective aligns with a balance of the utilitarian and progressive views, acknowledging the potential for automation to enhance productivity and innovation in society while also recognizing the risks of losing essential human qualities and passion in the process. Capturing the unique spark and creativity that comes with human interaction, and finding ways to instill these qualities in automated systems, is crucial in navigating the changing landscape of technology and ensuring that advancements in automation lead to a more fulfilling and enriching society. By preserving the passion and emotion that humans bring to their work while reaping the benefits of automation, we can strive towards a future that leverages the strengths of both humans and machines to create a more harmonious and prosperous society.']}]}",,,
3361,5,77,687.947,editor,o,"['Automation is often heralded as a marker of societal progress, yet it raises the important question of what is forfeited when humans are supplanted by machines. Intelligent machines now play a pivotal role in supplying goods and services, taking over functions once performed by humans. From industrial assembly lines to customer service interactions, the growing ubiquity of automation prompts a critical examination of its implications and impact on our lives.', '', 'The dystopian perspective posits that the displacement of human involvement by machines results in a loss of essential humanity. The erosion of basic courtesies, respect, and genuine interpersonal connections in our daily exchanges is a consequence of relying on intelligent machines for various tasks, potentially leading to a disconnect from fundamental social values. Additionally, the diminishing passion and emotion that come with human interaction may be lost in the transactional nature of relationships with automated systems.', '', 'Conversely, the utilitarian view argues that machines excel at monotonous, repetitive tasks and precise, high-speed functions, surpassing humans in efficiency. This efficiency is believed to contribute to the prosperity and advancement of society, benefiting individuals in the long term. However, this efficiency may come at the cost of the passion and creativity that humans bring to their work.', '', 'The progressive standpoint suggests that the advent of intelligent machines challenges traditional concepts of human potential, pushing both humans and machines towards uncharted possibilities. This perspective recognizes the transformative impact of automation on our understanding of humanity and the evolving relationship between humans and technology.', '', 'My perspective aligns with a balance of the utilitarian and progressive views, acknowledging the potential for automation to enhance productivity and innovation in society while also recognizing the risks of losing essential human qualities and passion in the process. Capturing the unique spark and creativity that comes with human interaction, and finding ways to instill these qualities in automated systems, is crucial in navigating the changing landscape of technology and ensuring that advancements in automation lead to a more fulfilling and enriching society. By preserving the passion and emotion that humans bring to their work while reaping the benefits of automation, we can strive towards a future that leverages the strengths of both humans and machines to create a more harmonious and prosperous society.']",,,,"[8, 819]","{'t': 687947, 'o': [{'o': 'o', 'i': [8, 819]}]}",,,
