Unnamed: 0,essay_num,op_index,time,op_loc,op_type,current_editor,add,delete,selected_text,cursor_location,recording_obj,Unnamed: 12,Unnamed: 13,Unnamed: 14
20417,60,0,339.197,editor,i,['I'],I',,,"[0, 0]","{'t': 339197, 'o': [{'o': 'i', 'i': [0, 0], 'a': 'I'}]}",,,
20418,60,1,342.35,editor,i,['Intelligent M'],ntelligent M',,,"[0, 1]","{'t': [339427, 342350], 'l': 12, 'o': [{'o': 'i', 'i': [0, 1], 'a': 'ntelligent M'}]}",,,
20419,60,2,342.94,editor,d,['Intelligent '],,M',,"[[0, 12], [0, 13]]","{'t': 342940, 'o': [{'o': 'd', 'i': [[0, 12], [0, 13]]}]}",,,
20420,60,3,344.595,editor,i,['Intelligent machines '],machines ',,,"[0, 12]","{'t': [343282, 344595], 'l': 9, 'o': [{'o': 'i', 'i': [0, 12], 'a': 'machines '}]}",,,
20421,60,4,499.713,editor,o,['Intelligent machines '],,,,"[0, 21]","{'t': 499713, 'o': [{'o': 'o', 'i': [0, 21]}]}",,,
20422,60,5,500.853,editor,d,['Intelligent machines'],,,,"[[0, 20], [0, 21]]","{'t': 500853, 'o': [{'o': 'd', 'i': [[0, 20], [0, 21]]}]}",,,
20423,60,6,501.768,editor,i,['Intelligent machines '],,,,"[0, 20]","{'t': 501768, 'o': [{'o': 'i', 'i': [0, 20], 'a': ' '}]}",,,
20424,60,7,533.137,editor,o,['Intelligent machines '],,,,"[0, 21]","{'t': 533137, 'o': [{'o': 'o', 'i': [0, 21]}]}",,,
20425,60,8,534.368,editor,d,['Intelligent '],,machines ',,"[[0, 12], [0, 21]]","{'t': 534368, 'o': [{'o': 'd', 'i': [[0, 12], [0, 21]]}]}",,,
20426,60,9,534.591,editor,d,[''],,Intelligent ',,"[[0, 0], [0, 12]]","{'t': 534591, 'o': [{'o': 'd', 'i': [[0, 0], [0, 12]]}]}",,,
20427,60,10,538.689,editor,i,['Without technology'],Without technology',,,"[0, 0]","{'t': [535458, 538689], 'l': 18, 'o': [{'o': 'i', 'i': [0, 0], 'a': 'Without technology'}]}",,,
20428,60,11,586.091,editor,d,['Without '],,technology',,"[[0, 8], [0, 18]]","{'t': 586091, 'o': [{'o': 'd', 'i': [[0, 8], [0, 18]]}]}",,,
20429,60,12,586.286,editor,d,[''],,Without ',,"[[0, 0], [0, 8]]","{'t': 586286, 'o': [{'o': 'd', 'i': [[0, 0], [0, 8]]}]}",,,
20430,60,13,752.092,essay_prompt,y,,,,"Automation is generally seen as a sign of progress, but what is lost when we replace humans with machines?",,,,,
20431,60,14,755.466,gpt,gpt_inquiry,,,,My view on Intelligent Machines has to do with how we as a society value people who can work with technology more than people who do non-technical work. How would I put that into a thesis statement on the prompt:,,,,,
20432,60,15,756.634,gpt,gpt_response,,,,"Advancements in technology and the increasing presence of intelligent machines in the workforce have shifted societal value towards individuals with technical skills, leading to a devaluation of non-technical professions.",,,,,
20433,60,16,762.742,gpt,y,,,,My view on Intelligent Machines has to do with how we as a society value people who can work with technology more than people who do non-technical work. How would I put that into a thesis statement on the prompt:,,,,,
20434,60,17,764.749,gpt,p,,,,My view on Intelligent Machines has to do with how we as a society value people who can work with technology more than people who do non-technical work. How would I put that into a thesis statement on the prompt:,,,,,
20435,60,18,766.286,gpt,p,,,,My view on Intelligent Machines has to do with how we as a society value people who can work with technology more than people who do non-technical work. How would I put that into a thesis statement on the prompt:,,,,,
20436,60,19,767.208,gpt,gpt_inquiry,,,,"My view on Intelligent Machines has to do with how we as a society value people who can work with technology more than people who do non-technical work. How would I put that into a thesis statement on the prompt:
My view on Intelligent Machines has to do with how we as a society value people who can work with technology more than people who do non-technical work. How would I put that into a thesis statement on the prompt:",,,,,
20437,60,20,768.12,gpt,gpt_response,,,,"The societal emphasis on technological proficiency over non-technical skills in the era of intelligent machines reflects a shifting valuation of labor, privileging individuals adept in technology while potentially marginalizing those engaged in non-technical professions.",,,,,
20438,60,21,772.594,gpt,p,,,,My view on Intelligent Machines has to do with how we as a society value people who can work with technology more than people who do non-technical work. How would I put that into a thesis statement on the prompt:,,,,,
20439,60,22,776.093,gpt,p,,,,"Automation is generally seen as a sign of progress, but what is lost when we replace humans with machines?",,,,,
20440,60,23,777.624,gpt,gpt_inquiry,,,,"My view on Intelligent Machines has to do with how we as a society value people who can work with technology more than people who do non-technical work. How would I put that into a thesis statement on the prompt: Automation is generally seen as a sign of progress, but what is lost when we replace humans with machines?",,,,,
20441,60,24,778.629,gpt,gpt_response,,,,"The increasing reliance on automation and intelligent machines is often hailed as a step forward, yet it raises concerns about the devaluation of individuals in non-technical occupations, underscoring broader societal implications of prioritizing technology over human labor.",,,,,
20442,60,25,2213.573,essay_prompt,y,,,,"Automation is generally seen as a sign of progress, but what is lost when we replace humans with machines?",,,,,
20443,60,26,2215.978,gpt,p,,,,"Automation is generally seen as a sign of progress, but what is lost when we replace humans with machines?",,,,,
20444,60,27,2251.398,gpt,gpt_inquiry,,,,"Automation is generally seen as a sign of progress, but what is lost when we replace humans with machines? 
I need a view for this prompt, but I don't have one. Do you have any ideas on what I can start with?",,,,,
20445,60,28,2253.524,gpt,gpt_response,,,,"One perspective to consider is the impact of automation on human skills and job opportunities. As machines take over tasks traditionally performed by humans, there is a potential loss of job diversity and the opportunity for individuals to engage in meaningful, hands-on work that fosters creativity and personal fulfillment. This shift towards automation may also lead to a devaluation of human labor and a sense of detachment from the products or services being produced. These factors can have broader implications on societal well-being, economic inequality, and the overall quality of human life.",,,,,
20446,60,29,2459.426,editor,i,['W'],W',,,"[0, 0]","{'t': 2459426, 'o': [{'o': 'i', 'i': [0, 0], 'a': 'W'}]}",,,
20447,60,30,2462.594,editor,i,['What happens when the '],hat happens when the ',,,"[0, 1]","{'t': [2459658, 2462594], 'l': 21, 'o': [{'o': 'i', 'i': [0, 1], 'a': 'hat happens when the '}]}",,,
20448,60,31,2464.611,editor,i,['What happens when the t'],t',,,"[0, 22]","{'t': 2464611, 'o': [{'o': 'i', 'i': [0, 22], 'a': 't'}]}",,,
20449,60,32,2467.748,editor,i,['What happens when the tools we create '],ools we create ',,,"[0, 23]","{'t': [2464888, 2467748], 'l': 15, 'o': [{'o': 'i', 'i': [0, 23], 'a': 'ools we create '}]}",,,
20450,60,33,2474.699,editor,i,['What happens when the tools we create r'],r',,,"[0, 38]","{'t': 2474699, 'o': [{'o': 'i', 'i': [0, 38], 'a': 'r'}]}",,,
20451,60,34,2475.337,editor,i,['What happens when the tools we create repli'],epli',,,"[0, 39]","{'t': [2474781, 2475337], 'l': 4, 'o': [{'o': 'i', 'i': [0, 39], 'a': 'epli'}]}",,,
20452,60,35,2475.805,editor,d,['What happens when the tools we create repl'],,i',,"[[0, 42], [0, 43]]","{'t': 2475805, 'o': [{'o': 'd', 'i': [[0, 42], [0, 43]]}]}",,,
20453,60,36,2478.715,editor,i,['What happens when the tools we create replace every fave'],ace every fave',,,"[0, 42]","{'t': [2475979, 2478715], 'l': 14, 'o': [{'o': 'i', 'i': [0, 42], 'a': 'ace every fave'}]}",,,
20454,60,37,2479.239,editor,d,['What happens when the tools we create replace every fa'],,ve',,"[[0, 54], [0, 56]]","{'t': [2479103, 2479239], 'l': 2, 'o': [{'o': 'd', 'i': [[0, 54], [0, 56]], 'd': [[1, 2]]}]}",,,
20455,60,38,2479.684,editor,i,['What happens when the tools we create replace every fav'],v',,,"[0, 54]","{'t': 2479684, 'o': [{'o': 'i', 'i': [0, 54], 'a': 'v'}]}",,,
20456,60,39,2480.063,editor,d,['What happens when the tools we create replace every fa'],,v',,"[[0, 54], [0, 55]]","{'t': 2480063, 'o': [{'o': 'd', 'i': [[0, 54], [0, 55]]}]}",,,
20457,60,40,2481.38,editor,d,['What happens when the tools we create replace every f'],,a',,"[[0, 53], [0, 54]]","{'t': 2481380, 'o': [{'o': 'd', 'i': [[0, 53], [0, 54]]}]}",,,
20458,60,41,2481.542,editor,d,['What happens when the tools we create replace every '],,f',,"[[0, 52], [0, 53]]","{'t': 2481542, 'o': [{'o': 'd', 'i': [[0, 52], [0, 53]]}]}",,,
20459,60,42,2482.292,editor,i,['What happens when the tools we create replace every pat'],pat',,,"[0, 52]","{'t': [2481850, 2482292], 'l': 3, 'o': [{'o': 'i', 'i': [0, 52], 'a': 'pat'}]}",,,
20460,60,43,2483.571,editor,d,['What happens when the tools we create replace '],,every pat',,"[[0, 46], [0, 55]]","{'t': [2482636, 2483571], 'l': 3, 'o': [{'o': 'd', 'i': [[0, 46], [0, 55]], 'd': [[6, 1], [2, 1], [1, 1]]}]}",,,
20461,60,44,2486.213,editor,i,['What happens when the tools we create replace u'],u',,,"[0, 46]","{'t': 2486213, 'o': [{'o': 'i', 'i': [0, 46], 'a': 'u'}]}",,,
20462,60,45,2487.082,editor,i,['What happens when the tools we create replace us? '],s? ',,,"[0, 47]","{'t': [2486369, 2487082], 'l': 3, 'o': [{'o': 'i', 'i': [0, 47], 'a': 's? '}]}",,,
20463,60,46,2489.052,editor,i,['What happens when the tools we create replace us? T'],T',,,"[0, 50]","{'t': 2489052, 'o': [{'o': 'i', 'i': [0, 50], 'a': 'T'}]}",,,
20464,60,47,2489.523,editor,i,['What happens when the tools we create replace us? Thi '],hi ',,,"[0, 51]","{'t': [2489207, 2489523], 'l': 3, 'o': [{'o': 'i', 'i': [0, 51], 'a': 'hi '}]}",,,
20465,60,48,2489.797,editor,d,['What happens when the tools we create replace us? Thi'],,,,"[[0, 53], [0, 54]]","{'t': 2489797, 'o': [{'o': 'd', 'i': [[0, 53], [0, 54]]}]}",,,
20466,60,49,2492.0,editor,i,['What happens when the tools we create replace us? This is a question '],s is a question ',,,"[0, 53]","{'t': [2489929, 2492000], 'l': 16, 'o': [{'o': 'i', 'i': [0, 53], 'a': 's is a question '}]}",,,
20467,60,50,2494.458,editor,i,['What happens when the tools we create replace us? This is a question t'],t',,,"[0, 69]","{'t': 2494458, 'o': [{'o': 'i', 'i': [0, 69], 'a': 't'}]}",,,
20468,60,51,2496.415,editor,i,['What happens when the tools we create replace us? This is a question that is often'],hat is often',,,"[0, 70]","{'t': [2494563, 2496415], 'l': 12, 'o': [{'o': 'i', 'i': [0, 70], 'a': 'hat is often'}]}",,,
20469,60,52,2498.139,editor,i,['What happens when the tools we create replace us? This is a question that is often '],,,,"[0, 82]","{'t': 2498139, 'o': [{'o': 'i', 'i': [0, 82], 'a': ' '}]}",,,
20470,60,53,2500.518,editor,i,['What happens when the tools we create replace us? This is a question that is often considered '],considered ',,,"[0, 83]","{'t': [2498353, 2500518], 'l': 11, 'o': [{'o': 'i', 'i': [0, 83], 'a': 'considered '}]}",,,
20471,60,54,2511.668,editor,i,['What happens when the tools we create replace us? This is a question that is often considered i'],i',,,"[0, 94]","{'t': 2511668, 'o': [{'o': 'i', 'i': [0, 94], 'a': 'i'}]}",,,
20472,60,55,2511.936,editor,i,['What happens when the tools we create replace us? This is a question that is often considered in '],n ',,,"[0, 95]","{'t': [2511852, 2511936], 'l': 2, 'o': [{'o': 'i', 'i': [0, 95], 'a': 'n '}]}",,,
20473,60,56,2513.394,editor,i,['What happens when the tools we create replace us? This is a question that is often considered in b'],b',,,"[0, 97]","{'t': 2513394, 'o': [{'o': 'i', 'i': [0, 97], 'a': 'b'}]}",,,
20474,60,57,2513.668,editor,i,['What happens when the tools we create replace us? This is a question that is often considered in bruh'],ruh',,,"[0, 98]","{'t': [2513540, 2513668], 'l': 3, 'o': [{'o': 'i', 'i': [0, 98], 'a': 'ruh'}]}",,,
20475,60,58,2514.613,editor,d,['What happens when the tools we create replace us? This is a question that is often considered in '],,bruh',,"[[0, 97], [0, 101]]","{'t': 2514613, 'o': [{'o': 'd', 'i': [[0, 97], [0, 101]]}]}",,,
20476,60,59,2515.921,editor,d,['What happens when the tools we create replace us? This is a question that is often considered '],,in ',,"[[0, 94], [0, 97]]","{'t': 2515921, 'o': [{'o': 'd', 'i': [[0, 94], [0, 97]]}]}",,,
20477,60,60,2516.745,editor,d,['What happens when the tools we create replace us? This is a question that '],,is often considered ',,"[[0, 74], [0, 94]]","{'t': [2516375, 2516745], 'l': 3, 'o': [{'o': 'd', 'i': [[0, 74], [0, 94]], 'd': [[3, 1], [6, 1], [11, 1]]}]}",,,
20478,60,61,2518.456,editor,d,['What happens when the tools we create replace us? This is a question '],,that ',,"[[0, 69], [0, 74]]","{'t': 2518456, 'o': [{'o': 'd', 'i': [[0, 69], [0, 74]]}]}",,,
20479,60,62,2521.969,editor,d,['What happens when t'],,he tools we create replace us? This is a question ',,"[[0, 19], [0, 69]]","{'t': [2518806, 2521969], 'l': 13, 'o': [{'o': 'd', 'i': [[0, 19], [0, 69]], 'd': [[1, 3], [6, 1], [3, 1], [7, 1], [8, 1], [2, 2], [5, 1], [3, 1], [2, 1], [9, 1]]}]}",,,
20480,60,63,2526.151,editor,i,['What happens when technology replaces'],echnology replaces',,,"[0, 19]","{'t': [2522493, 2526151], 'l': 18, 'o': [{'o': 'i', 'i': [0, 19], 'a': 'echnology replaces'}]}",,,
20481,60,64,2531.017,editor,i,['What happens when technology replaces '],,,,"[0, 37]","{'t': 2531017, 'o': [{'o': 'i', 'i': [0, 37], 'a': ' '}]}",,,
20482,60,65,2531.319,editor,i,['What happens when technology replaces us'],us',,,"[0, 38]","{'t': [2531213, 2531319], 'l': 2, 'o': [{'o': 'i', 'i': [0, 38], 'a': 'us'}]}",,,
20483,60,66,2532.925,editor,i,['What happens when technology replaces us?'],?',,,"[0, 40]","{'t': 2532925, 'o': [{'o': 'i', 'i': [0, 40], 'a': '?'}]}",,,
20484,60,67,2573.716,editor,o,['What happens when technology replaces us?'],,,,"[[0, 41], [0, 0]]","{'t': 2573716, 'o': [{'o': 'o', 'i': [[0, 41], [0, 0]]}]}",,,
20485,60,68,2574.151,editor,d,[''],,What happens when technology replaces us?',,"[[0, 0], [0, 41]]","{'t': 2574151, 'o': [{'o': 'd', 'i': [[0, 0], [0, 41]]}]}",,,
20486,60,69,2582.711,editor,i,['I'],I',,,"[0, 0]","{'t': 2582711, 'o': [{'o': 'i', 'i': [0, 0], 'a': 'I'}]}",,,
20487,60,70,2583.649,editor,i,['Ifwe '],fwe ',,,"[0, 1]","{'t': [2582864, 2583649], 'l': 4, 'o': [{'o': 'i', 'i': [0, 1], 'a': 'fwe '}]}",,,
20488,60,71,2585.022,editor,d,[''],,Ifwe ',,"[[0, 0], [0, 5]]","{'t': [2584212, 2585022], 'l': 5, 'o': [{'o': 'd', 'i': [[0, 0], [0, 5]], 'd': [[1, 5]]}]}",,,
20489,60,72,2586.55,editor,i,['T'],T',,,"[0, 0]","{'t': 2586550, 'o': [{'o': 'i', 'i': [0, 0], 'a': 'T'}]}",,,
20490,60,73,2590.207,editor,i,['Technology has '],echnology has ',,,"[0, 1]","{'t': [2586783, 2590207], 'l': 14, 'o': [{'o': 'i', 'i': [0, 1], 'a': 'echnology has '}]}",,,
20491,60,74,2593.383,editor,i,['Technology has o'],o',,,"[0, 15]","{'t': 2593383, 'o': [{'o': 'i', 'i': [0, 15], 'a': 'o'}]}",,,
20492,60,75,2597.175,editor,i,['Technology has often been seen as a good '],ften been seen as a good ',,,"[0, 16]","{'t': [2593492, 2597175], 'l': 25, 'o': [{'o': 'i', 'i': [0, 16], 'a': 'ften been seen as a good '}]}",,,
20493,60,76,2599.24,editor,d,['Technology has often been seen as a '],,good ',,"[[0, 36], [0, 41]]","{'t': 2599240, 'o': [{'o': 'd', 'i': [[0, 36], [0, 41]]}]}",,,
20494,60,77,2599.657,editor,d,['Technology has often been seen as '],,a ',,"[[0, 34], [0, 36]]","{'t': 2599657, 'o': [{'o': 'd', 'i': [[0, 34], [0, 36]]}]}",,,
20495,60,78,2602.802,editor,i,['Technology has often been seen as a'],a',,,"[0, 34]","{'t': 2602802, 'o': [{'o': 'i', 'i': [0, 34], 'a': 'a'}]}",,,
20496,60,79,2603.483,editor,i,['Technology has often been seen as a sign'],sign',,,"[0, 35]","{'t': [2602992, 2603483], 'l': 5, 'o': [{'o': 'i', 'i': [0, 35], 'a': ' sign'}]}",,,
20497,60,80,2606.865,editor,o,['Technology has often been seen as a sign'],,,,"[[0, 40], [0, 0]]","{'t': 2606865, 'o': [{'o': 'o', 'i': [[0, 40], [0, 0]]}]}",,,
20498,60,81,2607.303,editor,d,[''],,Technology has often been seen as a sign',,"[[0, 0], [0, 40]]","{'t': 2607303, 'o': [{'o': 'd', 'i': [[0, 0], [0, 40]]}]}",,,
20499,60,82,2612.229,editor,i,['W'],W',,,"[0, 0]","{'t': 2612229, 'o': [{'o': 'i', 'i': [0, 0], 'a': 'W'}]}",,,
20500,60,83,2613.573,editor,i,['What hep'],hat hep',,,"[0, 1]","{'t': [2612453, 2613573], 'l': 7, 'o': [{'o': 'i', 'i': [0, 1], 'a': 'hat hep'}]}",,,
20501,60,84,2614.365,editor,d,['What h'],,ep',,"[[0, 6], [0, 8]]","{'t': [2614014, 2614365], 'l': 2, 'o': [{'o': 'd', 'i': [[0, 6], [0, 8]], 'd': [[1, 2]]}]}",,,
20502,60,85,2615.391,editor,i,['What happen'],appen',,,"[0, 6]","{'t': [2614514, 2615391], 'l': 5, 'o': [{'o': 'i', 'i': [0, 6], 'a': 'appen'}]}",,,
20503,60,86,2615.9,editor,d,[''],,What happen',,"[[0, 0], [0, 11]]","{'t': [2615747, 2615900], 'l': 2, 'o': [{'o': 'd', 'i': [[0, 0], [0, 11]], 'd': [[5, 1], [6, 1]]}]}",,,
20504,60,87,2898.067,gpt,gpt_inquiry,,,,Any ideas for syllogisms I can use as answer for that prompt?,,,,,
20505,60,88,2902.517,gpt,gpt_response,,,,"Sure! Here are a few syllogisms that you could use as answers for the prompt ""Automation is generally seen as a sign of progress, but what is lost when we replace humans with machines?"":

1. Major Premise: Automation replaces humans with machines for efficiency and cost-effectiveness.
   Minor Premise: Human creativity, adaptability, and emotional intelligence are essential in various job roles.
   Conclusion: When humans are replaced by machines in the workforce, the unique qualities and skills that humans bring to the table are lost, potentially leading to a reduction in overall job satisfaction and fulfillment.

2. Major Premise: Automation streamlines processes and increases productivity in various industries.
   Minor Premise: Human interaction and personalized services are valued in sectors such as customer service and healthcare.
   Conclusion: By replacing humans with machines in these sectors, the human touch and empathy that are crucial for meaningful interactions and relationships may be diminished, impacting overall customer satisfaction and well-being.

3. Major Premise: Automation minimizes human error and ensures precision in tasks that require repetitive and monotonous work.
   Minor Premise: Human intuition, critical thinking, and problem-solving abilities are crucial in complex decision-making processes.
   Conclusion: When humans are replaced by machines in decision-making roles, there is a risk of oversimplification and a lack of nuanced judgment that can lead to unforeseen consequences and ethical dilemmas.",,,,,
20506,60,89,3105.306,editor,i,['W'],W',,,"[0, 0]","{'t': 3105306, 'o': [{'o': 'i', 'i': [0, 0], 'a': 'W'}]}",,,
20507,60,90,3105.795,editor,i,['Wih'],ih',,,"[0, 1]","{'t': [3105537, 3105795], 'l': 2, 'o': [{'o': 'i', 'i': [0, 1], 'a': 'ih'}]}",,,
20508,60,91,3106.197,editor,d,['Wi'],,h',,"[[0, 2], [0, 3]]","{'t': 3106197, 'o': [{'o': 'd', 'i': [[0, 2], [0, 3]]}]}",,,
20509,60,92,3109.864,editor,i,"['Without technology, ']","thout technology, '",,,"[0, 2]","{'t': [3106383, 3109864], 'l': 18, 'o': [{'o': 'i', 'i': [0, 2], 'a': 'thout technology, '}]}",,,
20510,60,93,3130.748,editor,i,"['Without technology, w']",w',,,"[0, 20]","{'t': 3130748, 'o': [{'o': 'i', 'i': [0, 20], 'a': 'w'}]}",,,
20511,60,94,3131.416,editor,i,"['Without technology, we are ']",e are ',,,"[0, 21]","{'t': [3130828, 3131416], 'l': 6, 'o': [{'o': 'i', 'i': [0, 21], 'a': 'e are '}]}",,,
20512,60,95,3138.006,editor,d,"['Without technology, we ']",,are ',,"[[0, 23], [0, 27]]","{'t': 3138006, 'o': [{'o': 'd', 'i': [[0, 23], [0, 27]]}]}",,,
20513,60,96,3141.708,editor,i,"['Without technology, we have no way of ']",have no way of ',,,"[0, 23]","{'t': [3138293, 3141708], 'l': 15, 'o': [{'o': 'i', 'i': [0, 23], 'a': 'have no way of '}]}",,,
20514,60,97,3154.844,editor,i,"['Without technology, we have no way of n']",n',,,"[0, 38]","{'t': 3154844, 'o': [{'o': 'i', 'i': [0, 38], 'a': 'n'}]}",,,
20515,60,98,3160.597,editor,i,"['Without technology, we have no way of no way of demonstrating our ']",o way of demonstrating our ',,,"[0, 39]","{'t': [3154996, 3160597], 'l': 27, 'o': [{'o': 'i', 'i': [0, 39], 'a': 'o way of demonstrating our '}]}",,,
20516,60,99,3161.842,editor,d,"['Without technology, we have no way of no way of demonstrating our']",,,,"[[0, 65], [0, 66]]","{'t': 3161842, 'o': [{'o': 'd', 'i': [[0, 65], [0, 66]]}]}",,,
20517,60,100,3163.87,editor,d,"['Without technology, we ']",,have no way of no way of demonstrating our',,"[[0, 23], [0, 65]]","{'t': [3162000, 3163870], 'l': 9, 'o': [{'o': 'd', 'i': [[0, 23], [0, 65]], 'd': [[5, 1], [3, 1], [4, 1], [3, 2], [4, 1], [3, 1], [14, 1], [3, 1]]}]}",,,
20518,60,101,3166.252,editor,i,"[""Without technology, we don't knwo""]",don't knwo,,,"[0, 23]","{'t': [3164707, 3166252], 'l': 10, 'o': [{'o': 'i', 'i': [0, 23], 'a': ""don't knwo""}]}",,,
20519,60,102,3166.719,editor,d,"[""Without technology, we don't kn""]",,wo',,"[[0, 31], [0, 33]]","{'t': [3166574, 3166719], 'l': 2, 'o': [{'o': 'd', 'i': [[0, 31], [0, 33]], 'd': [[1, 2]]}]}",,,
20520,60,103,3168.334,editor,i,"[""Without technology, we don't know what ""]",ow what ',,,"[0, 31]","{'t': [3166960, 3168334], 'l': 8, 'o': [{'o': 'i', 'i': [0, 31], 'a': 'ow what '}]}",,,
20521,60,104,3170.575,editor,i,"[""Without technology, we don't know what s""]",s',,,"[0, 39]","{'t': 3170575, 'o': [{'o': 'i', 'i': [0, 39], 'a': 's'}]}",,,
20522,60,105,3171.61,editor,i,"[""Without technology, we don't know what sets u""]",ets u',,,"[0, 40]","{'t': [3170753, 3171610], 'l': 5, 'o': [{'o': 'i', 'i': [0, 40], 'a': 'ets u'}]}",,,
20523,60,106,3172.874,editor,d,"[""Without technology, we don't know what sets ""]",,u',,"[[0, 44], [0, 45]]","{'t': 3172874, 'o': [{'o': 'd', 'i': [[0, 44], [0, 45]]}]}",,,
20524,60,107,3176.183,editor,i,"[""Without technology, we don't know what sets j""]",j',,,"[0, 44]","{'t': 3176183, 'o': [{'o': 'i', 'i': [0, 44], 'a': 'j'}]}",,,
20525,60,108,3176.628,editor,i,"[""Without technology, we don't know what sets jum""]",um',,,"[0, 45]","{'t': [3176391, 3176628], 'l': 2, 'o': [{'o': 'i', 'i': [0, 45], 'a': 'um'}]}",,,
20526,60,109,3177.69,editor,d,"[""Without technology, we don't know what sets ""]",,jum',,"[[0, 44], [0, 47]]","{'t': [3177206, 3177690], 'l': 3, 'o': [{'o': 'd', 'i': [[0, 44], [0, 47]], 'd': [[1, 3]]}]}",,,
20527,60,110,3183.636,editor,i,"[""Without technology, we don't know what sets humans apart from other speic""]",humans apart from other speic',,,"[0, 44]","{'t': [3178243, 3183636], 'l': 29, 'o': [{'o': 'i', 'i': [0, 44], 'a': 'humans apart from other speic'}]}",,,
20528,60,111,3184.357,editor,d,"[""Without technology, we don't know what sets humans apart from other spe""]",,ic',,"[[0, 71], [0, 73]]","{'t': [3184091, 3184357], 'l': 2, 'o': [{'o': 'd', 'i': [[0, 71], [0, 73]], 'd': [[1, 2]]}]}",,,
20529,60,112,3184.833,editor,i,"[""Without technology, we don't know what sets humans apart from other species""]",cies',,,"[0, 71]","{'t': [3184493, 3184833], 'l': 4, 'o': [{'o': 'i', 'i': [0, 71], 'a': 'cies'}]}",,,
20530,60,113,3186.442,editor,i,"[""Without technology, we don't know what sets humans apart from other species/""]",/',,,"[0, 75]","{'t': 3186442, 'o': [{'o': 'i', 'i': [0, 75], 'a': '/'}]}",,,
20531,60,114,3187.208,editor,d,"[""Without technology, we don't know what sets humans apart from other species""]",,/',,"[[0, 75], [0, 76]]","{'t': 3187208, 'o': [{'o': 'd', 'i': [[0, 75], [0, 76]]}]}",,,
20532,60,115,3187.688,editor,i,"[""Without technology, we don't know what sets humans apart from other species.""]",.',,,"[0, 75]","{'t': 3187688, 'o': [{'o': 'i', 'i': [0, 75], 'a': '.'}]}",,,
20533,60,116,3196.592,editor,i,"[""Without technology, we don't know what sets humans apart from other species. ""]",,,,"[0, 76]","{'t': 3196592, 'o': [{'o': 'i', 'i': [0, 76], 'a': ' '}]}",,,
20534,60,117,3198.98,editor,i,"[""Without technology, we don't know what sets humans apart from other species. With tech""]",With tech',,,"[0, 77]","{'t': [3196816, 3198980], 'l': 9, 'o': [{'o': 'i', 'i': [0, 77], 'a': 'With tech'}]}",,,
20535,60,118,3199.873,editor,d,"[""Without technology, we don't know what sets humans apart from other species. ""]",,With tech',,"[[0, 77], [0, 86]]","{'t': [3199725, 3199873], 'l': 2, 'o': [{'o': 'd', 'i': [[0, 77], [0, 86]], 'd': [[5, 1], [4, 1]]}]}",,,
20536,60,119,3201.487,editor,i,"[""Without technology, we don't know what sets humans apart from other species. W""]",W',,,"[0, 77]","{'t': 3201487, 'o': [{'o': 'i', 'i': [0, 77], 'a': 'W'}]}",,,
20537,60,120,3203.406,editor,i,"[""Without technology, we don't know what sets humans apart from other species. With tech""]",ith tech',,,"[0, 78]","{'t': [3201703, 3203406], 'l': 8, 'o': [{'o': 'i', 'i': [0, 78], 'a': 'ith tech'}]}",,,
20538,60,121,3206.441,editor,i,"[""Without technology, we don't know what sets humans apart from other species. With techn""]",n',,,"[0, 86]","{'t': 3206441, 'o': [{'o': 'i', 'i': [0, 86], 'a': 'n'}]}",,,
20539,60,122,3206.991,editor,i,"[""Without technology, we don't know what sets humans apart from other species. With technol""]",ol',,,"[0, 87]","{'t': [3206690, 3206991], 'l': 2, 'o': [{'o': 'i', 'i': [0, 87], 'a': 'ol'}]}",,,
20540,60,123,3208.224,editor,d,"[""Without technology, we don't know what sets humans apart from other species. ""]",,With technol',,"[[0, 77], [0, 89]]","{'t': [3207831, 3208224], 'l': 2, 'o': [{'o': 'd', 'i': [[0, 77], [0, 89]], 'd': [[5, 1], [7, 1]]}]}",,,
20541,60,124,3231.928,editor,i,"[""Without technology, we don't know what sets humans apart from other species. T""]",T',,,"[0, 77]","{'t': 3231928, 'o': [{'o': 'i', 'i': [0, 77], 'a': 'T'}]}",,,
20542,60,125,3235.72,editor,i,"[""Without technology, we don't know what sets humans apart from other species. The crux of wh""]",he crux of wh',,,"[0, 78]","{'t': [3232206, 3235720], 'l': 13, 'o': [{'o': 'i', 'i': [0, 78], 'a': 'he crux of wh'}]}",,,
20543,60,126,3236.381,editor,d,"[""Without technology, we don't know what sets humans apart from other species. The crux ""]",,of wh',,"[[0, 86], [0, 91]]","{'t': [3236229, 3236381], 'l': 2, 'o': [{'o': 'd', 'i': [[0, 86], [0, 91]], 'd': [[3, 1], [2, 1]]}]}",,,
20544,60,127,3238.763,editor,i,"[""Without technology, we don't know what sets humans apart from other species. The crux of what we f""]",of what we f',,,"[0, 86]","{'t': [3237135, 3238763], 'l': 12, 'o': [{'o': 'i', 'i': [0, 86], 'a': 'of what we f'}]}",,,
20545,60,128,3239.101,editor,d,"[""Without technology, we don't know what sets humans apart from other species. The crux of what we ""]",,f',,"[[0, 97], [0, 98]]","{'t': 3239101, 'o': [{'o': 'd', 'i': [[0, 97], [0, 98]]}]}",,,
20546,60,129,3243.135,editor,i,"[""Without technology, we don't know what sets humans apart from other species. The crux of what we refer to when asked about ""]",refer to when asked about ',,,"[0, 97]","{'t': [3239136, 3243135], 'l': 26, 'o': [{'o': 'i', 'i': [0, 97], 'a': 'refer to when asked about '}]}",,,
20547,60,130,3257.266,editor,i,"[""Without technology, we don't know what sets humans apart from other species. The crux of what we refer to when asked about t""]",t',,,"[0, 123]","{'t': 3257266, 'o': [{'o': 'i', 'i': [0, 123], 'a': 't'}]}",,,
20548,60,131,3260.241,editor,i,"[""Without technology, we don't know what sets humans apart from other species. The crux of what we refer to when asked about technology is ""]",echnology is ',,,"[0, 124]","{'t': [3257370, 3260241], 'l': 13, 'o': [{'o': 'i', 'i': [0, 124], 'a': 'echnology is '}]}",,,
20549,60,132,3270.754,editor,d,"[""Without technology, we don't know what sets humans apart from other species. The crux of what we refer to when asked about technology ""]",,is ',,"[[0, 134], [0, 137]]","{'t': 3270754, 'o': [{'o': 'd', 'i': [[0, 134], [0, 137]]}]}",,,
20550,60,133,3271.137,editor,d,"[""Without technology, we don't know what sets humans apart from other species. The crux of what we refer to when asked ""]",,about technology ',,"[[0, 117], [0, 134]]","{'t': [3270963, 3271137], 'l': 2, 'o': [{'o': 'd', 'i': [[0, 117], [0, 134]], 'd': [[6, 1], [11, 1]]}]}",,,
20551,60,134,3272.545,editor,i,"[""Without technology, we don't know what sets humans apart from other species. The crux of what we refer to when asked about ""]",about ',,,"[0, 117]","{'t': [3271838, 3272545], 'l': 6, 'o': [{'o': 'i', 'i': [0, 117], 'a': 'about '}]}",,,
20552,60,135,3275.86,editor,i,"[""Without technology, we don't know what sets humans apart from other species. The crux of what we refer to when asked about w""]",w',,,"[0, 123]","{'t': 3275860, 'o': [{'o': 'i', 'i': [0, 123], 'a': 'w'}]}",,,
20553,60,136,3276.425,editor,i,"[""Without technology, we don't know what sets humans apart from other species. The crux of what we refer to when asked about what ""]",hat ',,,"[0, 124]","{'t': [3275961, 3276425], 'l': 4, 'o': [{'o': 'i', 'i': [0, 124], 'a': 'hat '}]}",,,
20554,60,137,3281.463,editor,i,"[""Without technology, we don't know what sets humans apart from other species. The crux of what we refer to when asked about what s""]",s',,,"[0, 128]","{'t': 3281463, 'o': [{'o': 'i', 'i': [0, 128], 'a': 's'}]}",,,
20555,60,138,3289.75,editor,i,"[""Without technology, we don't know what sets humans apart from other species. The crux of what we refer to when asked about what sets us apart from other animals is our intellect. ""]",ets us apart from other animals is our intellect. ',,,"[0, 129]","{'t': [3281656, 3289750], 'l': 50, 'o': [{'o': 'i', 'i': [0, 129], 'a': 'ets us apart from other animals is our intellect. '}]}",,,
20556,60,139,3339.574,editor,i,"[""Without technology, we don't know what sets humans apart from other species. The crux of what we refer to when asked about what sets us apart from other animals is our intellect. B""]",B',,,"[0, 179]","{'t': 3339574, 'o': [{'o': 'i', 'i': [0, 179], 'a': 'B'}]}",,,
20557,60,140,3340.18,editor,d,"[""Without technology, we don't know what sets humans apart from other species. The crux of what we refer to when asked about what sets us apart from other animals is our intellect. ""]",,B',,"[[0, 179], [0, 180]]","{'t': 3340180, 'o': [{'o': 'd', 'i': [[0, 179], [0, 180]]}]}",,,
20558,60,141,3341.904,editor,i,"[""Without technology, we don't know what sets humans apart from other species. The crux of what we refer to when asked about what sets us apart from other animals is our intellect. T""]",T',,,"[0, 179]","{'t': 3341904, 'o': [{'o': 'i', 'i': [0, 179], 'a': 'T'}]}",,,
20559,60,142,3342.111,editor,i,"[""Without technology, we don't know what sets humans apart from other species. The crux of what we refer to when asked about what sets us apart from other animals is our intellect. Ta""]",a',,,"[0, 180]","{'t': 3342111, 'o': [{'o': 'i', 'i': [0, 180], 'a': 'a'}]}",,,
20560,60,143,3342.81,editor,d,"[""Without technology, we don't know what sets humans apart from other species. The crux of what we refer to when asked about what sets us apart from other animals is our intellect. T""]",,a',,"[[0, 180], [0, 181]]","{'t': 3342810, 'o': [{'o': 'd', 'i': [[0, 180], [0, 181]]}]}",,,
20561,60,144,3345.692,editor,i,"[""Without technology, we don't know what sets humans apart from other species. The crux of what we refer to when asked about what sets us apart from other animals is our intellect. That said, what do ""]","hat said, what do '",,,"[0, 180]","{'t': [3343043, 3345692], 'l': 18, 'o': [{'o': 'i', 'i': [0, 180], 'a': 'hat said, what do '}]}",,,
20562,60,145,3349.445,editor,d,"[""Without technology, we don't know what sets humans apart from other species. The crux of what we refer to when asked about what sets us apart from other animals is our intellect. That said, what ""]",,do ',,"[[0, 195], [0, 198]]","{'t': 3349445, 'o': [{'o': 'd', 'i': [[0, 195], [0, 198]]}]}",,,
20563,60,146,3350.966,editor,d,"[""Without technology, we don't know what sets humans apart from other species. The crux of what we refer to when asked about what sets us apart from other animals is our intellect. That said, ""]",,what ',,"[[0, 190], [0, 195]]","{'t': 3350966, 'o': [{'o': 'd', 'i': [[0, 190], [0, 195]]}]}",,,
20564,60,147,3353.248,editor,i,"[""Without technology, we don't know what sets humans apart from other species. The crux of what we refer to when asked about what sets us apart from other animals is our intellect. That said, how do we deo""]",how do we deo',,,"[0, 190]","{'t': [3351226, 3353248], 'l': 13, 'o': [{'o': 'i', 'i': [0, 190], 'a': 'how do we deo'}]}",,,
20565,60,148,3353.73,editor,d,"[""Without technology, we don't know what sets humans apart from other species. The crux of what we refer to when asked about what sets us apart from other animals is our intellect. That said, how do we de""]",,o',,"[[0, 202], [0, 203]]","{'t': 3353730, 'o': [{'o': 'd', 'i': [[0, 202], [0, 203]]}]}",,,
20566,60,149,3356.197,editor,i,"[""Without technology, we don't know what sets humans apart from other species. The crux of what we refer to when asked about what sets us apart from other animals is our intellect. That said, how do we demonstrate such ""]",monstrate such ',,,"[0, 202]","{'t': [3353922, 3356197], 'l': 15, 'o': [{'o': 'i', 'i': [0, 202], 'a': 'monstrate such '}]}",,,
20567,60,150,3364.261,editor,i,"[""Without technology, we don't know what sets humans apart from other species. The crux of what we refer to when asked about what sets us apart from other animals is our intellect. That said, how do we demonstrate such i""]",i',,,"[0, 217]","{'t': 3364261, 'o': [{'o': 'i', 'i': [0, 217], 'a': 'i'}]}",,,
20568,60,151,3367.94,editor,i,"[""Without technology, we don't know what sets humans apart from other species. The crux of what we refer to when asked about what sets us apart from other animals is our intellect. That said, how do we demonstrate such intelligence without ""]",ntelligence without ',,,"[0, 218]","{'t': [3364434, 3367940], 'l': 20, 'o': [{'o': 'i', 'i': [0, 218], 'a': 'ntelligence without '}]}",,,
20569,60,152,3370.609,editor,i,"[""Without technology, we don't know what sets humans apart from other species. The crux of what we refer to when asked about what sets us apart from other animals is our intellect. That said, how do we demonstrate such intelligence without t""]",t',,,"[0, 238]","{'t': 3370609, 'o': [{'o': 'i', 'i': [0, 238], 'a': 't'}]}",,,
20570,60,153,3372.403,editor,i,"[""Without technology, we don't know what sets humans apart from other species. The crux of what we refer to when asked about what sets us apart from other animals is our intellect. That said, how do we demonstrate such intelligence without technology. ""]",echnology. ',,,"[0, 239]","{'t': [3370714, 3372403], 'l': 11, 'o': [{'o': 'i', 'i': [0, 239], 'a': 'echnology. '}]}",,,
20571,60,154,3384.49,editor,i,"[""Without technology, we don't know what sets humans apart from other species. The crux of what we refer to when asked about what sets us apart from other animals is our intellect. That said, how do we demonstrate such intelligence without technology. \\""]",\\',,,"[0, 250]","{'t': 3384490, 'o': [{'o': 'i', 'i': [0, 250], 'a': '\\'}]}",,,
20572,60,155,3385.466,editor,d,"[""Without technology, we don't know what sets humans apart from other species. The crux of what we refer to when asked about what sets us apart from other animals is our intellect. That said, how do we demonstrate such intelligence without technology""]",,. \\',,"[[0, 248], [0, 251]]","{'t': [3384740, 3385466], 'l': 3, 'o': [{'o': 'd', 'i': [[0, 248], [0, 251]], 'd': [[1, 3]]}]}",,,
20573,60,156,3390.372,editor,i,"[""Without technology, we don't know what sets humans apart from other species. The crux of what we refer to when asked about what sets us apart from other animals is our intellect. That said, how do we demonstrate such intelligence without technology? Our ability to ""]",? Our ability to ',,,"[0, 248]","{'t': [3386576, 3390372], 'l': 17, 'o': [{'o': 'i', 'i': [0, 248], 'a': '? Our ability to '}]}",,,
20574,60,157,3392.149,editor,i,"[""Without technology, we don't know what sets humans apart from other species. The crux of what we refer to when asked about what sets us apart from other animals is our intellect. That said, how do we demonstrate such intelligence without technology? Our ability to c""]",c',,,"[0, 265]","{'t': 3392149, 'o': [{'o': 'i', 'i': [0, 265], 'a': 'c'}]}",,,
20575,60,158,3395.542,editor,i,"[""Without technology, we don't know what sets humans apart from other species. The crux of what we refer to when asked about what sets us apart from other animals is our intellect. That said, how do we demonstrate such intelligence without technology? Our ability to create technoo""]",reate technoo',,,"[0, 266]","{'t': [3392548, 3395542], 'l': 13, 'o': [{'o': 'i', 'i': [0, 266], 'a': 'reate technoo'}]}",,,
20576,60,159,3395.962,editor,d,"[""Without technology, we don't know what sets humans apart from other species. The crux of what we refer to when asked about what sets us apart from other animals is our intellect. That said, how do we demonstrate such intelligence without technology? Our ability to create techno""]",,o',,"[[0, 278], [0, 279]]","{'t': 3395962, 'o': [{'o': 'd', 'i': [[0, 278], [0, 279]]}]}",,,
20577,60,160,3396.652,editor,i,"[""Without technology, we don't know what sets humans apart from other species. The crux of what we refer to when asked about what sets us apart from other animals is our intellect. That said, how do we demonstrate such intelligence without technology? Our ability to create technology""]",logy',,,"[0, 278]","{'t': [3396206, 3396652], 'l': 4, 'o': [{'o': 'i', 'i': [0, 278], 'a': 'logy'}]}",,,
20578,60,161,3418.517,editor,i,"[""Without technology, we don't know what sets humans apart from other species. The crux of what we refer to when asked about what sets us apart from other animals is our intellect. That said, how do we demonstrate such intelligence without technology? Our ability to create technology ""]",,,,"[0, 282]","{'t': 3418517, 'o': [{'o': 'i', 'i': [0, 282], 'a': ' '}]}",,,
20579,60,162,3418.901,editor,i,"[""Without technology, we don't know what sets humans apart from other species. The crux of what we refer to when asked about what sets us apart from other animals is our intellect. That said, how do we demonstrate such intelligence without technology? Our ability to create technology to ""]",to ',,,"[0, 283]","{'t': [3418787, 3418901], 'l': 3, 'o': [{'o': 'i', 'i': [0, 283], 'a': 'to '}]}",,,
20580,60,163,3454.373,editor,d,"[""Without technology, we don't know what sets humans apart from other species. The crux of what we refer to when asked about what sets us apart from other animals is our intellect. That said, how do we demonstrate such intelligence without technology? Our ability to create ""]",,technology to ',,"[[0, 272], [0, 286]]","{'t': [3447045, 3454373], 'l': 2, 'o': [{'o': 'd', 'i': [[0, 272], [0, 286]], 'd': [[11, 1], [3, 1]]}]}",,,
20581,60,164,3454.999,editor,d,"[""Without technology, we don't know what sets humans apart from other species. The crux of what we refer to when asked about what sets us apart from other animals is our intellect. That said, how do we demonstrate such intelligence without technology? ""]",,Our ability to create ',,"[[0, 250], [0, 272]]","{'t': [3454524, 3454999], 'l': 4, 'o': [{'o': 'd', 'i': [[0, 250], [0, 272]], 'd': [[4, 1], [8, 1], [3, 1], [7, 1]]}]}",,,
20582,60,165,3467.426,editor,o,"[""Without technology, we don't know what sets humans apart from other species. The crux of what we refer to when asked about what sets us apart from other animals is our intellect. That said, how do we demonstrate such intelligence without technology? ""]",,,,"[0, 250]","{'t': 3467426, 'o': [{'o': 'o', 'i': [0, 250]}]}",,,
20583,60,166,3468.242,editor,i,"[""Without technology, we don't know what sets humans apart from other species. The crux of what we refer to when asked about what sets us apart from other animals is our intellect. That said, how do we demonstrate such intelligence without technology? A""]",A',,,"[0, 250]","{'t': 3468242, 'o': [{'o': 'i', 'i': [0, 250], 'a': 'A'}]}",,,
20584,60,167,3474.766,editor,i,"[""Without technology, we don't know what sets humans apart from other species. The crux of what we refer to when asked about what sets us apart from other animals is our intellect. That said, how do we demonstrate such intelligence without technology? Any way that we care for each other""]",ny way that we care for each other',,,"[0, 251]","{'t': [3468381, 3474766], 'l': 34, 'o': [{'o': 'i', 'i': [0, 251], 'a': 'ny way that we care for each other'}]}",,,
20585,60,168,3480.382,editor,i,"[""Without technology, we don't know what sets humans apart from other species. The crux of what we refer to when asked about what sets us apart from other animals is our intellect. That said, how do we demonstrate such intelligence without technology? Any way that we care for each other o""]",o',,,"[0, 285]","{'t': [3478618, 3480382], 'l': 2, 'o': [{'o': 'i', 'i': [0, 285], 'a': ' o'}]}",,,
20586,60,169,3490.217,editor,i,"[""Without technology, we don't know what sets humans apart from other species. The crux of what we refer to when asked about what sets us apart from other animals is our intellect. That said, how do we demonstrate such intelligence without technology? Any way that we care for each other or even other species is helped by technology. Hav""]",r even other species is helped by technology. Hav',,,"[0, 287]","{'t': [3480517, 3490217], 'l': 49, 'o': [{'o': 'i', 'i': [0, 287], 'a': 'r even other species is helped by technology. Hav'}]}",,,
20587,60,170,3491.051,editor,d,"[""Without technology, we don't know what sets humans apart from other species. The crux of what we refer to when asked about what sets us apart from other animals is our intellect. That said, how do we demonstrate such intelligence without technology? Any way that we care for each other or even other species is helped by technology. ""]",,Hav',,"[[0, 333], [0, 336]]","{'t': 3491051, 'o': [{'o': 'd', 'i': [[0, 333], [0, 336]]}]}",,,
20588,60,171,3495.713,editor,i,"[""Without technology, we don't know what sets humans apart from other species. The crux of what we refer to when asked about what sets us apart from other animals is our intellect. That said, how do we demonstrate such intelligence without technology? Any way that we care for each other or even other species is helped by technology. M""]",M',,,"[0, 333]","{'t': 3495713, 'o': [{'o': 'i', 'i': [0, 333], 'a': 'M'}]}",,,
20589,60,172,3497.063,editor,i,"[""Without technology, we don't know what sets humans apart from other species. The crux of what we refer to when asked about what sets us apart from other animals is our intellect. That said, how do we demonstrate such intelligence without technology? Any way that we care for each other or even other species is helped by technology. My view ""]",y view ',,,"[0, 334]","{'t': [3495930, 3497063], 'l': 7, 'o': [{'o': 'i', 'i': [0, 334], 'a': 'y view '}]}",,,
20590,60,173,3498.531,editor,i,"[""Without technology, we don't know what sets humans apart from other species. The crux of what we refer to when asked about what sets us apart from other animals is our intellect. That said, how do we demonstrate such intelligence without technology? Any way that we care for each other or even other species is helped by technology. My view a""]",a',,,"[0, 341]","{'t': 3498531, 'o': [{'o': 'i', 'i': [0, 341], 'a': 'a'}]}",,,
20591,60,174,3501.056,editor,i,"[""Without technology, we don't know what sets humans apart from other species. The crux of what we refer to when asked about what sets us apart from other animals is our intellect. That said, how do we demonstrate such intelligence without technology? Any way that we care for each other or even other species is helped by technology. My view aligns best with ""]",ligns best with ',,,"[0, 342]","{'t': [3498616, 3501056], 'l': 16, 'o': [{'o': 'i', 'i': [0, 342], 'a': 'ligns best with '}]}",,,
20592,60,175,3503.806,editor,i,"[""Without technology, we don't know what sets humans apart from other species. The crux of what we refer to when asked about what sets us apart from other animals is our intellect. That said, how do we demonstrate such intelligence without technology? Any way that we care for each other or even other species is helped by technology. My view aligns best with t""]",t',,,"[0, 358]","{'t': 3503806, 'o': [{'o': 'i', 'i': [0, 358], 'a': 't'}]}",,,
20593,60,176,3504.898,editor,i,"[""Without technology, we don't know what sets humans apart from other species. The crux of what we refer to when asked about what sets us apart from other animals is our intellect. That said, how do we demonstrate such intelligence without technology? Any way that we care for each other or even other species is helped by technology. My view aligns best with the Ui""]",he Ui',,,"[0, 359]","{'t': [3503958, 3504898], 'l': 5, 'o': [{'o': 'i', 'i': [0, 359], 'a': 'he Ui'}]}",,,
20594,60,177,3505.208,editor,d,"[""Without technology, we don't know what sets humans apart from other species. The crux of what we refer to when asked about what sets us apart from other animals is our intellect. That said, how do we demonstrate such intelligence without technology? Any way that we care for each other or even other species is helped by technology. My view aligns best with the U""]",,i',,"[[0, 363], [0, 364]]","{'t': 3505208, 'o': [{'o': 'd', 'i': [[0, 363], [0, 364]]}]}",,,
20595,60,178,3507.23,editor,i,"[""Without technology, we don't know what sets humans apart from other species. The crux of what we refer to when asked about what sets us apart from other animals is our intellect. That said, how do we demonstrate such intelligence without technology? Any way that we care for each other or even other species is helped by technology. My view aligns best with the Utilitarin""]",tilitarin',,,"[0, 363]","{'t': [3505344, 3507230], 'l': 9, 'o': [{'o': 'i', 'i': [0, 363], 'a': 'tilitarin'}]}",,,
20596,60,179,3507.536,editor,d,"[""Without technology, we don't know what sets humans apart from other species. The crux of what we refer to when asked about what sets us apart from other animals is our intellect. That said, how do we demonstrate such intelligence without technology? Any way that we care for each other or even other species is helped by technology. My view aligns best with the Utilitari""]",,n',,"[[0, 371], [0, 372]]","{'t': 3507536, 'o': [{'o': 'd', 'i': [[0, 371], [0, 372]]}]}",,,
20597,60,180,3509.048,editor,i,"[""Without technology, we don't know what sets humans apart from other species. The crux of what we refer to when asked about what sets us apart from other animals is our intellect. That said, how do we demonstrate such intelligence without technology? Any way that we care for each other or even other species is helped by technology. My view aligns best with the Utilitarian view.""]",an view.',,,"[0, 371]","{'t': [3507636, 3509048], 'l': 8, 'o': [{'o': 'i', 'i': [0, 371], 'a': 'an view.'}]}",,,
20598,60,181,3517.151,editor,i,"[""Without technology, we don't know what sets humans apart from other species. The crux of what we refer to when asked about what sets us apart from other animals is our intellect. That said, how do we demonstrate such intelligence without technology? Any way that we care for each other or even other species is helped by technology. My view aligns best with the Utilitarian view. ""]",,,,"[0, 379]","{'t': 3517151, 'o': [{'o': 'i', 'i': [0, 379], 'a': ' '}]}",,,
20599,60,182,3521.365,editor,i,"[""Without technology, we don't know what sets humans apart from other species. The crux of what we refer to when asked about what sets us apart from other animals is our intellect. That said, how do we demonstrate such intelligence without technology? Any way that we care for each other or even other species is helped by technology. My view aligns best with the Utilitarian view. There will always be taks""]",There will always be taks',,,"[0, 380]","{'t': [3517628, 3521365], 'l': 25, 'o': [{'o': 'i', 'i': [0, 380], 'a': 'There will always be taks'}]}",,,
20600,60,183,3522.335,editor,d,"[""Without technology, we don't know what sets humans apart from other species. The crux of what we refer to when asked about what sets us apart from other animals is our intellect. That said, how do we demonstrate such intelligence without technology? Any way that we care for each other or even other species is helped by technology. My view aligns best with the Utilitarian view. There will always be ta""]",,ks',,"[[0, 403], [0, 405]]","{'t': [3522220, 3522335], 'l': 2, 'o': [{'o': 'd', 'i': [[0, 403], [0, 405]], 'd': [[1, 2]]}]}",,,
20601,60,184,3528.666,editor,i,"[""Without technology, we don't know what sets humans apart from other species. The crux of what we refer to when asked about what sets us apart from other animals is our intellect. That said, how do we demonstrate such intelligence without technology? Any way that we care for each other or even other species is helped by technology. My view aligns best with the Utilitarian view. There will always be tasks that are low-skill, rep""]","sks that are low-skill, rep'",,,"[0, 403]","{'t': [3522424, 3528666], 'l': 27, 'o': [{'o': 'i', 'i': [0, 403], 'a': 'sks that are low-skill, rep'}]}",,,
20602,60,185,3530.933,editor,d,"[""Without technology, we don't know what sets humans apart from other species. The crux of what we refer to when asked about what sets us apart from other animals is our intellect. That said, how do we demonstrate such intelligence without technology? Any way that we care for each other or even other species is helped by technology. My view aligns best with the Utilitarian view. There will always be tasks that are low-skill, re""]",,p',,"[[0, 429], [0, 430]]","{'t': 3530933, 'o': [{'o': 'd', 'i': [[0, 429], [0, 430]]}]}",,,
20603,60,186,3531.763,editor,d,"[""Without technology, we don't know what sets humans apart from other species. The crux of what we refer to when asked about what sets us apart from other animals is our intellect. That said, how do we demonstrate such intelligence without technology? Any way that we care for each other or even other species is helped by technology. My view aligns best with the Utilitarian view. There will always be tasks that are low-skill""]",,", re'",,"[[0, 425], [0, 429]]","{'t': [3531072, 3531763], 'l': 4, 'o': [{'o': 'd', 'i': [[0, 425], [0, 429]], 'd': [[1, 4]]}]}",,,
20604,60,187,3533.527,editor,i,"[""Without technology, we don't know what sets humans apart from other species. The crux of what we refer to when asked about what sets us apart from other animals is our intellect. That said, how do we demonstrate such intelligence without technology? Any way that we care for each other or even other species is helped by technology. My view aligns best with the Utilitarian view. There will always be tasks that are low-skill and rept""]",and rept',,,"[0, 425]","{'t': [3531995, 3533527], 'l': 9, 'o': [{'o': 'i', 'i': [0, 425], 'a': ' and rept'}]}",,,
20605,60,188,3533.854,editor,d,"[""Without technology, we don't know what sets humans apart from other species. The crux of what we refer to when asked about what sets us apart from other animals is our intellect. That said, how do we demonstrate such intelligence without technology? Any way that we care for each other or even other species is helped by technology. My view aligns best with the Utilitarian view. There will always be tasks that are low-skill and rep""]",,t',,"[[0, 433], [0, 434]]","{'t': 3533854, 'o': [{'o': 'd', 'i': [[0, 433], [0, 434]]}]}",,,
20606,60,189,3535.776,editor,i,"[""Without technology, we don't know what sets humans apart from other species. The crux of what we refer to when asked about what sets us apart from other animals is our intellect. That said, how do we demonstrate such intelligence without technology? Any way that we care for each other or even other species is helped by technology. My view aligns best with the Utilitarian view. There will always be tasks that are low-skill and repetitive""]",etitive',,,"[0, 433]","{'t': [3533914, 3535776], 'l': 7, 'o': [{'o': 'i', 'i': [0, 433], 'a': 'etitive'}]}",,,
20607,60,190,3539.439,editor,i,"[""Without technology, we don't know what sets humans apart from other species. The crux of what we refer to when asked about what sets us apart from other animals is our intellect. That said, how do we demonstrate such intelligence without technology? Any way that we care for each other or even other species is helped by technology. My view aligns best with the Utilitarian view. There will always be tasks that are low-skill and repetitive,""]",",'",,,"[0, 440]","{'t': 3539439, 'o': [{'o': 'i', 'i': [0, 440], 'a': ','}]}",,,
20608,60,191,3540.656,editor,i,"[""Without technology, we don't know what sets humans apart from other species. The crux of what we refer to when asked about what sets us apart from other animals is our intellect. That said, how do we demonstrate such intelligence without technology? Any way that we care for each other or even other species is helped by technology. My view aligns best with the Utilitarian view. There will always be tasks that are low-skill and repetitive, and its""]",and its',,,"[0, 441]","{'t': [3539680, 3540656], 'l': 8, 'o': [{'o': 'i', 'i': [0, 441], 'a': ' and its'}]}",,,
20609,60,192,3540.965,editor,d,"[""Without technology, we don't know what sets humans apart from other species. The crux of what we refer to when asked about what sets us apart from other animals is our intellect. That said, how do we demonstrate such intelligence without technology? Any way that we care for each other or even other species is helped by technology. My view aligns best with the Utilitarian view. There will always be tasks that are low-skill and repetitive, and it""]",,s',,"[[0, 448], [0, 449]]","{'t': 3540965, 'o': [{'o': 'd', 'i': [[0, 448], [0, 449]]}]}",,,
20610,60,193,3542.762,editor,i,"[""Without technology, we don't know what sets humans apart from other species. The crux of what we refer to when asked about what sets us apart from other animals is our intellect. That said, how do we demonstrate such intelligence without technology? Any way that we care for each other or even other species is helped by technology. My view aligns best with the Utilitarian view. There will always be tasks that are low-skill and repetitive, and it's up to use ""]",s up to use ,,,"[0, 448]","{'t': [3541215, 3542762], 'l': 13, 'o': [{'o': 'i', 'i': [0, 448], 'a': ""'s up to use ""}]}",,,
20611,60,194,3543.246,editor,d,"[""Without technology, we don't know what sets humans apart from other species. The crux of what we refer to when asked about what sets us apart from other animals is our intellect. That said, how do we demonstrate such intelligence without technology? Any way that we care for each other or even other species is helped by technology. My view aligns best with the Utilitarian view. There will always be tasks that are low-skill and repetitive, and it's up to us""]",,e ',,"[[0, 459], [0, 461]]","{'t': [3542973, 3543246], 'l': 2, 'o': [{'o': 'd', 'i': [[0, 459], [0, 461]], 'd': [[1, 2]]}]}",,,
20612,60,195,3547.559,editor,i,"[""Without technology, we don't know what sets humans apart from other species. The crux of what we refer to when asked about what sets us apart from other animals is our intellect. That said, how do we demonstrate such intelligence without technology? Any way that we care for each other or even other species is helped by technology. My view aligns best with the Utilitarian view. There will always be tasks that are low-skill and repetitive, and it's up to us to create the technology ""]",to create the technology ',,,"[0, 459]","{'t': [3543419, 3547559], 'l': 26, 'o': [{'o': 'i', 'i': [0, 459], 'a': ' to create the technology '}]}",,,
20613,60,196,3549.382,editor,i,"[""Without technology, we don't know what sets humans apart from other species. The crux of what we refer to when asked about what sets us apart from other animals is our intellect. That said, how do we demonstrate such intelligence without technology? Any way that we care for each other or even other species is helped by technology. My view aligns best with the Utilitarian view. There will always be tasks that are low-skill and repetitive, and it's up to us to create the technology t""]",t',,,"[0, 485]","{'t': 3549382, 'o': [{'o': 'i', 'i': [0, 485], 'a': 't'}]}",,,
20614,60,197,3549.557,editor,i,"[""Without technology, we don't know what sets humans apart from other species. The crux of what we refer to when asked about what sets us apart from other animals is our intellect. That said, how do we demonstrate such intelligence without technology? Any way that we care for each other or even other species is helped by technology. My view aligns best with the Utilitarian view. There will always be tasks that are low-skill and repetitive, and it's up to us to create the technology to ""]",o ',,,"[0, 486]","{'t': [3549498, 3549557], 'l': 2, 'o': [{'o': 'i', 'i': [0, 486], 'a': 'o '}]}",,,
20615,60,198,3551.937,editor,i,"[""Without technology, we don't know what sets humans apart from other species. The crux of what we refer to when asked about what sets us apart from other animals is our intellect. That said, how do we demonstrate such intelligence without technology? Any way that we care for each other or even other species is helped by technology. My view aligns best with the Utilitarian view. There will always be tasks that are low-skill and repetitive, and it's up to us to create the technology to i""]",i',,,"[0, 488]","{'t': 3551937, 'o': [{'o': 'i', 'i': [0, 488], 'a': 'i'}]}",,,
20616,60,199,3554.738,editor,i,"[""Without technology, we don't know what sets humans apart from other species. The crux of what we refer to when asked about what sets us apart from other animals is our intellect. That said, how do we demonstrate such intelligence without technology? Any way that we care for each other or even other species is helped by technology. My view aligns best with the Utilitarian view. There will always be tasks that are low-skill and repetitive, and it's up to us to create the technology to increase the effie""]",ncrease the effie',,,"[0, 489]","{'t': [3552109, 3554738], 'l': 17, 'o': [{'o': 'i', 'i': [0, 489], 'a': 'ncrease the effie'}]}",,,
20617,60,200,3555.198,editor,d,"[""Without technology, we don't know what sets humans apart from other species. The crux of what we refer to when asked about what sets us apart from other animals is our intellect. That said, how do we demonstrate such intelligence without technology? Any way that we care for each other or even other species is helped by technology. My view aligns best with the Utilitarian view. There will always be tasks that are low-skill and repetitive, and it's up to us to create the technology to increase the effi""]",,e',,"[[0, 505], [0, 506]]","{'t': 3555198, 'o': [{'o': 'd', 'i': [[0, 505], [0, 506]]}]}",,,
20618,60,201,3559.652,editor,i,"[""Without technology, we don't know what sets humans apart from other species. The crux of what we refer to when asked about what sets us apart from other animals is our intellect. That said, how do we demonstrate such intelligence without technology? Any way that we care for each other or even other species is helped by technology. My view aligns best with the Utilitarian view. There will always be tasks that are low-skill and repetitive, and it's up to us to create the technology to increase the efficiency for such tak""]",ciency for such tak',,,"[0, 505]","{'t': [3555400, 3559652], 'l': 19, 'o': [{'o': 'i', 'i': [0, 505], 'a': 'ciency for such tak'}]}",,,
20619,60,202,3560.008,editor,d,"[""Without technology, we don't know what sets humans apart from other species. The crux of what we refer to when asked about what sets us apart from other animals is our intellect. That said, how do we demonstrate such intelligence without technology? Any way that we care for each other or even other species is helped by technology. My view aligns best with the Utilitarian view. There will always be tasks that are low-skill and repetitive, and it's up to us to create the technology to increase the efficiency for such ta""]",,k',,"[[0, 523], [0, 524]]","{'t': 3560008, 'o': [{'o': 'd', 'i': [[0, 523], [0, 524]]}]}",,,
20620,60,203,3561.119,editor,i,"[""Without technology, we don't know what sets humans apart from other species. The crux of what we refer to when asked about what sets us apart from other animals is our intellect. That said, how do we demonstrate such intelligence without technology? Any way that we care for each other or even other species is helped by technology. My view aligns best with the Utilitarian view. There will always be tasks that are low-skill and repetitive, and it's up to us to create the technology to increase the efficiency for such tasks. "", '']",sks. \n',,,"[0, 523]","{'t': [3560153, 3561119], 'l': 6, 'o': [{'o': 'i', 'i': [0, 523], 'a': 'sks. \n'}]}",,,
20621,60,204,3561.297,editor,i,"[""Without technology, we don't know what sets humans apart from other species. The crux of what we refer to when asked about what sets us apart from other animals is our intellect. That said, how do we demonstrate such intelligence without technology? Any way that we care for each other or even other species is helped by technology. My view aligns best with the Utilitarian view. There will always be tasks that are low-skill and repetitive, and it's up to us to create the technology to increase the efficiency for such tasks. "", '', '']",\n',,,"[1, 0]","{'t': 3561297, 'o': [{'o': 'i', 'i': [1, 0], 'a': '\n'}]}",,,
20622,60,205,3595.919,editor,d,"[""Without technology, we don't know what sets humans apart from other species. The crux of what we refer to when asked about what sets us apart from other animals is our intellect. That said, how do we demonstrate such intelligence without technology? Any way that we care for each other or even other species is helped by technology. My view aligns best with the Utilitarian view. There will always be tasks that are low-skill and repetitive, and it's up to us to create the technology to increase the efficiency for such tasks. "", '']",,\n',,"[[1, 0], [2, 0]]","{'t': 3595919, 'o': [{'o': 'd', 'i': [[1, 0], [2, 0]]}]}",,,
20623,60,206,3596.085,editor,d,"[""Without technology, we don't know what sets humans apart from other species. The crux of what we refer to when asked about what sets us apart from other animals is our intellect. That said, how do we demonstrate such intelligence without technology? Any way that we care for each other or even other species is helped by technology. My view aligns best with the Utilitarian view. There will always be tasks that are low-skill and repetitive, and it's up to us to create the technology to increase the efficiency for such tasks. ""]",,\n',,"[[0, 528], [1, 0]]","{'t': [3596084, 3596085], 'o': [{'o': 'd', 'i': [[0, 528], [1, 0]]}]}",,,
20624,60,207,3616.087,editor,o,"[""Without technology, we don't know what sets humans apart from other species. The crux of what we refer to when asked about what sets us apart from other animals is our intellect. That said, how do we demonstrate such intelligence without technology? Any way that we care for each other or even other species is helped by technology. My view aligns best with the Utilitarian view. There will always be tasks that are low-skill and repetitive, and it's up to us to create the technology to increase the efficiency for such tasks. ""]",,,,"[0, 442]","{'t': 3616087, 'o': [{'o': 'o', 'i': [0, 442]}]}",,,
20625,60,208,3616.412,editor,o,"[""Without technology, we don't know what sets humans apart from other species. The crux of what we refer to when asked about what sets us apart from other animals is our intellect. That said, how do we demonstrate such intelligence without technology? Any way that we care for each other or even other species is helped by technology. My view aligns best with the Utilitarian view. There will always be tasks that are low-skill and repetitive, and it's up to us to create the technology to increase the efficiency for such tasks. ""]",,,,"[0, 528]","{'t': 3616412, 'o': [{'o': 'o', 'i': [0, 528]}]}",,,
20626,60,209,3617.102,editor,o,"[""Without technology, we don't know what sets humans apart from other species. The crux of what we refer to when asked about what sets us apart from other animals is our intellect. That said, how do we demonstrate such intelligence without technology? Any way that we care for each other or even other species is helped by technology. My view aligns best with the Utilitarian view. There will always be tasks that are low-skill and repetitive, and it's up to us to create the technology to increase the efficiency for such tasks. ""]",,,,"[0, 442]","{'t': 3617102, 'o': [{'o': 'o', 'i': [0, 442]}]}",,,
20627,60,210,3617.475,editor,o,"[""Without technology, we don't know what sets humans apart from other species. The crux of what we refer to when asked about what sets us apart from other animals is our intellect. That said, how do we demonstrate such intelligence without technology? Any way that we care for each other or even other species is helped by technology. My view aligns best with the Utilitarian view. There will always be tasks that are low-skill and repetitive, and it's up to us to create the technology to increase the efficiency for such tasks. ""]",,,,"[0, 528]","{'t': 3617475, 'o': [{'o': 'o', 'i': [0, 528]}]}",,,
20628,60,211,3617.901,editor,o,"[""Without technology, we don't know what sets humans apart from other species. The crux of what we refer to when asked about what sets us apart from other animals is our intellect. That said, how do we demonstrate such intelligence without technology? Any way that we care for each other or even other species is helped by technology. My view aligns best with the Utilitarian view. There will always be tasks that are low-skill and repetitive, and it's up to us to create the technology to increase the efficiency for such tasks. ""]",,,,"[0, 442]","{'t': 3617901, 'o': [{'o': 'o', 'i': [0, 442]}]}",,,
20629,60,212,3618.546,editor,o,"[""Without technology, we don't know what sets humans apart from other species. The crux of what we refer to when asked about what sets us apart from other animals is our intellect. That said, how do we demonstrate such intelligence without technology? Any way that we care for each other or even other species is helped by technology. My view aligns best with the Utilitarian view. There will always be tasks that are low-skill and repetitive, and it's up to us to create the technology to increase the efficiency for such tasks. ""]",,,,"[0, 528]","{'t': 3618546, 'o': [{'o': 'o', 'i': [0, 528]}]}",,,
20630,60,213,3618.894,editor,o,"[""Without technology, we don't know what sets humans apart from other species. The crux of what we refer to when asked about what sets us apart from other animals is our intellect. That said, how do we demonstrate such intelligence without technology? Any way that we care for each other or even other species is helped by technology. My view aligns best with the Utilitarian view. There will always be tasks that are low-skill and repetitive, and it's up to us to create the technology to increase the efficiency for such tasks. ""]",,,,"[0, 442]","{'t': 3618894, 'o': [{'o': 'o', 'i': [0, 442]}]}",,,
20631,60,214,3619.142,editor,o,"[""Without technology, we don't know what sets humans apart from other species. The crux of what we refer to when asked about what sets us apart from other animals is our intellect. That said, how do we demonstrate such intelligence without technology? Any way that we care for each other or even other species is helped by technology. My view aligns best with the Utilitarian view. There will always be tasks that are low-skill and repetitive, and it's up to us to create the technology to increase the efficiency for such tasks. ""]",,,,"[0, 528]","{'t': 3619142, 'o': [{'o': 'o', 'i': [0, 528]}]}",,,
20632,60,215,3619.396,editor,o,"[""Without technology, we don't know what sets humans apart from other species. The crux of what we refer to when asked about what sets us apart from other animals is our intellect. That said, how do we demonstrate such intelligence without technology? Any way that we care for each other or even other species is helped by technology. My view aligns best with the Utilitarian view. There will always be tasks that are low-skill and repetitive, and it's up to us to create the technology to increase the efficiency for such tasks. ""]",,,,"[0, 442]","{'t': 3619396, 'o': [{'o': 'o', 'i': [0, 442]}]}",,,
20633,60,216,3619.613,editor,o,"[""Without technology, we don't know what sets humans apart from other species. The crux of what we refer to when asked about what sets us apart from other animals is our intellect. That said, how do we demonstrate such intelligence without technology? Any way that we care for each other or even other species is helped by technology. My view aligns best with the Utilitarian view. There will always be tasks that are low-skill and repetitive, and it's up to us to create the technology to increase the efficiency for such tasks. ""]",,,,"[0, 528]","{'t': 3619613, 'o': [{'o': 'o', 'i': [0, 528]}]}",,,
20634,60,217,3621.82,editor,o,"[""Without technology, we don't know what sets humans apart from other species. The crux of what we refer to when asked about what sets us apart from other animals is our intellect. That said, how do we demonstrate such intelligence without technology? Any way that we care for each other or even other species is helped by technology. My view aligns best with the Utilitarian view. There will always be tasks that are low-skill and repetitive, and it's up to us to create the technology to increase the efficiency for such tasks. ""]",,,,"[0, 442]","{'t': 3621820, 'o': [{'o': 'o', 'i': [0, 442]}]}",,,
20635,60,218,3621.832,editor,o,"[""Without technology, we don't know what sets humans apart from other species. The crux of what we refer to when asked about what sets us apart from other animals is our intellect. That said, how do we demonstrate such intelligence without technology? Any way that we care for each other or even other species is helped by technology. My view aligns best with the Utilitarian view. There will always be tasks that are low-skill and repetitive, and it's up to us to create the technology to increase the efficiency for such tasks. ""]",,,,"[0, 528]","{'t': 3621832, 'o': [{'o': 'o', 'i': [0, 528]}]}",,,
20636,60,219,3621.959,editor,o,"[""Without technology, we don't know what sets humans apart from other species. The crux of what we refer to when asked about what sets us apart from other animals is our intellect. That said, how do we demonstrate such intelligence without technology? Any way that we care for each other or even other species is helped by technology. My view aligns best with the Utilitarian view. There will always be tasks that are low-skill and repetitive, and it's up to us to create the technology to increase the efficiency for such tasks. ""]",,,,"[0, 528]","{'t': 3621959, 'o': [{'o': 'o', 'i': [0, 528]}]}",,,
20637,60,220,3622.144,editor,o,"[""Without technology, we don't know what sets humans apart from other species. The crux of what we refer to when asked about what sets us apart from other animals is our intellect. That said, how do we demonstrate such intelligence without technology? Any way that we care for each other or even other species is helped by technology. My view aligns best with the Utilitarian view. There will always be tasks that are low-skill and repetitive, and it's up to us to create the technology to increase the efficiency for such tasks. ""]",,,,"[0, 442]","{'t': 3622144, 'o': [{'o': 'o', 'i': [0, 442]}]}",,,
20638,60,221,3622.272,editor,o,"[""Without technology, we don't know what sets humans apart from other species. The crux of what we refer to when asked about what sets us apart from other animals is our intellect. That said, how do we demonstrate such intelligence without technology? Any way that we care for each other or even other species is helped by technology. My view aligns best with the Utilitarian view. There will always be tasks that are low-skill and repetitive, and it's up to us to create the technology to increase the efficiency for such tasks. ""]",,,,"[0, 528]","{'t': 3622272, 'o': [{'o': 'o', 'i': [0, 528]}]}",,,
20639,60,222,3622.389,editor,o,"[""Without technology, we don't know what sets humans apart from other species. The crux of what we refer to when asked about what sets us apart from other animals is our intellect. That said, how do we demonstrate such intelligence without technology? Any way that we care for each other or even other species is helped by technology. My view aligns best with the Utilitarian view. There will always be tasks that are low-skill and repetitive, and it's up to us to create the technology to increase the efficiency for such tasks. ""]",,,,"[0, 442]","{'t': 3622389, 'o': [{'o': 'o', 'i': [0, 442]}]}",,,
20640,60,223,3622.489,editor,o,"[""Without technology, we don't know what sets humans apart from other species. The crux of what we refer to when asked about what sets us apart from other animals is our intellect. That said, how do we demonstrate such intelligence without technology? Any way that we care for each other or even other species is helped by technology. My view aligns best with the Utilitarian view. There will always be tasks that are low-skill and repetitive, and it's up to us to create the technology to increase the efficiency for such tasks. ""]",,,,"[0, 528]","{'t': 3622489, 'o': [{'o': 'o', 'i': [0, 528]}]}",,,
20641,60,224,3622.628,editor,o,"[""Without technology, we don't know what sets humans apart from other species. The crux of what we refer to when asked about what sets us apart from other animals is our intellect. That said, how do we demonstrate such intelligence without technology? Any way that we care for each other or even other species is helped by technology. My view aligns best with the Utilitarian view. There will always be tasks that are low-skill and repetitive, and it's up to us to create the technology to increase the efficiency for such tasks. ""]",,,,"[0, 442]","{'t': 3622628, 'o': [{'o': 'o', 'i': [0, 442]}]}",,,
20642,60,225,3622.726,editor,o,"[""Without technology, we don't know what sets humans apart from other species. The crux of what we refer to when asked about what sets us apart from other animals is our intellect. That said, how do we demonstrate such intelligence without technology? Any way that we care for each other or even other species is helped by technology. My view aligns best with the Utilitarian view. There will always be tasks that are low-skill and repetitive, and it's up to us to create the technology to increase the efficiency for such tasks. ""]",,,,"[0, 528]","{'t': 3622726, 'o': [{'o': 'o', 'i': [0, 528]}]}",,,
20643,60,226,3622.784,editor,o,"[""Without technology, we don't know what sets humans apart from other species. The crux of what we refer to when asked about what sets us apart from other animals is our intellect. That said, how do we demonstrate such intelligence without technology? Any way that we care for each other or even other species is helped by technology. My view aligns best with the Utilitarian view. There will always be tasks that are low-skill and repetitive, and it's up to us to create the technology to increase the efficiency for such tasks. ""]",,,,"[0, 442]","{'t': 3622784, 'o': [{'o': 'o', 'i': [0, 442]}]}",,,
20644,60,227,3622.876,editor,o,"[""Without technology, we don't know what sets humans apart from other species. The crux of what we refer to when asked about what sets us apart from other animals is our intellect. That said, how do we demonstrate such intelligence without technology? Any way that we care for each other or even other species is helped by technology. My view aligns best with the Utilitarian view. There will always be tasks that are low-skill and repetitive, and it's up to us to create the technology to increase the efficiency for such tasks. ""]",,,,"[0, 528]","{'t': 3622876, 'o': [{'o': 'o', 'i': [0, 528]}]}",,,
20645,60,228,3623.064,editor,o,"[""Without technology, we don't know what sets humans apart from other species. The crux of what we refer to when asked about what sets us apart from other animals is our intellect. That said, how do we demonstrate such intelligence without technology? Any way that we care for each other or even other species is helped by technology. My view aligns best with the Utilitarian view. There will always be tasks that are low-skill and repetitive, and it's up to us to create the technology to increase the efficiency for such tasks. ""]",,,,"[0, 528]","{'t': 3623064, 'o': [{'o': 'o', 'i': [0, 528]}]}",,,
20646,60,229,3623.177,editor,o,"[""Without technology, we don't know what sets humans apart from other species. The crux of what we refer to when asked about what sets us apart from other animals is our intellect. That said, how do we demonstrate such intelligence without technology? Any way that we care for each other or even other species is helped by technology. My view aligns best with the Utilitarian view. There will always be tasks that are low-skill and repetitive, and it's up to us to create the technology to increase the efficiency for such tasks. ""]",,,,"[0, 442]","{'t': 3623177, 'o': [{'o': 'o', 'i': [0, 442]}]}",,,
20647,60,230,3623.493,editor,o,"[""Without technology, we don't know what sets humans apart from other species. The crux of what we refer to when asked about what sets us apart from other animals is our intellect. That said, how do we demonstrate such intelligence without technology? Any way that we care for each other or even other species is helped by technology. My view aligns best with the Utilitarian view. There will always be tasks that are low-skill and repetitive, and it's up to us to create the technology to increase the efficiency for such tasks. ""]",,,,"[0, 528]","{'t': 3623493, 'o': [{'o': 'o', 'i': [0, 528]}]}",,,
20648,60,231,3642.954,editor,i,"[""Without technology, we don't know what sets humans apart from other species. The crux of what we refer to when asked about what sets us apart from other animals is our intellect. That said, how do we demonstrate such intelligence without technology? Any way that we care for each other or even other species is helped by technology. My view aligns best with the Utilitarian view. There will always be tasks that are low-skill and repetitive, and it's up to us to create the technology to increase the efficiency for such tasks. W""]",W',,,"[0, 528]","{'t': 3642954, 'o': [{'o': 'i', 'i': [0, 528], 'a': 'W'}]}",,,
20649,60,232,3645.637,editor,i,"[""Without technology, we don't know what sets humans apart from other species. The crux of what we refer to when asked about what sets us apart from other animals is our intellect. That said, how do we demonstrate such intelligence without technology? Any way that we care for each other or even other species is helped by technology. My view aligns best with the Utilitarian view. There will always be tasks that are low-skill and repetitive, and it's up to us to create the technology to increase the efficiency for such tasks. When we repe""]",hen we repe',,,"[0, 529]","{'t': [3643230, 3645637], 'l': 11, 'o': [{'o': 'i', 'i': [0, 529], 'a': 'hen we repe'}]}",,,
20650,60,233,3646.025,editor,d,"[""Without technology, we don't know what sets humans apart from other species. The crux of what we refer to when asked about what sets us apart from other animals is our intellect. That said, how do we demonstrate such intelligence without technology? Any way that we care for each other or even other species is helped by technology. My view aligns best with the Utilitarian view. There will always be tasks that are low-skill and repetitive, and it's up to us to create the technology to increase the efficiency for such tasks. When we rep""]",,e',,"[[0, 539], [0, 540]]","{'t': 3646025, 'o': [{'o': 'd', 'i': [[0, 539], [0, 540]]}]}",,,
20651,60,234,3650.483,editor,i,"[""Without technology, we don't know what sets humans apart from other species. The crux of what we refer to when asked about what sets us apart from other animals is our intellect. That said, how do we demonstrate such intelligence without technology? Any way that we care for each other or even other species is helped by technology. My view aligns best with the Utilitarian view. There will always be tasks that are low-skill and repetitive, and it's up to us to create the technology to increase the efficiency for such tasks. When we replace humans with machines, ""]","lace humans with machines, '",,,"[0, 539]","{'t': [3646243, 3650483], 'l': 27, 'o': [{'o': 'i', 'i': [0, 539], 'a': 'lace humans with machines, '}]}",,,
20652,60,235,3660.547,editor,i,"[""Without technology, we don't know what sets humans apart from other species. The crux of what we refer to when asked about what sets us apart from other animals is our intellect. That said, how do we demonstrate such intelligence without technology? Any way that we care for each other or even other species is helped by technology. My view aligns best with the Utilitarian view. There will always be tasks that are low-skill and repetitive, and it's up to us to create the technology to increase the efficiency for such tasks. When we replace humans with machines, w""]",w',,,"[0, 566]","{'t': 3660547, 'o': [{'o': 'i', 'i': [0, 566], 'a': 'w'}]}",,,
20653,60,236,3663.621,editor,i,"[""Without technology, we don't know what sets humans apart from other species. The crux of what we refer to when asked about what sets us apart from other animals is our intellect. That said, how do we demonstrate such intelligence without technology? Any way that we care for each other or even other species is helped by technology. My view aligns best with the Utilitarian view. There will always be tasks that are low-skill and repetitive, and it's up to us to create the technology to increase the efficiency for such tasks. When we replace humans with machines, we may lose that ""]",e may lose that ',,,"[0, 567]","{'t': [3660691, 3663621], 'l': 16, 'o': [{'o': 'i', 'i': [0, 567], 'a': 'e may lose that '}]}",,,
20654,60,237,3671.317,editor,d,"[""Without technology, we don't know what sets humans apart from other species. The crux of what we refer to when asked about what sets us apart from other animals is our intellect. That said, how do we demonstrate such intelligence without technology? Any way that we care for each other or even other species is helped by technology. My view aligns best with the Utilitarian view. There will always be tasks that are low-skill and repetitive, and it's up to us to create the technology to increase the efficiency for such tasks. When we replace humans with machines, we may lose ""]",,that ',,"[[0, 578], [0, 583]]","{'t': 3671317, 'o': [{'o': 'd', 'i': [[0, 578], [0, 583]]}]}",,,
20655,60,238,3673.618,editor,i,"[""Without technology, we don't know what sets humans apart from other species. The crux of what we refer to when asked about what sets us apart from other animals is our intellect. That said, how do we demonstrate such intelligence without technology? Any way that we care for each other or even other species is helped by technology. My view aligns best with the Utilitarian view. There will always be tasks that are low-skill and repetitive, and it's up to us to create the technology to increase the efficiency for such tasks. When we replace humans with machines, we may lose the necesse""]",the necesse',,,"[0, 578]","{'t': [3671710, 3673618], 'l': 11, 'o': [{'o': 'i', 'i': [0, 578], 'a': 'the necesse'}]}",,,
20656,60,239,3674.621,editor,d,"[""Without technology, we don't know what sets humans apart from other species. The crux of what we refer to when asked about what sets us apart from other animals is our intellect. That said, how do we demonstrate such intelligence without technology? Any way that we care for each other or even other species is helped by technology. My view aligns best with the Utilitarian view. There will always be tasks that are low-skill and repetitive, and it's up to us to create the technology to increase the efficiency for such tasks. When we replace humans with machines, we may lose the necess""]",,e',,"[[0, 588], [0, 589]]","{'t': 3674621, 'o': [{'o': 'd', 'i': [[0, 588], [0, 589]]}]}",,,
20657,60,240,3676.293,editor,i,"[""Without technology, we don't know what sets humans apart from other species. The crux of what we refer to when asked about what sets us apart from other animals is our intellect. That said, how do we demonstrate such intelligence without technology? Any way that we care for each other or even other species is helped by technology. My view aligns best with the Utilitarian view. There will always be tasks that are low-skill and repetitive, and it's up to us to create the technology to increase the efficiency for such tasks. When we replace humans with machines, we may lose the necessity for ""]",ity for ',,,"[0, 588]","{'t': [3675454, 3676293], 'l': 8, 'o': [{'o': 'i', 'i': [0, 588], 'a': 'ity for '}]}",,,
20658,60,241,3677.931,editor,d,"[""Without technology, we don't know what sets humans apart from other species. The crux of what we refer to when asked about what sets us apart from other animals is our intellect. That said, how do we demonstrate such intelligence without technology? Any way that we care for each other or even other species is helped by technology. My view aligns best with the Utilitarian view. There will always be tasks that are low-skill and repetitive, and it's up to us to create the technology to increase the efficiency for such tasks. When we replace humans with machines, we may lose the necessity ""]",,for ',,"[[0, 592], [0, 596]]","{'t': 3677931, 'o': [{'o': 'd', 'i': [[0, 592], [0, 596]]}]}",,,
20659,60,242,3680.349,editor,d,"[""Without technology, we don't know what sets humans apart from other species. The crux of what we refer to when asked about what sets us apart from other animals is our intellect. That said, how do we demonstrate such intelligence without technology? Any way that we care for each other or even other species is helped by technology. My view aligns best with the Utilitarian view. There will always be tasks that are low-skill and repetitive, and it's up to us to create the technology to increase the efficiency for such tasks. ""]",,"When we replace humans with machines, we may lose the necessity '",,"[[0, 528], [0, 592]]","{'t': [3678246, 3680349], 'l': 12, 'o': [{'o': 'd', 'i': [[0, 528], [0, 592]], 'd': [[5, 1], [3, 1], [8, 1], [7, 1], [5, 1], [8, 1], [2, 1], [3, 1], [4, 1], [5, 1], [4, 1], [10, 1]]}]}",,,
20660,60,243,3681.137,editor,i,"[""Without technology, we don't know what sets humans apart from other species. The crux of what we refer to when asked about what sets us apart from other animals is our intellect. That said, how do we demonstrate such intelligence without technology? Any way that we care for each other or even other species is helped by technology. My view aligns best with the Utilitarian view. There will always be tasks that are low-skill and repetitive, and it's up to us to create the technology to increase the efficiency for such tasks. "", '']",\n',,,"[0, 528]","{'t': 3681137, 'o': [{'o': 'i', 'i': [0, 528], 'a': '\n'}]}",,,
20661,60,244,3681.412,editor,i,"[""Without technology, we don't know what sets humans apart from other species. The crux of what we refer to when asked about what sets us apart from other animals is our intellect. That said, how do we demonstrate such intelligence without technology? Any way that we care for each other or even other species is helped by technology. My view aligns best with the Utilitarian view. There will always be tasks that are low-skill and repetitive, and it's up to us to create the technology to increase the efficiency for such tasks. "", '', '']",\n',,,"[1, 0]","{'t': 3681412, 'o': [{'o': 'i', 'i': [1, 0], 'a': '\n'}]}",,,
20662,60,245,3681.808,editor,i,"[""Without technology, we don't know what sets humans apart from other species. The crux of what we refer to when asked about what sets us apart from other animals is our intellect. That said, how do we demonstrate such intelligence without technology? Any way that we care for each other or even other species is helped by technology. My view aligns best with the Utilitarian view. There will always be tasks that are low-skill and repetitive, and it's up to us to create the technology to increase the efficiency for such tasks. "", '', 'w']",w',,,"[2, 0]","{'t': 3681808, 'o': [{'o': 'i', 'i': [2, 0], 'a': 'w'}]}",,,
20663,60,246,3682.131,editor,d,"[""Without technology, we don't know what sets humans apart from other species. The crux of what we refer to when asked about what sets us apart from other animals is our intellect. That said, how do we demonstrate such intelligence without technology? Any way that we care for each other or even other species is helped by technology. My view aligns best with the Utilitarian view. There will always be tasks that are low-skill and repetitive, and it's up to us to create the technology to increase the efficiency for such tasks. "", '', '']",,w',,"[[2, 0], [2, 1]]","{'t': 3682131, 'o': [{'o': 'd', 'i': [[2, 0], [2, 1]]}]}",,,
20664,60,247,3685.519,editor,i,"[""Without technology, we don't know what sets humans apart from other species. The crux of what we refer to when asked about what sets us apart from other animals is our intellect. That said, how do we demonstrate such intelligence without technology? Any way that we care for each other or even other species is helped by technology. My view aligns best with the Utilitarian view. There will always be tasks that are low-skill and repetitive, and it's up to us to create the technology to increase the efficiency for such tasks. "", '', 'When we replace ']",When we replace ',,,"[2, 0]","{'t': [3682284, 3685519], 'l': 16, 'o': [{'o': 'i', 'i': [2, 0], 'a': 'When we replace '}]}",,,
20665,60,248,3687.526,editor,i,"[""Without technology, we don't know what sets humans apart from other species. The crux of what we refer to when asked about what sets us apart from other animals is our intellect. That said, how do we demonstrate such intelligence without technology? Any way that we care for each other or even other species is helped by technology. My view aligns best with the Utilitarian view. There will always be tasks that are low-skill and repetitive, and it's up to us to create the technology to increase the efficiency for such tasks. "", '', 'When we replace m']",m',,,"[2, 16]","{'t': 3687526, 'o': [{'o': 'i', 'i': [2, 16], 'a': 'm'}]}",,,
20666,60,249,3691.111,editor,i,"[""Without technology, we don't know what sets humans apart from other species. The crux of what we refer to when asked about what sets us apart from other animals is our intellect. That said, how do we demonstrate such intelligence without technology? Any way that we care for each other or even other species is helped by technology. My view aligns best with the Utilitarian view. There will always be tasks that are low-skill and repetitive, and it's up to us to create the technology to increase the efficiency for such tasks. "", '', 'When we replace machines with humans, ']","achines with humans, '",,,"[2, 17]","{'t': [3687638, 3691111], 'l': 21, 'o': [{'o': 'i', 'i': [2, 17], 'a': 'achines with humans, '}]}",,,
20667,60,250,3696.117,editor,o,"[""Without technology, we don't know what sets humans apart from other species. The crux of what we refer to when asked about what sets us apart from other animals is our intellect. That said, how do we demonstrate such intelligence without technology? Any way that we care for each other or even other species is helped by technology. My view aligns best with the Utilitarian view. There will always be tasks that are low-skill and repetitive, and it's up to us to create the technology to increase the efficiency for such tasks. "", '', 'When we replace machines with humans, ']",,,,"[2, 36]","{'t': 3696117, 'o': [{'o': 'o', 'i': [2, 36]}]}",,,
20668,60,251,3696.287,editor,o,"[""Without technology, we don't know what sets humans apart from other species. The crux of what we refer to when asked about what sets us apart from other animals is our intellect. That said, how do we demonstrate such intelligence without technology? Any way that we care for each other or even other species is helped by technology. My view aligns best with the Utilitarian view. There will always be tasks that are low-skill and repetitive, and it's up to us to create the technology to increase the efficiency for such tasks. "", '', 'When we replace machines with humans, ']",,,,"[2, 30]","{'t': 3696287, 'o': [{'o': 'o', 'i': [2, 30]}]}",,,
20669,60,252,3696.432,editor,o,"[""Without technology, we don't know what sets humans apart from other species. The crux of what we refer to when asked about what sets us apart from other animals is our intellect. That said, how do we demonstrate such intelligence without technology? Any way that we care for each other or even other species is helped by technology. My view aligns best with the Utilitarian view. There will always be tasks that are low-skill and repetitive, and it's up to us to create the technology to increase the efficiency for such tasks. "", '', 'When we replace machines with humans, ']",,,,"[2, 25]","{'t': 3696432, 'o': [{'o': 'o', 'i': [2, 25]}]}",,,
20670,60,253,3696.911,editor,d,"[""Without technology, we don't know what sets humans apart from other species. The crux of what we refer to when asked about what sets us apart from other animals is our intellect. That said, how do we demonstrate such intelligence without technology? Any way that we care for each other or even other species is helped by technology. My view aligns best with the Utilitarian view. There will always be tasks that are low-skill and repetitive, and it's up to us to create the technology to increase the efficiency for such tasks. "", '', 'When we replace with humans, ']",,machines ',,"[[2, 16], [2, 25]]","{'t': 3696911, 'o': [{'o': 'd', 'i': [[2, 16], [2, 25]]}]}",,,
20671,60,254,3698.324,editor,i,"[""Without technology, we don't know what sets humans apart from other species. The crux of what we refer to when asked about what sets us apart from other animals is our intellect. That said, how do we demonstrate such intelligence without technology? Any way that we care for each other or even other species is helped by technology. My view aligns best with the Utilitarian view. There will always be tasks that are low-skill and repetitive, and it's up to us to create the technology to increase the efficiency for such tasks. "", '', 'When we replace huamwith humans, ']",huam',,,"[2, 16]","{'t': [3697840, 3698324], 'l': 4, 'o': [{'o': 'i', 'i': [2, 16], 'a': 'huam'}]}",,,
20672,60,255,3698.857,editor,d,"[""Without technology, we don't know what sets humans apart from other species. The crux of what we refer to when asked about what sets us apart from other animals is our intellect. That said, how do we demonstrate such intelligence without technology? Any way that we care for each other or even other species is helped by technology. My view aligns best with the Utilitarian view. There will always be tasks that are low-skill and repetitive, and it's up to us to create the technology to increase the efficiency for such tasks. "", '', 'When we replace huwith humans, ']",,am',,"[[2, 18], [2, 20]]","{'t': [3698745, 3698857], 'l': 2, 'o': [{'o': 'd', 'i': [[2, 18], [2, 20]], 'd': [[1, 2]]}]}",,,
20673,60,256,3699.588,editor,i,"[""Without technology, we don't know what sets humans apart from other species. The crux of what we refer to when asked about what sets us apart from other animals is our intellect. That said, how do we demonstrate such intelligence without technology? Any way that we care for each other or even other species is helped by technology. My view aligns best with the Utilitarian view. There will always be tasks that are low-skill and repetitive, and it's up to us to create the technology to increase the efficiency for such tasks. "", '', 'When we replace humans with humans, ']",mans ',,,"[2, 18]","{'t': [3699112, 3699588], 'l': 5, 'o': [{'o': 'i', 'i': [2, 18], 'a': 'mans '}]}",,,
20674,60,257,3700.234,editor,o,"[""Without technology, we don't know what sets humans apart from other species. The crux of what we refer to when asked about what sets us apart from other animals is our intellect. That said, how do we demonstrate such intelligence without technology? Any way that we care for each other or even other species is helped by technology. My view aligns best with the Utilitarian view. There will always be tasks that are low-skill and repetitive, and it's up to us to create the technology to increase the efficiency for such tasks. "", '', 'When we replace humans with humans, ']",,,,"[2, 27]","{'t': 3700234, 'o': [{'o': 'o', 'i': [2, 27]}]}",,,
20675,60,258,3700.793,editor,d,"[""Without technology, we don't know what sets humans apart from other species. The crux of what we refer to when asked about what sets us apart from other animals is our intellect. That said, how do we demonstrate such intelligence without technology? Any way that we care for each other or even other species is helped by technology. My view aligns best with the Utilitarian view. There will always be tasks that are low-skill and repetitive, and it's up to us to create the technology to increase the efficiency for such tasks. "", '', 'When we replace humans with, ']",,humans',,"[[2, 27], [2, 34]]","{'t': 3700793, 'o': [{'o': 'd', 'i': [[2, 27], [2, 34]]}]}",,,
20676,60,259,3702.428,editor,i,"[""Without technology, we don't know what sets humans apart from other species. The crux of what we refer to when asked about what sets us apart from other animals is our intellect. That said, how do we demonstrate such intelligence without technology? Any way that we care for each other or even other species is helped by technology. My view aligns best with the Utilitarian view. There will always be tasks that are low-skill and repetitive, and it's up to us to create the technology to increase the efficiency for such tasks. "", '', 'When we replace humans with machines, ']",machines',,,"[2, 27]","{'t': [3701195, 3702428], 'l': 9, 'o': [{'o': 'i', 'i': [2, 27], 'a': ' machines'}]}",,,
20677,60,260,3703.3,editor,o,"[""Without technology, we don't know what sets humans apart from other species. The crux of what we refer to when asked about what sets us apart from other animals is our intellect. That said, how do we demonstrate such intelligence without technology? Any way that we care for each other or even other species is helped by technology. My view aligns best with the Utilitarian view. There will always be tasks that are low-skill and repetitive, and it's up to us to create the technology to increase the efficiency for such tasks. "", '', 'When we replace humans with machines, ']",,,,"[[2, 37], [2, 38]]","{'t': [3702909, 3703300], 'l': 2, 'o': [{'o': 'o', 'i': [[2, 37], [2, 38]]}]}",,,
20678,60,261,3703.855,editor,i,"[""Without technology, we don't know what sets humans apart from other species. The crux of what we refer to when asked about what sets us apart from other animals is our intellect. That said, how do we demonstrate such intelligence without technology? Any way that we care for each other or even other species is helped by technology. My view aligns best with the Utilitarian view. There will always be tasks that are low-skill and repetitive, and it's up to us to create the technology to increase the efficiency for such tasks. "", '', 'When we replace humans with machines, t']",t',,,"[2, 38]","{'t': 3703855, 'o': [{'o': 'i', 'i': [2, 38], 'a': 't'}]}",,,
20679,60,262,3706.056,editor,i,"[""Without technology, we don't know what sets humans apart from other species. The crux of what we refer to when asked about what sets us apart from other animals is our intellect. That said, how do we demonstrate such intelligence without technology? Any way that we care for each other or even other species is helped by technology. My view aligns best with the Utilitarian view. There will always be tasks that are low-skill and repetitive, and it's up to us to create the technology to increase the efficiency for such tasks. "", '', 'When we replace humans with machines, there is alwaa']",here is alwaa',,,"[2, 39]","{'t': [3703989, 3706056], 'l': 13, 'o': [{'o': 'i', 'i': [2, 39], 'a': 'here is alwaa'}]}",,,
20680,60,263,3706.44,editor,d,"[""Without technology, we don't know what sets humans apart from other species. The crux of what we refer to when asked about what sets us apart from other animals is our intellect. That said, how do we demonstrate such intelligence without technology? Any way that we care for each other or even other species is helped by technology. My view aligns best with the Utilitarian view. There will always be tasks that are low-skill and repetitive, and it's up to us to create the technology to increase the efficiency for such tasks. "", '', 'When we replace humans with machines, there is alwa']",,a',,"[[2, 51], [2, 52]]","{'t': 3706440, 'o': [{'o': 'd', 'i': [[2, 51], [2, 52]]}]}",,,
20681,60,264,3707.153,editor,i,"[""Without technology, we don't know what sets humans apart from other species. The crux of what we refer to when asked about what sets us apart from other animals is our intellect. That said, how do we demonstrate such intelligence without technology? Any way that we care for each other or even other species is helped by technology. My view aligns best with the Utilitarian view. There will always be tasks that are low-skill and repetitive, and it's up to us to create the technology to increase the efficiency for such tasks. "", '', 'When we replace humans with machines, there is always ']",ys ',,,"[2, 51]","{'t': [3706840, 3707153], 'l': 3, 'o': [{'o': 'i', 'i': [2, 51], 'a': 'ys '}]}",,,
20682,60,265,3760.625,editor,i,"[""Without technology, we don't know what sets humans apart from other species. The crux of what we refer to when asked about what sets us apart from other animals is our intellect. That said, how do we demonstrate such intelligence without technology? Any way that we care for each other or even other species is helped by technology. My view aligns best with the Utilitarian view. There will always be tasks that are low-skill and repetitive, and it's up to us to create the technology to increase the efficiency for such tasks. "", '', 'When we replace humans with machines, there is always a']",a',,,"[2, 54]","{'t': 3760625, 'o': [{'o': 'i', 'i': [2, 54], 'a': 'a'}]}",,,
20683,60,266,3760.856,editor,i,"[""Without technology, we don't know what sets humans apart from other species. The crux of what we refer to when asked about what sets us apart from other animals is our intellect. That said, how do we demonstrate such intelligence without technology? Any way that we care for each other or even other species is helped by technology. My view aligns best with the Utilitarian view. There will always be tasks that are low-skill and repetitive, and it's up to us to create the technology to increase the efficiency for such tasks. "", '', 'When we replace humans with machines, there is always a ']",,,,"[2, 55]","{'t': 3760856, 'o': [{'o': 'i', 'i': [2, 55], 'a': ' '}]}",,,
20684,60,267,3762.196,editor,d,"[""Without technology, we don't know what sets humans apart from other species. The crux of what we refer to when asked about what sets us apart from other animals is our intellect. That said, how do we demonstrate such intelligence without technology? Any way that we care for each other or even other species is helped by technology. My view aligns best with the Utilitarian view. There will always be tasks that are low-skill and repetitive, and it's up to us to create the technology to increase the efficiency for such tasks. "", '', 'When we replace humans with machines, there is always ']",,a ',,"[[2, 54], [2, 56]]","{'t': 3762196, 'o': [{'o': 'd', 'i': [[2, 54], [2, 56]]}]}",,,
20685,60,268,3762.536,editor,d,"[""Without technology, we don't know what sets humans apart from other species. The crux of what we refer to when asked about what sets us apart from other animals is our intellect. That said, how do we demonstrate such intelligence without technology? Any way that we care for each other or even other species is helped by technology. My view aligns best with the Utilitarian view. There will always be tasks that are low-skill and repetitive, and it's up to us to create the technology to increase the efficiency for such tasks. "", '', 'When we replace humans with machines, there is ']",,always ',,"[[2, 47], [2, 54]]","{'t': 3762536, 'o': [{'o': 'd', 'i': [[2, 47], [2, 54]]}]}",,,
20686,60,269,3765.501,editor,i,"[""Without technology, we don't know what sets humans apart from other species. The crux of what we refer to when asked about what sets us apart from other animals is our intellect. That said, how do we demonstrate such intelligence without technology? Any way that we care for each other or even other species is helped by technology. My view aligns best with the Utilitarian view. There will always be tasks that are low-skill and repetitive, and it's up to us to create the technology to increase the efficiency for such tasks. "", '', 'When we replace humans with machines, there is s']",s',,,"[2, 47]","{'t': 3765501, 'o': [{'o': 'i', 'i': [2, 47], 'a': 's'}]}",,,
20687,60,270,3766.232,editor,i,"[""Without technology, we don't know what sets humans apart from other species. The crux of what we refer to when asked about what sets us apart from other animals is our intellect. That said, how do we demonstrate such intelligence without technology? Any way that we care for each other or even other species is helped by technology. My view aligns best with the Utilitarian view. There will always be tasks that are low-skill and repetitive, and it's up to us to create the technology to increase the efficiency for such tasks. "", '', 'When we replace humans with machines, there is some ']",ome ',,,"[2, 48]","{'t': [3765621, 3766232], 'l': 4, 'o': [{'o': 'i', 'i': [2, 48], 'a': 'ome '}]}",,,
20688,60,271,3768.184,editor,d,"[""Without technology, we don't know what sets humans apart from other species. The crux of what we refer to when asked about what sets us apart from other animals is our intellect. That said, how do we demonstrate such intelligence without technology? Any way that we care for each other or even other species is helped by technology. My view aligns best with the Utilitarian view. There will always be tasks that are low-skill and repetitive, and it's up to us to create the technology to increase the efficiency for such tasks. "", '', 'When we replace humans with machines, ']",,there is some ',,"[[2, 38], [2, 52]]","{'t': [3766703, 3768184], 'l': 4, 'o': [{'o': 'd', 'i': [[2, 38], [2, 52]], 'd': [[6, 1], [3, 1], [4, 1], [1, 1]]}]}",,,
20689,60,272,3769.34,editor,i,"[""Without technology, we don't know what sets humans apart from other species. The crux of what we refer to when asked about what sets us apart from other animals is our intellect. That said, how do we demonstrate such intelligence without technology? Any way that we care for each other or even other species is helped by technology. My view aligns best with the Utilitarian view. There will always be tasks that are low-skill and repetitive, and it's up to us to create the technology to increase the efficiency for such tasks. "", '', 'When we replace humans with machines, t']",t',,,"[2, 38]","{'t': 3769340, 'o': [{'o': 'i', 'i': [2, 38], 'a': 't'}]}",,,
20690,60,273,3769.869,editor,d,"[""Without technology, we don't know what sets humans apart from other species. The crux of what we refer to when asked about what sets us apart from other animals is our intellect. That said, how do we demonstrate such intelligence without technology? Any way that we care for each other or even other species is helped by technology. My view aligns best with the Utilitarian view. There will always be tasks that are low-skill and repetitive, and it's up to us to create the technology to increase the efficiency for such tasks. "", '', 'When we replace humans with machines, ']",,t',,"[[2, 38], [2, 39]]","{'t': 3769869, 'o': [{'o': 'd', 'i': [[2, 38], [2, 39]]}]}",,,
20691,60,274,3771.908,editor,i,"[""Without technology, we don't know what sets humans apart from other species. The crux of what we refer to when asked about what sets us apart from other animals is our intellect. That said, how do we demonstrate such intelligence without technology? Any way that we care for each other or even other species is helped by technology. My view aligns best with the Utilitarian view. There will always be tasks that are low-skill and repetitive, and it's up to us to create the technology to increase the efficiency for such tasks. "", '', 'When we replace humans with machines, w']",w',,,"[2, 38]","{'t': 3771908, 'o': [{'o': 'i', 'i': [2, 38], 'a': 'w'}]}",,,
20692,60,275,3772.467,editor,i,"[""Without technology, we don't know what sets humans apart from other species. The crux of what we refer to when asked about what sets us apart from other animals is our intellect. That said, how do we demonstrate such intelligence without technology? Any way that we care for each other or even other species is helped by technology. My view aligns best with the Utilitarian view. There will always be tasks that are low-skill and repetitive, and it's up to us to create the technology to increase the efficiency for such tasks. "", '', 'When we replace humans with machines, we l']",e l',,,"[2, 39]","{'t': [3772079, 3772467], 'l': 3, 'o': [{'o': 'i', 'i': [2, 39], 'a': 'e l'}]}",,,
20693,60,276,3772.953,editor,d,"[""Without technology, we don't know what sets humans apart from other species. The crux of what we refer to when asked about what sets us apart from other animals is our intellect. That said, how do we demonstrate such intelligence without technology? Any way that we care for each other or even other species is helped by technology. My view aligns best with the Utilitarian view. There will always be tasks that are low-skill and repetitive, and it's up to us to create the technology to increase the efficiency for such tasks. "", '', 'When we replace humans with machines, we ']",,l',,"[[2, 41], [2, 42]]","{'t': 3772953, 'o': [{'o': 'd', 'i': [[2, 41], [2, 42]]}]}",,,
20694,60,277,3774.395,editor,i,"[""Without technology, we don't know what sets humans apart from other species. The crux of what we refer to when asked about what sets us apart from other animals is our intellect. That said, how do we demonstrate such intelligence without technology? Any way that we care for each other or even other species is helped by technology. My view aligns best with the Utilitarian view. There will always be tasks that are low-skill and repetitive, and it's up to us to create the technology to increase the efficiency for such tasks. "", '', 'When we replace humans with machines, we lose the ']",lose the ',,,"[2, 41]","{'t': [3773414, 3774395], 'l': 9, 'o': [{'o': 'i', 'i': [2, 41], 'a': 'lose the '}]}",,,
20695,60,278,3777.832,editor,i,"[""Without technology, we don't know what sets humans apart from other species. The crux of what we refer to when asked about what sets us apart from other animals is our intellect. That said, how do we demonstrate such intelligence without technology? Any way that we care for each other or even other species is helped by technology. My view aligns best with the Utilitarian view. There will always be tasks that are low-skill and repetitive, and it's up to us to create the technology to increase the efficiency for such tasks. "", '', 'When we replace humans with machines, we lose the a']",a',,,"[2, 50]","{'t': 3777832, 'o': [{'o': 'i', 'i': [2, 50], 'a': 'a'}]}",,,
20696,60,279,3780.329,editor,i,"[""Without technology, we don't know what sets humans apart from other species. The crux of what we refer to when asked about what sets us apart from other animals is our intellect. That said, how do we demonstrate such intelligence without technology? Any way that we care for each other or even other species is helped by technology. My view aligns best with the Utilitarian view. There will always be tasks that are low-skill and repetitive, and it's up to us to create the technology to increase the efficiency for such tasks. "", '', 'When we replace humans with machines, we lose the aspect of human i']",spect of human i',,,"[2, 51]","{'t': [3777983, 3780329], 'l': 16, 'o': [{'o': 'i', 'i': [2, 51], 'a': 'spect of human i'}]}",,,
20697,60,280,3780.625,editor,d,"[""Without technology, we don't know what sets humans apart from other species. The crux of what we refer to when asked about what sets us apart from other animals is our intellect. That said, how do we demonstrate such intelligence without technology? Any way that we care for each other or even other species is helped by technology. My view aligns best with the Utilitarian view. There will always be tasks that are low-skill and repetitive, and it's up to us to create the technology to increase the efficiency for such tasks. "", '', 'When we replace humans with machines, we lose the aspect of human ']",,i',,"[[2, 66], [2, 67]]","{'t': 3780625, 'o': [{'o': 'd', 'i': [[2, 66], [2, 67]]}]}",,,
20698,60,281,3781.07,editor,i,"[""Without technology, we don't know what sets humans apart from other species. The crux of what we refer to when asked about what sets us apart from other animals is our intellect. That said, how do we demonstrate such intelligence without technology? Any way that we care for each other or even other species is helped by technology. My view aligns best with the Utilitarian view. There will always be tasks that are low-skill and repetitive, and it's up to us to create the technology to increase the efficiency for such tasks. "", '', 'When we replace humans with machines, we lose the aspect of human eno']",eno',,,"[2, 66]","{'t': [3780752, 3781070], 'l': 3, 'o': [{'o': 'i', 'i': [2, 66], 'a': 'eno'}]}",,,
20699,60,282,3781.427,editor,d,"[""Without technology, we don't know what sets humans apart from other species. The crux of what we refer to when asked about what sets us apart from other animals is our intellect. That said, how do we demonstrate such intelligence without technology? Any way that we care for each other or even other species is helped by technology. My view aligns best with the Utilitarian view. There will always be tasks that are low-skill and repetitive, and it's up to us to create the technology to increase the efficiency for such tasks. "", '', 'When we replace humans with machines, we lose the aspect of human en']",,o',,"[[2, 68], [2, 69]]","{'t': 3781427, 'o': [{'o': 'd', 'i': [[2, 68], [2, 69]]}]}",,,
20700,60,283,3783.004,editor,i,"[""Without technology, we don't know what sets humans apart from other species. The crux of what we refer to when asked about what sets us apart from other animals is our intellect. That said, how do we demonstrate such intelligence without technology? Any way that we care for each other or even other species is helped by technology. My view aligns best with the Utilitarian view. There will always be tasks that are low-skill and repetitive, and it's up to us to create the technology to increase the efficiency for such tasks. "", '', 'When we replace humans with machines, we lose the aspect of human encounters']",counters',,,"[2, 68]","{'t': [3781621, 3783004], 'l': 8, 'o': [{'o': 'i', 'i': [2, 68], 'a': 'counters'}]}",,,
20701,60,284,3801.892,editor,i,"[""Without technology, we don't know what sets humans apart from other species. The crux of what we refer to when asked about what sets us apart from other animals is our intellect. That said, how do we demonstrate such intelligence without technology? Any way that we care for each other or even other species is helped by technology. My view aligns best with the Utilitarian view. There will always be tasks that are low-skill and repetitive, and it's up to us to create the technology to increase the efficiency for such tasks. "", '', 'When we replace humans with machines, we lose the aspect of human encounters ']",,,,"[2, 76]","{'t': 3801892, 'o': [{'o': 'i', 'i': [2, 76], 'a': ' '}]}",,,
20702,60,285,3804.048,editor,i,"[""Without technology, we don't know what sets humans apart from other species. The crux of what we refer to when asked about what sets us apart from other animals is our intellect. That said, how do we demonstrate such intelligence without technology? Any way that we care for each other or even other species is helped by technology. My view aligns best with the Utilitarian view. There will always be tasks that are low-skill and repetitive, and it's up to us to create the technology to increase the efficiency for such tasks. "", '', 'When we replace humans with machines, we lose the aspect of human encounters whenever we ']",whenever we ',,,"[2, 77]","{'t': [3802192, 3804048], 'l': 12, 'o': [{'o': 'i', 'i': [2, 77], 'a': 'whenever we '}]}",,,
20703,60,286,3807.075,editor,i,"[""Without technology, we don't know what sets humans apart from other species. The crux of what we refer to when asked about what sets us apart from other animals is our intellect. That said, how do we demonstrate such intelligence without technology? Any way that we care for each other or even other species is helped by technology. My view aligns best with the Utilitarian view. There will always be tasks that are low-skill and repetitive, and it's up to us to create the technology to increase the efficiency for such tasks. "", '', 'When we replace humans with machines, we lose the aspect of human encounters whenever we s']",s',,,"[2, 89]","{'t': 3807075, 'o': [{'o': 'i', 'i': [2, 89], 'a': 's'}]}",,,
20704,60,287,3808.962,editor,i,"[""Without technology, we don't know what sets humans apart from other species. The crux of what we refer to when asked about what sets us apart from other animals is our intellect. That said, how do we demonstrate such intelligence without technology? Any way that we care for each other or even other species is helped by technology. My view aligns best with the Utilitarian view. There will always be tasks that are low-skill and repetitive, and it's up to us to create the technology to increase the efficiency for such tasks. "", '', 'When we replace humans with machines, we lose the aspect of human encounters whenever we see someone']",ee someone',,,"[2, 90]","{'t': [3807291, 3808962], 'l': 10, 'o': [{'o': 'i', 'i': [2, 90], 'a': 'ee someone'}]}",,,
20705,60,288,3811.797,editor,d,"[""Without technology, we don't know what sets humans apart from other species. The crux of what we refer to when asked about what sets us apart from other animals is our intellect. That said, how do we demonstrate such intelligence without technology? Any way that we care for each other or even other species is helped by technology. My view aligns best with the Utilitarian view. There will always be tasks that are low-skill and repetitive, and it's up to us to create the technology to increase the efficiency for such tasks. "", '', 'When we replace humans with machines, we lose the aspect of human encounters whenever we see ']",,someone',,"[[2, 93], [2, 100]]","{'t': 3811797, 'o': [{'o': 'd', 'i': [[2, 93], [2, 100]]}]}",,,
20706,60,289,3813.404,editor,i,"[""Without technology, we don't know what sets humans apart from other species. The crux of what we refer to when asked about what sets us apart from other animals is our intellect. That said, how do we demonstrate such intelligence without technology? Any way that we care for each other or even other species is helped by technology. My view aligns best with the Utilitarian view. There will always be tasks that are low-skill and repetitive, and it's up to us to create the technology to increase the efficiency for such tasks. "", '', 'When we replace humans with machines, we lose the aspect of human encounters whenever we see a']",a',,,"[2, 93]","{'t': 3813404, 'o': [{'o': 'i', 'i': [2, 93], 'a': 'a'}]}",,,
20707,60,290,3817.396,editor,i,"[""Without technology, we don't know what sets humans apart from other species. The crux of what we refer to when asked about what sets us apart from other animals is our intellect. That said, how do we demonstrate such intelligence without technology? Any way that we care for each other or even other species is helped by technology. My view aligns best with the Utilitarian view. There will always be tasks that are low-skill and repetitive, and it's up to us to create the technology to increase the efficiency for such tasks. "", '', 'When we replace humans with machines, we lose the aspect of human encounters whenever we see a need for a task to be done. ']",need for a task to be done. ',,,"[2, 94]","{'t': [3813498, 3817396], 'l': 29, 'o': [{'o': 'i', 'i': [2, 94], 'a': ' need for a task to be done. '}]}",,,
20708,60,291,3888.061,editor,i,"[""Without technology, we don't know what sets humans apart from other species. The crux of what we refer to when asked about what sets us apart from other animals is our intellect. That said, how do we demonstrate such intelligence without technology? Any way that we care for each other or even other species is helped by technology. My view aligns best with the Utilitarian view. There will always be tasks that are low-skill and repetitive, and it's up to us to create the technology to increase the efficiency for such tasks. "", '', 'When we replace humans with machines, we lose the aspect of human encounters whenever we see a need for a task to be done. T']",T',,,"[2, 123]","{'t': 3888061, 'o': [{'o': 'i', 'i': [2, 123], 'a': 'T'}]}",,,
20709,60,292,3895.019,editor,i,"[""Without technology, we don't know what sets humans apart from other species. The crux of what we refer to when asked about what sets us apart from other animals is our intellect. That said, how do we demonstrate such intelligence without technology? Any way that we care for each other or even other species is helped by technology. My view aligns best with the Utilitarian view. There will always be tasks that are low-skill and repetitive, and it's up to us to create the technology to increase the efficiency for such tasks. "", '', 'When we replace humans with machines, we lose the aspect of human encounters whenever we see a need for a task to be done. This, however, is not always a bad thing. ']","his, however, is not always a bad thing. '",,,"[2, 124]","{'t': [3888277, 3895019], 'l': 41, 'o': [{'o': 'i', 'i': [2, 124], 'a': 'his, however, is not always a bad thing. '}]}",,,
20710,60,293,3904.734,editor,i,"[""Without technology, we don't know what sets humans apart from other species. The crux of what we refer to when asked about what sets us apart from other animals is our intellect. That said, how do we demonstrate such intelligence without technology? Any way that we care for each other or even other species is helped by technology. My view aligns best with the Utilitarian view. There will always be tasks that are low-skill and repetitive, and it's up to us to create the technology to increase the efficiency for such tasks. "", '', 'When we replace humans with machines, we lose the aspect of human encounters whenever we see a need for a task to be done. This, however, is not always a bad thing. T']",T',,,"[2, 165]","{'t': 3904734, 'o': [{'o': 'i', 'i': [2, 165], 'a': 'T'}]}",,,
20711,60,294,3905.356,editor,i,"[""Without technology, we don't know what sets humans apart from other species. The crux of what we refer to when asked about what sets us apart from other animals is our intellect. That said, how do we demonstrate such intelligence without technology? Any way that we care for each other or even other species is helped by technology. My view aligns best with the Utilitarian view. There will always be tasks that are low-skill and repetitive, and it's up to us to create the technology to increase the efficiency for such tasks. "", '', 'When we replace humans with machines, we lose the aspect of human encounters whenever we see a need for a task to be done. This, however, is not always a bad thing. There ']",here ',,,"[2, 166]","{'t': [3904949, 3905356], 'l': 5, 'o': [{'o': 'i', 'i': [2, 166], 'a': 'here '}]}",,,
20712,60,295,3908.412,editor,i,"[""Without technology, we don't know what sets humans apart from other species. The crux of what we refer to when asked about what sets us apart from other animals is our intellect. That said, how do we demonstrate such intelligence without technology? Any way that we care for each other or even other species is helped by technology. My view aligns best with the Utilitarian view. There will always be tasks that are low-skill and repetitive, and it's up to us to create the technology to increase the efficiency for such tasks. "", '', 'When we replace humans with machines, we lose the aspect of human encounters whenever we see a need for a task to be done. This, however, is not always a bad thing. There m']",m',,,"[2, 171]","{'t': 3908412, 'o': [{'o': 'i', 'i': [2, 171], 'a': 'm'}]}",,,
20713,60,296,3911.46,editor,i,"[""Without technology, we don't know what sets humans apart from other species. The crux of what we refer to when asked about what sets us apart from other animals is our intellect. That said, how do we demonstrate such intelligence without technology? Any way that we care for each other or even other species is helped by technology. My view aligns best with the Utilitarian view. There will always be tasks that are low-skill and repetitive, and it's up to us to create the technology to increase the efficiency for such tasks. "", '', 'When we replace humans with machines, we lose the aspect of human encounters whenever we see a need for a task to be done. This, however, is not always a bad thing. There may be less of a ']",ay be less of a ',,,"[2, 172]","{'t': [3908574, 3911460], 'l': 16, 'o': [{'o': 'i', 'i': [2, 172], 'a': 'ay be less of a '}]}",,,
20714,60,297,3913.418,editor,i,"[""Without technology, we don't know what sets humans apart from other species. The crux of what we refer to when asked about what sets us apart from other animals is our intellect. That said, how do we demonstrate such intelligence without technology? Any way that we care for each other or even other species is helped by technology. My view aligns best with the Utilitarian view. There will always be tasks that are low-skill and repetitive, and it's up to us to create the technology to increase the efficiency for such tasks. "", '', 'When we replace humans with machines, we lose the aspect of human encounters whenever we see a need for a task to be done. This, however, is not always a bad thing. There may be less of a n']",n',,,"[2, 188]","{'t': 3913418, 'o': [{'o': 'i', 'i': [2, 188], 'a': 'n'}]}",,,
20715,60,298,3915.15,editor,i,"[""Without technology, we don't know what sets humans apart from other species. The crux of what we refer to when asked about what sets us apart from other animals is our intellect. That said, how do we demonstrate such intelligence without technology? Any way that we care for each other or even other species is helped by technology. My view aligns best with the Utilitarian view. There will always be tasks that are low-skill and repetitive, and it's up to us to create the technology to increase the efficiency for such tasks. "", '', 'When we replace humans with machines, we lose the aspect of human encounters whenever we see a need for a task to be done. This, however, is not always a bad thing. There may be less of a need for h']",eed for h',,,"[2, 189]","{'t': [3913577, 3915150], 'l': 9, 'o': [{'o': 'i', 'i': [2, 189], 'a': 'eed for h'}]}",,,
20716,60,299,3916.584,editor,i,"[""Without technology, we don't know what sets humans apart from other species. The crux of what we refer to when asked about what sets us apart from other animals is our intellect. That said, how do we demonstrate such intelligence without technology? Any way that we care for each other or even other species is helped by technology. My view aligns best with the Utilitarian view. There will always be tasks that are low-skill and repetitive, and it's up to us to create the technology to increase the efficiency for such tasks. "", '', 'When we replace humans with machines, we lose the aspect of human encounters whenever we see a need for a task to be done. This, however, is not always a bad thing. There may be less of a need for hu']",u',,,"[2, 198]","{'t': 3916584, 'o': [{'o': 'i', 'i': [2, 198], 'a': 'u'}]}",,,
20717,60,300,3920.408,editor,i,"[""Without technology, we don't know what sets humans apart from other species. The crux of what we refer to when asked about what sets us apart from other animals is our intellect. That said, how do we demonstrate such intelligence without technology? Any way that we care for each other or even other species is helped by technology. My view aligns best with the Utilitarian view. There will always be tasks that are low-skill and repetitive, and it's up to us to create the technology to increase the efficiency for such tasks. "", '', 'When we replace humans with machines, we lose the aspect of human encounters whenever we see a need for a task to be done. This, however, is not always a bad thing. There may be less of a need for human interaction, but ']","man interaction, but '",,,"[2, 199]","{'t': [3916796, 3920408], 'l': 21, 'o': [{'o': 'i', 'i': [2, 199], 'a': 'man interaction, but '}]}",,,
20718,60,301,3933.152,editor,i,"[""Without technology, we don't know what sets humans apart from other species. The crux of what we refer to when asked about what sets us apart from other animals is our intellect. That said, how do we demonstrate such intelligence without technology? Any way that we care for each other or even other species is helped by technology. My view aligns best with the Utilitarian view. There will always be tasks that are low-skill and repetitive, and it's up to us to create the technology to increase the efficiency for such tasks. "", '', 'When we replace humans with machines, we lose the aspect of human encounters whenever we see a need for a task to be done. This, however, is not always a bad thing. There may be less of a need for human interaction, but w']",w',,,"[2, 220]","{'t': 3933152, 'o': [{'o': 'i', 'i': [2, 220], 'a': 'w'}]}",,,
20719,60,302,3933.824,editor,i,"[""Without technology, we don't know what sets humans apart from other species. The crux of what we refer to when asked about what sets us apart from other animals is our intellect. That said, how do we demonstrate such intelligence without technology? Any way that we care for each other or even other species is helped by technology. My view aligns best with the Utilitarian view. There will always be tasks that are low-skill and repetitive, and it's up to us to create the technology to increase the efficiency for such tasks. "", '', 'When we replace humans with machines, we lose the aspect of human encounters whenever we see a need for a task to be done. This, however, is not always a bad thing. There may be less of a need for human interaction, but we do ']",e do ',,,"[2, 221]","{'t': [3933344, 3933824], 'l': 5, 'o': [{'o': 'i', 'i': [2, 221], 'a': 'e do '}]}",,,
20720,60,303,3935.232,editor,i,"[""Without technology, we don't know what sets humans apart from other species. The crux of what we refer to when asked about what sets us apart from other animals is our intellect. That said, how do we demonstrate such intelligence without technology? Any way that we care for each other or even other species is helped by technology. My view aligns best with the Utilitarian view. There will always be tasks that are low-skill and repetitive, and it's up to us to create the technology to increase the efficiency for such tasks. "", '', 'When we replace humans with machines, we lose the aspect of human encounters whenever we see a need for a task to be done. This, however, is not always a bad thing. There may be less of a need for human interaction, but we do s']",s',,,"[2, 226]","{'t': 3935232, 'o': [{'o': 'i', 'i': [2, 226], 'a': 's'}]}",,,
20721,60,304,3935.996,editor,i,"[""Without technology, we don't know what sets humans apart from other species. The crux of what we refer to when asked about what sets us apart from other animals is our intellect. That said, how do we demonstrate such intelligence without technology? Any way that we care for each other or even other species is helped by technology. My view aligns best with the Utilitarian view. There will always be tasks that are low-skill and repetitive, and it's up to us to create the technology to increase the efficiency for such tasks. "", '', 'When we replace humans with machines, we lose the aspect of human encounters whenever we see a need for a task to be done. This, however, is not always a bad thing. There may be less of a need for human interaction, but we do save ']",ave ',,,"[2, 227]","{'t': [3935336, 3935996], 'l': 4, 'o': [{'o': 'i', 'i': [2, 227], 'a': 'ave '}]}",,,
20722,60,305,3944.506,editor,d,"[""Without technology, we don't know what sets humans apart from other species. The crux of what we refer to when asked about what sets us apart from other animals is our intellect. That said, how do we demonstrate such intelligence without technology? Any way that we care for each other or even other species is helped by technology. My view aligns best with the Utilitarian view. There will always be tasks that are low-skill and repetitive, and it's up to us to create the technology to increase the efficiency for such tasks. "", '', 'When we replace humans with machines, we lose the aspect of human encounters whenever we see a need for a task to be done. This, however, is not always a bad thing. There may be less of a need for human interaction, but we do ']",,save ',,"[[2, 226], [2, 231]]","{'t': 3944506, 'o': [{'o': 'd', 'i': [[2, 226], [2, 231]]}]}",,,
20723,60,306,3944.651,editor,d,"[""Without technology, we don't know what sets humans apart from other species. The crux of what we refer to when asked about what sets us apart from other animals is our intellect. That said, how do we demonstrate such intelligence without technology? Any way that we care for each other or even other species is helped by technology. My view aligns best with the Utilitarian view. There will always be tasks that are low-skill and repetitive, and it's up to us to create the technology to increase the efficiency for such tasks. "", '', 'When we replace humans with machines, we lose the aspect of human encounters whenever we see a need for a task to be done. This, however, is not always a bad thing. There may be less of a need for human interaction, but we ']",,do ',,"[[2, 223], [2, 226]]","{'t': 3944651, 'o': [{'o': 'd', 'i': [[2, 223], [2, 226]]}]}",,,
20724,60,307,3946.28,editor,i,"[""Without technology, we don't know what sets humans apart from other species. The crux of what we refer to when asked about what sets us apart from other animals is our intellect. That said, how do we demonstrate such intelligence without technology? Any way that we care for each other or even other species is helped by technology. My view aligns best with the Utilitarian view. There will always be tasks that are low-skill and repetitive, and it's up to us to create the technology to increase the efficiency for such tasks. "", '', 'When we replace humans with machines, we lose the aspect of human encounters whenever we see a need for a task to be done. This, however, is not always a bad thing. There may be less of a need for human interaction, but we c']",c',,,"[2, 223]","{'t': 3946280, 'o': [{'o': 'i', 'i': [2, 223], 'a': 'c'}]}",,,
20725,60,308,3947.404,editor,i,"[""Without technology, we don't know what sets humans apart from other species. The crux of what we refer to when asked about what sets us apart from other animals is our intellect. That said, how do we demonstrate such intelligence without technology? Any way that we care for each other or even other species is helped by technology. My view aligns best with the Utilitarian view. There will always be tasks that are low-skill and repetitive, and it's up to us to create the technology to increase the efficiency for such tasks. "", '', ""When we replace humans with machines, we lose the aspect of human encounters whenever we see a need for a task to be done. This, however, is not always a bad thing. There may be less of a need for human interaction, but we can't dn""]",an't dn,,,"[2, 224]","{'t': [3946369, 3947404], 'l': 7, 'o': [{'o': 'i', 'i': [2, 224], 'a': ""an't dn""}]}",,,
20726,60,309,3947.784,editor,d,"[""Without technology, we don't know what sets humans apart from other species. The crux of what we refer to when asked about what sets us apart from other animals is our intellect. That said, how do we demonstrate such intelligence without technology? Any way that we care for each other or even other species is helped by technology. My view aligns best with the Utilitarian view. There will always be tasks that are low-skill and repetitive, and it's up to us to create the technology to increase the efficiency for such tasks. "", '', ""When we replace humans with machines, we lose the aspect of human encounters whenever we see a need for a task to be done. This, however, is not always a bad thing. There may be less of a need for human interaction, but we can't d""]",,n',,"[[2, 230], [2, 231]]","{'t': 3947784, 'o': [{'o': 'd', 'i': [[2, 230], [2, 231]]}]}",,,
20727,60,310,3952.846,editor,i,"[""Without technology, we don't know what sets humans apart from other species. The crux of what we refer to when asked about what sets us apart from other animals is our intellect. That said, how do we demonstrate such intelligence without technology? Any way that we care for each other or even other species is helped by technology. My view aligns best with the Utilitarian view. There will always be tasks that are low-skill and repetitive, and it's up to us to create the technology to increase the efficiency for such tasks. "", '', ""When we replace humans with machines, we lose the aspect of human encounters whenever we see a need for a task to be done. This, however, is not always a bad thing. There may be less of a need for human interaction, but we can't deny that we save the wel-""]",eny that we save the wel-',,,"[2, 230]","{'t': [3947972, 3952846], 'l': 25, 'o': [{'o': 'i', 'i': [2, 230], 'a': 'eny that we save the wel-'}]}",,,
20728,60,311,3953.754,editor,d,"[""Without technology, we don't know what sets humans apart from other species. The crux of what we refer to when asked about what sets us apart from other animals is our intellect. That said, how do we demonstrate such intelligence without technology? Any way that we care for each other or even other species is helped by technology. My view aligns best with the Utilitarian view. There will always be tasks that are low-skill and repetitive, and it's up to us to create the technology to increase the efficiency for such tasks. "", '', ""When we replace humans with machines, we lose the aspect of human encounters whenever we see a need for a task to be done. This, however, is not always a bad thing. There may be less of a need for human interaction, but we can't deny that we save the wel""]",,-',,"[[2, 254], [2, 255]]","{'t': 3953754, 'o': [{'o': 'd', 'i': [[2, 254], [2, 255]]}]}",,,
20729,60,312,3958.028,editor,i,"[""Without technology, we don't know what sets humans apart from other species. The crux of what we refer to when asked about what sets us apart from other animals is our intellect. That said, how do we demonstrate such intelligence without technology? Any way that we care for each other or even other species is helped by technology. My view aligns best with the Utilitarian view. There will always be tasks that are low-skill and repetitive, and it's up to us to create the technology to increase the efficiency for such tasks. "", '', ""When we replace humans with machines, we lose the aspect of human encounters whenever we see a need for a task to be done. This, however, is not always a bad thing. There may be less of a need for human interaction, but we can't deny that we save the well-being of the person doin ""]",l-being of the person doin ',,,"[2, 254]","{'t': [3954194, 3958028], 'l': 27, 'o': [{'o': 'i', 'i': [2, 254], 'a': 'l-being of the person doin '}]}",,,
20730,60,313,3958.298,editor,d,"[""Without technology, we don't know what sets humans apart from other species. The crux of what we refer to when asked about what sets us apart from other animals is our intellect. That said, how do we demonstrate such intelligence without technology? Any way that we care for each other or even other species is helped by technology. My view aligns best with the Utilitarian view. There will always be tasks that are low-skill and repetitive, and it's up to us to create the technology to increase the efficiency for such tasks. "", '', ""When we replace humans with machines, we lose the aspect of human encounters whenever we see a need for a task to be done. This, however, is not always a bad thing. There may be less of a need for human interaction, but we can't deny that we save the well-being of the person doin""]",,,,"[[2, 280], [2, 281]]","{'t': 3958298, 'o': [{'o': 'd', 'i': [[2, 280], [2, 281]]}]}",,,
20731,60,314,3959.69,editor,i,"[""Without technology, we don't know what sets humans apart from other species. The crux of what we refer to when asked about what sets us apart from other animals is our intellect. That said, how do we demonstrate such intelligence without technology? Any way that we care for each other or even other species is helped by technology. My view aligns best with the Utilitarian view. There will always be tasks that are low-skill and repetitive, and it's up to us to create the technology to increase the efficiency for such tasks. "", '', ""When we replace humans with machines, we lose the aspect of human encounters whenever we see a need for a task to be done. This, however, is not always a bad thing. There may be less of a need for human interaction, but we can't deny that we save the well-being of the person doing the tas ""]",g the tas ',,,"[2, 280]","{'t': [3958418, 3959690], 'l': 10, 'o': [{'o': 'i', 'i': [2, 280], 'a': 'g the tas '}]}",,,
20732,60,315,3960.062,editor,d,"[""Without technology, we don't know what sets humans apart from other species. The crux of what we refer to when asked about what sets us apart from other animals is our intellect. That said, how do we demonstrate such intelligence without technology? Any way that we care for each other or even other species is helped by technology. My view aligns best with the Utilitarian view. There will always be tasks that are low-skill and repetitive, and it's up to us to create the technology to increase the efficiency for such tasks. "", '', ""When we replace humans with machines, we lose the aspect of human encounters whenever we see a need for a task to be done. This, however, is not always a bad thing. There may be less of a need for human interaction, but we can't deny that we save the well-being of the person doing the tas""]",,,,"[[2, 289], [2, 290]]","{'t': 3960062, 'o': [{'o': 'd', 'i': [[2, 289], [2, 290]]}]}",,,
20733,60,316,3962.141,editor,i,"[""Without technology, we don't know what sets humans apart from other species. The crux of what we refer to when asked about what sets us apart from other animals is our intellect. That said, how do we demonstrate such intelligence without technology? Any way that we care for each other or even other species is helped by technology. My view aligns best with the Utilitarian view. There will always be tasks that are low-skill and repetitive, and it's up to us to create the technology to increase the efficiency for such tasks. "", '', ""When we replace humans with machines, we lose the aspect of human encounters whenever we see a need for a task to be done. This, however, is not always a bad thing. There may be less of a need for human interaction, but we can't deny that we save the well-being of the person doing the task when we ma""]",k when we ma',,,"[2, 289]","{'t': [3960274, 3962141], 'l': 12, 'o': [{'o': 'i', 'i': [2, 289], 'a': 'k when we ma'}]}",,,
20734,60,317,3962.481,editor,d,"[""Without technology, we don't know what sets humans apart from other species. The crux of what we refer to when asked about what sets us apart from other animals is our intellect. That said, how do we demonstrate such intelligence without technology? Any way that we care for each other or even other species is helped by technology. My view aligns best with the Utilitarian view. There will always be tasks that are low-skill and repetitive, and it's up to us to create the technology to increase the efficiency for such tasks. "", '', ""When we replace humans with machines, we lose the aspect of human encounters whenever we see a need for a task to be done. This, however, is not always a bad thing. There may be less of a need for human interaction, but we can't deny that we save the well-being of the person doing the task when we m""]",,a',,"[[2, 300], [2, 301]]","{'t': 3962481, 'o': [{'o': 'd', 'i': [[2, 300], [2, 301]]}]}",,,
20735,60,318,3963.272,editor,i,"[""Without technology, we don't know what sets humans apart from other species. The crux of what we refer to when asked about what sets us apart from other animals is our intellect. That said, how do we demonstrate such intelligence without technology? Any way that we care for each other or even other species is helped by technology. My view aligns best with the Utilitarian view. There will always be tasks that are low-skill and repetitive, and it's up to us to create the technology to increase the efficiency for such tasks. "", '', ""When we replace humans with machines, we lose the aspect of human encounters whenever we see a need for a task to be done. This, however, is not always a bad thing. There may be less of a need for human interaction, but we can't deny that we save the well-being of the person doing the task when we mechn""]",echn',,,"[2, 300]","{'t': [3962530, 3963272], 'l': 4, 'o': [{'o': 'i', 'i': [2, 300], 'a': 'echn'}]}",,,
20736,60,319,3963.527,editor,d,"[""Without technology, we don't know what sets humans apart from other species. The crux of what we refer to when asked about what sets us apart from other animals is our intellect. That said, how do we demonstrate such intelligence without technology? Any way that we care for each other or even other species is helped by technology. My view aligns best with the Utilitarian view. There will always be tasks that are low-skill and repetitive, and it's up to us to create the technology to increase the efficiency for such tasks. "", '', ""When we replace humans with machines, we lose the aspect of human encounters whenever we see a need for a task to be done. This, however, is not always a bad thing. There may be less of a need for human interaction, but we can't deny that we save the well-being of the person doing the task when we mech""]",,n',,"[[2, 303], [2, 304]]","{'t': 3963527, 'o': [{'o': 'd', 'i': [[2, 303], [2, 304]]}]}",,,
20737,60,320,3964.32,editor,i,"[""Without technology, we don't know what sets humans apart from other species. The crux of what we refer to when asked about what sets us apart from other animals is our intellect. That said, how do we demonstrate such intelligence without technology? Any way that we care for each other or even other species is helped by technology. My view aligns best with the Utilitarian view. There will always be tasks that are low-skill and repetitive, and it's up to us to create the technology to increase the efficiency for such tasks. "", '', ""When we replace humans with machines, we lose the aspect of human encounters whenever we see a need for a task to be done. This, however, is not always a bad thing. There may be less of a need for human interaction, but we can't deny that we save the well-being of the person doing the task when we mechanize ""]",anize ',,,"[2, 303]","{'t': [3963606, 3964320], 'l': 6, 'o': [{'o': 'i', 'i': [2, 303], 'a': 'anize '}]}",,,
20738,60,321,3965.932,editor,d,"[""Without technology, we don't know what sets humans apart from other species. The crux of what we refer to when asked about what sets us apart from other animals is our intellect. That said, how do we demonstrate such intelligence without technology? Any way that we care for each other or even other species is helped by technology. My view aligns best with the Utilitarian view. There will always be tasks that are low-skill and repetitive, and it's up to us to create the technology to increase the efficiency for such tasks. "", '', ""When we replace humans with machines, we lose the aspect of human encounters whenever we see a need for a task to be done. This, however, is not always a bad thing. There may be less of a need for human interaction, but we can't deny that we save the well-being of the person doing the task when we ""]",,mechanize ',,"[[2, 299], [2, 309]]","{'t': 3965932, 'o': [{'o': 'd', 'i': [[2, 299], [2, 309]]}]}",,,
20739,60,322,3969.809,editor,i,"[""Without technology, we don't know what sets humans apart from other species. The crux of what we refer to when asked about what sets us apart from other animals is our intellect. That said, how do we demonstrate such intelligence without technology? Any way that we care for each other or even other species is helped by technology. My view aligns best with the Utilitarian view. There will always be tasks that are low-skill and repetitive, and it's up to us to create the technology to increase the efficiency for such tasks. "", '', ""When we replace humans with machines, we lose the aspect of human encounters whenever we see a need for a task to be done. This, however, is not always a bad thing. There may be less of a need for human interaction, but we can't deny that we save the well-being of the person doing the task when we automate the job. ""]",automate the job. ',,,"[2, 299]","{'t': [3966796, 3969809], 'l': 18, 'o': [{'o': 'i', 'i': [2, 299], 'a': 'automate the job. '}]}",,,
20740,60,323,3998.754,editor,i,"[""Without technology, we don't know what sets humans apart from other species. The crux of what we refer to when asked about what sets us apart from other animals is our intellect. That said, how do we demonstrate such intelligence without technology? Any way that we care for each other or even other species is helped by technology. My view aligns best with the Utilitarian view. There will always be tasks that are low-skill and repetitive, and it's up to us to create the technology to increase the efficiency for such tasks. "", '', ""When we replace humans with machines, we lose the aspect of human encounters whenever we see a need for a task to be done. This, however, is not always a bad thing. There may be less of a need for human interaction, but we can't deny that we save the well-being of the person doing the task when we automate the job. T""]",T',,,"[2, 317]","{'t': 3998754, 'o': [{'o': 'i', 'i': [2, 317], 'a': 'T'}]}",,,
20741,60,324,4001.169,editor,i,"[""Without technology, we don't know what sets humans apart from other species. The crux of what we refer to when asked about what sets us apart from other animals is our intellect. That said, how do we demonstrate such intelligence without technology? Any way that we care for each other or even other species is helped by technology. My view aligns best with the Utilitarian view. There will always be tasks that are low-skill and repetitive, and it's up to us to create the technology to increase the efficiency for such tasks. "", '', ""When we replace humans with machines, we lose the aspect of human encounters whenever we see a need for a task to be done. This, however, is not always a bad thing. There may be less of a need for human interaction, but we can't deny that we save the well-being of the person doing the task when we automate the job. This is why ""]",his is why ',,,"[2, 318]","{'t': [3999635, 4001169], 'l': 11, 'o': [{'o': 'i', 'i': [2, 318], 'a': 'his is why '}]}",,,
20742,60,325,4003.668,editor,i,"[""Without technology, we don't know what sets humans apart from other species. The crux of what we refer to when asked about what sets us apart from other animals is our intellect. That said, how do we demonstrate such intelligence without technology? Any way that we care for each other or even other species is helped by technology. My view aligns best with the Utilitarian view. There will always be tasks that are low-skill and repetitive, and it's up to us to create the technology to increase the efficiency for such tasks. "", '', ""When we replace humans with machines, we lose the aspect of human encounters whenever we see a need for a task to be done. This, however, is not always a bad thing. There may be less of a need for human interaction, but we can't deny that we save the well-being of the person doing the task when we automate the job. This is why I""]",I',,,"[2, 329]","{'t': 4003668, 'o': [{'o': 'i', 'i': [2, 329], 'a': 'I'}]}",,,
20743,60,326,4003.788,editor,i,"[""Without technology, we don't know what sets humans apart from other species. The crux of what we refer to when asked about what sets us apart from other animals is our intellect. That said, how do we demonstrate such intelligence without technology? Any way that we care for each other or even other species is helped by technology. My view aligns best with the Utilitarian view. There will always be tasks that are low-skill and repetitive, and it's up to us to create the technology to increase the efficiency for such tasks. "", '', ""When we replace humans with machines, we lose the aspect of human encounters whenever we see a need for a task to be done. This, however, is not always a bad thing. There may be less of a need for human interaction, but we can't deny that we save the well-being of the person doing the task when we automate the job. This is why I ""]",,,,"[2, 330]","{'t': 4003788, 'o': [{'o': 'i', 'i': [2, 330], 'a': ' '}]}",,,
20744,60,327,4007.667,editor,i,"[""Without technology, we don't know what sets humans apart from other species. The crux of what we refer to when asked about what sets us apart from other animals is our intellect. That said, how do we demonstrate such intelligence without technology? Any way that we care for each other or even other species is helped by technology. My view aligns best with the Utilitarian view. There will always be tasks that are low-skill and repetitive, and it's up to us to create the technology to increase the efficiency for such tasks. "", '', ""When we replace humans with machines, we lose the aspect of human encounters whenever we see a need for a task to be done. This, however, is not always a bad thing. There may be less of a need for human interaction, but we can't deny that we save the well-being of the person doing the task when we automate the job. This is why I d""]",d',,,"[2, 331]","{'t': 4007667, 'o': [{'o': 'i', 'i': [2, 331], 'a': 'd'}]}",,,
20745,60,328,4011.333,editor,i,"[""Without technology, we don't know what sets humans apart from other species. The crux of what we refer to when asked about what sets us apart from other animals is our intellect. That said, how do we demonstrate such intelligence without technology? Any way that we care for each other or even other species is helped by technology. My view aligns best with the Utilitarian view. There will always be tasks that are low-skill and repetitive, and it's up to us to create the technology to increase the efficiency for such tasks. "", '', ""When we replace humans with machines, we lose the aspect of human encounters whenever we see a need for a task to be done. This, however, is not always a bad thing. There may be less of a need for human interaction, but we can't deny that we save the well-being of the person doing the task when we automate the job. This is why I disagree with the Dystom""]",isagree with the Dystom',,,"[2, 332]","{'t': [4007870, 4011333], 'l': 23, 'o': [{'o': 'i', 'i': [2, 332], 'a': 'isagree with the Dystom'}]}",,,
20746,60,329,4011.732,editor,d,"[""Without technology, we don't know what sets humans apart from other species. The crux of what we refer to when asked about what sets us apart from other animals is our intellect. That said, how do we demonstrate such intelligence without technology? Any way that we care for each other or even other species is helped by technology. My view aligns best with the Utilitarian view. There will always be tasks that are low-skill and repetitive, and it's up to us to create the technology to increase the efficiency for such tasks. "", '', ""When we replace humans with machines, we lose the aspect of human encounters whenever we see a need for a task to be done. This, however, is not always a bad thing. There may be less of a need for human interaction, but we can't deny that we save the well-being of the person doing the task when we automate the job. This is why I disagree with the Dysto""]",,m',,"[[2, 354], [2, 355]]","{'t': 4011732, 'o': [{'o': 'd', 'i': [[2, 354], [2, 355]]}]}",,,
20747,60,330,4014.908,editor,i,"[""Without technology, we don't know what sets humans apart from other species. The crux of what we refer to when asked about what sets us apart from other animals is our intellect. That said, how do we demonstrate such intelligence without technology? Any way that we care for each other or even other species is helped by technology. My view aligns best with the Utilitarian view. There will always be tasks that are low-skill and repetitive, and it's up to us to create the technology to increase the efficiency for such tasks. "", '', ""When we replace humans with machines, we lose the aspect of human encounters whenever we see a need for a task to be done. This, however, is not always a bad thing. There may be less of a need for human interaction, but we can't deny that we save the well-being of the person doing the task when we automate the job. This is why I disagree with the Dystopian view. ""]",pian view. ',,,"[2, 354]","{'t': [4012306, 4014908], 'l': 11, 'o': [{'o': 'i', 'i': [2, 354], 'a': 'pian view. '}]}",,,
20748,60,331,4044.695,editor,o,"[""Without technology, we don't know what sets humans apart from other species. The crux of what we refer to when asked about what sets us apart from other animals is our intellect. That said, how do we demonstrate such intelligence without technology? Any way that we care for each other or even other species is helped by technology. My view aligns best with the Utilitarian view. There will always be tasks that are low-skill and repetitive, and it's up to us to create the technology to increase the efficiency for such tasks. "", '', ""When we replace humans with machines, we lose the aspect of human encounters whenever we see a need for a task to be done. This, however, is not always a bad thing. There may be less of a need for human interaction, but we can't deny that we save the well-being of the person doing the task when we automate the job. This is why I disagree with the Dystopian view. ""]",,,,"[2, 325]","{'t': 4044695, 'o': [{'o': 'o', 'i': [2, 325]}]}",,,
20749,60,332,4045.39,editor,i,"[""Without technology, we don't know what sets humans apart from other species. The crux of what we refer to when asked about what sets us apart from other animals is our intellect. That said, how do we demonstrate such intelligence without technology? Any way that we care for each other or even other species is helped by technology. My view aligns best with the Utilitarian view. There will always be tasks that are low-skill and repetitive, and it's up to us to create the technology to increase the efficiency for such tasks. "", '', ""When we replace humans with machines, we lose the aspect of human encounters whenever we see a need for a task to be done. This, however, is not always a bad thing. There may be less of a need for human interaction, but we can't deny that we save the well-being of the person doing the task when we automate the job. This is pwhy I disagree with the Dystopian view. ""]",p',,,"[2, 325]","{'t': 4045390, 'o': [{'o': 'i', 'i': [2, 325], 'a': 'p'}]}",,,
20750,60,333,4046.001,editor,i,"[""Without technology, we don't know what sets humans apart from other species. The crux of what we refer to when asked about what sets us apart from other animals is our intellect. That said, how do we demonstrate such intelligence without technology? Any way that we care for each other or even other species is helped by technology. My view aligns best with the Utilitarian view. There will always be tasks that are low-skill and repetitive, and it's up to us to create the technology to increase the efficiency for such tasks. "", '', ""When we replace humans with machines, we lose the aspect of human encounters whenever we see a need for a task to be done. This, however, is not always a bad thing. There may be less of a need for human interaction, but we can't deny that we save the well-being of the person doing the task when we automate the job. This is paritwhy I disagree with the Dystopian view. ""]",arit',,,"[2, 326]","{'t': [4045530, 4046001], 'l': 4, 'o': [{'o': 'i', 'i': [2, 326], 'a': 'arit'}]}",,,
20751,60,334,4046.39,editor,d,"[""Without technology, we don't know what sets humans apart from other species. The crux of what we refer to when asked about what sets us apart from other animals is our intellect. That said, how do we demonstrate such intelligence without technology? Any way that we care for each other or even other species is helped by technology. My view aligns best with the Utilitarian view. There will always be tasks that are low-skill and repetitive, and it's up to us to create the technology to increase the efficiency for such tasks. "", '', ""When we replace humans with machines, we lose the aspect of human encounters whenever we see a need for a task to be done. This, however, is not always a bad thing. There may be less of a need for human interaction, but we can't deny that we save the well-being of the person doing the task when we automate the job. This is parwhy I disagree with the Dystopian view. ""]",,it',,"[[2, 328], [2, 330]]","{'t': [4046244, 4046390], 'l': 2, 'o': [{'o': 'd', 'i': [[2, 328], [2, 330]], 'd': [[1, 2]]}]}",,,
20752,60,335,4047.246,editor,i,"[""Without technology, we don't know what sets humans apart from other species. The crux of what we refer to when asked about what sets us apart from other animals is our intellect. That said, how do we demonstrate such intelligence without technology? Any way that we care for each other or even other species is helped by technology. My view aligns best with the Utilitarian view. There will always be tasks that are low-skill and repetitive, and it's up to us to create the technology to increase the efficiency for such tasks. "", '', ""When we replace humans with machines, we lose the aspect of human encounters whenever we see a need for a task to be done. This, however, is not always a bad thing. There may be less of a need for human interaction, but we can't deny that we save the well-being of the person doing the task when we automate the job. This is partiall why I disagree with the Dystopian view. ""]",tiall ',,,"[2, 328]","{'t': [4046469, 4047246], 'l': 6, 'o': [{'o': 'i', 'i': [2, 328], 'a': 'tiall '}]}",,,
20753,60,336,4047.529,editor,d,"[""Without technology, we don't know what sets humans apart from other species. The crux of what we refer to when asked about what sets us apart from other animals is our intellect. That said, how do we demonstrate such intelligence without technology? Any way that we care for each other or even other species is helped by technology. My view aligns best with the Utilitarian view. There will always be tasks that are low-skill and repetitive, and it's up to us to create the technology to increase the efficiency for such tasks. "", '', ""When we replace humans with machines, we lose the aspect of human encounters whenever we see a need for a task to be done. This, however, is not always a bad thing. There may be less of a need for human interaction, but we can't deny that we save the well-being of the person doing the task when we automate the job. This is partiallwhy I disagree with the Dystopian view. ""]",,,,"[[2, 333], [2, 334]]","{'t': 4047529, 'o': [{'o': 'd', 'i': [[2, 333], [2, 334]]}]}",,,
20754,60,337,4047.837,editor,i,"[""Without technology, we don't know what sets humans apart from other species. The crux of what we refer to when asked about what sets us apart from other animals is our intellect. That said, how do we demonstrate such intelligence without technology? Any way that we care for each other or even other species is helped by technology. My view aligns best with the Utilitarian view. There will always be tasks that are low-skill and repetitive, and it's up to us to create the technology to increase the efficiency for such tasks. "", '', ""When we replace humans with machines, we lose the aspect of human encounters whenever we see a need for a task to be done. This, however, is not always a bad thing. There may be less of a need for human interaction, but we can't deny that we save the well-being of the person doing the task when we automate the job. This is partially why I disagree with the Dystopian view. ""]",y ',,,"[2, 333]","{'t': [4047743, 4047837], 'l': 2, 'o': [{'o': 'i', 'i': [2, 333], 'a': 'y '}]}",,,
20755,60,338,4048.681,editor,o,"[""Without technology, we don't know what sets humans apart from other species. The crux of what we refer to when asked about what sets us apart from other animals is our intellect. That said, how do we demonstrate such intelligence without technology? Any way that we care for each other or even other species is helped by technology. My view aligns best with the Utilitarian view. There will always be tasks that are low-skill and repetitive, and it's up to us to create the technology to increase the efficiency for such tasks. "", '', ""When we replace humans with machines, we lose the aspect of human encounters whenever we see a need for a task to be done. This, however, is not always a bad thing. There may be less of a need for human interaction, but we can't deny that we save the well-being of the person doing the task when we automate the job. This is partially why I disagree with the Dystopian view. ""]",,,,"[2, 375]","{'t': 4048681, 'o': [{'o': 'o', 'i': [2, 375]}]}",,,
20756,60,339,4054.352,editor,i,"[""Without technology, we don't know what sets humans apart from other species. The crux of what we refer to when asked about what sets us apart from other animals is our intellect. That said, how do we demonstrate such intelligence without technology? Any way that we care for each other or even other species is helped by technology. My view aligns best with the Utilitarian view. There will always be tasks that are low-skill and repetitive, and it's up to us to create the technology to increase the efficiency for such tasks. "", '', ""When we replace humans with machines, we lose the aspect of human encounters whenever we see a need for a task to be done. This, however, is not always a bad thing. There may be less of a need for human interaction, but we can't deny that we save the well-being of the person doing the task when we automate the job. This is partially why I disagree with the Dystopian view. W""]",W',,,"[2, 375]","{'t': 4054352, 'o': [{'o': 'i', 'i': [2, 375], 'a': 'W'}]}",,,
20757,60,340,4054.73,editor,i,"[""Without technology, we don't know what sets humans apart from other species. The crux of what we refer to when asked about what sets us apart from other animals is our intellect. That said, how do we demonstrate such intelligence without technology? Any way that we care for each other or even other species is helped by technology. My view aligns best with the Utilitarian view. There will always be tasks that are low-skill and repetitive, and it's up to us to create the technology to increase the efficiency for such tasks. "", '', ""When we replace humans with machines, we lose the aspect of human encounters whenever we see a need for a task to be done. This, however, is not always a bad thing. There may be less of a need for human interaction, but we can't deny that we save the well-being of the person doing the task when we automate the job. This is partially why I disagree with the Dystopian view. We ""]",e ',,,"[2, 376]","{'t': [4054605, 4054730], 'l': 2, 'o': [{'o': 'i', 'i': [2, 376], 'a': 'e '}]}",,,
20758,60,341,4056.119,editor,i,"[""Without technology, we don't know what sets humans apart from other species. The crux of what we refer to when asked about what sets us apart from other animals is our intellect. That said, how do we demonstrate such intelligence without technology? Any way that we care for each other or even other species is helped by technology. My view aligns best with the Utilitarian view. There will always be tasks that are low-skill and repetitive, and it's up to us to create the technology to increase the efficiency for such tasks. "", '', ""When we replace humans with machines, we lose the aspect of human encounters whenever we see a need for a task to be done. This, however, is not always a bad thing. There may be less of a need for human interaction, but we can't deny that we save the well-being of the person doing the task when we automate the job. This is partially why I disagree with the Dystopian view. We m""]",m',,,"[2, 378]","{'t': 4056119, 'o': [{'o': 'i', 'i': [2, 378], 'a': 'm'}]}",,,
20759,60,342,4057.427,editor,i,"[""Without technology, we don't know what sets humans apart from other species. The crux of what we refer to when asked about what sets us apart from other animals is our intellect. That said, how do we demonstrate such intelligence without technology? Any way that we care for each other or even other species is helped by technology. My view aligns best with the Utilitarian view. There will always be tasks that are low-skill and repetitive, and it's up to us to create the technology to increase the efficiency for such tasks. "", '', ""When we replace humans with machines, we lose the aspect of human encounters whenever we see a need for a task to be done. This, however, is not always a bad thing. There may be less of a need for human interaction, but we can't deny that we save the well-being of the person doing the task when we automate the job. This is partially why I disagree with the Dystopian view. We may lose ""]",ay lose ',,,"[2, 379]","{'t': [4056269, 4057427], 'l': 8, 'o': [{'o': 'i', 'i': [2, 379], 'a': 'ay lose '}]}",,,
20760,60,343,4058.282,editor,d,"[""Without technology, we don't know what sets humans apart from other species. The crux of what we refer to when asked about what sets us apart from other animals is our intellect. That said, how do we demonstrate such intelligence without technology? Any way that we care for each other or even other species is helped by technology. My view aligns best with the Utilitarian view. There will always be tasks that are low-skill and repetitive, and it's up to us to create the technology to increase the efficiency for such tasks. "", '', ""When we replace humans with machines, we lose the aspect of human encounters whenever we see a need for a task to be done. This, however, is not always a bad thing. There may be less of a need for human interaction, but we can't deny that we save the well-being of the person doing the task when we automate the job. This is partially why I disagree with the Dystopian view. ""]",,We may lose ',,"[[2, 375], [2, 387]]","{'t': [4057819, 4058282], 'l': 4, 'o': [{'o': 'd', 'i': [[2, 375], [2, 387]], 'd': [[3, 1], [4, 2], [1, 1]]}]}",,,
20761,60,344,4059.768,editor,i,"[""Without technology, we don't know what sets humans apart from other species. The crux of what we refer to when asked about what sets us apart from other animals is our intellect. That said, how do we demonstrate such intelligence without technology? Any way that we care for each other or even other species is helped by technology. My view aligns best with the Utilitarian view. There will always be tasks that are low-skill and repetitive, and it's up to us to create the technology to increase the efficiency for such tasks. "", '', ""When we replace humans with machines, we lose the aspect of human encounters whenever we see a need for a task to be done. This, however, is not always a bad thing. There may be less of a need for human interaction, but we can't deny that we save the well-being of the person doing the task when we automate the job. This is partially why I disagree with the Dystopian view. Althouth""]",Althouth',,,"[2, 375]","{'t': [4058749, 4059768], 'l': 8, 'o': [{'o': 'i', 'i': [2, 375], 'a': 'Althouth'}]}",,,
20762,60,345,4060.234,editor,d,"[""Without technology, we don't know what sets humans apart from other species. The crux of what we refer to when asked about what sets us apart from other animals is our intellect. That said, how do we demonstrate such intelligence without technology? Any way that we care for each other or even other species is helped by technology. My view aligns best with the Utilitarian view. There will always be tasks that are low-skill and repetitive, and it's up to us to create the technology to increase the efficiency for such tasks. "", '', ""When we replace humans with machines, we lose the aspect of human encounters whenever we see a need for a task to be done. This, however, is not always a bad thing. There may be less of a need for human interaction, but we can't deny that we save the well-being of the person doing the task when we automate the job. This is partially why I disagree with the Dystopian view. Althou""]",,th',,"[[2, 381], [2, 383]]","{'t': [4060116, 4060234], 'l': 2, 'o': [{'o': 'd', 'i': [[2, 381], [2, 383]], 'd': [[1, 2]]}]}",,,
20763,60,346,4066.525,editor,i,"[""Without technology, we don't know what sets humans apart from other species. The crux of what we refer to when asked about what sets us apart from other animals is our intellect. That said, how do we demonstrate such intelligence without technology? Any way that we care for each other or even other species is helped by technology. My view aligns best with the Utilitarian view. There will always be tasks that are low-skill and repetitive, and it's up to us to create the technology to increase the efficiency for such tasks. "", '', ""When we replace humans with machines, we lose the aspect of human encounters whenever we see a need for a task to be done. This, however, is not always a bad thing. There may be less of a need for human interaction, but we can't deny that we save the well-being of the person doing the task when we automate the job. This is partially why I disagree with the Dystopian view. Although we lose the necessity for basic o""]",gh we lose the necessity for basic o',,,"[2, 381]","{'t': [4060353, 4066525], 'l': 36, 'o': [{'o': 'i', 'i': [2, 381], 'a': 'gh we lose the necessity for basic o'}]}",,,
20764,60,347,4066.796,editor,d,"[""Without technology, we don't know what sets humans apart from other species. The crux of what we refer to when asked about what sets us apart from other animals is our intellect. That said, how do we demonstrate such intelligence without technology? Any way that we care for each other or even other species is helped by technology. My view aligns best with the Utilitarian view. There will always be tasks that are low-skill and repetitive, and it's up to us to create the technology to increase the efficiency for such tasks. "", '', ""When we replace humans with machines, we lose the aspect of human encounters whenever we see a need for a task to be done. This, however, is not always a bad thing. There may be less of a need for human interaction, but we can't deny that we save the well-being of the person doing the task when we automate the job. This is partially why I disagree with the Dystopian view. Although we lose the necessity for basic ""]",,o',,"[[2, 416], [2, 417]]","{'t': 4066796, 'o': [{'o': 'd', 'i': [[2, 416], [2, 417]]}]}",,,
20765,60,348,4069.454,editor,i,"[""Without technology, we don't know what sets humans apart from other species. The crux of what we refer to when asked about what sets us apart from other animals is our intellect. That said, how do we demonstrate such intelligence without technology? Any way that we care for each other or even other species is helped by technology. My view aligns best with the Utilitarian view. There will always be tasks that are low-skill and repetitive, and it's up to us to create the technology to increase the efficiency for such tasks. "", '', ""When we replace humans with machines, we lose the aspect of human encounters whenever we see a need for a task to be done. This, however, is not always a bad thing. There may be less of a need for human interaction, but we can't deny that we save the well-being of the person doing the task when we automate the job. This is partially why I disagree with the Dystopian view. Although we lose the necessity for basic courtesy for ""]",courtesy for ',,,"[2, 416]","{'t': [4066903, 4069454], 'l': 13, 'o': [{'o': 'i', 'i': [2, 416], 'a': 'courtesy for '}]}",,,
20766,60,349,4072.915,editor,d,"[""Without technology, we don't know what sets humans apart from other species. The crux of what we refer to when asked about what sets us apart from other animals is our intellect. That said, how do we demonstrate such intelligence without technology? Any way that we care for each other or even other species is helped by technology. My view aligns best with the Utilitarian view. There will always be tasks that are low-skill and repetitive, and it's up to us to create the technology to increase the efficiency for such tasks. "", '', ""When we replace humans with machines, we lose the aspect of human encounters whenever we see a need for a task to be done. This, however, is not always a bad thing. There may be less of a need for human interaction, but we can't deny that we save the well-being of the person doing the task when we automate the job. This is partially why I disagree with the Dystopian view. Although we lose the necessity for basic courtesy ""]",,for ',,"[[2, 425], [2, 429]]","{'t': 4072915, 'o': [{'o': 'd', 'i': [[2, 425], [2, 429]]}]}",,,
20767,60,350,4073.623,editor,d,"[""Without technology, we don't know what sets humans apart from other species. The crux of what we refer to when asked about what sets us apart from other animals is our intellect. That said, how do we demonstrate such intelligence without technology? Any way that we care for each other or even other species is helped by technology. My view aligns best with the Utilitarian view. There will always be tasks that are low-skill and repetitive, and it's up to us to create the technology to increase the efficiency for such tasks. "", '', ""When we replace humans with machines, we lose the aspect of human encounters whenever we see a need for a task to be done. This, however, is not always a bad thing. There may be less of a need for human interaction, but we can't deny that we save the well-being of the person doing the task when we automate the job. This is partially why I disagree with the Dystopian view. Although we lose the necessity for basic courtesy""]",,,,"[[2, 424], [2, 425]]","{'t': 4073623, 'o': [{'o': 'd', 'i': [[2, 424], [2, 425]]}]}",,,
20768,60,351,4076.353,editor,i,"[""Without technology, we don't know what sets humans apart from other species. The crux of what we refer to when asked about what sets us apart from other animals is our intellect. That said, how do we demonstrate such intelligence without technology? Any way that we care for each other or even other species is helped by technology. My view aligns best with the Utilitarian view. There will always be tasks that are low-skill and repetitive, and it's up to us to create the technology to increase the efficiency for such tasks. "", '', ""When we replace humans with machines, we lose the aspect of human encounters whenever we see a need for a task to be done. This, however, is not always a bad thing. There may be less of a need for human interaction, but we can't deny that we save the well-being of the person doing the task when we automate the job. This is partially why I disagree with the Dystopian view. Although we lose the necessity for basic courtesy, respect, and ""]",", respect, and '",,,"[2, 424]","{'t': [4073945, 4076353], 'l': 15, 'o': [{'o': 'i', 'i': [2, 424], 'a': ', respect, and '}]}",,,
20769,60,352,4078.298,editor,i,"[""Without technology, we don't know what sets humans apart from other species. The crux of what we refer to when asked about what sets us apart from other animals is our intellect. That said, how do we demonstrate such intelligence without technology? Any way that we care for each other or even other species is helped by technology. My view aligns best with the Utilitarian view. There will always be tasks that are low-skill and repetitive, and it's up to us to create the technology to increase the efficiency for such tasks. "", '', ""When we replace humans with machines, we lose the aspect of human encounters whenever we see a need for a task to be done. This, however, is not always a bad thing. There may be less of a need for human interaction, but we can't deny that we save the well-being of the person doing the task when we automate the job. This is partially why I disagree with the Dystopian view. Although we lose the necessity for basic courtesy, respect, and t""]",t',,,"[2, 439]","{'t': 4078298, 'o': [{'o': 'i', 'i': [2, 439], 'a': 't'}]}",,,
20770,60,353,4081.036,editor,i,"[""Without technology, we don't know what sets humans apart from other species. The crux of what we refer to when asked about what sets us apart from other animals is our intellect. That said, how do we demonstrate such intelligence without technology? Any way that we care for each other or even other species is helped by technology. My view aligns best with the Utilitarian view. There will always be tasks that are low-skill and repetitive, and it's up to us to create the technology to increase the efficiency for such tasks. "", '', ""When we replace humans with machines, we lose the aspect of human encounters whenever we see a need for a task to be done. This, however, is not always a bad thing. There may be less of a need for human interaction, but we can't deny that we save the well-being of the person doing the task when we automate the job. This is partially why I disagree with the Dystopian view. Although we lose the necessity for basic courtesy, respect, and tolerance of oh""]",olerance of oh',,,"[2, 440]","{'t': [4078412, 4081036], 'l': 14, 'o': [{'o': 'i', 'i': [2, 440], 'a': 'olerance of oh'}]}",,,
20771,60,354,4081.283,editor,d,"[""Without technology, we don't know what sets humans apart from other species. The crux of what we refer to when asked about what sets us apart from other animals is our intellect. That said, how do we demonstrate such intelligence without technology? Any way that we care for each other or even other species is helped by technology. My view aligns best with the Utilitarian view. There will always be tasks that are low-skill and repetitive, and it's up to us to create the technology to increase the efficiency for such tasks. "", '', ""When we replace humans with machines, we lose the aspect of human encounters whenever we see a need for a task to be done. This, however, is not always a bad thing. There may be less of a need for human interaction, but we can't deny that we save the well-being of the person doing the task when we automate the job. This is partially why I disagree with the Dystopian view. Although we lose the necessity for basic courtesy, respect, and tolerance of o""]",,h',,"[[2, 453], [2, 454]]","{'t': 4081283, 'o': [{'o': 'd', 'i': [[2, 453], [2, 454]]}]}",,,
20772,60,355,4083.011,editor,i,"[""Without technology, we don't know what sets humans apart from other species. The crux of what we refer to when asked about what sets us apart from other animals is our intellect. That said, how do we demonstrate such intelligence without technology? Any way that we care for each other or even other species is helped by technology. My view aligns best with the Utilitarian view. There will always be tasks that are low-skill and repetitive, and it's up to us to create the technology to increase the efficiency for such tasks. "", '', ""When we replace humans with machines, we lose the aspect of human encounters whenever we see a need for a task to be done. This, however, is not always a bad thing. There may be less of a need for human interaction, but we can't deny that we save the well-being of the person doing the task when we automate the job. This is partially why I disagree with the Dystopian view. Although we lose the necessity for basic courtesy, respect, and tolerance of other people on ""]",ther people on ',,,"[2, 453]","{'t': [4081365, 4083011], 'l': 15, 'o': [{'o': 'i', 'i': [2, 453], 'a': 'ther people on '}]}",,,
20773,60,356,4083.838,editor,d,"[""Without technology, we don't know what sets humans apart from other species. The crux of what we refer to when asked about what sets us apart from other animals is our intellect. That said, how do we demonstrate such intelligence without technology? Any way that we care for each other or even other species is helped by technology. My view aligns best with the Utilitarian view. There will always be tasks that are low-skill and repetitive, and it's up to us to create the technology to increase the efficiency for such tasks. "", '', ""When we replace humans with machines, we lose the aspect of human encounters whenever we see a need for a task to be done. This, however, is not always a bad thing. There may be less of a need for human interaction, but we can't deny that we save the well-being of the person doing the task when we automate the job. This is partially why I disagree with the Dystopian view. Although we lose the necessity for basic courtesy, respect, and tolerance of other people ""]",,on ',,"[[2, 465], [2, 468]]","{'t': [4083565, 4083838], 'l': 3, 'o': [{'o': 'd', 'i': [[2, 465], [2, 468]], 'd': [[1, 3]]}]}",,,
20774,60,357,4085.293,editor,i,"[""Without technology, we don't know what sets humans apart from other species. The crux of what we refer to when asked about what sets us apart from other animals is our intellect. That said, how do we demonstrate such intelligence without technology? Any way that we care for each other or even other species is helped by technology. My view aligns best with the Utilitarian view. There will always be tasks that are low-skill and repetitive, and it's up to us to create the technology to increase the efficiency for such tasks. "", '', ""When we replace humans with machines, we lose the aspect of human encounters whenever we see a need for a task to be done. This, however, is not always a bad thing. There may be less of a need for human interaction, but we can't deny that we save the well-being of the person doing the task when we automate the job. This is partially why I disagree with the Dystopian view. Although we lose the necessity for basic courtesy, respect, and tolerance of other people in what we""]",in what we',,,"[2, 465]","{'t': [4084249, 4085293], 'l': 10, 'o': [{'o': 'i', 'i': [2, 465], 'a': 'in what we'}]}",,,
20775,60,358,4085.646,editor,d,"[""Without technology, we don't know what sets humans apart from other species. The crux of what we refer to when asked about what sets us apart from other animals is our intellect. That said, how do we demonstrate such intelligence without technology? Any way that we care for each other or even other species is helped by technology. My view aligns best with the Utilitarian view. There will always be tasks that are low-skill and repetitive, and it's up to us to create the technology to increase the efficiency for such tasks. "", '', ""When we replace humans with machines, we lose the aspect of human encounters whenever we see a need for a task to be done. This, however, is not always a bad thing. There may be less of a need for human interaction, but we can't deny that we save the well-being of the person doing the task when we automate the job. This is partially why I disagree with the Dystopian view. Although we lose the necessity for basic courtesy, respect, and tolerance of other people in what w""]",,e',,"[[2, 474], [2, 475]]","{'t': 4085646, 'o': [{'o': 'd', 'i': [[2, 474], [2, 475]]}]}",,,
20776,60,359,4090.507,editor,i,"[""Without technology, we don't know what sets humans apart from other species. The crux of what we refer to when asked about what sets us apart from other animals is our intellect. That said, how do we demonstrate such intelligence without technology? Any way that we care for each other or even other species is helped by technology. My view aligns best with the Utilitarian view. There will always be tasks that are low-skill and repetitive, and it's up to us to create the technology to increase the efficiency for such tasks. "", '', ""When we replace humans with machines, we lose the aspect of human encounters whenever we see a need for a task to be done. This, however, is not always a bad thing. There may be less of a need for human interaction, but we can't deny that we save the well-being of the person doing the task when we automate the job. This is partially why I disagree with the Dystopian view. Although we lose the necessity for basic courtesy, respect, and tolerance of other people in what would be a daily human enoco""]",ould be a daily human enoco',,,"[2, 474]","{'t': [4085832, 4090507], 'l': 27, 'o': [{'o': 'i', 'i': [2, 474], 'a': 'ould be a daily human enoco'}]}",,,
20777,60,360,4091.136,editor,d,"[""Without technology, we don't know what sets humans apart from other species. The crux of what we refer to when asked about what sets us apart from other animals is our intellect. That said, how do we demonstrate such intelligence without technology? Any way that we care for each other or even other species is helped by technology. My view aligns best with the Utilitarian view. There will always be tasks that are low-skill and repetitive, and it's up to us to create the technology to increase the efficiency for such tasks. "", '', ""When we replace humans with machines, we lose the aspect of human encounters whenever we see a need for a task to be done. This, however, is not always a bad thing. There may be less of a need for human interaction, but we can't deny that we save the well-being of the person doing the task when we automate the job. This is partially why I disagree with the Dystopian view. Although we lose the necessity for basic courtesy, respect, and tolerance of other people in what would be a daily human eno""]",,co',,"[[2, 499], [2, 501]]","{'t': [4090856, 4091136], 'l': 2, 'o': [{'o': 'd', 'i': [[2, 499], [2, 501]], 'd': [[1, 2]]}]}",,,
20778,60,361,4091.445,editor,i,"[""Without technology, we don't know what sets humans apart from other species. The crux of what we refer to when asked about what sets us apart from other animals is our intellect. That said, how do we demonstrate such intelligence without technology? Any way that we care for each other or even other species is helped by technology. My view aligns best with the Utilitarian view. There will always be tasks that are low-skill and repetitive, and it's up to us to create the technology to increase the efficiency for such tasks. "", '', ""When we replace humans with machines, we lose the aspect of human encounters whenever we see a need for a task to be done. This, however, is not always a bad thing. There may be less of a need for human interaction, but we can't deny that we save the well-being of the person doing the task when we automate the job. This is partially why I disagree with the Dystopian view. Although we lose the necessity for basic courtesy, respect, and tolerance of other people in what would be a daily human enoco""]",co',,,"[2, 499]","{'t': [4091299, 4091445], 'l': 2, 'o': [{'o': 'i', 'i': [2, 499], 'a': 'co'}]}",,,
20779,60,362,4091.96,editor,d,"[""Without technology, we don't know what sets humans apart from other species. The crux of what we refer to when asked about what sets us apart from other animals is our intellect. That said, how do we demonstrate such intelligence without technology? Any way that we care for each other or even other species is helped by technology. My view aligns best with the Utilitarian view. There will always be tasks that are low-skill and repetitive, and it's up to us to create the technology to increase the efficiency for such tasks. "", '', ""When we replace humans with machines, we lose the aspect of human encounters whenever we see a need for a task to be done. This, however, is not always a bad thing. There may be less of a need for human interaction, but we can't deny that we save the well-being of the person doing the task when we automate the job. This is partially why I disagree with the Dystopian view. Although we lose the necessity for basic courtesy, respect, and tolerance of other people in what would be a daily human en""]",,oco',,"[[2, 498], [2, 501]]","{'t': [4091674, 4091960], 'l': 3, 'o': [{'o': 'd', 'i': [[2, 498], [2, 501]], 'd': [[1, 3]]}]}",,,
20780,60,363,4093.118,editor,i,"[""Without technology, we don't know what sets humans apart from other species. The crux of what we refer to when asked about what sets us apart from other animals is our intellect. That said, how do we demonstrate such intelligence without technology? Any way that we care for each other or even other species is helped by technology. My view aligns best with the Utilitarian view. There will always be tasks that are low-skill and repetitive, and it's up to us to create the technology to increase the efficiency for such tasks. "", '', ""When we replace humans with machines, we lose the aspect of human encounters whenever we see a need for a task to be done. This, however, is not always a bad thing. There may be less of a need for human interaction, but we can't deny that we save the well-being of the person doing the task when we automate the job. This is partially why I disagree with the Dystopian view. Although we lose the necessity for basic courtesy, respect, and tolerance of other people in what would be a daily human encounter,""]","counter,'",,,"[2, 498]","{'t': [4092090, 4093118], 'l': 8, 'o': [{'o': 'i', 'i': [2, 498], 'a': 'counter,'}]}",,,
20781,60,364,4099.107,editor,i,"[""Without technology, we don't know what sets humans apart from other species. The crux of what we refer to when asked about what sets us apart from other animals is our intellect. That said, how do we demonstrate such intelligence without technology? Any way that we care for each other or even other species is helped by technology. My view aligns best with the Utilitarian view. There will always be tasks that are low-skill and repetitive, and it's up to us to create the technology to increase the efficiency for such tasks. "", '', ""When we replace humans with machines, we lose the aspect of human encounters whenever we see a need for a task to be done. This, however, is not always a bad thing. There may be less of a need for human interaction, but we can't deny that we save the well-being of the person doing the task when we automate the job. This is partially why I disagree with the Dystopian view. Although we lose the necessity for basic courtesy, respect, and tolerance of other people in what would be a daily human encounter, ""]",,,,"[2, 506]","{'t': 4099107, 'o': [{'o': 'i', 'i': [2, 506], 'a': ' '}]}",,,
20782,60,365,4101.414,editor,i,"[""Without technology, we don't know what sets humans apart from other species. The crux of what we refer to when asked about what sets us apart from other animals is our intellect. That said, how do we demonstrate such intelligence without technology? Any way that we care for each other or even other species is helped by technology. My view aligns best with the Utilitarian view. There will always be tasks that are low-skill and repetitive, and it's up to us to create the technology to increase the efficiency for such tasks. "", '', ""When we replace humans with machines, we lose the aspect of human encounters whenever we see a need for a task to be done. This, however, is not always a bad thing. There may be less of a need for human interaction, but we can't deny that we save the well-being of the person doing the task when we automate the job. This is partially why I disagree with the Dystopian view. Although we lose the necessity for basic courtesy, respect, and tolerance of other people in what would be a daily human encounter, that should no ""]",that should no ',,,"[2, 507]","{'t': [4099273, 4101414], 'l': 15, 'o': [{'o': 'i', 'i': [2, 507], 'a': 'that should no '}]}",,,
20783,60,366,4101.84,editor,d,"[""Without technology, we don't know what sets humans apart from other species. The crux of what we refer to when asked about what sets us apart from other animals is our intellect. That said, how do we demonstrate such intelligence without technology? Any way that we care for each other or even other species is helped by technology. My view aligns best with the Utilitarian view. There will always be tasks that are low-skill and repetitive, and it's up to us to create the technology to increase the efficiency for such tasks. "", '', ""When we replace humans with machines, we lose the aspect of human encounters whenever we see a need for a task to be done. This, however, is not always a bad thing. There may be less of a need for human interaction, but we can't deny that we save the well-being of the person doing the task when we automate the job. This is partially why I disagree with the Dystopian view. Although we lose the necessity for basic courtesy, respect, and tolerance of other people in what would be a daily human encounter, that should no""]",,,,"[[2, 521], [2, 522]]","{'t': 4101840, 'o': [{'o': 'd', 'i': [[2, 521], [2, 522]]}]}",,,
20784,60,367,4104.452,editor,i,"[""Without technology, we don't know what sets humans apart from other species. The crux of what we refer to when asked about what sets us apart from other animals is our intellect. That said, how do we demonstrate such intelligence without technology? Any way that we care for each other or even other species is helped by technology. My view aligns best with the Utilitarian view. There will always be tasks that are low-skill and repetitive, and it's up to us to create the technology to increase the efficiency for such tasks. "", '', ""When we replace humans with machines, we lose the aspect of human encounters whenever we see a need for a task to be done. This, however, is not always a bad thing. There may be less of a need for human interaction, but we can't deny that we save the well-being of the person doing the task when we automate the job. This is partially why I disagree with the Dystopian view. Although we lose the necessity for basic courtesy, respect, and tolerance of other people in what would be a daily human encounter, that should not be a reason ""]",t be a reason ',,,"[2, 521]","{'t': [4101977, 4104452], 'l': 14, 'o': [{'o': 'i', 'i': [2, 521], 'a': 't be a reason '}]}",,,
20785,60,368,4105.704,editor,i,"[""Without technology, we don't know what sets humans apart from other species. The crux of what we refer to when asked about what sets us apart from other animals is our intellect. That said, how do we demonstrate such intelligence without technology? Any way that we care for each other or even other species is helped by technology. My view aligns best with the Utilitarian view. There will always be tasks that are low-skill and repetitive, and it's up to us to create the technology to increase the efficiency for such tasks. "", '', ""When we replace humans with machines, we lose the aspect of human encounters whenever we see a need for a task to be done. This, however, is not always a bad thing. There may be less of a need for human interaction, but we can't deny that we save the well-being of the person doing the task when we automate the job. This is partially why I disagree with the Dystopian view. Although we lose the necessity for basic courtesy, respect, and tolerance of other people in what would be a daily human encounter, that should not be a reason h""]",h',,,"[2, 535]","{'t': 4105704, 'o': [{'o': 'i', 'i': [2, 535], 'a': 'h'}]}",,,
20786,60,369,4106.731,editor,i,"[""Without technology, we don't know what sets humans apart from other species. The crux of what we refer to when asked about what sets us apart from other animals is our intellect. That said, how do we demonstrate such intelligence without technology? Any way that we care for each other or even other species is helped by technology. My view aligns best with the Utilitarian view. There will always be tasks that are low-skill and repetitive, and it's up to us to create the technology to increase the efficiency for such tasks. "", '', ""When we replace humans with machines, we lose the aspect of human encounters whenever we see a need for a task to be done. This, however, is not always a bad thing. There may be less of a need for human interaction, but we can't deny that we save the well-being of the person doing the task when we automate the job. This is partially why I disagree with the Dystopian view. Although we lose the necessity for basic courtesy, respect, and tolerance of other people in what would be a daily human encounter, that should not be a reason humans ""]",umans ',,,"[2, 536]","{'t': [4105861, 4106731], 'l': 6, 'o': [{'o': 'i', 'i': [2, 536], 'a': 'umans '}]}",,,
20787,60,370,4107.988,editor,d,"[""Without technology, we don't know what sets humans apart from other species. The crux of what we refer to when asked about what sets us apart from other animals is our intellect. That said, how do we demonstrate such intelligence without technology? Any way that we care for each other or even other species is helped by technology. My view aligns best with the Utilitarian view. There will always be tasks that are low-skill and repetitive, and it's up to us to create the technology to increase the efficiency for such tasks. "", '', ""When we replace humans with machines, we lose the aspect of human encounters whenever we see a need for a task to be done. This, however, is not always a bad thing. There may be less of a need for human interaction, but we can't deny that we save the well-being of the person doing the task when we automate the job. This is partially why I disagree with the Dystopian view. Although we lose the necessity for basic courtesy, respect, and tolerance of other people in what would be a daily human encounter, that should not be a reason ""]",,humans ',,"[[2, 535], [2, 542]]","{'t': 4107988, 'o': [{'o': 'd', 'i': [[2, 535], [2, 542]]}]}",,,
20788,60,371,4109.469,editor,i,"[""Without technology, we don't know what sets humans apart from other species. The crux of what we refer to when asked about what sets us apart from other animals is our intellect. That said, how do we demonstrate such intelligence without technology? Any way that we care for each other or even other species is helped by technology. My view aligns best with the Utilitarian view. There will always be tasks that are low-skill and repetitive, and it's up to us to create the technology to increase the efficiency for such tasks. "", '', ""When we replace humans with machines, we lose the aspect of human encounters whenever we see a need for a task to be done. This, however, is not always a bad thing. There may be less of a need for human interaction, but we can't deny that we save the well-being of the person doing the task when we automate the job. This is partially why I disagree with the Dystopian view. Although we lose the necessity for basic courtesy, respect, and tolerance of other people in what would be a daily human encounter, that should not be a reason t""]",t',,,"[2, 535]","{'t': 4109469, 'o': [{'o': 'i', 'i': [2, 535], 'a': 't'}]}",,,
20789,60,372,4112.814,editor,i,"[""Without technology, we don't know what sets humans apart from other species. The crux of what we refer to when asked about what sets us apart from other animals is our intellect. That said, how do we demonstrate such intelligence without technology? Any way that we care for each other or even other species is helped by technology. My view aligns best with the Utilitarian view. There will always be tasks that are low-skill and repetitive, and it's up to us to create the technology to increase the efficiency for such tasks. "", '', ""When we replace humans with machines, we lose the aspect of human encounters whenever we see a need for a task to be done. This, however, is not always a bad thing. There may be less of a need for human interaction, but we can't deny that we save the well-being of the person doing the task when we automate the job. This is partially why I disagree with the Dystopian view. Although we lose the necessity for basic courtesy, respect, and tolerance of other people in what would be a daily human encounter, that should not be a reason that people continue to ""]",hat people continue to ',,,"[2, 536]","{'t': [4109626, 4112814], 'l': 23, 'o': [{'o': 'i', 'i': [2, 536], 'a': 'hat people continue to '}]}",,,
20790,60,373,4345.241,editor,d,"[""Without technology, we don't know what sets humans apart from other species. The crux of what we refer to when asked about what sets us apart from other animals is our intellect. That said, how do we demonstrate such intelligence without technology? Any way that we care for each other or even other species is helped by technology. My view aligns best with the Utilitarian view. There will always be tasks that are low-skill and repetitive, and it's up to us to create the technology to increase the efficiency for such tasks. "", '', ""When we replace humans with machines, we lose the aspect of human encounters whenever we see a need for a task to be done. This, however, is not always a bad thing. There may be less of a need for human interaction, but we can't deny that we save the well-being of the person doing the task when we automate the job. This is partially why I disagree with the Dystopian view. Although we lose the necessity for basic courtesy, respect, and tolerance of other people in what would be a daily human encounter, that should not be a reason that people continue ""]",,to ',,"[[2, 556], [2, 559]]","{'t': 4345241, 'o': [{'o': 'd', 'i': [[2, 556], [2, 559]]}]}",,,
20791,60,374,4345.852,editor,d,"[""Without technology, we don't know what sets humans apart from other species. The crux of what we refer to when asked about what sets us apart from other animals is our intellect. That said, how do we demonstrate such intelligence without technology? Any way that we care for each other or even other species is helped by technology. My view aligns best with the Utilitarian view. There will always be tasks that are low-skill and repetitive, and it's up to us to create the technology to increase the efficiency for such tasks. "", '', ""When we replace humans with machines, we lose the aspect of human encounters whenever we see a need for a task to be done. This, however, is not always a bad thing. There may be less of a need for human interaction, but we can't deny that we save the well-being of the person doing the task when we automate the job. This is partially why I disagree with the Dystopian view. Although we lose the necessity for basic courtesy, respect, and tolerance of other people in what would be a daily human encounter, that should not be a reason ""]",,that people continue ',,"[[2, 535], [2, 556]]","{'t': [4345400, 4345852], 'l': 3, 'o': [{'o': 'd', 'i': [[2, 535], [2, 556]], 'd': [[5, 1], [7, 1], [9, 1]]}]}",,,
20792,60,375,4347.54,editor,i,"[""Without technology, we don't know what sets humans apart from other species. The crux of what we refer to when asked about what sets us apart from other animals is our intellect. That said, how do we demonstrate such intelligence without technology? Any way that we care for each other or even other species is helped by technology. My view aligns best with the Utilitarian view. There will always be tasks that are low-skill and repetitive, and it's up to us to create the technology to increase the efficiency for such tasks. "", '', ""When we replace humans with machines, we lose the aspect of human encounters whenever we see a need for a task to be done. This, however, is not always a bad thing. There may be less of a need for human interaction, but we can't deny that we save the well-being of the person doing the task when we automate the job. This is partially why I disagree with the Dystopian view. Although we lose the necessity for basic courtesy, respect, and tolerance of other people in what would be a daily human encounter, that should not be a reason to c""]",to c',,,"[2, 535]","{'t': [4346718, 4347540], 'l': 4, 'o': [{'o': 'i', 'i': [2, 535], 'a': 'to c'}]}",,,
20793,60,376,4348.133,editor,d,"[""Without technology, we don't know what sets humans apart from other species. The crux of what we refer to when asked about what sets us apart from other animals is our intellect. That said, how do we demonstrate such intelligence without technology? Any way that we care for each other or even other species is helped by technology. My view aligns best with the Utilitarian view. There will always be tasks that are low-skill and repetitive, and it's up to us to create the technology to increase the efficiency for such tasks. "", '', ""When we replace humans with machines, we lose the aspect of human encounters whenever we see a need for a task to be done. This, however, is not always a bad thing. There may be less of a need for human interaction, but we can't deny that we save the well-being of the person doing the task when we automate the job. This is partially why I disagree with the Dystopian view. Although we lose the necessity for basic courtesy, respect, and tolerance of other people in what would be a daily human encounter, that should not be a reason ""]",,to c',,"[[2, 535], [2, 539]]","{'t': [4347969, 4348133], 'l': 2, 'o': [{'o': 'd', 'i': [[2, 535], [2, 539]], 'd': [[3, 1], [1, 1]]}]}",,,
20794,60,377,4349.828,editor,i,"[""Without technology, we don't know what sets humans apart from other species. The crux of what we refer to when asked about what sets us apart from other animals is our intellect. That said, how do we demonstrate such intelligence without technology? Any way that we care for each other or even other species is helped by technology. My view aligns best with the Utilitarian view. There will always be tasks that are low-skill and repetitive, and it's up to us to create the technology to increase the efficiency for such tasks. "", '', ""When we replace humans with machines, we lose the aspect of human encounters whenever we see a need for a task to be done. This, however, is not always a bad thing. There may be less of a need for human interaction, but we can't deny that we save the well-being of the person doing the task when we automate the job. This is partially why I disagree with the Dystopian view. Although we lose the necessity for basic courtesy, respect, and tolerance of other people in what would be a daily human encounter, that should not be a reason that people c""]",that people c',,,"[2, 535]","{'t': [4348537, 4349828], 'l': 13, 'o': [{'o': 'i', 'i': [2, 535], 'a': 'that people c'}]}",,,
20795,60,378,4350.256,editor,d,"[""Without technology, we don't know what sets humans apart from other species. The crux of what we refer to when asked about what sets us apart from other animals is our intellect. That said, how do we demonstrate such intelligence without technology? Any way that we care for each other or even other species is helped by technology. My view aligns best with the Utilitarian view. There will always be tasks that are low-skill and repetitive, and it's up to us to create the technology to increase the efficiency for such tasks. "", '', ""When we replace humans with machines, we lose the aspect of human encounters whenever we see a need for a task to be done. This, however, is not always a bad thing. There may be less of a need for human interaction, but we can't deny that we save the well-being of the person doing the task when we automate the job. This is partially why I disagree with the Dystopian view. Although we lose the necessity for basic courtesy, respect, and tolerance of other people in what would be a daily human encounter, that should not be a reason that people ""]",,c',,"[[2, 547], [2, 548]]","{'t': 4350256, 'o': [{'o': 'd', 'i': [[2, 547], [2, 548]]}]}",,,
20796,60,379,4350.685,editor,i,"[""Without technology, we don't know what sets humans apart from other species. The crux of what we refer to when asked about what sets us apart from other animals is our intellect. That said, how do we demonstrate such intelligence without technology? Any way that we care for each other or even other species is helped by technology. My view aligns best with the Utilitarian view. There will always be tasks that are low-skill and repetitive, and it's up to us to create the technology to increase the efficiency for such tasks. "", '', ""When we replace humans with machines, we lose the aspect of human encounters whenever we see a need for a task to be done. This, however, is not always a bad thing. There may be less of a need for human interaction, but we can't deny that we save the well-being of the person doing the task when we automate the job. This is partially why I disagree with the Dystopian view. Although we lose the necessity for basic courtesy, respect, and tolerance of other people in what would be a daily human encounter, that should not be a reason that people sou""]",sou',,,"[2, 547]","{'t': [4350371, 4350685], 'l': 3, 'o': [{'o': 'i', 'i': [2, 547], 'a': 'sou'}]}",,,
20797,60,380,4351.195,editor,d,"[""Without technology, we don't know what sets humans apart from other species. The crux of what we refer to when asked about what sets us apart from other animals is our intellect. That said, how do we demonstrate such intelligence without technology? Any way that we care for each other or even other species is helped by technology. My view aligns best with the Utilitarian view. There will always be tasks that are low-skill and repetitive, and it's up to us to create the technology to increase the efficiency for such tasks. "", '', ""When we replace humans with machines, we lose the aspect of human encounters whenever we see a need for a task to be done. This, however, is not always a bad thing. There may be less of a need for human interaction, but we can't deny that we save the well-being of the person doing the task when we automate the job. This is partially why I disagree with the Dystopian view. Although we lose the necessity for basic courtesy, respect, and tolerance of other people in what would be a daily human encounter, that should not be a reason that people s""]",,ou',,"[[2, 548], [2, 550]]","{'t': [4351039, 4351195], 'l': 2, 'o': [{'o': 'd', 'i': [[2, 548], [2, 550]], 'd': [[1, 2]]}]}",,,
20798,60,381,4351.634,editor,i,"[""Without technology, we don't know what sets humans apart from other species. The crux of what we refer to when asked about what sets us apart from other animals is our intellect. That said, how do we demonstrate such intelligence without technology? Any way that we care for each other or even other species is helped by technology. My view aligns best with the Utilitarian view. There will always be tasks that are low-skill and repetitive, and it's up to us to create the technology to increase the efficiency for such tasks. "", '', ""When we replace humans with machines, we lose the aspect of human encounters whenever we see a need for a task to be done. This, however, is not always a bad thing. There may be less of a need for human interaction, but we can't deny that we save the well-being of the person doing the task when we automate the job. This is partially why I disagree with the Dystopian view. Although we lose the necessity for basic courtesy, respect, and tolerance of other people in what would be a daily human encounter, that should not be a reason that people so""]",o',,,"[2, 548]","{'t': 4351634, 'o': [{'o': 'i', 'i': [2, 548], 'a': 'o'}]}",,,
20799,60,382,4351.915,editor,d,"[""Without technology, we don't know what sets humans apart from other species. The crux of what we refer to when asked about what sets us apart from other animals is our intellect. That said, how do we demonstrate such intelligence without technology? Any way that we care for each other or even other species is helped by technology. My view aligns best with the Utilitarian view. There will always be tasks that are low-skill and repetitive, and it's up to us to create the technology to increase the efficiency for such tasks. "", '', ""When we replace humans with machines, we lose the aspect of human encounters whenever we see a need for a task to be done. This, however, is not always a bad thing. There may be less of a need for human interaction, but we can't deny that we save the well-being of the person doing the task when we automate the job. This is partially why I disagree with the Dystopian view. Although we lose the necessity for basic courtesy, respect, and tolerance of other people in what would be a daily human encounter, that should not be a reason that people s""]",,o',,"[[2, 548], [2, 549]]","{'t': 4351915, 'o': [{'o': 'd', 'i': [[2, 548], [2, 549]]}]}",,,
20800,60,383,4353.132,editor,i,"[""Without technology, we don't know what sets humans apart from other species. The crux of what we refer to when asked about what sets us apart from other animals is our intellect. That said, how do we demonstrate such intelligence without technology? Any way that we care for each other or even other species is helped by technology. My view aligns best with the Utilitarian view. There will always be tasks that are low-skill and repetitive, and it's up to us to create the technology to increase the efficiency for such tasks. "", '', ""When we replace humans with machines, we lose the aspect of human encounters whenever we see a need for a task to be done. This, however, is not always a bad thing. There may be less of a need for human interaction, but we can't deny that we save the well-being of the person doing the task when we automate the job. This is partially why I disagree with the Dystopian view. Although we lose the necessity for basic courtesy, respect, and tolerance of other people in what would be a daily human encounter, that should not be a reason that people should c""]",hould c',,,"[2, 548]","{'t': [4352152, 4353132], 'l': 7, 'o': [{'o': 'i', 'i': [2, 548], 'a': 'hould c'}]}",,,
20801,60,384,4353.362,editor,d,"[""Without technology, we don't know what sets humans apart from other species. The crux of what we refer to when asked about what sets us apart from other animals is our intellect. That said, how do we demonstrate such intelligence without technology? Any way that we care for each other or even other species is helped by technology. My view aligns best with the Utilitarian view. There will always be tasks that are low-skill and repetitive, and it's up to us to create the technology to increase the efficiency for such tasks. "", '', ""When we replace humans with machines, we lose the aspect of human encounters whenever we see a need for a task to be done. This, however, is not always a bad thing. There may be less of a need for human interaction, but we can't deny that we save the well-being of the person doing the task when we automate the job. This is partially why I disagree with the Dystopian view. Although we lose the necessity for basic courtesy, respect, and tolerance of other people in what would be a daily human encounter, that should not be a reason that people should ""]",,c',,"[[2, 554], [2, 555]]","{'t': 4353362, 'o': [{'o': 'd', 'i': [[2, 554], [2, 555]]}]}",,,
20802,60,385,4353.785,editor,i,"[""Without technology, we don't know what sets humans apart from other species. The crux of what we refer to when asked about what sets us apart from other animals is our intellect. That said, how do we demonstrate such intelligence without technology? Any way that we care for each other or even other species is helped by technology. My view aligns best with the Utilitarian view. There will always be tasks that are low-skill and repetitive, and it's up to us to create the technology to increase the efficiency for such tasks. "", '', ""When we replace humans with machines, we lose the aspect of human encounters whenever we see a need for a task to be done. This, however, is not always a bad thing. There may be less of a need for human interaction, but we can't deny that we save the well-being of the person doing the task when we automate the job. This is partially why I disagree with the Dystopian view. Although we lose the necessity for basic courtesy, respect, and tolerance of other people in what would be a daily human encounter, that should not be a reason that people should co""]",co',,,"[2, 554]","{'t': [4353698, 4353785], 'l': 2, 'o': [{'o': 'i', 'i': [2, 554], 'a': 'co'}]}",,,
20803,60,386,4354.685,editor,d,"[""Without technology, we don't know what sets humans apart from other species. The crux of what we refer to when asked about what sets us apart from other animals is our intellect. That said, how do we demonstrate such intelligence without technology? Any way that we care for each other or even other species is helped by technology. My view aligns best with the Utilitarian view. There will always be tasks that are low-skill and repetitive, and it's up to us to create the technology to increase the efficiency for such tasks. "", '', ""When we replace humans with machines, we lose the aspect of human encounters whenever we see a need for a task to be done. This, however, is not always a bad thing. There may be less of a need for human interaction, but we can't deny that we save the well-being of the person doing the task when we automate the job. This is partially why I disagree with the Dystopian view. Although we lose the necessity for basic courtesy, respect, and tolerance of other people in what would be a daily human encounter, that should not be a reason that people should ""]",,co',,"[[2, 554], [2, 556]]","{'t': [4354542, 4354685], 'l': 2, 'o': [{'o': 'd', 'i': [[2, 554], [2, 556]], 'd': [[1, 2]]}]}",,,
20804,60,387,4357.808,editor,i,"[""Without technology, we don't know what sets humans apart from other species. The crux of what we refer to when asked about what sets us apart from other animals is our intellect. That said, how do we demonstrate such intelligence without technology? Any way that we care for each other or even other species is helped by technology. My view aligns best with the Utilitarian view. There will always be tasks that are low-skill and repetitive, and it's up to us to create the technology to increase the efficiency for such tasks. "", '', ""When we replace humans with machines, we lose the aspect of human encounters whenever we see a need for a task to be done. This, however, is not always a bad thing. There may be less of a need for human interaction, but we can't deny that we save the well-being of the person doing the task when we automate the job. This is partially why I disagree with the Dystopian view. Although we lose the necessity for basic courtesy, respect, and tolerance of other people in what would be a daily human encounter, that should not be a reason that people should continue to ""]",continue to ',,,"[2, 554]","{'t': [4355626, 4357808], 'l': 12, 'o': [{'o': 'i', 'i': [2, 554], 'a': 'continue to '}]}",,,
20805,60,388,4360.937,editor,i,"[""Without technology, we don't know what sets humans apart from other species. The crux of what we refer to when asked about what sets us apart from other animals is our intellect. That said, how do we demonstrate such intelligence without technology? Any way that we care for each other or even other species is helped by technology. My view aligns best with the Utilitarian view. There will always be tasks that are low-skill and repetitive, and it's up to us to create the technology to increase the efficiency for such tasks. "", '', ""When we replace humans with machines, we lose the aspect of human encounters whenever we see a need for a task to be done. This, however, is not always a bad thing. There may be less of a need for human interaction, but we can't deny that we save the well-being of the person doing the task when we automate the job. This is partially why I disagree with the Dystopian view. Although we lose the necessity for basic courtesy, respect, and tolerance of other people in what would be a daily human encounter, that should not be a reason that people should continue to e""]",e',,,"[2, 566]","{'t': 4360937, 'o': [{'o': 'i', 'i': [2, 566], 'a': 'e'}]}",,,
20806,60,389,4362.556,editor,i,"[""Without technology, we don't know what sets humans apart from other species. The crux of what we refer to when asked about what sets us apart from other animals is our intellect. That said, how do we demonstrate such intelligence without technology? Any way that we care for each other or even other species is helped by technology. My view aligns best with the Utilitarian view. There will always be tasks that are low-skill and repetitive, and it's up to us to create the technology to increase the efficiency for such tasks. "", '', ""When we replace humans with machines, we lose the aspect of human encounters whenever we see a need for a task to be done. This, however, is not always a bad thing. There may be less of a need for human interaction, but we can't deny that we save the well-being of the person doing the task when we automate the job. This is partially why I disagree with the Dystopian view. Although we lose the necessity for basic courtesy, respect, and tolerance of other people in what would be a daily human encounter, that should not be a reason that people should continue to engage in ""]",ngage in ',,,"[2, 567]","{'t': [4361148, 4362556], 'l': 9, 'o': [{'o': 'i', 'i': [2, 567], 'a': 'ngage in '}]}",,,
20807,60,390,4363.844,editor,i,"[""Without technology, we don't know what sets humans apart from other species. The crux of what we refer to when asked about what sets us apart from other animals is our intellect. That said, how do we demonstrate such intelligence without technology? Any way that we care for each other or even other species is helped by technology. My view aligns best with the Utilitarian view. There will always be tasks that are low-skill and repetitive, and it's up to us to create the technology to increase the efficiency for such tasks. "", '', ""When we replace humans with machines, we lose the aspect of human encounters whenever we see a need for a task to be done. This, however, is not always a bad thing. There may be less of a need for human interaction, but we can't deny that we save the well-being of the person doing the task when we automate the job. This is partially why I disagree with the Dystopian view. Although we lose the necessity for basic courtesy, respect, and tolerance of other people in what would be a daily human encounter, that should not be a reason that people should continue to engage in i""]",i',,,"[2, 576]","{'t': 4363844, 'o': [{'o': 'i', 'i': [2, 576], 'a': 'i'}]}",,,
20808,60,391,4368.886,editor,i,"[""Without technology, we don't know what sets humans apart from other species. The crux of what we refer to when asked about what sets us apart from other animals is our intellect. That said, how do we demonstrate such intelligence without technology? Any way that we care for each other or even other species is helped by technology. My view aligns best with the Utilitarian view. There will always be tasks that are low-skill and repetitive, and it's up to us to create the technology to increase the efficiency for such tasks. "", '', ""When we replace humans with machines, we lose the aspect of human encounters whenever we see a need for a task to be done. This, however, is not always a bad thing. There may be less of a need for human interaction, but we can't deny that we save the well-being of the person doing the task when we automate the job. This is partially why I disagree with the Dystopian view. Although we lose the necessity for basic courtesy, respect, and tolerance of other people in what would be a daily human encounter, that should not be a reason that people should continue to engage in ineffcient, monotinous ""]","neffcient, monotinous '",,,"[2, 577]","{'t': [4364035, 4368886], 'l': 22, 'o': [{'o': 'i', 'i': [2, 577], 'a': 'neffcient, monotinous '}]}",,,
20809,60,392,4385.304,editor,i,"[""Without technology, we don't know what sets humans apart from other species. The crux of what we refer to when asked about what sets us apart from other animals is our intellect. That said, how do we demonstrate such intelligence without technology? Any way that we care for each other or even other species is helped by technology. My view aligns best with the Utilitarian view. There will always be tasks that are low-skill and repetitive, and it's up to us to create the technology to increase the efficiency for such tasks. "", '', ""When we replace humans with machines, we lose the aspect of human encounters whenever we see a need for a task to be done. This, however, is not always a bad thing. There may be less of a need for human interaction, but we can't deny that we save the well-being of the person doing the task when we automate the job. This is partially why I disagree with the Dystopian view. Although we lose the necessity for basic courtesy, respect, and tolerance of other people in what would be a daily human encounter, that should not be a reason that people should continue to engage in ineffcient, monotinous w""]",w',,,"[2, 599]","{'t': 4385304, 'o': [{'o': 'i', 'i': [2, 599], 'a': 'w'}]}",,,
20810,60,393,4386.433,editor,i,"[""Without technology, we don't know what sets humans apart from other species. The crux of what we refer to when asked about what sets us apart from other animals is our intellect. That said, how do we demonstrate such intelligence without technology? Any way that we care for each other or even other species is helped by technology. My view aligns best with the Utilitarian view. There will always be tasks that are low-skill and repetitive, and it's up to us to create the technology to increase the efficiency for such tasks. "", '', ""When we replace humans with machines, we lose the aspect of human encounters whenever we see a need for a task to be done. This, however, is not always a bad thing. There may be less of a need for human interaction, but we can't deny that we save the well-being of the person doing the task when we automate the job. This is partially why I disagree with the Dystopian view. Although we lose the necessity for basic courtesy, respect, and tolerance of other people in what would be a daily human encounter, that should not be a reason that people should continue to engage in ineffcient, monotinous work.""]",ork.',,,"[2, 600]","{'t': [4385411, 4386433], 'l': 4, 'o': [{'o': 'i', 'i': [2, 600], 'a': 'ork.'}]}",,,
20811,60,394,4404.581,editor,i,"[""Without technology, we don't know what sets humans apart from other species. The crux of what we refer to when asked about what sets us apart from other animals is our intellect. That said, how do we demonstrate such intelligence without technology? Any way that we care for each other or even other species is helped by technology. My view aligns best with the Utilitarian view. There will always be tasks that are low-skill and repetitive, and it's up to us to create the technology to increase the efficiency for such tasks. "", '', ""When we replace humans with machines, we lose the aspect of human encounters whenever we see a need for a task to be done. This, however, is not always a bad thing. There may be less of a need for human interaction, but we can't deny that we save the well-being of the person doing the task when we automate the job. This is partially why I disagree with the Dystopian view. Although we lose the necessity for basic courtesy, respect, and tolerance of other people in what would be a daily human encounter, that should not be a reason that people should continue to engage in ineffcient, monotinous work. ""]",,,,"[2, 604]","{'t': 4404581, 'o': [{'o': 'i', 'i': [2, 604], 'a': ' '}]}",,,
20812,60,395,4409.459,editor,i,"[""Without technology, we don't know what sets humans apart from other species. The crux of what we refer to when asked about what sets us apart from other animals is our intellect. That said, how do we demonstrate such intelligence without technology? Any way that we care for each other or even other species is helped by technology. My view aligns best with the Utilitarian view. There will always be tasks that are low-skill and repetitive, and it's up to us to create the technology to increase the efficiency for such tasks. "", '', ""When we replace humans with machines, we lose the aspect of human encounters whenever we see a need for a task to be done. This, however, is not always a bad thing. There may be less of a need for human interaction, but we can't deny that we save the well-being of the person doing the task when we automate the job. This is partially why I disagree with the Dystopian view. Although we lose the necessity for basic courtesy, respect, and tolerance of other people in what would be a daily human encounter, that should not be a reason that people should continue to engage in ineffcient, monotinous work. We may be social animals b ""]",We may be social animals b ',,,"[2, 605]","{'t': [4404749, 4409459], 'l': 27, 'o': [{'o': 'i', 'i': [2, 605], 'a': 'We may be social animals b '}]}",,,
20813,60,396,4409.809,editor,d,"[""Without technology, we don't know what sets humans apart from other species. The crux of what we refer to when asked about what sets us apart from other animals is our intellect. That said, how do we demonstrate such intelligence without technology? Any way that we care for each other or even other species is helped by technology. My view aligns best with the Utilitarian view. There will always be tasks that are low-skill and repetitive, and it's up to us to create the technology to increase the efficiency for such tasks. "", '', ""When we replace humans with machines, we lose the aspect of human encounters whenever we see a need for a task to be done. This, however, is not always a bad thing. There may be less of a need for human interaction, but we can't deny that we save the well-being of the person doing the task when we automate the job. This is partially why I disagree with the Dystopian view. Although we lose the necessity for basic courtesy, respect, and tolerance of other people in what would be a daily human encounter, that should not be a reason that people should continue to engage in ineffcient, monotinous work. We may be social animals b""]",,,,"[[2, 631], [2, 632]]","{'t': 4409809, 'o': [{'o': 'd', 'i': [[2, 631], [2, 632]]}]}",,,
20814,60,397,4411.988,editor,i,"[""Without technology, we don't know what sets humans apart from other species. The crux of what we refer to when asked about what sets us apart from other animals is our intellect. That said, how do we demonstrate such intelligence without technology? Any way that we care for each other or even other species is helped by technology. My view aligns best with the Utilitarian view. There will always be tasks that are low-skill and repetitive, and it's up to us to create the technology to increase the efficiency for such tasks. "", '', ""When we replace humans with machines, we lose the aspect of human encounters whenever we see a need for a task to be done. This, however, is not always a bad thing. There may be less of a need for human interaction, but we can't deny that we save the well-being of the person doing the task when we automate the job. This is partially why I disagree with the Dystopian view. Although we lose the necessity for basic courtesy, respect, and tolerance of other people in what would be a daily human encounter, that should not be a reason that people should continue to engage in ineffcient, monotinous work. We may be social animals by nature, u""]","y nature, u'",,,"[2, 631]","{'t': [4410029, 4411988], 'l': 11, 'o': [{'o': 'i', 'i': [2, 631], 'a': 'y nature, u'}]}",,,
20815,60,398,4412.297,editor,d,"[""Without technology, we don't know what sets humans apart from other species. The crux of what we refer to when asked about what sets us apart from other animals is our intellect. That said, how do we demonstrate such intelligence without technology? Any way that we care for each other or even other species is helped by technology. My view aligns best with the Utilitarian view. There will always be tasks that are low-skill and repetitive, and it's up to us to create the technology to increase the efficiency for such tasks. "", '', ""When we replace humans with machines, we lose the aspect of human encounters whenever we see a need for a task to be done. This, however, is not always a bad thing. There may be less of a need for human interaction, but we can't deny that we save the well-being of the person doing the task when we automate the job. This is partially why I disagree with the Dystopian view. Although we lose the necessity for basic courtesy, respect, and tolerance of other people in what would be a daily human encounter, that should not be a reason that people should continue to engage in ineffcient, monotinous work. We may be social animals by nature, ""]",,u',,"[[2, 641], [2, 642]]","{'t': 4412297, 'o': [{'o': 'd', 'i': [[2, 641], [2, 642]]}]}",,,
20816,60,399,4417.118,editor,i,"[""Without technology, we don't know what sets humans apart from other species. The crux of what we refer to when asked about what sets us apart from other animals is our intellect. That said, how do we demonstrate such intelligence without technology? Any way that we care for each other or even other species is helped by technology. My view aligns best with the Utilitarian view. There will always be tasks that are low-skill and repetitive, and it's up to us to create the technology to increase the efficiency for such tasks. "", '', ""When we replace humans with machines, we lose the aspect of human encounters whenever we see a need for a task to be done. This, however, is not always a bad thing. There may be less of a need for human interaction, but we can't deny that we save the well-being of the person doing the task when we automate the job. This is partially why I disagree with the Dystopian view. Although we lose the necessity for basic courtesy, respect, and tolerance of other people in what would be a daily human encounter, that should not be a reason that people should continue to engage in ineffcient, monotinous work. We may be social animals by nature, but it is also in our nature to a ""]",but it is also in our nature to a ',,,"[2, 641]","{'t': [4412552, 4417118], 'l': 34, 'o': [{'o': 'i', 'i': [2, 641], 'a': 'but it is also in our nature to a '}]}",,,
20817,60,400,4417.494,editor,d,"[""Without technology, we don't know what sets humans apart from other species. The crux of what we refer to when asked about what sets us apart from other animals is our intellect. That said, how do we demonstrate such intelligence without technology? Any way that we care for each other or even other species is helped by technology. My view aligns best with the Utilitarian view. There will always be tasks that are low-skill and repetitive, and it's up to us to create the technology to increase the efficiency for such tasks. "", '', ""When we replace humans with machines, we lose the aspect of human encounters whenever we see a need for a task to be done. This, however, is not always a bad thing. There may be less of a need for human interaction, but we can't deny that we save the well-being of the person doing the task when we automate the job. This is partially why I disagree with the Dystopian view. Although we lose the necessity for basic courtesy, respect, and tolerance of other people in what would be a daily human encounter, that should not be a reason that people should continue to engage in ineffcient, monotinous work. We may be social animals by nature, but it is also in our nature to a""]",,,,"[[2, 674], [2, 675]]","{'t': 4417494, 'o': [{'o': 'd', 'i': [[2, 674], [2, 675]]}]}",,,
20818,60,401,4420.263,editor,i,"[""Without technology, we don't know what sets humans apart from other species. The crux of what we refer to when asked about what sets us apart from other animals is our intellect. That said, how do we demonstrate such intelligence without technology? Any way that we care for each other or even other species is helped by technology. My view aligns best with the Utilitarian view. There will always be tasks that are low-skill and repetitive, and it's up to us to create the technology to increase the efficiency for such tasks. "", '', ""When we replace humans with machines, we lose the aspect of human encounters whenever we see a need for a task to be done. This, however, is not always a bad thing. There may be less of a need for human interaction, but we can't deny that we save the well-being of the person doing the task when we automate the job. This is partially why I disagree with the Dystopian view. Although we lose the necessity for basic courtesy, respect, and tolerance of other people in what would be a daily human encounter, that should not be a reason that people should continue to engage in ineffcient, monotinous work. We may be social animals by nature, but it is also in our nature to adapt to the ""]",dapt to the ',,,"[2, 674]","{'t': [4417631, 4420263], 'l': 12, 'o': [{'o': 'i', 'i': [2, 674], 'a': 'dapt to the '}]}",,,
20819,60,402,4422.872,editor,i,"[""Without technology, we don't know what sets humans apart from other species. The crux of what we refer to when asked about what sets us apart from other animals is our intellect. That said, how do we demonstrate such intelligence without technology? Any way that we care for each other or even other species is helped by technology. My view aligns best with the Utilitarian view. There will always be tasks that are low-skill and repetitive, and it's up to us to create the technology to increase the efficiency for such tasks. "", '', ""When we replace humans with machines, we lose the aspect of human encounters whenever we see a need for a task to be done. This, however, is not always a bad thing. There may be less of a need for human interaction, but we can't deny that we save the well-being of the person doing the task when we automate the job. This is partially why I disagree with the Dystopian view. Although we lose the necessity for basic courtesy, respect, and tolerance of other people in what would be a daily human encounter, that should not be a reason that people should continue to engage in ineffcient, monotinous work. We may be social animals by nature, but it is also in our nature to adapt to the c""]",c',,,"[2, 686]","{'t': 4422872, 'o': [{'o': 'i', 'i': [2, 686], 'a': 'c'}]}",,,
20820,60,403,4423.976,editor,i,"[""Without technology, we don't know what sets humans apart from other species. The crux of what we refer to when asked about what sets us apart from other animals is our intellect. That said, how do we demonstrate such intelligence without technology? Any way that we care for each other or even other species is helped by technology. My view aligns best with the Utilitarian view. There will always be tasks that are low-skill and repetitive, and it's up to us to create the technology to increase the efficiency for such tasks. "", '', ""When we replace humans with machines, we lose the aspect of human encounters whenever we see a need for a task to be done. This, however, is not always a bad thing. There may be less of a need for human interaction, but we can't deny that we save the well-being of the person doing the task when we automate the job. This is partially why I disagree with the Dystopian view. Although we lose the necessity for basic courtesy, respect, and tolerance of other people in what would be a daily human encounter, that should not be a reason that people should continue to engage in ineffcient, monotinous work. We may be social animals by nature, but it is also in our nature to adapt to the cirucme""]",irucme',,,"[2, 687]","{'t': [4422981, 4423976], 'l': 6, 'o': [{'o': 'i', 'i': [2, 687], 'a': 'irucme'}]}",,,
20821,60,404,4424.517,editor,d,"[""Without technology, we don't know what sets humans apart from other species. The crux of what we refer to when asked about what sets us apart from other animals is our intellect. That said, how do we demonstrate such intelligence without technology? Any way that we care for each other or even other species is helped by technology. My view aligns best with the Utilitarian view. There will always be tasks that are low-skill and repetitive, and it's up to us to create the technology to increase the efficiency for such tasks. "", '', ""When we replace humans with machines, we lose the aspect of human encounters whenever we see a need for a task to be done. This, however, is not always a bad thing. There may be less of a need for human interaction, but we can't deny that we save the well-being of the person doing the task when we automate the job. This is partially why I disagree with the Dystopian view. Although we lose the necessity for basic courtesy, respect, and tolerance of other people in what would be a daily human encounter, that should not be a reason that people should continue to engage in ineffcient, monotinous work. We may be social animals by nature, but it is also in our nature to adapt to the cirucm""]",,e',,"[[2, 692], [2, 693]]","{'t': 4424517, 'o': [{'o': 'd', 'i': [[2, 692], [2, 693]]}]}",,,
20822,60,405,4427.976,editor,i,"[""Without technology, we don't know what sets humans apart from other species. The crux of what we refer to when asked about what sets us apart from other animals is our intellect. That said, how do we demonstrate such intelligence without technology? Any way that we care for each other or even other species is helped by technology. My view aligns best with the Utilitarian view. There will always be tasks that are low-skill and repetitive, and it's up to us to create the technology to increase the efficiency for such tasks. "", '', ""When we replace humans with machines, we lose the aspect of human encounters whenever we see a need for a task to be done. This, however, is not always a bad thing. There may be less of a need for human interaction, but we can't deny that we save the well-being of the person doing the task when we automate the job. This is partially why I disagree with the Dystopian view. Although we lose the necessity for basic courtesy, respect, and tolerance of other people in what would be a daily human encounter, that should not be a reason that people should continue to engage in ineffcient, monotinous work. We may be social animals by nature, but it is also in our nature to adapt to the cirucmstances as they come up.""]",stances as they come up.',,,"[2, 692]","{'t': [4424699, 4427976], 'l': 24, 'o': [{'o': 'i', 'i': [2, 692], 'a': 'stances as they come up.'}]}",,,
20823,60,406,4458.131,editor,i,"[""Without technology, we don't know what sets humans apart from other species. The crux of what we refer to when asked about what sets us apart from other animals is our intellect. That said, how do we demonstrate such intelligence without technology? Any way that we care for each other or even other species is helped by technology. My view aligns best with the Utilitarian view. There will always be tasks that are low-skill and repetitive, and it's up to us to create the technology to increase the efficiency for such tasks. "", '', ""When we replace humans with machines, we lose the aspect of human encounters whenever we see a need for a task to be done. This, however, is not always a bad thing. There may be less of a need for human interaction, but we can't deny that we save the well-being of the person doing the task when we automate the job. This is partially why I disagree with the Dystopian view. Although we lose the necessity for basic courtesy, respect, and tolerance of other people in what would be a daily human encounter, that should not be a reason that people should continue to engage in ineffcient, monotinous work. We may be social animals by nature, but it is also in our nature to adapt to the cirucmstances as they come up."", '']",\n',,,"[2, 716]","{'t': 4458131, 'o': [{'o': 'i', 'i': [2, 716], 'a': '\n'}]}",,,
20824,60,407,4458.335,editor,i,"[""Without technology, we don't know what sets humans apart from other species. The crux of what we refer to when asked about what sets us apart from other animals is our intellect. That said, how do we demonstrate such intelligence without technology? Any way that we care for each other or even other species is helped by technology. My view aligns best with the Utilitarian view. There will always be tasks that are low-skill and repetitive, and it's up to us to create the technology to increase the efficiency for such tasks. "", '', ""When we replace humans with machines, we lose the aspect of human encounters whenever we see a need for a task to be done. This, however, is not always a bad thing. There may be less of a need for human interaction, but we can't deny that we save the well-being of the person doing the task when we automate the job. This is partially why I disagree with the Dystopian view. Although we lose the necessity for basic courtesy, respect, and tolerance of other people in what would be a daily human encounter, that should not be a reason that people should continue to engage in ineffcient, monotinous work. We may be social animals by nature, but it is also in our nature to adapt to the cirucmstances as they come up."", '', '']",\n',,,"[3, 0]","{'t': 4458335, 'o': [{'o': 'i', 'i': [3, 0], 'a': '\n'}]}",,,
20825,60,408,4495.832,editor,i,"[""Without technology, we don't know what sets humans apart from other species. The crux of what we refer to when asked about what sets us apart from other animals is our intellect. That said, how do we demonstrate such intelligence without technology? Any way that we care for each other or even other species is helped by technology. My view aligns best with the Utilitarian view. There will always be tasks that are low-skill and repetitive, and it's up to us to create the technology to increase the efficiency for such tasks. "", '', ""When we replace humans with machines, we lose the aspect of human encounters whenever we see a need for a task to be done. This, however, is not always a bad thing. There may be less of a need for human interaction, but we can't deny that we save the well-being of the person doing the task when we automate the job. This is partially why I disagree with the Dystopian view. Although we lose the necessity for basic courtesy, respect, and tolerance of other people in what would be a daily human encounter, that should not be a reason that people should continue to engage in ineffcient, monotinous work. We may be social animals by nature, but it is also in our nature to adapt to the cirucmstances as they come up."", '', 'T']",T',,,"[4, 0]","{'t': 4495832, 'o': [{'o': 'i', 'i': [4, 0], 'a': 'T'}]}",,,
20826,60,409,4499.003,editor,i,"[""Without technology, we don't know what sets humans apart from other species. The crux of what we refer to when asked about what sets us apart from other animals is our intellect. That said, how do we demonstrate such intelligence without technology? Any way that we care for each other or even other species is helped by technology. My view aligns best with the Utilitarian view. There will always be tasks that are low-skill and repetitive, and it's up to us to create the technology to increase the efficiency for such tasks. "", '', ""When we replace humans with machines, we lose the aspect of human encounters whenever we see a need for a task to be done. This, however, is not always a bad thing. There may be less of a need for human interaction, but we can't deny that we save the well-being of the person doing the task when we automate the job. This is partially why I disagree with the Dystopian view. Although we lose the necessity for basic courtesy, respect, and tolerance of other people in what would be a daily human encounter, that should not be a reason that people should continue to engage in ineffcient, monotinous work. We may be social animals by nature, but it is also in our nature to adapt to the cirucmstances as they come up."", '', 'The progressive vi']",he progressive vi',,,"[4, 1]","{'t': [4496016, 4499003], 'l': 17, 'o': [{'o': 'i', 'i': [4, 1], 'a': 'he progressive vi'}]}",,,
20827,60,410,4502.81,editor,i,"[""Without technology, we don't know what sets humans apart from other species. The crux of what we refer to when asked about what sets us apart from other animals is our intellect. That said, how do we demonstrate such intelligence without technology? Any way that we care for each other or even other species is helped by technology. My view aligns best with the Utilitarian view. There will always be tasks that are low-skill and repetitive, and it's up to us to create the technology to increase the efficiency for such tasks. "", '', ""When we replace humans with machines, we lose the aspect of human encounters whenever we see a need for a task to be done. This, however, is not always a bad thing. There may be less of a need for human interaction, but we can't deny that we save the well-being of the person doing the task when we automate the job. This is partially why I disagree with the Dystopian view. Although we lose the necessity for basic courtesy, respect, and tolerance of other people in what would be a daily human encounter, that should not be a reason that people should continue to engage in ineffcient, monotinous work. We may be social animals by nature, but it is also in our nature to adapt to the cirucmstances as they come up."", '', 'The progressive vie']",e',,,"[4, 18]","{'t': 4502810, 'o': [{'o': 'i', 'i': [4, 18], 'a': 'e'}]}",,,
20828,60,411,4502.875,editor,i,"[""Without technology, we don't know what sets humans apart from other species. The crux of what we refer to when asked about what sets us apart from other animals is our intellect. That said, how do we demonstrate such intelligence without technology? Any way that we care for each other or even other species is helped by technology. My view aligns best with the Utilitarian view. There will always be tasks that are low-skill and repetitive, and it's up to us to create the technology to increase the efficiency for such tasks. "", '', ""When we replace humans with machines, we lose the aspect of human encounters whenever we see a need for a task to be done. This, however, is not always a bad thing. There may be less of a need for human interaction, but we can't deny that we save the well-being of the person doing the task when we automate the job. This is partially why I disagree with the Dystopian view. Although we lose the necessity for basic courtesy, respect, and tolerance of other people in what would be a daily human encounter, that should not be a reason that people should continue to engage in ineffcient, monotinous work. We may be social animals by nature, but it is also in our nature to adapt to the cirucmstances as they come up."", '', 'The progressive view']",w',,,"[4, 19]","{'t': 4502875, 'o': [{'o': 'i', 'i': [4, 19], 'a': 'w'}]}",,,
20829,60,412,4529.382,editor,d,"[""Without technology, we don't know what sets humans apart from other species. The crux of what we refer to when asked about what sets us apart from other animals is our intellect. That said, how do we demonstrate such intelligence without technology? Any way that we care for each other or even other species is helped by technology. My view aligns best with the Utilitarian view. There will always be tasks that are low-skill and repetitive, and it's up to us to create the technology to increase the efficiency for such tasks. "", '', ""When we replace humans with machines, we lose the aspect of human encounters whenever we see a need for a task to be done. This, however, is not always a bad thing. There may be less of a need for human interaction, but we can't deny that we save the well-being of the person doing the task when we automate the job. This is partially why I disagree with the Dystopian view. Although we lose the necessity for basic courtesy, respect, and tolerance of other people in what would be a daily human encounter, that should not be a reason that people should continue to engage in ineffcient, monotinous work. We may be social animals by nature, but it is also in our nature to adapt to the cirucmstances as they come up."", '', 'The progressive ']",,view',,"[[4, 16], [4, 20]]","{'t': 4529382, 'o': [{'o': 'd', 'i': [[4, 16], [4, 20]]}]}",,,
20830,60,413,4529.537,editor,d,"[""Without technology, we don't know what sets humans apart from other species. The crux of what we refer to when asked about what sets us apart from other animals is our intellect. That said, how do we demonstrate such intelligence without technology? Any way that we care for each other or even other species is helped by technology. My view aligns best with the Utilitarian view. There will always be tasks that are low-skill and repetitive, and it's up to us to create the technology to increase the efficiency for such tasks. "", '', ""When we replace humans with machines, we lose the aspect of human encounters whenever we see a need for a task to be done. This, however, is not always a bad thing. There may be less of a need for human interaction, but we can't deny that we save the well-being of the person doing the task when we automate the job. This is partially why I disagree with the Dystopian view. Although we lose the necessity for basic courtesy, respect, and tolerance of other people in what would be a daily human encounter, that should not be a reason that people should continue to engage in ineffcient, monotinous work. We may be social animals by nature, but it is also in our nature to adapt to the cirucmstances as they come up."", '', 'The ']",,progressive ',,"[[4, 4], [4, 16]]","{'t': 4529537, 'o': [{'o': 'd', 'i': [[4, 4], [4, 16]]}]}",,,
20831,60,414,4550.939,editor,d,"[""Without technology, we don't know what sets humans apart from other species. The crux of what we refer to when asked about what sets us apart from other animals is our intellect. That said, how do we demonstrate such intelligence without technology? Any way that we care for each other or even other species is helped by technology. My view aligns best with the Utilitarian view. There will always be tasks that are low-skill and repetitive, and it's up to us to create the technology to increase the efficiency for such tasks. "", '', ""When we replace humans with machines, we lose the aspect of human encounters whenever we see a need for a task to be done. This, however, is not always a bad thing. There may be less of a need for human interaction, but we can't deny that we save the well-being of the person doing the task when we automate the job. This is partially why I disagree with the Dystopian view. Although we lose the necessity for basic courtesy, respect, and tolerance of other people in what would be a daily human encounter, that should not be a reason that people should continue to engage in ineffcient, monotinous work. We may be social animals by nature, but it is also in our nature to adapt to the cirucmstances as they come up."", '', '']",,The ',,"[[4, 0], [4, 4]]","{'t': 4550939, 'o': [{'o': 'd', 'i': [[4, 0], [4, 4]]}]}",,,
20832,60,415,4557.136,editor,i,"[""Without technology, we don't know what sets humans apart from other species. The crux of what we refer to when asked about what sets us apart from other animals is our intellect. That said, how do we demonstrate such intelligence without technology? Any way that we care for each other or even other species is helped by technology. My view aligns best with the Utilitarian view. There will always be tasks that are low-skill and repetitive, and it's up to us to create the technology to increase the efficiency for such tasks. "", '', ""When we replace humans with machines, we lose the aspect of human encounters whenever we see a need for a task to be done. This, however, is not always a bad thing. There may be less of a need for human interaction, but we can't deny that we save the well-being of the person doing the task when we automate the job. This is partially why I disagree with the Dystopian view. Although we lose the necessity for basic courtesy, respect, and tolerance of other people in what would be a daily human encounter, that should not be a reason that people should continue to engage in ineffcient, monotinous work. We may be social animals by nature, but it is also in our nature to adapt to the cirucmstances as they come up."", '', 'Intelligent machines challenge ou ']",Intelligent machines challenge ou ',,,"[4, 0]","{'t': [4551309, 4557136], 'l': 34, 'o': [{'o': 'i', 'i': [4, 0], 'a': 'Intelligent machines challenge ou '}]}",,,
20833,60,416,4557.443,editor,d,"[""Without technology, we don't know what sets humans apart from other species. The crux of what we refer to when asked about what sets us apart from other animals is our intellect. That said, how do we demonstrate such intelligence without technology? Any way that we care for each other or even other species is helped by technology. My view aligns best with the Utilitarian view. There will always be tasks that are low-skill and repetitive, and it's up to us to create the technology to increase the efficiency for such tasks. "", '', ""When we replace humans with machines, we lose the aspect of human encounters whenever we see a need for a task to be done. This, however, is not always a bad thing. There may be less of a need for human interaction, but we can't deny that we save the well-being of the person doing the task when we automate the job. This is partially why I disagree with the Dystopian view. Although we lose the necessity for basic courtesy, respect, and tolerance of other people in what would be a daily human encounter, that should not be a reason that people should continue to engage in ineffcient, monotinous work. We may be social animals by nature, but it is also in our nature to adapt to the cirucmstances as they come up."", '', 'Intelligent machines challenge ou']",,,,"[[4, 33], [4, 34]]","{'t': 4557443, 'o': [{'o': 'd', 'i': [[4, 33], [4, 34]]}]}",,,
20834,60,417,4560.39,editor,i,"[""Without technology, we don't know what sets humans apart from other species. The crux of what we refer to when asked about what sets us apart from other animals is our intellect. That said, how do we demonstrate such intelligence without technology? Any way that we care for each other or even other species is helped by technology. My view aligns best with the Utilitarian view. There will always be tasks that are low-skill and repetitive, and it's up to us to create the technology to increase the efficiency for such tasks. "", '', ""When we replace humans with machines, we lose the aspect of human encounters whenever we see a need for a task to be done. This, however, is not always a bad thing. There may be less of a need for human interaction, but we can't deny that we save the well-being of the person doing the task when we automate the job. This is partially why I disagree with the Dystopian view. Although we lose the necessity for basic courtesy, respect, and tolerance of other people in what would be a daily human encounter, that should not be a reason that people should continue to engage in ineffcient, monotinous work. We may be social animals by nature, but it is also in our nature to adapt to the cirucmstances as they come up."", '', 'Intelligent machines challenge our understanding ']",r understanding ',,,"[4, 33]","{'t': [4557760, 4560390], 'l': 16, 'o': [{'o': 'i', 'i': [4, 33], 'a': 'r understanding '}]}",,,
20835,60,418,4646.808,editor,o,"[""Without technology, we don't know what sets humans apart from other species. The crux of what we refer to when asked about what sets us apart from other animals is our intellect. That said, how do we demonstrate such intelligence without technology? Any way that we care for each other or even other species is helped by technology. My view aligns best with the Utilitarian view. There will always be tasks that are low-skill and repetitive, and it's up to us to create the technology to increase the efficiency for such tasks. "", '', ""When we replace humans with machines, we lose the aspect of human encounters whenever we see a need for a task to be done. This, however, is not always a bad thing. There may be less of a need for human interaction, but we can't deny that we save the well-being of the person doing the task when we automate the job. This is partially why I disagree with the Dystopian view. Although we lose the necessity for basic courtesy, respect, and tolerance of other people in what would be a daily human encounter, that should not be a reason that people should continue to engage in ineffcient, monotinous work. We may be social animals by nature, but it is also in our nature to adapt to the cirucmstances as they come up."", '', 'Intelligent machines challenge our understanding ']",,,,"[0, 372]","{'t': 4646808, 'o': [{'o': 'o', 'i': [0, 372]}]}",,,
20836,60,419,4647.488,editor,o,"[""Without technology, we don't know what sets humans apart from other species. The crux of what we refer to when asked about what sets us apart from other animals is our intellect. That said, how do we demonstrate such intelligence without technology? Any way that we care for each other or even other species is helped by technology. My view aligns best with the Utilitarian view. There will always be tasks that are low-skill and repetitive, and it's up to us to create the technology to increase the efficiency for such tasks. "", '', ""When we replace humans with machines, we lose the aspect of human encounters whenever we see a need for a task to be done. This, however, is not always a bad thing. There may be less of a need for human interaction, but we can't deny that we save the well-being of the person doing the task when we automate the job. This is partially why I disagree with the Dystopian view. Although we lose the necessity for basic courtesy, respect, and tolerance of other people in what would be a daily human encounter, that should not be a reason that people should continue to engage in ineffcient, monotinous work. We may be social animals by nature, but it is also in our nature to adapt to the cirucmstances as they come up."", '', 'Intelligent machines challenge our understanding ']",,,,"[0, 373]","{'t': 4647488, 'o': [{'o': 'o', 'i': [0, 373]}]}",,,
20837,60,420,4647.83,editor,d,"[""Without technology, we don't know what sets humans apart from other species. The crux of what we refer to when asked about what sets us apart from other animals is our intellect. That said, how do we demonstrate such intelligence without technology? Any way that we care for each other or even other species is helped by technology. My view aligns best with the  view. There will always be tasks that are low-skill and repetitive, and it's up to us to create the technology to increase the efficiency for such tasks. "", '', ""When we replace humans with machines, we lose the aspect of human encounters whenever we see a need for a task to be done. This, however, is not always a bad thing. There may be less of a need for human interaction, but we can't deny that we save the well-being of the person doing the task when we automate the job. This is partially why I disagree with the Dystopian view. Although we lose the necessity for basic courtesy, respect, and tolerance of other people in what would be a daily human encounter, that should not be a reason that people should continue to engage in ineffcient, monotinous work. We may be social animals by nature, but it is also in our nature to adapt to the cirucmstances as they come up."", '', 'Intelligent machines challenge our understanding ']",,Utilitarian',,"[[0, 362], [0, 373]]","{'t': 4647830, 'o': [{'o': 'd', 'i': [[0, 362], [0, 373]]}]}",,,
20838,60,421,4649.926,editor,i,"[""Without technology, we don't know what sets humans apart from other species. The crux of what we refer to when asked about what sets us apart from other animals is our intellect. That said, how do we demonstrate such intelligence without technology? Any way that we care for each other or even other species is helped by technology. My view aligns best with the Progressive view. There will always be tasks that are low-skill and repetitive, and it's up to us to create the technology to increase the efficiency for such tasks. "", '', ""When we replace humans with machines, we lose the aspect of human encounters whenever we see a need for a task to be done. This, however, is not always a bad thing. There may be less of a need for human interaction, but we can't deny that we save the well-being of the person doing the task when we automate the job. This is partially why I disagree with the Dystopian view. Although we lose the necessity for basic courtesy, respect, and tolerance of other people in what would be a daily human encounter, that should not be a reason that people should continue to engage in ineffcient, monotinous work. We may be social animals by nature, but it is also in our nature to adapt to the cirucmstances as they come up."", '', 'Intelligent machines challenge our understanding ']",Progressive',,,"[0, 362]","{'t': [4648310, 4649926], 'l': 11, 'o': [{'o': 'i', 'i': [0, 362], 'a': 'Progressive'}]}",,,
20839,60,422,4650.911,editor,o,"[""Without technology, we don't know what sets humans apart from other species. The crux of what we refer to when asked about what sets us apart from other animals is our intellect. That said, how do we demonstrate such intelligence without technology? Any way that we care for each other or even other species is helped by technology. My view aligns best with the Progressive view. There will always be tasks that are low-skill and repetitive, and it's up to us to create the technology to increase the efficiency for such tasks. "", '', ""When we replace humans with machines, we lose the aspect of human encounters whenever we see a need for a task to be done. This, however, is not always a bad thing. There may be less of a need for human interaction, but we can't deny that we save the well-being of the person doing the task when we automate the job. This is partially why I disagree with the Dystopian view. Although we lose the necessity for basic courtesy, respect, and tolerance of other people in what would be a daily human encounter, that should not be a reason that people should continue to engage in ineffcient, monotinous work. We may be social animals by nature, but it is also in our nature to adapt to the cirucmstances as they come up."", '', 'Intelligent machines challenge our understanding ']",,,,"[0, 458]","{'t': 4650911, 'o': [{'o': 'o', 'i': [0, 458]}]}",,,
20840,60,423,4651.372,editor,o,"[""Without technology, we don't know what sets humans apart from other species. The crux of what we refer to when asked about what sets us apart from other animals is our intellect. That said, how do we demonstrate such intelligence without technology? Any way that we care for each other or even other species is helped by technology. My view aligns best with the Progressive view. There will always be tasks that are low-skill and repetitive, and it's up to us to create the technology to increase the efficiency for such tasks. "", '', ""When we replace humans with machines, we lose the aspect of human encounters whenever we see a need for a task to be done. This, however, is not always a bad thing. There may be less of a need for human interaction, but we can't deny that we save the well-being of the person doing the task when we automate the job. This is partially why I disagree with the Dystopian view. Although we lose the necessity for basic courtesy, respect, and tolerance of other people in what would be a daily human encounter, that should not be a reason that people should continue to engage in ineffcient, monotinous work. We may be social animals by nature, but it is also in our nature to adapt to the cirucmstances as they come up."", '', 'Intelligent machines challenge our understanding ']",,,,"[0, 528]","{'t': 4651372, 'o': [{'o': 'o', 'i': [0, 528]}]}",,,
20841,60,424,4718.451,editor,l,"[""Without technology, we don't know what sets humans apart from other species. The crux of what we refer to when asked about what sets us apart from other animals is our intellect. That said, how do we demonstrate such intelligence without technology? Any way that we care for each other or even other species is helped by technology. My view aligns best with the Progressive view. There will always be tasks that are low-skill and repetitive, and it's up to us to create the technology to increase the efficiency for such tasks. "", '', ""When we replace humans with machines, we lose the aspect of human encounters whenever we see a need for a task to be done. This, however, is not always a bad thing. There may be less of a need for human interaction, but we can't deny that we save the well-being of the person doing the task when we automate the job. This is partially why I disagree with the Dystopian view. Although we lose the necessity for basic courtesy, respect, and tolerance of other people in what would be a daily human encounter, that should not be a reason that people should continue to engage in ineffcient, monotinous work. We may be social animals by nature, but it is also in our nature to adapt to the cirucmstances as they come up."", '', 'Intelligent machines challenge our understanding ']",,,Intelligent machines challenge our understanding ',"[[4, 49], [4, 0]]","{'t': [4658497, 4718451], 'l': 2, 'o': [{'o': 'l', 'i': [4, 49], 's': [[4, [49, 0]]]}]}",,,
20842,60,425,4718.721,editor,d,"[""Without technology, we don't know what sets humans apart from other species. The crux of what we refer to when asked about what sets us apart from other animals is our intellect. That said, how do we demonstrate such intelligence without technology? Any way that we care for each other or even other species is helped by technology. My view aligns best with the Progressive view. There will always be tasks that are low-skill and repetitive, and it's up to us to create the technology to increase the efficiency for such tasks. "", '', ""When we replace humans with machines, we lose the aspect of human encounters whenever we see a need for a task to be done. This, however, is not always a bad thing. There may be less of a need for human interaction, but we can't deny that we save the well-being of the person doing the task when we automate the job. This is partially why I disagree with the Dystopian view. Although we lose the necessity for basic courtesy, respect, and tolerance of other people in what would be a daily human encounter, that should not be a reason that people should continue to engage in ineffcient, monotinous work. We may be social animals by nature, but it is also in our nature to adapt to the cirucmstances as they come up."", '', '']",,Intelligent machines challenge our understanding ',,"[[4, 0], [4, 49]]","{'t': 4718721, 'o': [{'o': 'd', 'i': [[4, 0], [4, 49]]}]}",,,
20843,60,426,4727.935,editor,i,"[""Without technology, we don't know what sets humans apart from other species. The crux of what we refer to when asked about what sets us apart from other animals is our intellect. That said, how do we demonstrate such intelligence without technology? Any way that we care for each other or even other species is helped by technology. My view aligns best with the Progressive view. There will always be tasks that are low-skill and repetitive, and it's up to us to create the technology to increase the efficiency for such tasks. "", '', ""When we replace humans with machines, we lose the aspect of human encounters whenever we see a need for a task to be done. This, however, is not always a bad thing. There may be less of a need for human interaction, but we can't deny that we save the well-being of the person doing the task when we automate the job. This is partially why I disagree with the Dystopian view. Although we lose the necessity for basic courtesy, respect, and tolerance of other people in what would be a daily human encounter, that should not be a reason that people should continue to engage in ineffcient, monotinous work. We may be social animals by nature, but it is also in our nature to adapt to the cirucmstances as they come up."", '', 'T']",T',,,"[4, 0]","{'t': 4727935, 'o': [{'o': 'i', 'i': [4, 0], 'a': 'T'}]}",,,
20844,60,427,4730.788,editor,i,"[""Without technology, we don't know what sets humans apart from other species. The crux of what we refer to when asked about what sets us apart from other animals is our intellect. That said, how do we demonstrate such intelligence without technology? Any way that we care for each other or even other species is helped by technology. My view aligns best with the Progressive view. There will always be tasks that are low-skill and repetitive, and it's up to us to create the technology to increase the efficiency for such tasks. "", '', ""When we replace humans with machines, we lose the aspect of human encounters whenever we see a need for a task to be done. This, however, is not always a bad thing. There may be less of a need for human interaction, but we can't deny that we save the well-being of the person doing the task when we automate the job. This is partially why I disagree with the Dystopian view. Although we lose the necessity for basic courtesy, respect, and tolerance of other people in what would be a daily human encounter, that should not be a reason that people should continue to engage in ineffcient, monotinous work. We may be social animals by nature, but it is also in our nature to adapt to the cirucmstances as they come up."", '', 'The progressive view ']",he progressive view ',,,"[4, 1]","{'t': [4728104, 4730788], 'l': 20, 'o': [{'o': 'i', 'i': [4, 1], 'a': 'he progressive view '}]}",,,
20845,60,428,4732.105,editor,i,"[""Without technology, we don't know what sets humans apart from other species. The crux of what we refer to when asked about what sets us apart from other animals is our intellect. That said, how do we demonstrate such intelligence without technology? Any way that we care for each other or even other species is helped by technology. My view aligns best with the Progressive view. There will always be tasks that are low-skill and repetitive, and it's up to us to create the technology to increase the efficiency for such tasks. "", '', ""When we replace humans with machines, we lose the aspect of human encounters whenever we see a need for a task to be done. This, however, is not always a bad thing. There may be less of a need for human interaction, but we can't deny that we save the well-being of the person doing the task when we automate the job. This is partially why I disagree with the Dystopian view. Although we lose the necessity for basic courtesy, respect, and tolerance of other people in what would be a daily human encounter, that should not be a reason that people should continue to engage in ineffcient, monotinous work. We may be social animals by nature, but it is also in our nature to adapt to the cirucmstances as they come up."", '', 'The progressive view a']",a',,,"[4, 21]","{'t': 4732105, 'o': [{'o': 'i', 'i': [4, 21], 'a': 'a'}]}",,,
20846,60,429,4732.956,editor,i,"[""Without technology, we don't know what sets humans apart from other species. The crux of what we refer to when asked about what sets us apart from other animals is our intellect. That said, how do we demonstrate such intelligence without technology? Any way that we care for each other or even other species is helped by technology. My view aligns best with the Progressive view. There will always be tasks that are low-skill and repetitive, and it's up to us to create the technology to increase the efficiency for such tasks. "", '', ""When we replace humans with machines, we lose the aspect of human encounters whenever we see a need for a task to be done. This, however, is not always a bad thing. There may be less of a need for human interaction, but we can't deny that we save the well-being of the person doing the task when we automate the job. This is partially why I disagree with the Dystopian view. Although we lose the necessity for basic courtesy, respect, and tolerance of other people in what would be a daily human encounter, that should not be a reason that people should continue to engage in ineffcient, monotinous work. We may be social animals by nature, but it is also in our nature to adapt to the cirucmstances as they come up."", '', 'The progressive view and the ']",nd the ',,,"[4, 22]","{'t': [4732286, 4732956], 'l': 7, 'o': [{'o': 'i', 'i': [4, 22], 'a': 'nd the '}]}",,,
20847,60,430,4734.208,editor,o,"[""Without technology, we don't know what sets humans apart from other species. The crux of what we refer to when asked about what sets us apart from other animals is our intellect. That said, how do we demonstrate such intelligence without technology? Any way that we care for each other or even other species is helped by technology. My view aligns best with the Progressive view. There will always be tasks that are low-skill and repetitive, and it's up to us to create the technology to increase the efficiency for such tasks. "", '', ""When we replace humans with machines, we lose the aspect of human encounters whenever we see a need for a task to be done. This, however, is not always a bad thing. There may be less of a need for human interaction, but we can't deny that we save the well-being of the person doing the task when we automate the job. This is partially why I disagree with the Dystopian view. Although we lose the necessity for basic courtesy, respect, and tolerance of other people in what would be a daily human encounter, that should not be a reason that people should continue to engage in ineffcient, monotinous work. We may be social animals by nature, but it is also in our nature to adapt to the cirucmstances as they come up."", '', 'The progressive view and the ']",,,,"[4, 28]","{'t': 4734208, 'o': [{'o': 'o', 'i': [4, 28]}]}",,,
20848,60,431,4734.361,editor,o,"[""Without technology, we don't know what sets humans apart from other species. The crux of what we refer to when asked about what sets us apart from other animals is our intellect. That said, how do we demonstrate such intelligence without technology? Any way that we care for each other or even other species is helped by technology. My view aligns best with the Progressive view. There will always be tasks that are low-skill and repetitive, and it's up to us to create the technology to increase the efficiency for such tasks. "", '', ""When we replace humans with machines, we lose the aspect of human encounters whenever we see a need for a task to be done. This, however, is not always a bad thing. There may be less of a need for human interaction, but we can't deny that we save the well-being of the person doing the task when we automate the job. This is partially why I disagree with the Dystopian view. Although we lose the necessity for basic courtesy, respect, and tolerance of other people in what would be a daily human encounter, that should not be a reason that people should continue to engage in ineffcient, monotinous work. We may be social animals by nature, but it is also in our nature to adapt to the cirucmstances as they come up."", '', 'The progressive view and the ']",,,,"[4, 25]","{'t': 4734361, 'o': [{'o': 'o', 'i': [4, 25]}]}",,,
20849,60,432,4734.841,editor,o,"[""Without technology, we don't know what sets humans apart from other species. The crux of what we refer to when asked about what sets us apart from other animals is our intellect. That said, how do we demonstrate such intelligence without technology? Any way that we care for each other or even other species is helped by technology. My view aligns best with the Progressive view. There will always be tasks that are low-skill and repetitive, and it's up to us to create the technology to increase the efficiency for such tasks. "", '', ""When we replace humans with machines, we lose the aspect of human encounters whenever we see a need for a task to be done. This, however, is not always a bad thing. There may be less of a need for human interaction, but we can't deny that we save the well-being of the person doing the task when we automate the job. This is partially why I disagree with the Dystopian view. Although we lose the necessity for basic courtesy, respect, and tolerance of other people in what would be a daily human encounter, that should not be a reason that people should continue to engage in ineffcient, monotinous work. We may be social animals by nature, but it is also in our nature to adapt to the cirucmstances as they come up."", '', 'The progressive view and the ']",,,,"[4, 28]","{'t': 4734841, 'o': [{'o': 'o', 'i': [4, 28]}]}",,,
20850,60,433,4735.148,editor,d,"[""Without technology, we don't know what sets humans apart from other species. The crux of what we refer to when asked about what sets us apart from other animals is our intellect. That said, how do we demonstrate such intelligence without technology? Any way that we care for each other or even other species is helped by technology. My view aligns best with the Progressive view. There will always be tasks that are low-skill and repetitive, and it's up to us to create the technology to increase the efficiency for such tasks. "", '', ""When we replace humans with machines, we lose the aspect of human encounters whenever we see a need for a task to be done. This, however, is not always a bad thing. There may be less of a need for human interaction, but we can't deny that we save the well-being of the person doing the task when we automate the job. This is partially why I disagree with the Dystopian view. Although we lose the necessity for basic courtesy, respect, and tolerance of other people in what would be a daily human encounter, that should not be a reason that people should continue to engage in ineffcient, monotinous work. We may be social animals by nature, but it is also in our nature to adapt to the cirucmstances as they come up."", '', 'The progressive view and  ']",,the',,"[[4, 25], [4, 28]]","{'t': 4735148, 'o': [{'o': 'd', 'i': [[4, 25], [4, 28]]}]}",,,
20851,60,434,4735.749,editor,d,"[""Without technology, we don't know what sets humans apart from other species. The crux of what we refer to when asked about what sets us apart from other animals is our intellect. That said, how do we demonstrate such intelligence without technology? Any way that we care for each other or even other species is helped by technology. My view aligns best with the Progressive view. There will always be tasks that are low-skill and repetitive, and it's up to us to create the technology to increase the efficiency for such tasks. "", '', ""When we replace humans with machines, we lose the aspect of human encounters whenever we see a need for a task to be done. This, however, is not always a bad thing. There may be less of a need for human interaction, but we can't deny that we save the well-being of the person doing the task when we automate the job. This is partially why I disagree with the Dystopian view. Although we lose the necessity for basic courtesy, respect, and tolerance of other people in what would be a daily human encounter, that should not be a reason that people should continue to engage in ineffcient, monotinous work. We may be social animals by nature, but it is also in our nature to adapt to the cirucmstances as they come up."", '', ' ']",,The progressive view and ',,"[[4, 0], [4, 25]]","{'t': [4735313, 4735749], 'l': 4, 'o': [{'o': 'd', 'i': [[4, 0], [4, 25]], 'd': [[4, 1], [12, 1], [5, 1], [4, 1]]}]}",,,
20852,60,435,4745.504,editor,i,"[""Without technology, we don't know what sets humans apart from other species. The crux of what we refer to when asked about what sets us apart from other animals is our intellect. That said, how do we demonstrate such intelligence without technology? Any way that we care for each other or even other species is helped by technology. My view aligns best with the Progressive view. There will always be tasks that are low-skill and repetitive, and it's up to us to create the technology to increase the efficiency for such tasks. "", '', ""When we replace humans with machines, we lose the aspect of human encounters whenever we see a need for a task to be done. This, however, is not always a bad thing. There may be less of a need for human interaction, but we can't deny that we save the well-being of the person doing the task when we automate the job. This is partially why I disagree with the Dystopian view. Although we lose the necessity for basic courtesy, respect, and tolerance of other people in what would be a daily human encounter, that should not be a reason that people should continue to engage in ineffcient, monotinous work. We may be social animals by nature, but it is also in our nature to adapt to the cirucmstances as they come up."", '', 'B ']",B',,,"[4, 0]","{'t': 4745504, 'o': [{'o': 'i', 'i': [4, 0], 'a': 'B'}]}",,,
20853,60,436,4746.452,editor,i,"[""Without technology, we don't know what sets humans apart from other species. The crux of what we refer to when asked about what sets us apart from other animals is our intellect. That said, how do we demonstrate such intelligence without technology? Any way that we care for each other or even other species is helped by technology. My view aligns best with the Progressive view. There will always be tasks that are low-skill and repetitive, and it's up to us to create the technology to increase the efficiency for such tasks. "", '', ""When we replace humans with machines, we lose the aspect of human encounters whenever we see a need for a task to be done. This, however, is not always a bad thing. There may be less of a need for human interaction, but we can't deny that we save the well-being of the person doing the task when we automate the job. This is partially why I disagree with the Dystopian view. Although we lose the necessity for basic courtesy, respect, and tolerance of other people in what would be a daily human encounter, that should not be a reason that people should continue to engage in ineffcient, monotinous work. We may be social animals by nature, but it is also in our nature to adapt to the cirucmstances as they come up."", '', 'Being abo ']",eing abo',,,"[4, 1]","{'t': [4745662, 4746452], 'l': 8, 'o': [{'o': 'i', 'i': [4, 1], 'a': 'eing abo'}]}",,,
20854,60,437,4747.038,editor,d,"[""Without technology, we don't know what sets humans apart from other species. The crux of what we refer to when asked about what sets us apart from other animals is our intellect. That said, how do we demonstrate such intelligence without technology? Any way that we care for each other or even other species is helped by technology. My view aligns best with the Progressive view. There will always be tasks that are low-skill and repetitive, and it's up to us to create the technology to increase the efficiency for such tasks. "", '', ""When we replace humans with machines, we lose the aspect of human encounters whenever we see a need for a task to be done. This, however, is not always a bad thing. There may be less of a need for human interaction, but we can't deny that we save the well-being of the person doing the task when we automate the job. This is partially why I disagree with the Dystopian view. Although we lose the necessity for basic courtesy, respect, and tolerance of other people in what would be a daily human encounter, that should not be a reason that people should continue to engage in ineffcient, monotinous work. We may be social animals by nature, but it is also in our nature to adapt to the cirucmstances as they come up."", '', 'Being ab ']",,o',,"[[4, 8], [4, 9]]","{'t': 4747038, 'o': [{'o': 'd', 'i': [[4, 8], [4, 9]]}]}",,,
20855,60,438,4750.898,editor,i,"[""Without technology, we don't know what sets humans apart from other species. The crux of what we refer to when asked about what sets us apart from other animals is our intellect. That said, how do we demonstrate such intelligence without technology? Any way that we care for each other or even other species is helped by technology. My view aligns best with the Progressive view. There will always be tasks that are low-skill and repetitive, and it's up to us to create the technology to increase the efficiency for such tasks. "", '', ""When we replace humans with machines, we lose the aspect of human encounters whenever we see a need for a task to be done. This, however, is not always a bad thing. There may be less of a need for human interaction, but we can't deny that we save the well-being of the person doing the task when we automate the job. This is partially why I disagree with the Dystopian view. Although we lose the necessity for basic courtesy, respect, and tolerance of other people in what would be a daily human encounter, that should not be a reason that people should continue to engage in ineffcient, monotinous work. We may be social animals by nature, but it is also in our nature to adapt to the cirucmstances as they come up."", '', 'Being able to efficiently  ']",le to efficiently ',,,"[4, 8]","{'t': [4747257, 4750898], 'l': 18, 'o': [{'o': 'i', 'i': [4, 8], 'a': 'le to efficiently '}]}",,,
20856,60,439,4752.473,editor,d,"[""Without technology, we don't know what sets humans apart from other species. The crux of what we refer to when asked about what sets us apart from other animals is our intellect. That said, how do we demonstrate such intelligence without technology? Any way that we care for each other or even other species is helped by technology. My view aligns best with the Progressive view. There will always be tasks that are low-skill and repetitive, and it's up to us to create the technology to increase the efficiency for such tasks. "", '', ""When we replace humans with machines, we lose the aspect of human encounters whenever we see a need for a task to be done. This, however, is not always a bad thing. There may be less of a need for human interaction, but we can't deny that we save the well-being of the person doing the task when we automate the job. This is partially why I disagree with the Dystopian view. Although we lose the necessity for basic courtesy, respect, and tolerance of other people in what would be a daily human encounter, that should not be a reason that people should continue to engage in ineffcient, monotinous work. We may be social animals by nature, but it is also in our nature to adapt to the cirucmstances as they come up."", '', 'Being able to  ']",,efficiently ',,"[[4, 14], [4, 26]]","{'t': 4752473, 'o': [{'o': 'd', 'i': [[4, 14], [4, 26]]}]}",,,
20857,60,440,4754.065,editor,i,"[""Without technology, we don't know what sets humans apart from other species. The crux of what we refer to when asked about what sets us apart from other animals is our intellect. That said, how do we demonstrate such intelligence without technology? Any way that we care for each other or even other species is helped by technology. My view aligns best with the Progressive view. There will always be tasks that are low-skill and repetitive, and it's up to us to create the technology to increase the efficiency for such tasks. "", '', ""When we replace humans with machines, we lose the aspect of human encounters whenever we see a need for a task to be done. This, however, is not always a bad thing. There may be less of a need for human interaction, but we can't deny that we save the well-being of the person doing the task when we automate the job. This is partially why I disagree with the Dystopian view. Although we lose the necessity for basic courtesy, respect, and tolerance of other people in what would be a daily human encounter, that should not be a reason that people should continue to engage in ineffcient, monotinous work. We may be social animals by nature, but it is also in our nature to adapt to the cirucmstances as they come up."", '', 'Being able to e ']",e',,,"[4, 14]","{'t': 4754065, 'o': [{'o': 'i', 'i': [4, 14], 'a': 'e'}]}",,,
20858,60,441,4754.439,editor,i,"[""Without technology, we don't know what sets humans apart from other species. The crux of what we refer to when asked about what sets us apart from other animals is our intellect. That said, how do we demonstrate such intelligence without technology? Any way that we care for each other or even other species is helped by technology. My view aligns best with the Progressive view. There will always be tasks that are low-skill and repetitive, and it's up to us to create the technology to increase the efficiency for such tasks. "", '', ""When we replace humans with machines, we lose the aspect of human encounters whenever we see a need for a task to be done. This, however, is not always a bad thing. There may be less of a need for human interaction, but we can't deny that we save the well-being of the person doing the task when we automate the job. This is partially why I disagree with the Dystopian view. Although we lose the necessity for basic courtesy, respect, and tolerance of other people in what would be a daily human encounter, that should not be a reason that people should continue to engage in ineffcient, monotinous work. We may be social animals by nature, but it is also in our nature to adapt to the cirucmstances as they come up."", '', 'Being able to eff ']",ff',,,"[4, 15]","{'t': [4754301, 4754439], 'l': 2, 'o': [{'o': 'i', 'i': [4, 15], 'a': 'ff'}]}",,,
20859,60,442,4754.833,editor,d,"[""Without technology, we don't know what sets humans apart from other species. The crux of what we refer to when asked about what sets us apart from other animals is our intellect. That said, how do we demonstrate such intelligence without technology? Any way that we care for each other or even other species is helped by technology. My view aligns best with the Progressive view. There will always be tasks that are low-skill and repetitive, and it's up to us to create the technology to increase the efficiency for such tasks. "", '', ""When we replace humans with machines, we lose the aspect of human encounters whenever we see a need for a task to be done. This, however, is not always a bad thing. There may be less of a need for human interaction, but we can't deny that we save the well-being of the person doing the task when we automate the job. This is partially why I disagree with the Dystopian view. Although we lose the necessity for basic courtesy, respect, and tolerance of other people in what would be a daily human encounter, that should not be a reason that people should continue to engage in ineffcient, monotinous work. We may be social animals by nature, but it is also in our nature to adapt to the cirucmstances as they come up."", '', 'Being able to  ']",,eff',,"[[4, 14], [4, 17]]","{'t': 4754833, 'o': [{'o': 'd', 'i': [[4, 14], [4, 17]]}]}",,,
20860,60,443,4758.204,editor,i,"[""Without technology, we don't know what sets humans apart from other species. The crux of what we refer to when asked about what sets us apart from other animals is our intellect. That said, how do we demonstrate such intelligence without technology? Any way that we care for each other or even other species is helped by technology. My view aligns best with the Progressive view. There will always be tasks that are low-skill and repetitive, and it's up to us to create the technology to increase the efficiency for such tasks. "", '', ""When we replace humans with machines, we lose the aspect of human encounters whenever we see a need for a task to be done. This, however, is not always a bad thing. There may be less of a need for human interaction, but we can't deny that we save the well-being of the person doing the task when we automate the job. This is partially why I disagree with the Dystopian view. Although we lose the necessity for basic courtesy, respect, and tolerance of other people in what would be a daily human encounter, that should not be a reason that people should continue to engage in ineffcient, monotinous work. We may be social animals by nature, but it is also in our nature to adapt to the cirucmstances as they come up."", '', 'Being able to efficiently do a ']",efficiently do a',,,"[4, 14]","{'t': [4755582, 4758204], 'l': 16, 'o': [{'o': 'i', 'i': [4, 14], 'a': 'efficiently do a'}]}",,,
20861,60,444,4758.522,editor,d,"[""Without technology, we don't know what sets humans apart from other species. The crux of what we refer to when asked about what sets us apart from other animals is our intellect. That said, how do we demonstrate such intelligence without technology? Any way that we care for each other or even other species is helped by technology. My view aligns best with the Progressive view. There will always be tasks that are low-skill and repetitive, and it's up to us to create the technology to increase the efficiency for such tasks. "", '', ""When we replace humans with machines, we lose the aspect of human encounters whenever we see a need for a task to be done. This, however, is not always a bad thing. There may be less of a need for human interaction, but we can't deny that we save the well-being of the person doing the task when we automate the job. This is partially why I disagree with the Dystopian view. Although we lose the necessity for basic courtesy, respect, and tolerance of other people in what would be a daily human encounter, that should not be a reason that people should continue to engage in ineffcient, monotinous work. We may be social animals by nature, but it is also in our nature to adapt to the cirucmstances as they come up."", '', 'Being able to efficiently do  ']",,a',,"[[4, 29], [4, 30]]","{'t': 4758522, 'o': [{'o': 'd', 'i': [[4, 29], [4, 30]]}]}",,,
20862,60,445,4761.809,editor,i,"[""Without technology, we don't know what sets humans apart from other species. The crux of what we refer to when asked about what sets us apart from other animals is our intellect. That said, how do we demonstrate such intelligence without technology? Any way that we care for each other or even other species is helped by technology. My view aligns best with the Progressive view. There will always be tasks that are low-skill and repetitive, and it's up to us to create the technology to increase the efficiency for such tasks. "", '', ""When we replace humans with machines, we lose the aspect of human encounters whenever we see a need for a task to be done. This, however, is not always a bad thing. There may be less of a need for human interaction, but we can't deny that we save the well-being of the person doing the task when we automate the job. This is partially why I disagree with the Dystopian view. Although we lose the necessity for basic courtesy, respect, and tolerance of other people in what would be a daily human encounter, that should not be a reason that people should continue to engage in ineffcient, monotinous work. We may be social animals by nature, but it is also in our nature to adapt to the cirucmstances as they come up."", '', 'Being able to efficiently do every task that comes up ']",every task that comes up',,,"[4, 29]","{'t': [4758620, 4761809], 'l': 24, 'o': [{'o': 'i', 'i': [4, 29], 'a': 'every task that comes up'}]}",,,
20863,60,446,4771.764,editor,i,"[""Without technology, we don't know what sets humans apart from other species. The crux of what we refer to when asked about what sets us apart from other animals is our intellect. That said, how do we demonstrate such intelligence without technology? Any way that we care for each other or even other species is helped by technology. My view aligns best with the Progressive view. There will always be tasks that are low-skill and repetitive, and it's up to us to create the technology to increase the efficiency for such tasks. "", '', ""When we replace humans with machines, we lose the aspect of human encounters whenever we see a need for a task to be done. This, however, is not always a bad thing. There may be less of a need for human interaction, but we can't deny that we save the well-being of the person doing the task when we automate the job. This is partially why I disagree with the Dystopian view. Although we lose the necessity for basic courtesy, respect, and tolerance of other people in what would be a daily human encounter, that should not be a reason that people should continue to engage in ineffcient, monotinous work. We may be social animals by nature, but it is also in our nature to adapt to the cirucmstances as they come up."", '', 'Being able to efficiently do every task that comes up  ']",,,,"[4, 53]","{'t': 4771764, 'o': [{'o': 'i', 'i': [4, 53], 'a': ' '}]}",,,
20864,60,447,4778.184,editor,i,"[""Without technology, we don't know what sets humans apart from other species. The crux of what we refer to when asked about what sets us apart from other animals is our intellect. That said, how do we demonstrate such intelligence without technology? Any way that we care for each other or even other species is helped by technology. My view aligns best with the Progressive view. There will always be tasks that are low-skill and repetitive, and it's up to us to create the technology to increase the efficiency for such tasks. "", '', ""When we replace humans with machines, we lose the aspect of human encounters whenever we see a need for a task to be done. This, however, is not always a bad thing. There may be less of a need for human interaction, but we can't deny that we save the well-being of the person doing the task when we automate the job. This is partially why I disagree with the Dystopian view. Although we lose the necessity for basic courtesy, respect, and tolerance of other people in what would be a daily human encounter, that should not be a reason that people should continue to engage in ineffcient, monotinous work. We may be social animals by nature, but it is also in our nature to adapt to the cirucmstances as they come up."", '', 'Being able to efficiently do every task that comes up is a sign that we are succeeding  ']",is a sign that we are succeeding ',,,"[4, 54]","{'t': [4771999, 4778184], 'l': 33, 'o': [{'o': 'i', 'i': [4, 54], 'a': 'is a sign that we are succeeding '}]}",,,
20865,60,448,4781.422,editor,i,"[""Without technology, we don't know what sets humans apart from other species. The crux of what we refer to when asked about what sets us apart from other animals is our intellect. That said, how do we demonstrate such intelligence without technology? Any way that we care for each other or even other species is helped by technology. My view aligns best with the Progressive view. There will always be tasks that are low-skill and repetitive, and it's up to us to create the technology to increase the efficiency for such tasks. "", '', ""When we replace humans with machines, we lose the aspect of human encounters whenever we see a need for a task to be done. This, however, is not always a bad thing. There may be less of a need for human interaction, but we can't deny that we save the well-being of the person doing the task when we automate the job. This is partially why I disagree with the Dystopian view. Although we lose the necessity for basic courtesy, respect, and tolerance of other people in what would be a daily human encounter, that should not be a reason that people should continue to engage in ineffcient, monotinous work. We may be social animals by nature, but it is also in our nature to adapt to the cirucmstances as they come up."", '', 'Being able to efficiently do every task that comes up is a sign that we are succeeding a ']",a',,,"[4, 87]","{'t': 4781422, 'o': [{'o': 'i', 'i': [4, 87], 'a': 'a'}]}",,,
20866,60,449,4782.452,editor,i,"[""Without technology, we don't know what sets humans apart from other species. The crux of what we refer to when asked about what sets us apart from other animals is our intellect. That said, how do we demonstrate such intelligence without technology? Any way that we care for each other or even other species is helped by technology. My view aligns best with the Progressive view. There will always be tasks that are low-skill and repetitive, and it's up to us to create the technology to increase the efficiency for such tasks. "", '', ""When we replace humans with machines, we lose the aspect of human encounters whenever we see a need for a task to be done. This, however, is not always a bad thing. There may be less of a need for human interaction, but we can't deny that we save the well-being of the person doing the task when we automate the job. This is partially why I disagree with the Dystopian view. Although we lose the necessity for basic courtesy, respect, and tolerance of other people in what would be a daily human encounter, that should not be a reason that people should continue to engage in ineffcient, monotinous work. We may be social animals by nature, but it is also in our nature to adapt to the cirucmstances as they come up."", '', 'Being able to efficiently do every task that comes up is a sign that we are succeeding at prop ']",t prop',,,"[4, 88]","{'t': [4781679, 4782452], 'l': 6, 'o': [{'o': 'i', 'i': [4, 88], 'a': 't prop'}]}",,,
20867,60,450,4782.883,editor,d,"[""Without technology, we don't know what sets humans apart from other species. The crux of what we refer to when asked about what sets us apart from other animals is our intellect. That said, how do we demonstrate such intelligence without technology? Any way that we care for each other or even other species is helped by technology. My view aligns best with the Progressive view. There will always be tasks that are low-skill and repetitive, and it's up to us to create the technology to increase the efficiency for such tasks. "", '', ""When we replace humans with machines, we lose the aspect of human encounters whenever we see a need for a task to be done. This, however, is not always a bad thing. There may be less of a need for human interaction, but we can't deny that we save the well-being of the person doing the task when we automate the job. This is partially why I disagree with the Dystopian view. Although we lose the necessity for basic courtesy, respect, and tolerance of other people in what would be a daily human encounter, that should not be a reason that people should continue to engage in ineffcient, monotinous work. We may be social animals by nature, but it is also in our nature to adapt to the cirucmstances as they come up."", '', 'Being able to efficiently do every task that comes up is a sign that we are succeeding at pro ']",,p',,"[[4, 93], [4, 94]]","{'t': 4782883, 'o': [{'o': 'd', 'i': [[4, 93], [4, 94]]}]}",,,
20868,60,451,4783.597,editor,i,"[""Without technology, we don't know what sets humans apart from other species. The crux of what we refer to when asked about what sets us apart from other animals is our intellect. That said, how do we demonstrate such intelligence without technology? Any way that we care for each other or even other species is helped by technology. My view aligns best with the Progressive view. There will always be tasks that are low-skill and repetitive, and it's up to us to create the technology to increase the efficiency for such tasks. "", '', ""When we replace humans with machines, we lose the aspect of human encounters whenever we see a need for a task to be done. This, however, is not always a bad thing. There may be less of a need for human interaction, but we can't deny that we save the well-being of the person doing the task when we automate the job. This is partially why I disagree with the Dystopian view. Although we lose the necessity for basic courtesy, respect, and tolerance of other people in what would be a daily human encounter, that should not be a reason that people should continue to engage in ineffcient, monotinous work. We may be social animals by nature, but it is also in our nature to adapt to the cirucmstances as they come up."", '', 'Being able to efficiently do every task that comes up is a sign that we are succeeding at prosper ']",sper',,,"[4, 93]","{'t': [4783024, 4783597], 'l': 4, 'o': [{'o': 'i', 'i': [4, 93], 'a': 'sper'}]}",,,
20869,60,452,4788.169,editor,d,"[""Without technology, we don't know what sets humans apart from other species. The crux of what we refer to when asked about what sets us apart from other animals is our intellect. That said, how do we demonstrate such intelligence without technology? Any way that we care for each other or even other species is helped by technology. My view aligns best with the Progressive view. There will always be tasks that are low-skill and repetitive, and it's up to us to create the technology to increase the efficiency for such tasks. "", '', ""When we replace humans with machines, we lose the aspect of human encounters whenever we see a need for a task to be done. This, however, is not always a bad thing. There may be less of a need for human interaction, but we can't deny that we save the well-being of the person doing the task when we automate the job. This is partially why I disagree with the Dystopian view. Although we lose the necessity for basic courtesy, respect, and tolerance of other people in what would be a daily human encounter, that should not be a reason that people should continue to engage in ineffcient, monotinous work. We may be social animals by nature, but it is also in our nature to adapt to the cirucmstances as they come up."", '', 'Being able to efficiently do every task that comes up is a sign that we are succeeding at  ']",,prosper',,"[[4, 90], [4, 97]]","{'t': 4788169, 'o': [{'o': 'd', 'i': [[4, 90], [4, 97]]}]}",,,
20870,60,453,4791.665,editor,i,"[""Without technology, we don't know what sets humans apart from other species. The crux of what we refer to when asked about what sets us apart from other animals is our intellect. That said, how do we demonstrate such intelligence without technology? Any way that we care for each other or even other species is helped by technology. My view aligns best with the Progressive view. There will always be tasks that are low-skill and repetitive, and it's up to us to create the technology to increase the efficiency for such tasks. "", '', ""When we replace humans with machines, we lose the aspect of human encounters whenever we see a need for a task to be done. This, however, is not always a bad thing. There may be less of a need for human interaction, but we can't deny that we save the well-being of the person doing the task when we automate the job. This is partially why I disagree with the Dystopian view. Although we lose the necessity for basic courtesy, respect, and tolerance of other people in what would be a daily human encounter, that should not be a reason that people should continue to engage in ineffcient, monotinous work. We may be social animals by nature, but it is also in our nature to adapt to the cirucmstances as they come up."", '', 'Being able to efficiently do every task that comes up is a sign that we are succeeding at a ']",a',,,"[4, 90]","{'t': 4791665, 'o': [{'o': 'i', 'i': [4, 90], 'a': 'a'}]}",,,
20871,60,454,4796.451,editor,i,"[""Without technology, we don't know what sets humans apart from other species. The crux of what we refer to when asked about what sets us apart from other animals is our intellect. That said, how do we demonstrate such intelligence without technology? Any way that we care for each other or even other species is helped by technology. My view aligns best with the Progressive view. There will always be tasks that are low-skill and repetitive, and it's up to us to create the technology to increase the efficiency for such tasks. "", '', ""When we replace humans with machines, we lose the aspect of human encounters whenever we see a need for a task to be done. This, however, is not always a bad thing. There may be less of a need for human interaction, but we can't deny that we save the well-being of the person doing the task when we automate the job. This is partially why I disagree with the Dystopian view. Although we lose the necessity for basic courtesy, respect, and tolerance of other people in what would be a daily human encounter, that should not be a reason that people should continue to engage in ineffcient, monotinous work. We may be social animals by nature, but it is also in our nature to adapt to the cirucmstances as they come up."", '', 'Being able to efficiently do every task that comes up is a sign that we are succeeding at attaining a prosperous world ']",ttaining a prosperous world',,,"[4, 91]","{'t': [4791919, 4796451], 'l': 27, 'o': [{'o': 'i', 'i': [4, 91], 'a': 'ttaining a prosperous world'}]}",,,
20872,60,455,4797.223,editor,d,"[""Without technology, we don't know what sets humans apart from other species. The crux of what we refer to when asked about what sets us apart from other animals is our intellect. That said, how do we demonstrate such intelligence without technology? Any way that we care for each other or even other species is helped by technology. My view aligns best with the Progressive view. There will always be tasks that are low-skill and repetitive, and it's up to us to create the technology to increase the efficiency for such tasks. "", '', ""When we replace humans with machines, we lose the aspect of human encounters whenever we see a need for a task to be done. This, however, is not always a bad thing. There may be less of a need for human interaction, but we can't deny that we save the well-being of the person doing the task when we automate the job. This is partially why I disagree with the Dystopian view. Although we lose the necessity for basic courtesy, respect, and tolerance of other people in what would be a daily human encounter, that should not be a reason that people should continue to engage in ineffcient, monotinous work. We may be social animals by nature, but it is also in our nature to adapt to the cirucmstances as they come up."", '', 'Being able to efficiently do every task that comes up is a sign that we are succeeding at attaining a prosperous worl ']",,d',,"[[4, 117], [4, 118]]","{'t': 4797223, 'o': [{'o': 'd', 'i': [[4, 117], [4, 118]]}]}",,,
20873,60,456,4800.787,editor,i,"[""Without technology, we don't know what sets humans apart from other species. The crux of what we refer to when asked about what sets us apart from other animals is our intellect. That said, how do we demonstrate such intelligence without technology? Any way that we care for each other or even other species is helped by technology. My view aligns best with the Progressive view. There will always be tasks that are low-skill and repetitive, and it's up to us to create the technology to increase the efficiency for such tasks. "", '', ""When we replace humans with machines, we lose the aspect of human encounters whenever we see a need for a task to be done. This, however, is not always a bad thing. There may be less of a need for human interaction, but we can't deny that we save the well-being of the person doing the task when we automate the job. This is partially why I disagree with the Dystopian view. Although we lose the necessity for basic courtesy, respect, and tolerance of other people in what would be a daily human encounter, that should not be a reason that people should continue to engage in ineffcient, monotinous work. We may be social animals by nature, but it is also in our nature to adapt to the cirucmstances as they come up."", '', 'Being able to efficiently do every task that comes up is a sign that we are succeeding at attaining a prosperous world. This is wa ']",d. This is wa',,,"[4, 117]","{'t': [4798159, 4800787], 'l': 13, 'o': [{'o': 'i', 'i': [4, 117], 'a': 'd. This is wa'}]}",,,
20874,60,457,4801.254,editor,d,"[""Without technology, we don't know what sets humans apart from other species. The crux of what we refer to when asked about what sets us apart from other animals is our intellect. That said, how do we demonstrate such intelligence without technology? Any way that we care for each other or even other species is helped by technology. My view aligns best with the Progressive view. There will always be tasks that are low-skill and repetitive, and it's up to us to create the technology to increase the efficiency for such tasks. "", '', ""When we replace humans with machines, we lose the aspect of human encounters whenever we see a need for a task to be done. This, however, is not always a bad thing. There may be less of a need for human interaction, but we can't deny that we save the well-being of the person doing the task when we automate the job. This is partially why I disagree with the Dystopian view. Although we lose the necessity for basic courtesy, respect, and tolerance of other people in what would be a daily human encounter, that should not be a reason that people should continue to engage in ineffcient, monotinous work. We may be social animals by nature, but it is also in our nature to adapt to the cirucmstances as they come up."", '', 'Being able to efficiently do every task that comes up is a sign that we are succeeding at attaining a prosperous world. This is w ']",,a',,"[[4, 129], [4, 130]]","{'t': 4801254, 'o': [{'o': 'd', 'i': [[4, 129], [4, 130]]}]}",,,
20875,60,458,4801.627,editor,i,"[""Without technology, we don't know what sets humans apart from other species. The crux of what we refer to when asked about what sets us apart from other animals is our intellect. That said, how do we demonstrate such intelligence without technology? Any way that we care for each other or even other species is helped by technology. My view aligns best with the Progressive view. There will always be tasks that are low-skill and repetitive, and it's up to us to create the technology to increase the efficiency for such tasks. "", '', ""When we replace humans with machines, we lose the aspect of human encounters whenever we see a need for a task to be done. This, however, is not always a bad thing. There may be less of a need for human interaction, but we can't deny that we save the well-being of the person doing the task when we automate the job. This is partially why I disagree with the Dystopian view. Although we lose the necessity for basic courtesy, respect, and tolerance of other people in what would be a daily human encounter, that should not be a reason that people should continue to engage in ineffcient, monotinous work. We may be social animals by nature, but it is also in our nature to adapt to the cirucmstances as they come up."", '', 'Being able to efficiently do every task that comes up is a sign that we are succeeding at attaining a prosperous world. This is why ']",hy',,,"[4, 129]","{'t': [4801548, 4801627], 'l': 2, 'o': [{'o': 'i', 'i': [4, 129], 'a': 'hy'}]}",,,
20876,60,459,4804.8,editor,i,"[""Without technology, we don't know what sets humans apart from other species. The crux of what we refer to when asked about what sets us apart from other animals is our intellect. That said, how do we demonstrate such intelligence without technology? Any way that we care for each other or even other species is helped by technology. My view aligns best with the Progressive view. There will always be tasks that are low-skill and repetitive, and it's up to us to create the technology to increase the efficiency for such tasks. "", '', ""When we replace humans with machines, we lose the aspect of human encounters whenever we see a need for a task to be done. This, however, is not always a bad thing. There may be less of a need for human interaction, but we can't deny that we save the well-being of the person doing the task when we automate the job. This is partially why I disagree with the Dystopian view. Although we lose the necessity for basic courtesy, respect, and tolerance of other people in what would be a daily human encounter, that should not be a reason that people should continue to engage in ineffcient, monotinous work. We may be social animals by nature, but it is also in our nature to adapt to the cirucmstances as they come up."", '', 'Being able to efficiently do every task that comes up is a sign that we are succeeding at attaining a prosperous world. This is why  ']",,,,"[4, 131]","{'t': 4804800, 'o': [{'o': 'i', 'i': [4, 131], 'a': ' '}]}",,,
20877,60,460,4806.3,editor,i,"[""Without technology, we don't know what sets humans apart from other species. The crux of what we refer to when asked about what sets us apart from other animals is our intellect. That said, how do we demonstrate such intelligence without technology? Any way that we care for each other or even other species is helped by technology. My view aligns best with the Progressive view. There will always be tasks that are low-skill and repetitive, and it's up to us to create the technology to increase the efficiency for such tasks. "", '', ""When we replace humans with machines, we lose the aspect of human encounters whenever we see a need for a task to be done. This, however, is not always a bad thing. There may be less of a need for human interaction, but we can't deny that we save the well-being of the person doing the task when we automate the job. This is partially why I disagree with the Dystopian view. Although we lose the necessity for basic courtesy, respect, and tolerance of other people in what would be a daily human encounter, that should not be a reason that people should continue to engage in ineffcient, monotinous work. We may be social animals by nature, but it is also in our nature to adapt to the cirucmstances as they come up."", '', ""Being able to efficiently do every task that comes up is a sign that we are succeeding at attaining a prosperous world. This is why I'm hot ""]",I'm hot,,,"[4, 132]","{'t': [4805028, 4806300], 'l': 7, 'o': [{'o': 'i', 'i': [4, 132], 'a': ""I'm hot""}]}",,,
20878,60,461,4808.222,editor,d,"[""Without technology, we don't know what sets humans apart from other species. The crux of what we refer to when asked about what sets us apart from other animals is our intellect. That said, how do we demonstrate such intelligence without technology? Any way that we care for each other or even other species is helped by technology. My view aligns best with the Progressive view. There will always be tasks that are low-skill and repetitive, and it's up to us to create the technology to increase the efficiency for such tasks. "", '', ""When we replace humans with machines, we lose the aspect of human encounters whenever we see a need for a task to be done. This, however, is not always a bad thing. There may be less of a need for human interaction, but we can't deny that we save the well-being of the person doing the task when we automate the job. This is partially why I disagree with the Dystopian view. Although we lose the necessity for basic courtesy, respect, and tolerance of other people in what would be a daily human encounter, that should not be a reason that people should continue to engage in ineffcient, monotinous work. We may be social animals by nature, but it is also in our nature to adapt to the cirucmstances as they come up."", '', 'Being able to efficiently do every task that comes up is a sign that we are succeeding at attaining a prosperous world. This is why  ']",,I'm hot,,"[[4, 132], [4, 139]]","{'t': [4806729, 4808222], 'l': 6, 'o': [{'o': 'd', 'i': [[4, 132], [4, 139]], 'd': [[1, 2], [2, 1], [1, 3]]}]}",,,
20879,60,462,4834.901,editor,i,"[""Without technology, we don't know what sets humans apart from other species. The crux of what we refer to when asked about what sets us apart from other animals is our intellect. That said, how do we demonstrate such intelligence without technology? Any way that we care for each other or even other species is helped by technology. My view aligns best with the Progressive view. There will always be tasks that are low-skill and repetitive, and it's up to us to create the technology to increase the efficiency for such tasks. "", '', ""When we replace humans with machines, we lose the aspect of human encounters whenever we see a need for a task to be done. This, however, is not always a bad thing. There may be less of a need for human interaction, but we can't deny that we save the well-being of the person doing the task when we automate the job. This is partially why I disagree with the Dystopian view. Although we lose the necessity for basic courtesy, respect, and tolerance of other people in what would be a daily human encounter, that should not be a reason that people should continue to engage in ineffcient, monotinous work. We may be social animals by nature, but it is also in our nature to adapt to the cirucmstances as they come up."", '', 'Being able to efficiently do every task that comes up is a sign that we are succeeding at attaining a prosperous world. This is why w ']",w',,,"[4, 132]","{'t': 4834901, 'o': [{'o': 'i', 'i': [4, 132], 'a': 'w'}]}",,,
20880,60,463,4835.681,editor,i,"[""Without technology, we don't know what sets humans apart from other species. The crux of what we refer to when asked about what sets us apart from other animals is our intellect. That said, how do we demonstrate such intelligence without technology? Any way that we care for each other or even other species is helped by technology. My view aligns best with the Progressive view. There will always be tasks that are low-skill and repetitive, and it's up to us to create the technology to increase the efficiency for such tasks. "", '', ""When we replace humans with machines, we lose the aspect of human encounters whenever we see a need for a task to be done. This, however, is not always a bad thing. There may be less of a need for human interaction, but we can't deny that we save the well-being of the person doing the task when we automate the job. This is partially why I disagree with the Dystopian view. Although we lose the necessity for basic courtesy, respect, and tolerance of other people in what would be a daily human encounter, that should not be a reason that people should continue to engage in ineffcient, monotinous work. We may be social animals by nature, but it is also in our nature to adapt to the cirucmstances as they come up."", '', 'Being able to efficiently do every task that comes up is a sign that we are succeeding at attaining a prosperous world. This is why we nee d ']",e nee d',,,"[4, 133]","{'t': [4834991, 4835681], 'l': 7, 'o': [{'o': 'i', 'i': [4, 133], 'a': 'e nee d'}]}",,,
20881,60,464,4836.392,editor,d,"[""Without technology, we don't know what sets humans apart from other species. The crux of what we refer to when asked about what sets us apart from other animals is our intellect. That said, how do we demonstrate such intelligence without technology? Any way that we care for each other or even other species is helped by technology. My view aligns best with the Progressive view. There will always be tasks that are low-skill and repetitive, and it's up to us to create the technology to increase the efficiency for such tasks. "", '', ""When we replace humans with machines, we lose the aspect of human encounters whenever we see a need for a task to be done. This, however, is not always a bad thing. There may be less of a need for human interaction, but we can't deny that we save the well-being of the person doing the task when we automate the job. This is partially why I disagree with the Dystopian view. Although we lose the necessity for basic courtesy, respect, and tolerance of other people in what would be a daily human encounter, that should not be a reason that people should continue to engage in ineffcient, monotinous work. We may be social animals by nature, but it is also in our nature to adapt to the cirucmstances as they come up."", '', 'Being able to efficiently do every task that comes up is a sign that we are succeeding at attaining a prosperous world. This is why we nee ']",,d',,"[[4, 138], [4, 140]]","{'t': [4836250, 4836392], 'l': 2, 'o': [{'o': 'd', 'i': [[4, 138], [4, 140]], 'd': [[1, 2]]}]}",,,
20882,60,465,4838.552,editor,i,"[""Without technology, we don't know what sets humans apart from other species. The crux of what we refer to when asked about what sets us apart from other animals is our intellect. That said, how do we demonstrate such intelligence without technology? Any way that we care for each other or even other species is helped by technology. My view aligns best with the Progressive view. There will always be tasks that are low-skill and repetitive, and it's up to us to create the technology to increase the efficiency for such tasks. "", '', ""When we replace humans with machines, we lose the aspect of human encounters whenever we see a need for a task to be done. This, however, is not always a bad thing. There may be less of a need for human interaction, but we can't deny that we save the well-being of the person doing the task when we automate the job. This is partially why I disagree with the Dystopian view. Although we lose the necessity for basic courtesy, respect, and tolerance of other people in what would be a daily human encounter, that should not be a reason that people should continue to engage in ineffcient, monotinous work. We may be social animals by nature, but it is also in our nature to adapt to the cirucmstances as they come up."", '', 'Being able to efficiently do every task that comes up is a sign that we are succeeding at attaining a prosperous world. This is why we need communism. ']",d communism.',,,"[4, 138]","{'t': [4836509, 4838552], 'l': 12, 'o': [{'o': 'i', 'i': [4, 138], 'a': 'd communism.'}]}",,,
20883,60,466,4845.309,editor,d,"[""Without technology, we don't know what sets humans apart from other species. The crux of what we refer to when asked about what sets us apart from other animals is our intellect. That said, how do we demonstrate such intelligence without technology? Any way that we care for each other or even other species is helped by technology. My view aligns best with the Progressive view. There will always be tasks that are low-skill and repetitive, and it's up to us to create the technology to increase the efficiency for such tasks. "", '', ""When we replace humans with machines, we lose the aspect of human encounters whenever we see a need for a task to be done. This, however, is not always a bad thing. There may be less of a need for human interaction, but we can't deny that we save the well-being of the person doing the task when we automate the job. This is partially why I disagree with the Dystopian view. Although we lose the necessity for basic courtesy, respect, and tolerance of other people in what would be a daily human encounter, that should not be a reason that people should continue to engage in ineffcient, monotinous work. We may be social animals by nature, but it is also in our nature to adapt to the cirucmstances as they come up."", '', 'Being able to efficiently do every task that comes up is a sign that we are succeeding at attaining a prosperous world. This is why we need communism ']",,.',,"[[4, 149], [4, 150]]","{'t': 4845309, 'o': [{'o': 'd', 'i': [[4, 149], [4, 150]]}]}",,,
20884,60,467,4845.775,editor,d,"[""Without technology, we don't know what sets humans apart from other species. The crux of what we refer to when asked about what sets us apart from other animals is our intellect. That said, how do we demonstrate such intelligence without technology? Any way that we care for each other or even other species is helped by technology. My view aligns best with the Progressive view. There will always be tasks that are low-skill and repetitive, and it's up to us to create the technology to increase the efficiency for such tasks. "", '', ""When we replace humans with machines, we lose the aspect of human encounters whenever we see a need for a task to be done. This, however, is not always a bad thing. There may be less of a need for human interaction, but we can't deny that we save the well-being of the person doing the task when we automate the job. This is partially why I disagree with the Dystopian view. Although we lose the necessity for basic courtesy, respect, and tolerance of other people in what would be a daily human encounter, that should not be a reason that people should continue to engage in ineffcient, monotinous work. We may be social animals by nature, but it is also in our nature to adapt to the cirucmstances as they come up."", '', 'Being able to efficiently do every task that comes up is a sign that we are succeeding at attaining a prosperous world. This is why  ']",,we need communism',,"[[4, 132], [4, 149]]","{'t': [4845446, 4845775], 'l': 3, 'o': [{'o': 'd', 'i': [[4, 132], [4, 149]], 'd': [[3, 1], [5, 1], [9, 1]]}]}",,,
20885,60,468,4850.765,editor,i,"[""Without technology, we don't know what sets humans apart from other species. The crux of what we refer to when asked about what sets us apart from other animals is our intellect. That said, how do we demonstrate such intelligence without technology? Any way that we care for each other or even other species is helped by technology. My view aligns best with the Progressive view. There will always be tasks that are low-skill and repetitive, and it's up to us to create the technology to increase the efficiency for such tasks. "", '', ""When we replace humans with machines, we lose the aspect of human encounters whenever we see a need for a task to be done. This, however, is not always a bad thing. There may be less of a need for human interaction, but we can't deny that we save the well-being of the person doing the task when we automate the job. This is partially why I disagree with the Dystopian view. Although we lose the necessity for basic courtesy, respect, and tolerance of other people in what would be a daily human encounter, that should not be a reason that people should continue to engage in ineffcient, monotinous work. We may be social animals by nature, but it is also in our nature to adapt to the cirucmstances as they come up."", '', 'Being able to efficiently do every task that comes up is a sign that we are succeeding at attaining a prosperous world. This is why I ']",I',,,"[4, 132]","{'t': 4850765, 'o': [{'o': 'i', 'i': [4, 132], 'a': 'I'}]}",,,
20886,60,469,4852.698,editor,i,"[""Without technology, we don't know what sets humans apart from other species. The crux of what we refer to when asked about what sets us apart from other animals is our intellect. That said, how do we demonstrate such intelligence without technology? Any way that we care for each other or even other species is helped by technology. My view aligns best with the Progressive view. There will always be tasks that are low-skill and repetitive, and it's up to us to create the technology to increase the efficiency for such tasks. "", '', ""When we replace humans with machines, we lose the aspect of human encounters whenever we see a need for a task to be done. This, however, is not always a bad thing. There may be less of a need for human interaction, but we can't deny that we save the well-being of the person doing the task when we automate the job. This is partially why I disagree with the Dystopian view. Although we lose the necessity for basic courtesy, respect, and tolerance of other people in what would be a daily human encounter, that should not be a reason that people should continue to engage in ineffcient, monotinous work. We may be social animals by nature, but it is also in our nature to adapt to the cirucmstances as they come up."", '', ""Being able to efficiently do every task that comes up is a sign that we are succeeding at attaining a prosperous world. This is why I don't beleive ""]", don't beleive,,,"[4, 133]","{'t': [4850982, 4852698], 'l': 14, 'o': [{'o': 'i', 'i': [4, 133], 'a': "" don't beleive""}]}",,,
20887,60,470,4853.56,editor,d,"[""Without technology, we don't know what sets humans apart from other species. The crux of what we refer to when asked about what sets us apart from other animals is our intellect. That said, how do we demonstrate such intelligence without technology? Any way that we care for each other or even other species is helped by technology. My view aligns best with the Progressive view. There will always be tasks that are low-skill and repetitive, and it's up to us to create the technology to increase the efficiency for such tasks. "", '', ""When we replace humans with machines, we lose the aspect of human encounters whenever we see a need for a task to be done. This, however, is not always a bad thing. There may be less of a need for human interaction, but we can't deny that we save the well-being of the person doing the task when we automate the job. This is partially why I disagree with the Dystopian view. Although we lose the necessity for basic courtesy, respect, and tolerance of other people in what would be a daily human encounter, that should not be a reason that people should continue to engage in ineffcient, monotinous work. We may be social animals by nature, but it is also in our nature to adapt to the cirucmstances as they come up."", '', ""Being able to efficiently do every task that comes up is a sign that we are succeeding at attaining a prosperous world. This is why I don't bel ""]",,eive',,"[[4, 143], [4, 147]]","{'t': [4852930, 4853560], 'l': 4, 'o': [{'o': 'd', 'i': [[4, 143], [4, 147]], 'd': [[1, 4]]}]}",,,
20888,60,471,4854.824,editor,i,"[""Without technology, we don't know what sets humans apart from other species. The crux of what we refer to when asked about what sets us apart from other animals is our intellect. That said, how do we demonstrate such intelligence without technology? Any way that we care for each other or even other species is helped by technology. My view aligns best with the Progressive view. There will always be tasks that are low-skill and repetitive, and it's up to us to create the technology to increase the efficiency for such tasks. "", '', ""When we replace humans with machines, we lose the aspect of human encounters whenever we see a need for a task to be done. This, however, is not always a bad thing. There may be less of a need for human interaction, but we can't deny that we save the well-being of the person doing the task when we automate the job. This is partially why I disagree with the Dystopian view. Although we lose the necessity for basic courtesy, respect, and tolerance of other people in what would be a daily human encounter, that should not be a reason that people should continue to engage in ineffcient, monotinous work. We may be social animals by nature, but it is also in our nature to adapt to the cirucmstances as they come up."", '', ""Being able to efficiently do every task that comes up is a sign that we are succeeding at attaining a prosperous world. This is why I don't believe that  ""]",ieve that ',,,"[4, 143]","{'t': [4853807, 4854824], 'l': 10, 'o': [{'o': 'i', 'i': [4, 143], 'a': 'ieve that '}]}",,,
20889,60,472,4857.17,editor,i,"[""Without technology, we don't know what sets humans apart from other species. The crux of what we refer to when asked about what sets us apart from other animals is our intellect. That said, how do we demonstrate such intelligence without technology? Any way that we care for each other or even other species is helped by technology. My view aligns best with the Progressive view. There will always be tasks that are low-skill and repetitive, and it's up to us to create the technology to increase the efficiency for such tasks. "", '', ""When we replace humans with machines, we lose the aspect of human encounters whenever we see a need for a task to be done. This, however, is not always a bad thing. There may be less of a need for human interaction, but we can't deny that we save the well-being of the person doing the task when we automate the job. This is partially why I disagree with the Dystopian view. Although we lose the necessity for basic courtesy, respect, and tolerance of other people in what would be a daily human encounter, that should not be a reason that people should continue to engage in ineffcient, monotinous work. We may be social animals by nature, but it is also in our nature to adapt to the cirucmstances as they come up."", '', ""Being able to efficiently do every task that comes up is a sign that we are succeeding at attaining a prosperous world. This is why I don't believe that t ""]",t',,,"[4, 153]","{'t': 4857170, 'o': [{'o': 'i', 'i': [4, 153], 'a': 't'}]}",,,
20890,60,473,4858.829,editor,i,"[""Without technology, we don't know what sets humans apart from other species. The crux of what we refer to when asked about what sets us apart from other animals is our intellect. That said, how do we demonstrate such intelligence without technology? Any way that we care for each other or even other species is helped by technology. My view aligns best with the Progressive view. There will always be tasks that are low-skill and repetitive, and it's up to us to create the technology to increase the efficiency for such tasks. "", '', ""When we replace humans with machines, we lose the aspect of human encounters whenever we see a need for a task to be done. This, however, is not always a bad thing. There may be less of a need for human interaction, but we can't deny that we save the well-being of the person doing the task when we automate the job. This is partially why I disagree with the Dystopian view. Although we lose the necessity for basic courtesy, respect, and tolerance of other people in what would be a daily human encounter, that should not be a reason that people should continue to engage in ineffcient, monotinous work. We may be social animals by nature, but it is also in our nature to adapt to the cirucmstances as they come up."", '', ""Being able to efficiently do every task that comes up is a sign that we are succeeding at attaining a prosperous world. This is why I don't believe that the Prgres ""]",he Prgres',,,"[4, 154]","{'t': [4857263, 4858829], 'l': 9, 'o': [{'o': 'i', 'i': [4, 154], 'a': 'he Prgres'}]}",,,
20891,60,474,4859.649,editor,d,"[""Without technology, we don't know what sets humans apart from other species. The crux of what we refer to when asked about what sets us apart from other animals is our intellect. That said, how do we demonstrate such intelligence without technology? Any way that we care for each other or even other species is helped by technology. My view aligns best with the Progressive view. There will always be tasks that are low-skill and repetitive, and it's up to us to create the technology to increase the efficiency for such tasks. "", '', ""When we replace humans with machines, we lose the aspect of human encounters whenever we see a need for a task to be done. This, however, is not always a bad thing. There may be less of a need for human interaction, but we can't deny that we save the well-being of the person doing the task when we automate the job. This is partially why I disagree with the Dystopian view. Although we lose the necessity for basic courtesy, respect, and tolerance of other people in what would be a daily human encounter, that should not be a reason that people should continue to engage in ineffcient, monotinous work. We may be social animals by nature, but it is also in our nature to adapt to the cirucmstances as they come up."", '', ""Being able to efficiently do every task that comes up is a sign that we are succeeding at attaining a prosperous world. This is why I don't believe that the Pr ""]",,gres',,"[[4, 159], [4, 163]]","{'t': [4859088, 4859649], 'l': 4, 'o': [{'o': 'd', 'i': [[4, 159], [4, 163]], 'd': [[1, 4]]}]}",,,
20892,60,475,4867.319,editor,i,"[""Without technology, we don't know what sets humans apart from other species. The crux of what we refer to when asked about what sets us apart from other animals is our intellect. That said, how do we demonstrate such intelligence without technology? Any way that we care for each other or even other species is helped by technology. My view aligns best with the Progressive view. There will always be tasks that are low-skill and repetitive, and it's up to us to create the technology to increase the efficiency for such tasks. "", '', ""When we replace humans with machines, we lose the aspect of human encounters whenever we see a need for a task to be done. This, however, is not always a bad thing. There may be less of a need for human interaction, but we can't deny that we save the well-being of the person doing the task when we automate the job. This is partially why I disagree with the Dystopian view. Although we lose the necessity for basic courtesy, respect, and tolerance of other people in what would be a daily human encounter, that should not be a reason that people should continue to engage in ineffcient, monotinous work. We may be social animals by nature, but it is also in our nature to adapt to the cirucmstances as they come up."", '', ""Being able to efficiently do every task that comes up is a sign that we are succeeding at attaining a prosperous world. This is why I don't believe that the Progressive view and the Utilitarian view are u ""]",ogressive view and the Utilitarian view are u',,,"[4, 159]","{'t': [4859970, 4867319], 'l': 45, 'o': [{'o': 'i', 'i': [4, 159], 'a': 'ogressive view and the Utilitarian view are u'}]}",,,
20893,60,476,4867.639,editor,d,"[""Without technology, we don't know what sets humans apart from other species. The crux of what we refer to when asked about what sets us apart from other animals is our intellect. That said, how do we demonstrate such intelligence without technology? Any way that we care for each other or even other species is helped by technology. My view aligns best with the Progressive view. There will always be tasks that are low-skill and repetitive, and it's up to us to create the technology to increase the efficiency for such tasks. "", '', ""When we replace humans with machines, we lose the aspect of human encounters whenever we see a need for a task to be done. This, however, is not always a bad thing. There may be less of a need for human interaction, but we can't deny that we save the well-being of the person doing the task when we automate the job. This is partially why I disagree with the Dystopian view. Although we lose the necessity for basic courtesy, respect, and tolerance of other people in what would be a daily human encounter, that should not be a reason that people should continue to engage in ineffcient, monotinous work. We may be social animals by nature, but it is also in our nature to adapt to the cirucmstances as they come up."", '', ""Being able to efficiently do every task that comes up is a sign that we are succeeding at attaining a prosperous world. This is why I don't believe that the Progressive view and the Utilitarian view are  ""]",,u',,"[[4, 203], [4, 204]]","{'t': 4867639, 'o': [{'o': 'd', 'i': [[4, 203], [4, 204]]}]}",,,
20894,60,477,4869.769,editor,i,"[""Without technology, we don't know what sets humans apart from other species. The crux of what we refer to when asked about what sets us apart from other animals is our intellect. That said, how do we demonstrate such intelligence without technology? Any way that we care for each other or even other species is helped by technology. My view aligns best with the Progressive view. There will always be tasks that are low-skill and repetitive, and it's up to us to create the technology to increase the efficiency for such tasks. "", '', ""When we replace humans with machines, we lose the aspect of human encounters whenever we see a need for a task to be done. This, however, is not always a bad thing. There may be less of a need for human interaction, but we can't deny that we save the well-being of the person doing the task when we automate the job. This is partially why I disagree with the Dystopian view. Although we lose the necessity for basic courtesy, respect, and tolerance of other people in what would be a daily human encounter, that should not be a reason that people should continue to engage in ineffcient, monotinous work. We may be social animals by nature, but it is also in our nature to adapt to the cirucmstances as they come up."", '', ""Being able to efficiently do every task that comes up is a sign that we are succeeding at attaining a prosperous world. This is why I don't believe that the Progressive view and the Utilitarian view are mutually exp ""]",mutually exp',,,"[4, 203]","{'t': [4867855, 4869769], 'l': 12, 'o': [{'o': 'i', 'i': [4, 203], 'a': 'mutually exp'}]}",,,
20895,60,478,4870.732,editor,d,"[""Without technology, we don't know what sets humans apart from other species. The crux of what we refer to when asked about what sets us apart from other animals is our intellect. That said, how do we demonstrate such intelligence without technology? Any way that we care for each other or even other species is helped by technology. My view aligns best with the Progressive view. There will always be tasks that are low-skill and repetitive, and it's up to us to create the technology to increase the efficiency for such tasks. "", '', ""When we replace humans with machines, we lose the aspect of human encounters whenever we see a need for a task to be done. This, however, is not always a bad thing. There may be less of a need for human interaction, but we can't deny that we save the well-being of the person doing the task when we automate the job. This is partially why I disagree with the Dystopian view. Although we lose the necessity for basic courtesy, respect, and tolerance of other people in what would be a daily human encounter, that should not be a reason that people should continue to engage in ineffcient, monotinous work. We may be social animals by nature, but it is also in our nature to adapt to the cirucmstances as they come up."", '', ""Being able to efficiently do every task that comes up is a sign that we are succeeding at attaining a prosperous world. This is why I don't believe that the Progressive view and the Utilitarian view are mutually ex ""]",,p',,"[[4, 214], [4, 215]]","{'t': 4870732, 'o': [{'o': 'd', 'i': [[4, 214], [4, 215]]}]}",,,
20896,60,479,4875.693,editor,i,"[""Without technology, we don't know what sets humans apart from other species. The crux of what we refer to when asked about what sets us apart from other animals is our intellect. That said, how do we demonstrate such intelligence without technology? Any way that we care for each other or even other species is helped by technology. My view aligns best with the Progressive view. There will always be tasks that are low-skill and repetitive, and it's up to us to create the technology to increase the efficiency for such tasks. "", '', ""When we replace humans with machines, we lose the aspect of human encounters whenever we see a need for a task to be done. This, however, is not always a bad thing. There may be less of a need for human interaction, but we can't deny that we save the well-being of the person doing the task when we automate the job. This is partially why I disagree with the Dystopian view. Although we lose the necessity for basic courtesy, respect, and tolerance of other people in what would be a daily human encounter, that should not be a reason that people should continue to engage in ineffcient, monotinous work. We may be social animals by nature, but it is also in our nature to adapt to the cirucmstances as they come up."", '', ""Being able to efficiently do every task that comes up is a sign that we are succeeding at attaining a prosperous world. This is why I don't believe that the Progressive view and the Utilitarian view are mutually exclusive. I believe not ""]",clusive. I believe not',,,"[4, 214]","{'t': [4871110, 4875693], 'l': 22, 'o': [{'o': 'i', 'i': [4, 214], 'a': 'clusive. I believe not'}]}",,,
20897,60,480,4876.636,editor,d,"[""Without technology, we don't know what sets humans apart from other species. The crux of what we refer to when asked about what sets us apart from other animals is our intellect. That said, how do we demonstrate such intelligence without technology? Any way that we care for each other or even other species is helped by technology. My view aligns best with the Progressive view. There will always be tasks that are low-skill and repetitive, and it's up to us to create the technology to increase the efficiency for such tasks. "", '', ""When we replace humans with machines, we lose the aspect of human encounters whenever we see a need for a task to be done. This, however, is not always a bad thing. There may be less of a need for human interaction, but we can't deny that we save the well-being of the person doing the task when we automate the job. This is partially why I disagree with the Dystopian view. Although we lose the necessity for basic courtesy, respect, and tolerance of other people in what would be a daily human encounter, that should not be a reason that people should continue to engage in ineffcient, monotinous work. We may be social animals by nature, but it is also in our nature to adapt to the cirucmstances as they come up."", '', ""Being able to efficiently do every task that comes up is a sign that we are succeeding at attaining a prosperous world. This is why I don't believe that the Progressive view and the Utilitarian view are mutually exclusive. I believe  ""]",,not',,"[[4, 233], [4, 236]]","{'t': [4876340, 4876636], 'l': 3, 'o': [{'o': 'd', 'i': [[4, 233], [4, 236]], 'd': [[1, 3]]}]}",,,
20898,60,481,4878.001,editor,i,"[""Without technology, we don't know what sets humans apart from other species. The crux of what we refer to when asked about what sets us apart from other animals is our intellect. That said, how do we demonstrate such intelligence without technology? Any way that we care for each other or even other species is helped by technology. My view aligns best with the Progressive view. There will always be tasks that are low-skill and repetitive, and it's up to us to create the technology to increase the efficiency for such tasks. "", '', ""When we replace humans with machines, we lose the aspect of human encounters whenever we see a need for a task to be done. This, however, is not always a bad thing. There may be less of a need for human interaction, but we can't deny that we save the well-being of the person doing the task when we automate the job. This is partially why I disagree with the Dystopian view. Although we lose the necessity for basic courtesy, respect, and tolerance of other people in what would be a daily human encounter, that should not be a reason that people should continue to engage in ineffcient, monotinous work. We may be social animals by nature, but it is also in our nature to adapt to the cirucmstances as they come up."", '', ""Being able to efficiently do every task that comes up is a sign that we are succeeding at attaining a prosperous world. This is why I don't believe that the Progressive view and the Utilitarian view are mutually exclusive. I believe both.  ""]",both. ',,,"[4, 233]","{'t': [4876924, 4878001], 'l': 6, 'o': [{'o': 'i', 'i': [4, 233], 'a': 'both. '}]}",,,
20899,60,482,4885.746,editor,i,"[""Without technology, we don't know what sets humans apart from other species. The crux of what we refer to when asked about what sets us apart from other animals is our intellect. That said, how do we demonstrate such intelligence without technology? Any way that we care for each other or even other species is helped by technology. My view aligns best with the Progressive view. There will always be tasks that are low-skill and repetitive, and it's up to us to create the technology to increase the efficiency for such tasks. "", '', ""When we replace humans with machines, we lose the aspect of human encounters whenever we see a need for a task to be done. This, however, is not always a bad thing. There may be less of a need for human interaction, but we can't deny that we save the well-being of the person doing the task when we automate the job. This is partially why I disagree with the Dystopian view. Although we lose the necessity for basic courtesy, respect, and tolerance of other people in what would be a daily human encounter, that should not be a reason that people should continue to engage in ineffcient, monotinous work. We may be social animals by nature, but it is also in our nature to adapt to the cirucmstances as they come up."", '', ""Being able to efficiently do every task that comes up is a sign that we are succeeding at attaining a prosperous world. This is why I don't believe that the Progressive view and the Utilitarian view are mutually exclusive. I believe both. W ""]",W',,,"[4, 239]","{'t': 4885746, 'o': [{'o': 'i', 'i': [4, 239], 'a': 'W'}]}",,,
20900,60,483,4894.164,editor,i,"[""Without technology, we don't know what sets humans apart from other species. The crux of what we refer to when asked about what sets us apart from other animals is our intellect. That said, how do we demonstrate such intelligence without technology? Any way that we care for each other or even other species is helped by technology. My view aligns best with the Progressive view. There will always be tasks that are low-skill and repetitive, and it's up to us to create the technology to increase the efficiency for such tasks. "", '', ""When we replace humans with machines, we lose the aspect of human encounters whenever we see a need for a task to be done. This, however, is not always a bad thing. There may be less of a need for human interaction, but we can't deny that we save the well-being of the person doing the task when we automate the job. This is partially why I disagree with the Dystopian view. Although we lose the necessity for basic courtesy, respect, and tolerance of other people in what would be a daily human encounter, that should not be a reason that people should continue to engage in ineffcient, monotinous work. We may be social animals by nature, but it is also in our nature to adapt to the cirucmstances as they come up."", '', ""Being able to efficiently do every task that comes up is a sign that we are succeeding at attaining a prosperous world. This is why I don't believe that the Progressive view and the Utilitarian view are mutually exclusive. I believe both. We need to be able to figure out how to optimize tht e ""]",e need to be able to figure out how to optimize tht e',,,"[4, 240]","{'t': [4885999, 4894164], 'l': 53, 'o': [{'o': 'i', 'i': [4, 240], 'a': 'e need to be able to figure out how to optimize tht e'}]}",,,
20901,60,484,4895.525,editor,d,"[""Without technology, we don't know what sets humans apart from other species. The crux of what we refer to when asked about what sets us apart from other animals is our intellect. That said, how do we demonstrate such intelligence without technology? Any way that we care for each other or even other species is helped by technology. My view aligns best with the Progressive view. There will always be tasks that are low-skill and repetitive, and it's up to us to create the technology to increase the efficiency for such tasks. "", '', ""When we replace humans with machines, we lose the aspect of human encounters whenever we see a need for a task to be done. This, however, is not always a bad thing. There may be less of a need for human interaction, but we can't deny that we save the well-being of the person doing the task when we automate the job. This is partially why I disagree with the Dystopian view. Although we lose the necessity for basic courtesy, respect, and tolerance of other people in what would be a daily human encounter, that should not be a reason that people should continue to engage in ineffcient, monotinous work. We may be social animals by nature, but it is also in our nature to adapt to the cirucmstances as they come up."", '', ""Being able to efficiently do every task that comes up is a sign that we are succeeding at attaining a prosperous world. This is why I don't believe that the Progressive view and the Utilitarian view are mutually exclusive. I believe both. We need to be able to figure out how to optimize  ""]",,tht e',,"[[4, 288], [4, 293]]","{'t': [4894577, 4895525], 'l': 5, 'o': [{'o': 'd', 'i': [[4, 288], [4, 293]], 'd': [[1, 5]]}]}",,,
20902,60,485,4898.696,editor,i,"[""Without technology, we don't know what sets humans apart from other species. The crux of what we refer to when asked about what sets us apart from other animals is our intellect. That said, how do we demonstrate such intelligence without technology? Any way that we care for each other or even other species is helped by technology. My view aligns best with the Progressive view. There will always be tasks that are low-skill and repetitive, and it's up to us to create the technology to increase the efficiency for such tasks. "", '', ""When we replace humans with machines, we lose the aspect of human encounters whenever we see a need for a task to be done. This, however, is not always a bad thing. There may be less of a need for human interaction, but we can't deny that we save the well-being of the person doing the task when we automate the job. This is partially why I disagree with the Dystopian view. Although we lose the necessity for basic courtesy, respect, and tolerance of other people in what would be a daily human encounter, that should not be a reason that people should continue to engage in ineffcient, monotinous work. We may be social animals by nature, but it is also in our nature to adapt to the cirucmstances as they come up."", '', ""Being able to efficiently do every task that comes up is a sign that we are succeeding at attaining a prosperous world. This is why I don't believe that the Progressive view and the Utilitarian view are mutually exclusive. I believe both. We need to be able to figure out how to optimize efficiency and fe ""]",efficiency and fe',,,"[4, 288]","{'t': [4895656, 4898696], 'l': 17, 'o': [{'o': 'i', 'i': [4, 288], 'a': 'efficiency and fe'}]}",,,
20903,60,486,4899.059,editor,d,"[""Without technology, we don't know what sets humans apart from other species. The crux of what we refer to when asked about what sets us apart from other animals is our intellect. That said, how do we demonstrate such intelligence without technology? Any way that we care for each other or even other species is helped by technology. My view aligns best with the Progressive view. There will always be tasks that are low-skill and repetitive, and it's up to us to create the technology to increase the efficiency for such tasks. "", '', ""When we replace humans with machines, we lose the aspect of human encounters whenever we see a need for a task to be done. This, however, is not always a bad thing. There may be less of a need for human interaction, but we can't deny that we save the well-being of the person doing the task when we automate the job. This is partially why I disagree with the Dystopian view. Although we lose the necessity for basic courtesy, respect, and tolerance of other people in what would be a daily human encounter, that should not be a reason that people should continue to engage in ineffcient, monotinous work. We may be social animals by nature, but it is also in our nature to adapt to the cirucmstances as they come up."", '', ""Being able to efficiently do every task that comes up is a sign that we are succeeding at attaining a prosperous world. This is why I don't believe that the Progressive view and the Utilitarian view are mutually exclusive. I believe both. We need to be able to figure out how to optimize efficiency and  ""]",,fe',,"[[4, 303], [4, 305]]","{'t': [4898932, 4899059], 'l': 2, 'o': [{'o': 'd', 'i': [[4, 303], [4, 305]], 'd': [[1, 2]]}]}",,,
20904,60,487,4902.61,editor,i,"[""Without technology, we don't know what sets humans apart from other species. The crux of what we refer to when asked about what sets us apart from other animals is our intellect. That said, how do we demonstrate such intelligence without technology? Any way that we care for each other or even other species is helped by technology. My view aligns best with the Progressive view. There will always be tasks that are low-skill and repetitive, and it's up to us to create the technology to increase the efficiency for such tasks. "", '', ""When we replace humans with machines, we lose the aspect of human encounters whenever we see a need for a task to be done. This, however, is not always a bad thing. There may be less of a need for human interaction, but we can't deny that we save the well-being of the person doing the task when we automate the job. This is partially why I disagree with the Dystopian view. Although we lose the necessity for basic courtesy, respect, and tolerance of other people in what would be a daily human encounter, that should not be a reason that people should continue to engage in ineffcient, monotinous work. We may be social animals by nature, but it is also in our nature to adapt to the cirucmstances as they come up."", '', ""Being able to efficiently do every task that comes up is a sign that we are succeeding at attaining a prosperous world. This is why I don't believe that the Progressive view and the Utilitarian view are mutually exclusive. I believe both. We need to be able to figure out how to optimize efficiency and effectiveness of taks ""]",effectiveness of taks',,,"[4, 303]","{'t': [4899130, 4902610], 'l': 21, 'o': [{'o': 'i', 'i': [4, 303], 'a': 'effectiveness of taks'}]}",,,
20905,60,488,4903.249,editor,d,"[""Without technology, we don't know what sets humans apart from other species. The crux of what we refer to when asked about what sets us apart from other animals is our intellect. That said, how do we demonstrate such intelligence without technology? Any way that we care for each other or even other species is helped by technology. My view aligns best with the Progressive view. There will always be tasks that are low-skill and repetitive, and it's up to us to create the technology to increase the efficiency for such tasks. "", '', ""When we replace humans with machines, we lose the aspect of human encounters whenever we see a need for a task to be done. This, however, is not always a bad thing. There may be less of a need for human interaction, but we can't deny that we save the well-being of the person doing the task when we automate the job. This is partially why I disagree with the Dystopian view. Although we lose the necessity for basic courtesy, respect, and tolerance of other people in what would be a daily human encounter, that should not be a reason that people should continue to engage in ineffcient, monotinous work. We may be social animals by nature, but it is also in our nature to adapt to the cirucmstances as they come up."", '', ""Being able to efficiently do every task that comes up is a sign that we are succeeding at attaining a prosperous world. This is why I don't believe that the Progressive view and the Utilitarian view are mutually exclusive. I believe both. We need to be able to figure out how to optimize efficiency and effectiveness of ta ""]",,ks',,"[[4, 322], [4, 324]]","{'t': [4903115, 4903249], 'l': 2, 'o': [{'o': 'd', 'i': [[4, 322], [4, 324]], 'd': [[1, 2]]}]}",,,
20906,60,489,4903.684,editor,i,"[""Without technology, we don't know what sets humans apart from other species. The crux of what we refer to when asked about what sets us apart from other animals is our intellect. That said, how do we demonstrate such intelligence without technology? Any way that we care for each other or even other species is helped by technology. My view aligns best with the Progressive view. There will always be tasks that are low-skill and repetitive, and it's up to us to create the technology to increase the efficiency for such tasks. "", '', ""When we replace humans with machines, we lose the aspect of human encounters whenever we see a need for a task to be done. This, however, is not always a bad thing. There may be less of a need for human interaction, but we can't deny that we save the well-being of the person doing the task when we automate the job. This is partially why I disagree with the Dystopian view. Although we lose the necessity for basic courtesy, respect, and tolerance of other people in what would be a daily human encounter, that should not be a reason that people should continue to engage in ineffcient, monotinous work. We may be social animals by nature, but it is also in our nature to adapt to the cirucmstances as they come up."", '', ""Being able to efficiently do every task that comes up is a sign that we are succeeding at attaining a prosperous world. This is why I don't believe that the Progressive view and the Utilitarian view are mutually exclusive. I believe both. We need to be able to figure out how to optimize efficiency and effectiveness of tasks ""]",sks',,,"[4, 322]","{'t': [4903458, 4903684], 'l': 3, 'o': [{'o': 'i', 'i': [4, 322], 'a': 'sks'}]}",,,
20907,60,490,4907.541,editor,i,"[""Without technology, we don't know what sets humans apart from other species. The crux of what we refer to when asked about what sets us apart from other animals is our intellect. That said, how do we demonstrate such intelligence without technology? Any way that we care for each other or even other species is helped by technology. My view aligns best with the Progressive view. There will always be tasks that are low-skill and repetitive, and it's up to us to create the technology to increase the efficiency for such tasks. "", '', ""When we replace humans with machines, we lose the aspect of human encounters whenever we see a need for a task to be done. This, however, is not always a bad thing. There may be less of a need for human interaction, but we can't deny that we save the well-being of the person doing the task when we automate the job. This is partially why I disagree with the Dystopian view. Although we lose the necessity for basic courtesy, respect, and tolerance of other people in what would be a daily human encounter, that should not be a reason that people should continue to engage in ineffcient, monotinous work. We may be social animals by nature, but it is also in our nature to adapt to the cirucmstances as they come up."", '', ""Being able to efficiently do every task that comes up is a sign that we are succeeding at attaining a prosperous world. This is why I don't believe that the Progressive view and the Utilitarian view are mutually exclusive. I believe both. We need to be able to figure out how to optimize efficiency and effectiveness of tasks.  ""]",. ',,,"[4, 325]","{'t': [4905459, 4907541], 'l': 2, 'o': [{'o': 'i', 'i': [4, 325], 'a': '. '}]}",,,
20908,60,491,4908.384,editor,i,"[""Without technology, we don't know what sets humans apart from other species. The crux of what we refer to when asked about what sets us apart from other animals is our intellect. That said, how do we demonstrate such intelligence without technology? Any way that we care for each other or even other species is helped by technology. My view aligns best with the Progressive view. There will always be tasks that are low-skill and repetitive, and it's up to us to create the technology to increase the efficiency for such tasks. "", '', ""When we replace humans with machines, we lose the aspect of human encounters whenever we see a need for a task to be done. This, however, is not always a bad thing. There may be less of a need for human interaction, but we can't deny that we save the well-being of the person doing the task when we automate the job. This is partially why I disagree with the Dystopian view. Although we lose the necessity for basic courtesy, respect, and tolerance of other people in what would be a daily human encounter, that should not be a reason that people should continue to engage in ineffcient, monotinous work. We may be social animals by nature, but it is also in our nature to adapt to the cirucmstances as they come up."", '', ""Being able to efficiently do every task that comes up is a sign that we are succeeding at attaining a prosperous world. This is why I don't believe that the Progressive view and the Utilitarian view are mutually exclusive. I believe both. We need to be able to figure out how to optimize efficiency and effectiveness of tasks. If we  ""]",If we ',,,"[4, 327]","{'t': [4907768, 4908384], 'l': 6, 'o': [{'o': 'i', 'i': [4, 327], 'a': 'If we '}]}",,,
20909,60,492,4908.785,editor,d,"[""Without technology, we don't know what sets humans apart from other species. The crux of what we refer to when asked about what sets us apart from other animals is our intellect. That said, how do we demonstrate such intelligence without technology? Any way that we care for each other or even other species is helped by technology. My view aligns best with the Progressive view. There will always be tasks that are low-skill and repetitive, and it's up to us to create the technology to increase the efficiency for such tasks. "", '', ""When we replace humans with machines, we lose the aspect of human encounters whenever we see a need for a task to be done. This, however, is not always a bad thing. There may be less of a need for human interaction, but we can't deny that we save the well-being of the person doing the task when we automate the job. This is partially why I disagree with the Dystopian view. Although we lose the necessity for basic courtesy, respect, and tolerance of other people in what would be a daily human encounter, that should not be a reason that people should continue to engage in ineffcient, monotinous work. We may be social animals by nature, but it is also in our nature to adapt to the cirucmstances as they come up."", '', ""Being able to efficiently do every task that comes up is a sign that we are succeeding at attaining a prosperous world. This is why I don't believe that the Progressive view and the Utilitarian view are mutually exclusive. I believe both. We need to be able to figure out how to optimize efficiency and effectiveness of tasks. If we ""]",,,,"[[4, 332], [4, 333]]","{'t': 4908785, 'o': [{'o': 'd', 'i': [[4, 332], [4, 333]]}]}",,,
20910,60,493,4909.728,editor,i,"[""Without technology, we don't know what sets humans apart from other species. The crux of what we refer to when asked about what sets us apart from other animals is our intellect. That said, how do we demonstrate such intelligence without technology? Any way that we care for each other or even other species is helped by technology. My view aligns best with the Progressive view. There will always be tasks that are low-skill and repetitive, and it's up to us to create the technology to increase the efficiency for such tasks. "", '', ""When we replace humans with machines, we lose the aspect of human encounters whenever we see a need for a task to be done. This, however, is not always a bad thing. There may be less of a need for human interaction, but we can't deny that we save the well-being of the person doing the task when we automate the job. This is partially why I disagree with the Dystopian view. Although we lose the necessity for basic courtesy, respect, and tolerance of other people in what would be a daily human encounter, that should not be a reason that people should continue to engage in ineffcient, monotinous work. We may be social animals by nature, but it is also in our nature to adapt to the cirucmstances as they come up."", '', ""Being able to efficiently do every task that comes up is a sign that we are succeeding at attaining a prosperous world. This is why I don't believe that the Progressive view and the Utilitarian view are mutually exclusive. I believe both. We need to be able to figure out how to optimize efficiency and effectiveness of tasks. If we're abot ""]",re abot,,,"[4, 332]","{'t': [4908996, 4909728], 'l': 8, 'o': [{'o': 'i', 'i': [4, 332], 'a': ""'re abot""}]}",,,
20911,60,494,4910.161,editor,d,"[""Without technology, we don't know what sets humans apart from other species. The crux of what we refer to when asked about what sets us apart from other animals is our intellect. That said, how do we demonstrate such intelligence without technology? Any way that we care for each other or even other species is helped by technology. My view aligns best with the Progressive view. There will always be tasks that are low-skill and repetitive, and it's up to us to create the technology to increase the efficiency for such tasks. "", '', ""When we replace humans with machines, we lose the aspect of human encounters whenever we see a need for a task to be done. This, however, is not always a bad thing. There may be less of a need for human interaction, but we can't deny that we save the well-being of the person doing the task when we automate the job. This is partially why I disagree with the Dystopian view. Although we lose the necessity for basic courtesy, respect, and tolerance of other people in what would be a daily human encounter, that should not be a reason that people should continue to engage in ineffcient, monotinous work. We may be social animals by nature, but it is also in our nature to adapt to the cirucmstances as they come up."", '', ""Being able to efficiently do every task that comes up is a sign that we are succeeding at attaining a prosperous world. This is why I don't believe that the Progressive view and the Utilitarian view are mutually exclusive. I believe both. We need to be able to figure out how to optimize efficiency and effectiveness of tasks. If we're ab ""]",,ot',,"[[4, 338], [4, 340]]","{'t': [4910038, 4910161], 'l': 2, 'o': [{'o': 'd', 'i': [[4, 338], [4, 340]], 'd': [[1, 2]]}]}",,,
20912,60,495,4912.384,editor,i,"[""Without technology, we don't know what sets humans apart from other species. The crux of what we refer to when asked about what sets us apart from other animals is our intellect. That said, how do we demonstrate such intelligence without technology? Any way that we care for each other or even other species is helped by technology. My view aligns best with the Progressive view. There will always be tasks that are low-skill and repetitive, and it's up to us to create the technology to increase the efficiency for such tasks. "", '', ""When we replace humans with machines, we lose the aspect of human encounters whenever we see a need for a task to be done. This, however, is not always a bad thing. There may be less of a need for human interaction, but we can't deny that we save the well-being of the person doing the task when we automate the job. This is partially why I disagree with the Dystopian view. Although we lose the necessity for basic courtesy, respect, and tolerance of other people in what would be a daily human encounter, that should not be a reason that people should continue to engage in ineffcient, monotinous work. We may be social animals by nature, but it is also in our nature to adapt to the cirucmstances as they come up."", '', ""Being able to efficiently do every task that comes up is a sign that we are succeeding at attaining a prosperous world. This is why I don't believe that the Progressive view and the Utilitarian view are mutually exclusive. I believe both. We need to be able to figure out how to optimize efficiency and effectiveness of tasks. If we're able to do so,  ""]","le to do so, '",,,"[4, 338]","{'t': [4910446, 4912384], 'l': 13, 'o': [{'o': 'i', 'i': [4, 338], 'a': 'le to do so, '}]}",,,
20913,60,496,4915.73,editor,i,"[""Without technology, we don't know what sets humans apart from other species. The crux of what we refer to when asked about what sets us apart from other animals is our intellect. That said, how do we demonstrate such intelligence without technology? Any way that we care for each other or even other species is helped by technology. My view aligns best with the Progressive view. There will always be tasks that are low-skill and repetitive, and it's up to us to create the technology to increase the efficiency for such tasks. "", '', ""When we replace humans with machines, we lose the aspect of human encounters whenever we see a need for a task to be done. This, however, is not always a bad thing. There may be less of a need for human interaction, but we can't deny that we save the well-being of the person doing the task when we automate the job. This is partially why I disagree with the Dystopian view. Although we lose the necessity for basic courtesy, respect, and tolerance of other people in what would be a daily human encounter, that should not be a reason that people should continue to engage in ineffcient, monotinous work. We may be social animals by nature, but it is also in our nature to adapt to the cirucmstances as they come up."", '', ""Being able to efficiently do every task that comes up is a sign that we are succeeding at attaining a prosperous world. This is why I don't believe that the Progressive view and the Utilitarian view are mutually exclusive. I believe both. We need to be able to figure out how to optimize efficiency and effectiveness of tasks. If we're able to do so, w ""]",w',,,"[4, 351]","{'t': 4915730, 'o': [{'o': 'i', 'i': [4, 351], 'a': 'w'}]}",,,
20914,60,497,4916.592,editor,i,"[""Without technology, we don't know what sets humans apart from other species. The crux of what we refer to when asked about what sets us apart from other animals is our intellect. That said, how do we demonstrate such intelligence without technology? Any way that we care for each other or even other species is helped by technology. My view aligns best with the Progressive view. There will always be tasks that are low-skill and repetitive, and it's up to us to create the technology to increase the efficiency for such tasks. "", '', ""When we replace humans with machines, we lose the aspect of human encounters whenever we see a need for a task to be done. This, however, is not always a bad thing. There may be less of a need for human interaction, but we can't deny that we save the well-being of the person doing the task when we automate the job. This is partially why I disagree with the Dystopian view. Although we lose the necessity for basic courtesy, respect, and tolerance of other people in what would be a daily human encounter, that should not be a reason that people should continue to engage in ineffcient, monotinous work. We may be social animals by nature, but it is also in our nature to adapt to the cirucmstances as they come up."", '', ""Being able to efficiently do every task that comes up is a sign that we are succeeding at attaining a prosperous world. This is why I don't believe that the Progressive view and the Utilitarian view are mutually exclusive. I believe both. We need to be able to figure out how to optimize efficiency and effectiveness of tasks. If we're able to do so, we hae ""]",e hae',,,"[4, 352]","{'t': [4915827, 4916592], 'l': 5, 'o': [{'o': 'i', 'i': [4, 352], 'a': 'e hae'}]}",,,
20915,60,498,4916.961,editor,d,"[""Without technology, we don't know what sets humans apart from other species. The crux of what we refer to when asked about what sets us apart from other animals is our intellect. That said, how do we demonstrate such intelligence without technology? Any way that we care for each other or even other species is helped by technology. My view aligns best with the Progressive view. There will always be tasks that are low-skill and repetitive, and it's up to us to create the technology to increase the efficiency for such tasks. "", '', ""When we replace humans with machines, we lose the aspect of human encounters whenever we see a need for a task to be done. This, however, is not always a bad thing. There may be less of a need for human interaction, but we can't deny that we save the well-being of the person doing the task when we automate the job. This is partially why I disagree with the Dystopian view. Although we lose the necessity for basic courtesy, respect, and tolerance of other people in what would be a daily human encounter, that should not be a reason that people should continue to engage in ineffcient, monotinous work. We may be social animals by nature, but it is also in our nature to adapt to the cirucmstances as they come up."", '', ""Being able to efficiently do every task that comes up is a sign that we are succeeding at attaining a prosperous world. This is why I don't believe that the Progressive view and the Utilitarian view are mutually exclusive. I believe both. We need to be able to figure out how to optimize efficiency and effectiveness of tasks. If we're able to do so, we ha ""]",,e',,"[[4, 356], [4, 357]]","{'t': 4916961, 'o': [{'o': 'd', 'i': [[4, 356], [4, 357]]}]}",,,
20916,60,499,4919.754,editor,i,"[""Without technology, we don't know what sets humans apart from other species. The crux of what we refer to when asked about what sets us apart from other animals is our intellect. That said, how do we demonstrate such intelligence without technology? Any way that we care for each other or even other species is helped by technology. My view aligns best with the Progressive view. There will always be tasks that are low-skill and repetitive, and it's up to us to create the technology to increase the efficiency for such tasks. "", '', ""When we replace humans with machines, we lose the aspect of human encounters whenever we see a need for a task to be done. This, however, is not always a bad thing. There may be less of a need for human interaction, but we can't deny that we save the well-being of the person doing the task when we automate the job. This is partially why I disagree with the Dystopian view. Although we lose the necessity for basic courtesy, respect, and tolerance of other people in what would be a daily human encounter, that should not be a reason that people should continue to engage in ineffcient, monotinous work. We may be social animals by nature, but it is also in our nature to adapt to the cirucmstances as they come up."", '', ""Being able to efficiently do every task that comes up is a sign that we are succeeding at attaining a prosperous world. This is why I don't believe that the Progressive view and the Utilitarian view are mutually exclusive. I believe both. We need to be able to figure out how to optimize efficiency and effectiveness of tasks. If we're able to do so, we have succeeded.  ""]",ve succeeded. ',,,"[4, 356]","{'t': [4916986, 4919754], 'l': 14, 'o': [{'o': 'i', 'i': [4, 356], 'a': 've succeeded. '}]}",,,
20917,60,500,4925.546,editor,i,"[""Without technology, we don't know what sets humans apart from other species. The crux of what we refer to when asked about what sets us apart from other animals is our intellect. That said, how do we demonstrate such intelligence without technology? Any way that we care for each other or even other species is helped by technology. My view aligns best with the Progressive view. There will always be tasks that are low-skill and repetitive, and it's up to us to create the technology to increase the efficiency for such tasks. "", '', ""When we replace humans with machines, we lose the aspect of human encounters whenever we see a need for a task to be done. This, however, is not always a bad thing. There may be less of a need for human interaction, but we can't deny that we save the well-being of the person doing the task when we automate the job. This is partially why I disagree with the Dystopian view. Although we lose the necessity for basic courtesy, respect, and tolerance of other people in what would be a daily human encounter, that should not be a reason that people should continue to engage in ineffcient, monotinous work. We may be social animals by nature, but it is also in our nature to adapt to the cirucmstances as they come up."", '', ""Being able to efficiently do every task that comes up is a sign that we are succeeding at attaining a prosperous world. This is why I don't believe that the Progressive view and the Utilitarian view are mutually exclusive. I believe both. We need to be able to figure out how to optimize efficiency and effectiveness of tasks. If we're able to do so, we have succeeded. H ""]",H',,,"[4, 370]","{'t': 4925546, 'o': [{'o': 'i', 'i': [4, 370], 'a': 'H'}]}",,,
20918,60,501,4931.792,editor,i,"[""Without technology, we don't know what sets humans apart from other species. The crux of what we refer to when asked about what sets us apart from other animals is our intellect. That said, how do we demonstrate such intelligence without technology? Any way that we care for each other or even other species is helped by technology. My view aligns best with the Progressive view. There will always be tasks that are low-skill and repetitive, and it's up to us to create the technology to increase the efficiency for such tasks. "", '', ""When we replace humans with machines, we lose the aspect of human encounters whenever we see a need for a task to be done. This, however, is not always a bad thing. There may be less of a need for human interaction, but we can't deny that we save the well-being of the person doing the task when we automate the job. This is partially why I disagree with the Dystopian view. Although we lose the necessity for basic courtesy, respect, and tolerance of other people in what would be a daily human encounter, that should not be a reason that people should continue to engage in ineffcient, monotinous work. We may be social animals by nature, but it is also in our nature to adapt to the cirucmstances as they come up."", '', ""Being able to efficiently do every task that comes up is a sign that we are succeeding at attaining a prosperous world. This is why I don't believe that the Progressive view and the Utilitarian view are mutually exclusive. I believe both. We need to be able to figure out how to optimize efficiency and effectiveness of tasks. If we're able to do so, we have succeeded. However, we also have a need to figure out  ""]","owever, we also have a need to figure out '",,,"[4, 371]","{'t': [4925679, 4931792], 'l': 42, 'o': [{'o': 'i', 'i': [4, 371], 'a': 'owever, we also have a need to figure out '}]}",,,
20919,60,502,4933.042,editor,i,"[""Without technology, we don't know what sets humans apart from other species. The crux of what we refer to when asked about what sets us apart from other animals is our intellect. That said, how do we demonstrate such intelligence without technology? Any way that we care for each other or even other species is helped by technology. My view aligns best with the Progressive view. There will always be tasks that are low-skill and repetitive, and it's up to us to create the technology to increase the efficiency for such tasks. "", '', ""When we replace humans with machines, we lose the aspect of human encounters whenever we see a need for a task to be done. This, however, is not always a bad thing. There may be less of a need for human interaction, but we can't deny that we save the well-being of the person doing the task when we automate the job. This is partially why I disagree with the Dystopian view. Although we lose the necessity for basic courtesy, respect, and tolerance of other people in what would be a daily human encounter, that should not be a reason that people should continue to engage in ineffcient, monotinous work. We may be social animals by nature, but it is also in our nature to adapt to the cirucmstances as they come up."", '', ""Being able to efficiently do every task that comes up is a sign that we are succeeding at attaining a prosperous world. This is why I don't believe that the Progressive view and the Utilitarian view are mutually exclusive. I believe both. We need to be able to figure out how to optimize efficiency and effectiveness of tasks. If we're able to do so, we have succeeded. However, we also have a need to figure out   ""]",,,,"[4, 413]","{'t': 4933042, 'o': [{'o': 'i', 'i': [4, 413], 'a': ' '}]}",,,
20920,60,503,4933.668,editor,d,"[""Without technology, we don't know what sets humans apart from other species. The crux of what we refer to when asked about what sets us apart from other animals is our intellect. That said, how do we demonstrate such intelligence without technology? Any way that we care for each other or even other species is helped by technology. My view aligns best with the Progressive view. There will always be tasks that are low-skill and repetitive, and it's up to us to create the technology to increase the efficiency for such tasks. "", '', ""When we replace humans with machines, we lose the aspect of human encounters whenever we see a need for a task to be done. This, however, is not always a bad thing. There may be less of a need for human interaction, but we can't deny that we save the well-being of the person doing the task when we automate the job. This is partially why I disagree with the Dystopian view. Although we lose the necessity for basic courtesy, respect, and tolerance of other people in what would be a daily human encounter, that should not be a reason that people should continue to engage in ineffcient, monotinous work. We may be social animals by nature, but it is also in our nature to adapt to the cirucmstances as they come up."", '', ""Being able to efficiently do every task that comes up is a sign that we are succeeding at attaining a prosperous world. This is why I don't believe that the Progressive view and the Utilitarian view are mutually exclusive. I believe both. We need to be able to figure out how to optimize efficiency and effectiveness of tasks. If we're able to do so, we have succeeded. However, we also have a need to figure out  ""]",,,,"[[4, 413], [4, 414]]","{'t': 4933668, 'o': [{'o': 'd', 'i': [[4, 413], [4, 414]]}]}",,,
20921,60,504,4937.367,editor,i,"[""Without technology, we don't know what sets humans apart from other species. The crux of what we refer to when asked about what sets us apart from other animals is our intellect. That said, how do we demonstrate such intelligence without technology? Any way that we care for each other or even other species is helped by technology. My view aligns best with the Progressive view. There will always be tasks that are low-skill and repetitive, and it's up to us to create the technology to increase the efficiency for such tasks. "", '', ""When we replace humans with machines, we lose the aspect of human encounters whenever we see a need for a task to be done. This, however, is not always a bad thing. There may be less of a need for human interaction, but we can't deny that we save the well-being of the person doing the task when we automate the job. This is partially why I disagree with the Dystopian view. Although we lose the necessity for basic courtesy, respect, and tolerance of other people in what would be a daily human encounter, that should not be a reason that people should continue to engage in ineffcient, monotinous work. We may be social animals by nature, but it is also in our nature to adapt to the cirucmstances as they come up."", '', ""Being able to efficiently do every task that comes up is a sign that we are succeeding at attaining a prosperous world. This is why I don't believe that the Progressive view and the Utilitarian view are mutually exclusive. I believe both. We need to be able to figure out how to optimize efficiency and effectiveness of tasks. If we're able to do so, we have succeeded. However, we also have a need to figure out how we fit into the puzz ""]",how we fit into the puzz',,,"[4, 413]","{'t': [4934076, 4937367], 'l': 24, 'o': [{'o': 'i', 'i': [4, 413], 'a': 'how we fit into the puzz'}]}",,,
20922,60,505,4937.894,editor,d,"[""Without technology, we don't know what sets humans apart from other species. The crux of what we refer to when asked about what sets us apart from other animals is our intellect. That said, how do we demonstrate such intelligence without technology? Any way that we care for each other or even other species is helped by technology. My view aligns best with the Progressive view. There will always be tasks that are low-skill and repetitive, and it's up to us to create the technology to increase the efficiency for such tasks. "", '', ""When we replace humans with machines, we lose the aspect of human encounters whenever we see a need for a task to be done. This, however, is not always a bad thing. There may be less of a need for human interaction, but we can't deny that we save the well-being of the person doing the task when we automate the job. This is partially why I disagree with the Dystopian view. Although we lose the necessity for basic courtesy, respect, and tolerance of other people in what would be a daily human encounter, that should not be a reason that people should continue to engage in ineffcient, monotinous work. We may be social animals by nature, but it is also in our nature to adapt to the cirucmstances as they come up."", '', ""Being able to efficiently do every task that comes up is a sign that we are succeeding at attaining a prosperous world. This is why I don't believe that the Progressive view and the Utilitarian view are mutually exclusive. I believe both. We need to be able to figure out how to optimize efficiency and effectiveness of tasks. If we're able to do so, we have succeeded. However, we also have a need to figure out how we fit into the  ""]",,puzz',,"[[4, 433], [4, 437]]","{'t': 4937894, 'o': [{'o': 'd', 'i': [[4, 433], [4, 437]]}]}",,,
20923,60,506,4938.753,editor,i,"[""Without technology, we don't know what sets humans apart from other species. The crux of what we refer to when asked about what sets us apart from other animals is our intellect. That said, how do we demonstrate such intelligence without technology? Any way that we care for each other or even other species is helped by technology. My view aligns best with the Progressive view. There will always be tasks that are low-skill and repetitive, and it's up to us to create the technology to increase the efficiency for such tasks. "", '', ""When we replace humans with machines, we lose the aspect of human encounters whenever we see a need for a task to be done. This, however, is not always a bad thing. There may be less of a need for human interaction, but we can't deny that we save the well-being of the person doing the task when we automate the job. This is partially why I disagree with the Dystopian view. Although we lose the necessity for basic courtesy, respect, and tolerance of other people in what would be a daily human encounter, that should not be a reason that people should continue to engage in ineffcient, monotinous work. We may be social animals by nature, but it is also in our nature to adapt to the cirucmstances as they come up."", '', ""Being able to efficiently do every task that comes up is a sign that we are succeeding at attaining a prosperous world. This is why I don't believe that the Progressive view and the Utilitarian view are mutually exclusive. I believe both. We need to be able to figure out how to optimize efficiency and effectiveness of tasks. If we're able to do so, we have succeeded. However, we also have a need to figure out how we fit into the eu ""]",eu',,,"[4, 433]","{'t': [4938348, 4938753], 'l': 2, 'o': [{'o': 'i', 'i': [4, 433], 'a': 'eu'}]}",,,
20924,60,507,4939.046,editor,d,"[""Without technology, we don't know what sets humans apart from other species. The crux of what we refer to when asked about what sets us apart from other animals is our intellect. That said, how do we demonstrate such intelligence without technology? Any way that we care for each other or even other species is helped by technology. My view aligns best with the Progressive view. There will always be tasks that are low-skill and repetitive, and it's up to us to create the technology to increase the efficiency for such tasks. "", '', ""When we replace humans with machines, we lose the aspect of human encounters whenever we see a need for a task to be done. This, however, is not always a bad thing. There may be less of a need for human interaction, but we can't deny that we save the well-being of the person doing the task when we automate the job. This is partially why I disagree with the Dystopian view. Although we lose the necessity for basic courtesy, respect, and tolerance of other people in what would be a daily human encounter, that should not be a reason that people should continue to engage in ineffcient, monotinous work. We may be social animals by nature, but it is also in our nature to adapt to the cirucmstances as they come up."", '', ""Being able to efficiently do every task that comes up is a sign that we are succeeding at attaining a prosperous world. This is why I don't believe that the Progressive view and the Utilitarian view are mutually exclusive. I believe both. We need to be able to figure out how to optimize efficiency and effectiveness of tasks. If we're able to do so, we have succeeded. However, we also have a need to figure out how we fit into the e ""]",,u',,"[[4, 434], [4, 435]]","{'t': 4939046, 'o': [{'o': 'd', 'i': [[4, 434], [4, 435]]}]}",,,
20925,60,508,4939.863,editor,i,"[""Without technology, we don't know what sets humans apart from other species. The crux of what we refer to when asked about what sets us apart from other animals is our intellect. That said, how do we demonstrate such intelligence without technology? Any way that we care for each other or even other species is helped by technology. My view aligns best with the Progressive view. There will always be tasks that are low-skill and repetitive, and it's up to us to create the technology to increase the efficiency for such tasks. "", '', ""When we replace humans with machines, we lose the aspect of human encounters whenever we see a need for a task to be done. This, however, is not always a bad thing. There may be less of a need for human interaction, but we can't deny that we save the well-being of the person doing the task when we automate the job. This is partially why I disagree with the Dystopian view. Although we lose the necessity for basic courtesy, respect, and tolerance of other people in what would be a daily human encounter, that should not be a reason that people should continue to engage in ineffcient, monotinous work. We may be social animals by nature, but it is also in our nature to adapt to the cirucmstances as they come up."", '', ""Being able to efficiently do every task that comes up is a sign that we are succeeding at attaining a prosperous world. This is why I don't believe that the Progressive view and the Utilitarian view are mutually exclusive. I believe both. We need to be able to figure out how to optimize efficiency and effectiveness of tasks. If we're able to do so, we have succeeded. However, we also have a need to figure out how we fit into the eqation ""]",qation',,,"[4, 434]","{'t': [4939160, 4939863], 'l': 6, 'o': [{'o': 'i', 'i': [4, 434], 'a': 'qation'}]}",,,
20926,60,509,4941.501,editor,d,"[""Without technology, we don't know what sets humans apart from other species. The crux of what we refer to when asked about what sets us apart from other animals is our intellect. That said, how do we demonstrate such intelligence without technology? Any way that we care for each other or even other species is helped by technology. My view aligns best with the Progressive view. There will always be tasks that are low-skill and repetitive, and it's up to us to create the technology to increase the efficiency for such tasks. "", '', ""When we replace humans with machines, we lose the aspect of human encounters whenever we see a need for a task to be done. This, however, is not always a bad thing. There may be less of a need for human interaction, but we can't deny that we save the well-being of the person doing the task when we automate the job. This is partially why I disagree with the Dystopian view. Although we lose the necessity for basic courtesy, respect, and tolerance of other people in what would be a daily human encounter, that should not be a reason that people should continue to engage in ineffcient, monotinous work. We may be social animals by nature, but it is also in our nature to adapt to the cirucmstances as they come up."", '', ""Being able to efficiently do every task that comes up is a sign that we are succeeding at attaining a prosperous world. This is why I don't believe that the Progressive view and the Utilitarian view are mutually exclusive. I believe both. We need to be able to figure out how to optimize efficiency and effectiveness of tasks. If we're able to do so, we have succeeded. However, we also have a need to figure out how we fit into the eq ""]",,ation',,"[[4, 435], [4, 440]]","{'t': [4940742, 4941501], 'l': 5, 'o': [{'o': 'd', 'i': [[4, 435], [4, 440]], 'd': [[1, 5]]}]}",,,
20927,60,510,4942.574,editor,i,"[""Without technology, we don't know what sets humans apart from other species. The crux of what we refer to when asked about what sets us apart from other animals is our intellect. That said, how do we demonstrate such intelligence without technology? Any way that we care for each other or even other species is helped by technology. My view aligns best with the Progressive view. There will always be tasks that are low-skill and repetitive, and it's up to us to create the technology to increase the efficiency for such tasks. "", '', ""When we replace humans with machines, we lose the aspect of human encounters whenever we see a need for a task to be done. This, however, is not always a bad thing. There may be less of a need for human interaction, but we can't deny that we save the well-being of the person doing the task when we automate the job. This is partially why I disagree with the Dystopian view. Although we lose the necessity for basic courtesy, respect, and tolerance of other people in what would be a daily human encounter, that should not be a reason that people should continue to engage in ineffcient, monotinous work. We may be social animals by nature, but it is also in our nature to adapt to the cirucmstances as they come up."", '', ""Being able to efficiently do every task that comes up is a sign that we are succeeding at attaining a prosperous world. This is why I don't believe that the Progressive view and the Utilitarian view are mutually exclusive. I believe both. We need to be able to figure out how to optimize efficiency and effectiveness of tasks. If we're able to do so, we have succeeded. However, we also have a need to figure out how we fit into the equation.  ""]",uation. ',,,"[4, 435]","{'t': [4941781, 4942574], 'l': 8, 'o': [{'o': 'i', 'i': [4, 435], 'a': 'uation. '}]}",,,
20928,60,511,4981.139,editor,o,"[""Without technology, we don't know what sets humans apart from other species. The crux of what we refer to when asked about what sets us apart from other animals is our intellect. That said, how do we demonstrate such intelligence without technology? Any way that we care for each other or even other species is helped by technology. My view aligns best with the Progressive view. There will always be tasks that are low-skill and repetitive, and it's up to us to create the technology to increase the efficiency for such tasks. "", '', ""When we replace humans with machines, we lose the aspect of human encounters whenever we see a need for a task to be done. This, however, is not always a bad thing. There may be less of a need for human interaction, but we can't deny that we save the well-being of the person doing the task when we automate the job. This is partially why I disagree with the Dystopian view. Although we lose the necessity for basic courtesy, respect, and tolerance of other people in what would be a daily human encounter, that should not be a reason that people should continue to engage in ineffcient, monotinous work. We may be social animals by nature, but it is also in our nature to adapt to the cirucmstances as they come up."", '', ""Being able to efficiently do every task that comes up is a sign that we are succeeding at attaining a prosperous world. This is why I don't believe that the Progressive view and the Utilitarian view are mutually exclusive. I believe both. We need to be able to figure out how to optimize efficiency and effectiveness of tasks. If we're able to do so, we have succeeded. However, we also have a need to figure out how we fit into the equation.  ""]",,,,"[4, 420]","{'t': 4981139, 'o': [{'o': 'o', 'i': [4, 420]}]}",,,
20929,60,512,4981.453,editor,i,"[""Without technology, we don't know what sets humans apart from other species. The crux of what we refer to when asked about what sets us apart from other animals is our intellect. That said, how do we demonstrate such intelligence without technology? Any way that we care for each other or even other species is helped by technology. My view aligns best with the Progressive view. There will always be tasks that are low-skill and repetitive, and it's up to us to create the technology to increase the efficiency for such tasks. "", '', ""When we replace humans with machines, we lose the aspect of human encounters whenever we see a need for a task to be done. This, however, is not always a bad thing. There may be less of a need for human interaction, but we can't deny that we save the well-being of the person doing the task when we automate the job. This is partially why I disagree with the Dystopian view. Although we lose the necessity for basic courtesy, respect, and tolerance of other people in what would be a daily human encounter, that should not be a reason that people should continue to engage in ineffcient, monotinous work. We may be social animals by nature, but it is also in our nature to adapt to the cirucmstances as they come up."", '', ""Being able to efficiently do every task that comes up is a sign that we are succeeding at attaining a prosperous world. This is why I don't believe that the Progressive view and the Utilitarian view are mutually exclusive. I believe both. We need to be able to figure out how to optimize efficiency and effectiveness of tasks. If we're able to do so, we have succeeded. However, we also have a need to figure out how we afit into the equation.  ""]",a',,,"[4, 420]","{'t': 4981453, 'o': [{'o': 'i', 'i': [4, 420], 'a': 'a'}]}",,,
20930,60,513,4983.144,editor,i,"[""Without technology, we don't know what sets humans apart from other species. The crux of what we refer to when asked about what sets us apart from other animals is our intellect. That said, how do we demonstrate such intelligence without technology? Any way that we care for each other or even other species is helped by technology. My view aligns best with the Progressive view. There will always be tasks that are low-skill and repetitive, and it's up to us to create the technology to increase the efficiency for such tasks. "", '', ""When we replace humans with machines, we lose the aspect of human encounters whenever we see a need for a task to be done. This, however, is not always a bad thing. There may be less of a need for human interaction, but we can't deny that we save the well-being of the person doing the task when we automate the job. This is partially why I disagree with the Dystopian view. Although we lose the necessity for basic courtesy, respect, and tolerance of other people in what would be a daily human encounter, that should not be a reason that people should continue to engage in ineffcient, monotinous work. We may be social animals by nature, but it is also in our nature to adapt to the cirucmstances as they come up."", '', ""Being able to efficiently do every task that comes up is a sign that we are succeeding at attaining a prosperous world. This is why I don't believe that the Progressive view and the Utilitarian view are mutually exclusive. I believe both. We need to be able to figure out how to optimize efficiency and effectiveness of tasks. If we're able to do so, we have succeeded. However, we also have a need to figure out how we as humasnfit into the equation.  ""]",s humasn',,,"[4, 421]","{'t': [4981539, 4983144], 'l': 8, 'o': [{'o': 'i', 'i': [4, 421], 'a': 's humasn'}]}",,,
20931,60,514,4983.578,editor,d,"[""Without technology, we don't know what sets humans apart from other species. The crux of what we refer to when asked about what sets us apart from other animals is our intellect. That said, how do we demonstrate such intelligence without technology? Any way that we care for each other or even other species is helped by technology. My view aligns best with the Progressive view. There will always be tasks that are low-skill and repetitive, and it's up to us to create the technology to increase the efficiency for such tasks. "", '', ""When we replace humans with machines, we lose the aspect of human encounters whenever we see a need for a task to be done. This, however, is not always a bad thing. There may be less of a need for human interaction, but we can't deny that we save the well-being of the person doing the task when we automate the job. This is partially why I disagree with the Dystopian view. Although we lose the necessity for basic courtesy, respect, and tolerance of other people in what would be a daily human encounter, that should not be a reason that people should continue to engage in ineffcient, monotinous work. We may be social animals by nature, but it is also in our nature to adapt to the cirucmstances as they come up."", '', ""Being able to efficiently do every task that comes up is a sign that we are succeeding at attaining a prosperous world. This is why I don't believe that the Progressive view and the Utilitarian view are mutually exclusive. I believe both. We need to be able to figure out how to optimize efficiency and effectiveness of tasks. If we're able to do so, we have succeeded. However, we also have a need to figure out how we as humafit into the equation.  ""]",,sn',,"[[4, 427], [4, 429]]","{'t': [4983445, 4983578], 'l': 2, 'o': [{'o': 'd', 'i': [[4, 427], [4, 429]], 'd': [[1, 2]]}]}",,,
20932,60,515,4984.026,editor,i,"[""Without technology, we don't know what sets humans apart from other species. The crux of what we refer to when asked about what sets us apart from other animals is our intellect. That said, how do we demonstrate such intelligence without technology? Any way that we care for each other or even other species is helped by technology. My view aligns best with the Progressive view. There will always be tasks that are low-skill and repetitive, and it's up to us to create the technology to increase the efficiency for such tasks. "", '', ""When we replace humans with machines, we lose the aspect of human encounters whenever we see a need for a task to be done. This, however, is not always a bad thing. There may be less of a need for human interaction, but we can't deny that we save the well-being of the person doing the task when we automate the job. This is partially why I disagree with the Dystopian view. Although we lose the necessity for basic courtesy, respect, and tolerance of other people in what would be a daily human encounter, that should not be a reason that people should continue to engage in ineffcient, monotinous work. We may be social animals by nature, but it is also in our nature to adapt to the cirucmstances as they come up."", '', ""Being able to efficiently do every task that comes up is a sign that we are succeeding at attaining a prosperous world. This is why I don't believe that the Progressive view and the Utilitarian view are mutually exclusive. I believe both. We need to be able to figure out how to optimize efficiency and effectiveness of tasks. If we're able to do so, we have succeeded. However, we also have a need to figure out how we as humans fit into the equation.  ""]",ns ',,,"[4, 427]","{'t': [4983852, 4984026], 'l': 3, 'o': [{'o': 'i', 'i': [4, 427], 'a': 'ns '}]}",,,
20933,60,516,4985.048,editor,o,"[""Without technology, we don't know what sets humans apart from other species. The crux of what we refer to when asked about what sets us apart from other animals is our intellect. That said, how do we demonstrate such intelligence without technology? Any way that we care for each other or even other species is helped by technology. My view aligns best with the Progressive view. There will always be tasks that are low-skill and repetitive, and it's up to us to create the technology to increase the efficiency for such tasks. "", '', ""When we replace humans with machines, we lose the aspect of human encounters whenever we see a need for a task to be done. This, however, is not always a bad thing. There may be less of a need for human interaction, but we can't deny that we save the well-being of the person doing the task when we automate the job. This is partially why I disagree with the Dystopian view. Although we lose the necessity for basic courtesy, respect, and tolerance of other people in what would be a daily human encounter, that should not be a reason that people should continue to engage in ineffcient, monotinous work. We may be social animals by nature, but it is also in our nature to adapt to the cirucmstances as they come up."", '', ""Being able to efficiently do every task that comes up is a sign that we are succeeding at attaining a prosperous world. This is why I don't believe that the Progressive view and the Utilitarian view are mutually exclusive. I believe both. We need to be able to figure out how to optimize efficiency and effectiveness of tasks. If we're able to do so, we have succeeded. However, we also have a need to figure out how we as humans fit into the equation.  ""]",,,,"[4, 454]","{'t': 4985048, 'o': [{'o': 'o', 'i': [4, 454]}]}",,,
20934,60,517,4985.62,editor,d,"[""Without technology, we don't know what sets humans apart from other species. The crux of what we refer to when asked about what sets us apart from other animals is our intellect. That said, how do we demonstrate such intelligence without technology? Any way that we care for each other or even other species is helped by technology. My view aligns best with the Progressive view. There will always be tasks that are low-skill and repetitive, and it's up to us to create the technology to increase the efficiency for such tasks. "", '', ""When we replace humans with machines, we lose the aspect of human encounters whenever we see a need for a task to be done. This, however, is not always a bad thing. There may be less of a need for human interaction, but we can't deny that we save the well-being of the person doing the task when we automate the job. This is partially why I disagree with the Dystopian view. Although we lose the necessity for basic courtesy, respect, and tolerance of other people in what would be a daily human encounter, that should not be a reason that people should continue to engage in ineffcient, monotinous work. We may be social animals by nature, but it is also in our nature to adapt to the cirucmstances as they come up."", '', ""Being able to efficiently do every task that comes up is a sign that we are succeeding at attaining a prosperous world. This is why I don't believe that the Progressive view and the Utilitarian view are mutually exclusive. I believe both. We need to be able to figure out how to optimize efficiency and effectiveness of tasks. If we're able to do so, we have succeeded. However, we also have a need to figure out how we as humans fit into the equation. ""]",,,,"[[4, 453], [4, 454]]","{'t': 4985620, 'o': [{'o': 'd', 'i': [[4, 453], [4, 454]]}]}",,,
20935,60,518,4985.763,editor,d,"[""Without technology, we don't know what sets humans apart from other species. The crux of what we refer to when asked about what sets us apart from other animals is our intellect. That said, how do we demonstrate such intelligence without technology? Any way that we care for each other or even other species is helped by technology. My view aligns best with the Progressive view. There will always be tasks that are low-skill and repetitive, and it's up to us to create the technology to increase the efficiency for such tasks. "", '', ""When we replace humans with machines, we lose the aspect of human encounters whenever we see a need for a task to be done. This, however, is not always a bad thing. There may be less of a need for human interaction, but we can't deny that we save the well-being of the person doing the task when we automate the job. This is partially why I disagree with the Dystopian view. Although we lose the necessity for basic courtesy, respect, and tolerance of other people in what would be a daily human encounter, that should not be a reason that people should continue to engage in ineffcient, monotinous work. We may be social animals by nature, but it is also in our nature to adapt to the cirucmstances as they come up."", '', ""Being able to efficiently do every task that comes up is a sign that we are succeeding at attaining a prosperous world. This is why I don't believe that the Progressive view and the Utilitarian view are mutually exclusive. I believe both. We need to be able to figure out how to optimize efficiency and effectiveness of tasks. If we're able to do so, we have succeeded. However, we also have a need to figure out how we as humans fit into the equation.""]",,,,"[[4, 452], [4, 453]]","{'t': 4985763, 'o': [{'o': 'd', 'i': [[4, 452], [4, 453]]}]}",,,
20936,60,519,4987.476,editor,i,"[""Without technology, we don't know what sets humans apart from other species. The crux of what we refer to when asked about what sets us apart from other animals is our intellect. That said, how do we demonstrate such intelligence without technology? Any way that we care for each other or even other species is helped by technology. My view aligns best with the Progressive view. There will always be tasks that are low-skill and repetitive, and it's up to us to create the technology to increase the efficiency for such tasks. "", '', ""When we replace humans with machines, we lose the aspect of human encounters whenever we see a need for a task to be done. This, however, is not always a bad thing. There may be less of a need for human interaction, but we can't deny that we save the well-being of the person doing the task when we automate the job. This is partially why I disagree with the Dystopian view. Although we lose the necessity for basic courtesy, respect, and tolerance of other people in what would be a daily human encounter, that should not be a reason that people should continue to engage in ineffcient, monotinous work. We may be social animals by nature, but it is also in our nature to adapt to the cirucmstances as they come up."", '', ""Being able to efficiently do every task that comes up is a sign that we are succeeding at attaining a prosperous world. This is why I don't believe that the Progressive view and the Utilitarian view are mutually exclusive. I believe both. We need to be able to figure out how to optimize efficiency and effectiveness of tasks. If we're able to do so, we have succeeded. However, we also have a need to figure out how we as humans fit into the equation. Hence, ""]","Hence, '",,,"[4, 452]","{'t': [4986410, 4987476], 'l': 8, 'o': [{'o': 'i', 'i': [4, 452], 'a': ' Hence, '}]}",,,
20937,60,520,4992.523,editor,i,"[""Without technology, we don't know what sets humans apart from other species. The crux of what we refer to when asked about what sets us apart from other animals is our intellect. That said, how do we demonstrate such intelligence without technology? Any way that we care for each other or even other species is helped by technology. My view aligns best with the Progressive view. There will always be tasks that are low-skill and repetitive, and it's up to us to create the technology to increase the efficiency for such tasks. "", '', ""When we replace humans with machines, we lose the aspect of human encounters whenever we see a need for a task to be done. This, however, is not always a bad thing. There may be less of a need for human interaction, but we can't deny that we save the well-being of the person doing the task when we automate the job. This is partially why I disagree with the Dystopian view. Although we lose the necessity for basic courtesy, respect, and tolerance of other people in what would be a daily human encounter, that should not be a reason that people should continue to engage in ineffcient, monotinous work. We may be social animals by nature, but it is also in our nature to adapt to the cirucmstances as they come up."", '', ""Being able to efficiently do every task that comes up is a sign that we are succeeding at attaining a prosperous world. This is why I don't believe that the Progressive view and the Utilitarian view are mutually exclusive. I believe both. We need to be able to figure out how to optimize efficiency and effectiveness of tasks. If we're able to do so, we have succeeded. However, we also have a need to figure out how we as humans fit into the equation. Hence, w""]",w',,,"[4, 460]","{'t': 4992523, 'o': [{'o': 'i', 'i': [4, 460], 'a': 'w'}]}",,,
20938,60,521,4997.833,editor,i,"[""Without technology, we don't know what sets humans apart from other species. The crux of what we refer to when asked about what sets us apart from other animals is our intellect. That said, how do we demonstrate such intelligence without technology? Any way that we care for each other or even other species is helped by technology. My view aligns best with the Progressive view. There will always be tasks that are low-skill and repetitive, and it's up to us to create the technology to increase the efficiency for such tasks. "", '', ""When we replace humans with machines, we lose the aspect of human encounters whenever we see a need for a task to be done. This, however, is not always a bad thing. There may be less of a need for human interaction, but we can't deny that we save the well-being of the person doing the task when we automate the job. This is partially why I disagree with the Dystopian view. Although we lose the necessity for basic courtesy, respect, and tolerance of other people in what would be a daily human encounter, that should not be a reason that people should continue to engage in ineffcient, monotinous work. We may be social animals by nature, but it is also in our nature to adapt to the cirucmstances as they come up."", '', ""Being able to efficiently do every task that comes up is a sign that we are succeeding at attaining a prosperous world. This is why I don't believe that the Progressive view and the Utilitarian view are mutually exclusive. I believe both. We need to be able to figure out how to optimize efficiency and effectiveness of tasks. If we're able to do so, we have succeeded. However, we also have a need to figure out how we as humans fit into the equation. Hence, we are forced to figure our""]",e are forced to figure our',,,"[4, 461]","{'t': [4992600, 4997833], 'l': 26, 'o': [{'o': 'i', 'i': [4, 461], 'a': 'e are forced to figure our'}]}",,,
20939,60,522,4998.458,editor,d,"[""Without technology, we don't know what sets humans apart from other species. The crux of what we refer to when asked about what sets us apart from other animals is our intellect. That said, how do we demonstrate such intelligence without technology? Any way that we care for each other or even other species is helped by technology. My view aligns best with the Progressive view. There will always be tasks that are low-skill and repetitive, and it's up to us to create the technology to increase the efficiency for such tasks. "", '', ""When we replace humans with machines, we lose the aspect of human encounters whenever we see a need for a task to be done. This, however, is not always a bad thing. There may be less of a need for human interaction, but we can't deny that we save the well-being of the person doing the task when we automate the job. This is partially why I disagree with the Dystopian view. Although we lose the necessity for basic courtesy, respect, and tolerance of other people in what would be a daily human encounter, that should not be a reason that people should continue to engage in ineffcient, monotinous work. We may be social animals by nature, but it is also in our nature to adapt to the cirucmstances as they come up."", '', ""Being able to efficiently do every task that comes up is a sign that we are succeeding at attaining a prosperous world. This is why I don't believe that the Progressive view and the Utilitarian view are mutually exclusive. I believe both. We need to be able to figure out how to optimize efficiency and effectiveness of tasks. If we're able to do so, we have succeeded. However, we also have a need to figure out how we as humans fit into the equation. Hence, we are forced to figure ou""]",,r',,"[[4, 486], [4, 487]]","{'t': 4998458, 'o': [{'o': 'd', 'i': [[4, 486], [4, 487]]}]}",,,
20940,60,523,5001.448,editor,i,"[""Without technology, we don't know what sets humans apart from other species. The crux of what we refer to when asked about what sets us apart from other animals is our intellect. That said, how do we demonstrate such intelligence without technology? Any way that we care for each other or even other species is helped by technology. My view aligns best with the Progressive view. There will always be tasks that are low-skill and repetitive, and it's up to us to create the technology to increase the efficiency for such tasks. "", '', ""When we replace humans with machines, we lose the aspect of human encounters whenever we see a need for a task to be done. This, however, is not always a bad thing. There may be less of a need for human interaction, but we can't deny that we save the well-being of the person doing the task when we automate the job. This is partially why I disagree with the Dystopian view. Although we lose the necessity for basic courtesy, respect, and tolerance of other people in what would be a daily human encounter, that should not be a reason that people should continue to engage in ineffcient, monotinous work. We may be social animals by nature, but it is also in our nature to adapt to the cirucmstances as they come up."", '', ""Being able to efficiently do every task that comes up is a sign that we are succeeding at attaining a prosperous world. This is why I don't believe that the Progressive view and the Utilitarian view are mutually exclusive. I believe both. We need to be able to figure out how to optimize efficiency and effectiveness of tasks. If we're able to do so, we have succeeded. However, we also have a need to figure out how we as humans fit into the equation. Hence, we are forced to figure out what humans can be""]",t what humans can be',,,"[4, 486]","{'t': [4998559, 5001448], 'l': 20, 'o': [{'o': 'i', 'i': [4, 486], 'a': 't what humans can be'}]}",,,
20941,60,524,5003.317,editor,i,"[""Without technology, we don't know what sets humans apart from other species. The crux of what we refer to when asked about what sets us apart from other animals is our intellect. That said, how do we demonstrate such intelligence without technology? Any way that we care for each other or even other species is helped by technology. My view aligns best with the Progressive view. There will always be tasks that are low-skill and repetitive, and it's up to us to create the technology to increase the efficiency for such tasks. "", '', ""When we replace humans with machines, we lose the aspect of human encounters whenever we see a need for a task to be done. This, however, is not always a bad thing. There may be less of a need for human interaction, but we can't deny that we save the well-being of the person doing the task when we automate the job. This is partially why I disagree with the Dystopian view. Although we lose the necessity for basic courtesy, respect, and tolerance of other people in what would be a daily human encounter, that should not be a reason that people should continue to engage in ineffcient, monotinous work. We may be social animals by nature, but it is also in our nature to adapt to the cirucmstances as they come up."", '', ""Being able to efficiently do every task that comes up is a sign that we are succeeding at attaining a prosperous world. This is why I don't believe that the Progressive view and the Utilitarian view are mutually exclusive. I believe both. We need to be able to figure out how to optimize efficiency and effectiveness of tasks. If we're able to do so, we have succeeded. However, we also have a need to figure out how we as humans fit into the equation. Hence, we are forced to figure out what humans can be,""]",",'",,,"[4, 506]","{'t': 5003317, 'o': [{'o': 'i', 'i': [4, 506], 'a': ','}]}",,,
20942,60,525,5003.765,editor,i,"[""Without technology, we don't know what sets humans apart from other species. The crux of what we refer to when asked about what sets us apart from other animals is our intellect. That said, how do we demonstrate such intelligence without technology? Any way that we care for each other or even other species is helped by technology. My view aligns best with the Progressive view. There will always be tasks that are low-skill and repetitive, and it's up to us to create the technology to increase the efficiency for such tasks. "", '', ""When we replace humans with machines, we lose the aspect of human encounters whenever we see a need for a task to be done. This, however, is not always a bad thing. There may be less of a need for human interaction, but we can't deny that we save the well-being of the person doing the task when we automate the job. This is partially why I disagree with the Dystopian view. Although we lose the necessity for basic courtesy, respect, and tolerance of other people in what would be a daily human encounter, that should not be a reason that people should continue to engage in ineffcient, monotinous work. We may be social animals by nature, but it is also in our nature to adapt to the cirucmstances as they come up."", '', ""Being able to efficiently do every task that comes up is a sign that we are succeeding at attaining a prosperous world. This is why I don't believe that the Progressive view and the Utilitarian view are mutually exclusive. I believe both. We need to be able to figure out how to optimize efficiency and effectiveness of tasks. If we're able to do so, we have succeeded. However, we also have a need to figure out how we as humans fit into the equation. Hence, we are forced to figure out what humans can be, a""]",a',,,"[4, 507]","{'t': [5003590, 5003765], 'l': 2, 'o': [{'o': 'i', 'i': [4, 507], 'a': ' a'}]}",,,
20943,60,526,5004.169,editor,d,"[""Without technology, we don't know what sets humans apart from other species. The crux of what we refer to when asked about what sets us apart from other animals is our intellect. That said, how do we demonstrate such intelligence without technology? Any way that we care for each other or even other species is helped by technology. My view aligns best with the Progressive view. There will always be tasks that are low-skill and repetitive, and it's up to us to create the technology to increase the efficiency for such tasks. "", '', ""When we replace humans with machines, we lose the aspect of human encounters whenever we see a need for a task to be done. This, however, is not always a bad thing. There may be less of a need for human interaction, but we can't deny that we save the well-being of the person doing the task when we automate the job. This is partially why I disagree with the Dystopian view. Although we lose the necessity for basic courtesy, respect, and tolerance of other people in what would be a daily human encounter, that should not be a reason that people should continue to engage in ineffcient, monotinous work. We may be social animals by nature, but it is also in our nature to adapt to the cirucmstances as they come up."", '', ""Being able to efficiently do every task that comes up is a sign that we are succeeding at attaining a prosperous world. This is why I don't believe that the Progressive view and the Utilitarian view are mutually exclusive. I believe both. We need to be able to figure out how to optimize efficiency and effectiveness of tasks. If we're able to do so, we have succeeded. However, we also have a need to figure out how we as humans fit into the equation. Hence, we are forced to figure out what humans can be, ""]",,a',,"[[4, 508], [4, 509]]","{'t': 5004169, 'o': [{'o': 'd', 'i': [[4, 508], [4, 509]]}]}",,,
20944,60,527,5010.073,editor,i,"[""Without technology, we don't know what sets humans apart from other species. The crux of what we refer to when asked about what sets us apart from other animals is our intellect. That said, how do we demonstrate such intelligence without technology? Any way that we care for each other or even other species is helped by technology. My view aligns best with the Progressive view. There will always be tasks that are low-skill and repetitive, and it's up to us to create the technology to increase the efficiency for such tasks. "", '', ""When we replace humans with machines, we lose the aspect of human encounters whenever we see a need for a task to be done. This, however, is not always a bad thing. There may be less of a need for human interaction, but we can't deny that we save the well-being of the person doing the task when we automate the job. This is partially why I disagree with the Dystopian view. Although we lose the necessity for basic courtesy, respect, and tolerance of other people in what would be a daily human encounter, that should not be a reason that people should continue to engage in ineffcient, monotinous work. We may be social animals by nature, but it is also in our nature to adapt to the cirucmstances as they come up."", '', ""Being able to efficiently do every task that comes up is a sign that we are succeeding at attaining a prosperous world. This is why I don't believe that the Progressive view and the Utilitarian view are mutually exclusive. I believe both. We need to be able to figure out how to optimize efficiency and effectiveness of tasks. If we're able to do so, we have succeeded. However, we also have a need to figure out how we as humans fit into the equation. Hence, we are forced to figure out what humans can be, yet another form of adaptation.""]",yet another form of adaptation.',,,"[4, 508]","{'t': [5004456, 5010073], 'l': 31, 'o': [{'o': 'i', 'i': [4, 508], 'a': 'yet another form of adaptation.'}]}",,,
