Unnamed: 0,essay_num,op_index,time,op_loc,op_type,current_editor,add,delete,selected_text,cursor_location,recording_obj,Unnamed: 12,Unnamed: 13,Unnamed: 14
19970,58,0,186.978,essay_prompt,y,,,,"Perspective One (Dystopian view)
What we lose with the replacement of people by machines is some part of our own humanity. Even our mundane daily encounters no longer require from us basic courtesy, respect, and tolerance for other people.
Perspective Two (Utilitarian view)
Machines are good at low-skill, repetitive jobs, and at high-speed, extremely precise jobs. In both cases they work better than humans. This efficiency leads to a more prosperous and progressive world for everyone.
Perspective Three (Progressive view)
Intelligent machines challenge our long-standing ideas about what humans are or can be. This is good because it pushes both humans and machines toward new, unimagined possibilities.",,,,,
19971,58,1,196.593,gpt,gpt_inquiry,,,,Hi,,,,,
19972,58,2,197.274,gpt,gpt_response,,,,Hello! How can I assist you today?,,,,,
19973,58,3,236.764,gpt,p,,,,"Perspective One (Dystopian view)
What we lose with the replacement of people by machines is some part of our own humanity. Even our mundane daily encounters no longer require from us basic courtesy, respect, and tolerance for other people.
Perspective Two (Utilitarian view)
Machines are good at low-skill, repetitive jobs, and at high-speed, extremely precise jobs. In both cases they work better than humans. This efficiency leads to a more prosperous and progressive world for everyone.
Perspective Three (Progressive view)
Intelligent machines challenge our long-standing ideas about what humans are or can be. This is good because it pushes both humans and machines toward new, unimagined possibilities.",,,,,
19974,58,4,239.408,gpt,gpt_inquiry,,,,"Can you further elaborate on these perspectives about the issue of automation and the replacement of humans with machines: Perspective One (Dystopian view)
What we lose with the replacement of people by machines is some part of our own humanity. Even our mundane daily encounters no longer require from us basic courtesy, respect, and tolerance for other people.
Perspective Two (Utilitarian view)
Machines are good at low-skill, repetitive jobs, and at high-speed, extremely precise jobs. In both cases they work better than humans. This efficiency leads to a more prosperous and progressive world for everyone.
Perspective Three (Progressive view)
Intelligent machines challenge our long-standing ideas about what humans are or can be. This is good because it pushes both humans and machines toward new, unimagined possibilities.",,,,,
19975,58,5,243.589,gpt,gpt_response,,,,"Certainly! These perspectives highlight different views on the issue of automation and the replacement of humans with machines:

Perspective One (Dystopian view): This perspective focuses on the negative impact of automation on humanity. The fear is that as more tasks are taken over by machines, people may lose opportunities for meaningful social interaction and connection. The concern is that as automation becomes more prevalent, basic human values such as courtesy, respect, and tolerance may diminish as human interactions are minimized in favor of interactions with machines.

Perspective Two (Utilitarian view): This perspective looks at the practical benefits of automation. Machines are efficient at performing repetitive tasks and highly precise tasks, often better than humans. This efficiency can lead to increased productivity and economic prosperity, benefiting society as a whole. The utilitarian view emphasizes the positive impact of automation on improving overall quality of life and advancing technology.

Perspective Three (Progressive view): This perspective sees intelligent machines as a catalyst for innovation and progress. By challenging traditional notions of human capabilities and pushing the boundaries of what machines can achieve, automation opens up new possibilities for both humans and machines. The progressive view sees automation as an opportunity for collaboration and co-evolution between humans and machines, leading to advancements in various fields and driving societal and technological growth.

These perspectives represent a range of opinions on the issue of automation and highlight the complex implications of the increasing use of machines in various aspects of society.",,,,,
19976,58,6,265.706,essay_prompt,y,,,,"We will describe an issue and provide three different perspectives on the issue. You are asked to read and consider the issue and perspectives, state your own perspective on the issue, and analyze the relationship between your perspective and at least one other perspective on the issue.
Issue:
Automation is generally seen as a sign of progress, but what is lost when we replace humans with machines?",,,,,
19977,58,7,294.123,gpt,p,,,,"We will describe an issue and provide three different perspectives on the issue. You are asked to read and consider the issue and perspectives, state your own perspective on the issue, and analyze the relationship between your perspective and at least one other perspective on the issue.
Issue:
Automation is generally seen as a sign of progress, but what is lost when we replace humans with machines?",,,,,
19978,58,8,307.743,gpt,gpt_inquiry,,,,"With this description how would you format a short essay from the utilitarian view: We will describe an issue and provide three different perspectives on the issue. You are asked to read and consider the issue and perspectives, state your own perspective on the issue, and analyze the relationship between your perspective and at least one other perspective on the issue.
Issue:
Automation is generally seen as a sign of progress, but what is lost when we replace humans with machines?",,,,,
19979,58,9,312.502,gpt,gpt_response,,,,"Title: The Utilitarian Perspective on Automation and Human Replacement 

Automation is often hailed as a symbol of progress, offering increased efficiency and productivity in various industries. However, as machines continue to replace humans in the workforce, there arises a question of what is lost in this transition. This essay will explore the issue of automation from the utilitarian perspective, highlighting the benefits of machine efficiency and its impact on societal progress.

From a utilitarian viewpoint, the replacement of humans with machines brings about significant advantages. Machines excel at performing low-skill and repetitive tasks with precision and speed, ultimately leading to higher levels of productivity and economic prosperity. By delegating these tasks to machines, companies can streamline operations, reduce costs, and enhance overall efficiency. This enhanced efficiency can result in a more prosperous and progressive world for everyone, as resources are allocated more effectively and societal standards of living are improved.

Furthermore, the utilitarian perspective emphasizes the positive outcomes of automation on quality of life. With machines taking over mundane and labor-intensive jobs, humans are freed up to focus on more complex and creative tasks that require human intelligence and ingenuity. This shift can lead to the development of new skills, innovative solutions, and technological advancements that benefit society as a whole. By leveraging the capabilities of machines in the workforce, humans can unlock their full potential and contribute to a more dynamic and evolving society.

In analyzing the relationship between the utilitarian perspective and other viewpoints on the issue of automation, it is important to consider the concerns raised by the dystopian view. While the dystopian perspective highlights the potential loss of humanity and social interaction with increased automation, the utilitarian perspective argues that the benefits of efficiency and productivity outweigh these drawbacks. It is essential to strike a balance between embracing technological advancements for their positive impact on progress while also addressing the potential social and ethical implications of widespread automation.

In conclusion, the utilitarian perspective offers a compelling argument in favor of automation and the replacement of humans with machines. By focusing on the benefits of efficiency, productivity, and innovation, this perspective highlights the positive outcomes that automation can bring to society. While considerations must be made to address the potential consequences on human interaction and societal values, the utilitarian view emphasizes the overall progress and prosperity that can be achieved through the integration of machines in the workforce.",,,,,
19980,58,10,338.559,gpt,gpt_inquiry,,,,What is the general format/outline ?,,,,,
19981,58,11,342.944,gpt,gpt_response,,,,"The general format/outline for a short essay can typically include the following components:

1. Introduction:
- The introduction should provide an overview of the issue being discussed (in this case, automation and human replacement) and introduce the various perspectives that will be explored.
- The introduction should also include a clear thesis statement that states your own perspective on the issue.

2. Body Paragraphs:
- Each body paragraph should focus on a specific perspective or argument related to the issue.
- For each perspective, provide a clear explanation of the viewpoint, supporting evidence or examples, and analysis of the implications of that perspective.
- Be sure to address counterarguments or conflicting perspectives to demonstrate a balanced understanding of the issue.

3. Relationship Analysis:
- Include a section in the body of the essay where you analyze the relationship between your perspective and at least one other perspective on the issue.
- Compare and contrast the different viewpoints, highlighting areas of agreement or disagreement and exploring how they complement or challenge each other.

4. Conclusion:
- The conclusion should summarize the main points discussed in the essay and restate your thesis statement.
- Offer a final thought or reflection on the issue, emphasizing the significance of considering multiple perspectives and the complexities of the issue at hand.

Overall, the structure of the essay should flow logically from introduction to body paragraphs to conclusion, presenting a coherent argument supported by evidence and analysis. Each section should build upon the previous one, leading the reader through a clear and organized exploration of the topic.",,,,,
19982,58,12,370.694,editor,i,['W'],W',,,"[0, 0]","{'t': 370694, 'o': [{'o': 'i', 'i': [0, 0], 'a': 'W'}]}",,,
19983,58,13,374.568,editor,i,['Within recent years'],ithin recent years',,,"[0, 1]","{'t': [370867, 374568], 'l': 18, 'o': [{'o': 'i', 'i': [0, 1], 'a': 'ithin recent years'}]}",,,
19984,58,14,377.191,editor,i,"['Within recent years,']",",'",,,"[0, 19]","{'t': 377191, 'o': [{'o': 'i', 'i': [0, 19], 'a': ','}]}",,,
19985,58,15,379.889,editor,i,"['Within recent years, the use of auo']",the use of auo',,,"[0, 20]","{'t': [377524, 379889], 'l': 15, 'o': [{'o': 'i', 'i': [0, 20], 'a': ' the use of auo'}]}",,,
19986,58,16,380.225,editor,d,"['Within recent years, the use of au']",,o',,"[[0, 34], [0, 35]]","{'t': 380225, 'o': [{'o': 'd', 'i': [[0, 34], [0, 35]]}]}",,,
19987,58,17,382.206,editor,i,"['Within recent years, the use of automation ']",tomation ',,,"[0, 34]","{'t': [380345, 382206], 'l': 9, 'o': [{'o': 'i', 'i': [0, 34], 'a': 'tomation '}]}",,,
19988,58,18,392.285,editor,i,"['Within recent years, the use of automation h']",h',,,"[0, 43]","{'t': 392285, 'o': [{'o': 'i', 'i': [0, 43], 'a': 'h'}]}",,,
19989,58,19,392.977,editor,i,"['Within recent years, the use of automation has ']",as ',,,"[0, 44]","{'t': [392434, 392977], 'l': 3, 'o': [{'o': 'i', 'i': [0, 44], 'a': 'as '}]}",,,
19990,58,20,394.592,editor,i,"['Within recent years, the use of automation has i']",i',,,"[0, 47]","{'t': 394592, 'o': [{'o': 'i', 'i': [0, 47], 'a': 'i'}]}",,,
19991,58,21,399.768,editor,i,"['Within recent years, the use of automation has increased drastically']",ncreased drastically',,,"[0, 48]","{'t': [394877, 399768], 'l': 20, 'o': [{'o': 'i', 'i': [0, 48], 'a': 'ncreased drastically'}]}",,,
19992,58,22,402.984,editor,i,"['Within recent years, the use of automation has increased drastically ']",,,,"[0, 68]","{'t': 402984, 'o': [{'o': 'i', 'i': [0, 68], 'a': ' '}]}",,,
19993,58,23,404.202,editor,i,"['Within recent years, the use of automation has increased drastically abd ']",abd ',,,"[0, 69]","{'t': [403137, 404202], 'l': 4, 'o': [{'o': 'i', 'i': [0, 69], 'a': 'abd '}]}",,,
19994,58,24,405.129,editor,d,"['Within recent years, the use of automation has increased drastically a']",,bd ',,"[[0, 70], [0, 73]]","{'t': [404555, 405129], 'l': 3, 'o': [{'o': 'd', 'i': [[0, 70], [0, 73]], 'd': [[1, 3]]}]}",,,
19995,58,25,405.998,editor,i,"['Within recent years, the use of automation has increased drastically and ']",nd ',,,"[0, 70]","{'t': [405748, 405998], 'l': 3, 'o': [{'o': 'i', 'i': [0, 70], 'a': 'nd '}]}",,,
19996,58,26,407.469,editor,d,"['Within recent years, the use of automation has increased drastically']",,and ',,"[[0, 68], [0, 73]]","{'t': [406423, 407469], 'l': 5, 'o': [{'o': 'd', 'i': [[0, 68], [0, 73]], 'd': [[1, 5]]}]}",,,
19997,58,27,410.959,editor,i,"['Within recent years, the use of automation has increased drastically, and is now ']",", and is now '",,,"[0, 68]","{'t': [407836, 410959], 'l': 13, 'o': [{'o': 'i', 'i': [0, 68], 'a': ', and is now '}]}",,,
19998,58,28,412.464,editor,i,"['Within recent years, the use of automation has increased drastically, and is now b']",b',,,"[0, 81]","{'t': 412464, 'o': [{'o': 'i', 'i': [0, 81], 'a': 'b'}]}",,,
19999,58,29,417.143,editor,i,"['Within recent years, the use of automation has increased drastically, and is now being used to perform ta']",eing used to perform ta',,,"[0, 82]","{'t': [412618, 417143], 'l': 23, 'o': [{'o': 'i', 'i': [0, 82], 'a': 'eing used to perform ta'}]}",,,
20000,58,30,417.748,editor,d,"['Within recent years, the use of automation has increased drastically, and is now being used to perform ']",,ta',,"[[0, 103], [0, 105]]","{'t': [417469, 417748], 'l': 2, 'o': [{'o': 'd', 'i': [[0, 103], [0, 105]], 'd': [[1, 2]]}]}",,,
20001,58,31,419.298,editor,i,"['Within recent years, the use of automation has increased drastically, and is now being used to perform taks']",taks',,,"[0, 103]","{'t': [418844, 419298], 'l': 4, 'o': [{'o': 'i', 'i': [0, 103], 'a': 'taks'}]}",,,
20002,58,32,419.957,editor,d,"['Within recent years, the use of automation has increased drastically, and is now being used to perform ta']",,ks',,"[[0, 105], [0, 107]]","{'t': [419823, 419957], 'l': 2, 'o': [{'o': 'd', 'i': [[0, 105], [0, 107]], 'd': [[1, 2]]}]}",,,
20003,58,33,421.132,editor,i,"['Within recent years, the use of automation has increased drastically, and is now being used to perform tass']",ss',,,"[0, 105]","{'t': [420911, 421132], 'l': 2, 'o': [{'o': 'i', 'i': [0, 105], 'a': 'ss'}]}",,,
20004,58,34,421.552,editor,d,"['Within recent years, the use of automation has increased drastically, and is now being used to perform tas']",,s',,"[[0, 106], [0, 107]]","{'t': 421552, 'o': [{'o': 'd', 'i': [[0, 106], [0, 107]]}]}",,,
20005,58,35,422.225,editor,i,"['Within recent years, the use of automation has increased drastically, and is now being used to perform tasks ']",ks ',,,"[0, 106]","{'t': [421910, 422225], 'l': 3, 'o': [{'o': 'i', 'i': [0, 106], 'a': 'ks '}]}",,,
20006,58,36,424.495,editor,i,"['Within recent years, the use of automation has increased drastically, and is now being used to perform tasks i']",i',,,"[0, 109]","{'t': 424495, 'o': [{'o': 'i', 'i': [0, 109], 'a': 'i'}]}",,,
20007,58,37,427.369,editor,i,"['Within recent years, the use of automation has increased drastically, and is now being used to perform tasks in our everydat']",n our everydat',,,"[0, 110]","{'t': [424839, 427369], 'l': 14, 'o': [{'o': 'i', 'i': [0, 110], 'a': 'n our everydat'}]}",,,
20008,58,38,427.809,editor,d,"['Within recent years, the use of automation has increased drastically, and is now being used to perform tasks in our everyda']",,t',,"[[0, 123], [0, 124]]","{'t': 427809, 'o': [{'o': 'd', 'i': [[0, 123], [0, 124]]}]}",,,
20009,58,39,429.554,editor,i,"['Within recent years, the use of automation has increased drastically, and is now being used to perform tasks in our everyday lives']",y lives',,,"[0, 123]","{'t': [428275, 429554], 'l': 7, 'o': [{'o': 'i', 'i': [0, 123], 'a': 'y lives'}]}",,,
20010,58,40,433.89,editor,i,"['Within recent years, the use of automation has increased drastically, and is now being used to perform tasks in our everyday lives.']",.',,,"[0, 130]","{'t': 433890, 'o': [{'o': 'i', 'i': [0, 130], 'a': '.'}]}",,,
20011,58,41,435.776,editor,o,"['Within recent years, the use of automation has increased drastically, and is now being used to perform tasks in our everyday lives.']",,,,"[0, 109]","{'t': 435776, 'o': [{'o': 'o', 'i': [0, 109]}]}",,,
20012,58,42,437.701,editor,o,"['Within recent years, the use of automation has increased drastically, and is now being used to perform tasks in our everyday lives.']",,,,"[0, 130]","{'t': 437701, 'o': [{'o': 'o', 'i': [0, 130]}]}",,,
20013,58,43,443.862,editor,o,"['Within recent years, the use of automation has increased drastically, and is now being used to perform tasks in our everyday lives.']",,,,"[0, 111]","{'t': 443862, 'o': [{'o': 'o', 'i': [0, 111]}]}",,,
20014,58,44,444.126,editor,l,"['Within recent years, the use of automation has increased drastically, and is now being used to perform tasks in our everyday lives.']",,,in',"[[0, 111], [0, 109]]","{'t': [444070, 444126], 'l': 2, 'o': [{'o': 'l', 'i': [0, 111], 's': [[0, [[110, 109]]]]}]}",,,
20015,58,45,445.263,editor,o,"['Within recent years, the use of automation has increased drastically, and is now being used to perform tasks in our everyday lives.']",,,,"[0, 114]","{'t': 445263, 'o': [{'o': 'o', 'i': [0, 114]}]}",,,
20016,58,46,446.695,editor,o,"['Within recent years, the use of automation has increased drastically, and is now being used to perform tasks in our everyday lives.']",,,,"[0, 131]","{'t': 446695, 'o': [{'o': 'o', 'i': [0, 131]}]}",,,
20017,58,47,450.013,editor,i,"['Within recent years, the use of automation has increased drastically, and is now being used to perform tasks in our everyday lives. T']",T',,,"[0, 131]","{'t': [448135, 450013], 'l': 2, 'o': [{'o': 'i', 'i': [0, 131], 'a': ' T'}]}",,,
20018,58,48,451.196,editor,i,"['Within recent years, the use of automation has increased drastically, and is now being used to perform tasks in our everyday lives. These ']",hese ',,,"[0, 133]","{'t': [450313, 451196], 'l': 5, 'o': [{'o': 'i', 'i': [0, 133], 'a': 'hese '}]}",,,
20019,58,49,452.832,editor,i,"['Within recent years, the use of automation has increased drastically, and is now being used to perform tasks in our everyday lives. These i']",i',,,"[0, 138]","{'t': 452832, 'o': [{'o': 'i', 'i': [0, 138], 'a': 'i'}]}",,,
20020,58,50,453.47,editor,i,"['Within recent years, the use of automation has increased drastically, and is now being used to perform tasks in our everyday lives. These imo']",mo',,,"[0, 139]","{'t': [453170, 453470], 'l': 2, 'o': [{'o': 'i', 'i': [0, 139], 'a': 'mo'}]}",,,
20021,58,51,454.307,editor,d,"['Within recent years, the use of automation has increased drastically, and is now being used to perform tasks in our everyday lives. These ']",,imo',,"[[0, 138], [0, 141]]","{'t': [453857, 454307], 'l': 3, 'o': [{'o': 'd', 'i': [[0, 138], [0, 141]], 'd': [[1, 3]]}]}",,,
20022,58,52,456.008,editor,d,"['Within recent years, the use of automation has increased drastically, and is now being used to perform tasks in our everyday lives. These']",,,,"[[0, 137], [0, 138]]","{'t': 456008, 'o': [{'o': 'd', 'i': [[0, 137], [0, 138]]}]}",,,
20023,58,53,456.277,editor,d,"['Within recent years, the use of automation has increased drastically, and is now being used to perform tasks in our everyday lives. The']",,se',,"[[0, 135], [0, 137]]","{'t': [456153, 456277], 'l': 2, 'o': [{'o': 'd', 'i': [[0, 135], [0, 137]], 'd': [[1, 2]]}]}",,,
20024,58,54,457.768,editor,i,"['Within recent years, the use of automation has increased drastically, and is now being used to perform tasks in our everyday lives. The shift ']",shift ',,,"[0, 135]","{'t': [456871, 457768], 'l': 7, 'o': [{'o': 'i', 'i': [0, 135], 'a': ' shift '}]}",,,
20025,58,55,460.216,editor,i,"['Within recent years, the use of automation has increased drastically, and is now being used to perform tasks in our everyday lives. The shift f']",f',,,"[0, 142]","{'t': 460216, 'o': [{'o': 'i', 'i': [0, 142], 'a': 'f'}]}",,,
20026,58,56,460.563,editor,i,"['Within recent years, the use of automation has increased drastically, and is now being used to perform tasks in our everyday lives. The shift fro']",ro',,,"[0, 143]","{'t': [460450, 460563], 'l': 2, 'o': [{'o': 'i', 'i': [0, 143], 'a': 'ro'}]}",,,
20027,58,57,463.895,editor,d,"['Within recent years, the use of automation has increased drastically, and is now being used to perform tasks in our everyday lives. ']",,The shift fro',,"[[0, 132], [0, 145]]","{'t': [461658, 463895], 'l': 13, 'o': [{'o': 'd', 'i': [[0, 132], [0, 145]], 'd': [[1, 13]]}]}",,,
20028,58,58,468.902,editor,i,"['Within recent years, the use of automation has increased drastically, and is now being used to perform tasks in our everyday lives. However this shift from ']",However this shift from ',,,"[0, 132]","{'t': [464383, 468902], 'l': 24, 'o': [{'o': 'i', 'i': [0, 132], 'a': 'However this shift from '}]}",,,
20029,58,59,472.295,editor,o,"['Within recent years, the use of automation has increased drastically, and is now being used to perform tasks in our everyday lives. However this shift from ']",,,,"[0, 144]","{'t': 472295, 'o': [{'o': 'o', 'i': [0, 144]}]}",,,
20030,58,60,472.858,editor,d,"['Within recent years, the use of automation has increased drastically, and is now being used to perform tasks in our everyday lives. However thi shift from ']",,s',,"[[0, 143], [0, 144]]","{'t': 472858, 'o': [{'o': 'd', 'i': [[0, 143], [0, 144]]}]}",,,
20031,58,61,472.995,editor,d,"['Within recent years, the use of automation has increased drastically, and is now being used to perform tasks in our everyday lives. However th shift from ']",,i',,"[[0, 142], [0, 143]]","{'t': 472995, 'o': [{'o': 'd', 'i': [[0, 142], [0, 143]]}]}",,,
20032,58,62,473.139,editor,i,"['Within recent years, the use of automation has increased drastically, and is now being used to perform tasks in our everyday lives. However the shift from ']",e',,,"[0, 142]","{'t': 473139, 'o': [{'o': 'i', 'i': [0, 142], 'a': 'e'}]}",,,
20033,58,63,474.076,editor,o,"['Within recent years, the use of automation has increased drastically, and is now being used to perform tasks in our everyday lives. However the shift from ']",,,,"[0, 155]","{'t': 474076, 'o': [{'o': 'o', 'i': [0, 155]}]}",,,
20034,58,64,487.596,editor,i,"['Within recent years, the use of automation has increased drastically, and is now being used to perform tasks in our everyday lives. However the shift from h']",h',,,"[0, 155]","{'t': 487596, 'o': [{'o': 'i', 'i': [0, 155], 'a': 'h'}]}",,,
20035,58,65,493.342,editor,i,"['Within recent years, the use of automation has increased drastically, and is now being used to perform tasks in our everyday lives. However the shift from humans performing all ta']",umans performing all ta',,,"[0, 156]","{'t': [487817, 493342], 'l': 23, 'o': [{'o': 'i', 'i': [0, 156], 'a': 'umans performing all ta'}]}",,,
20036,58,66,494.813,editor,d,"['Within recent years, the use of automation has increased drastically, and is now being used to perform tasks in our everyday lives. However the shift from humans performing ']",,all ta',,"[[0, 173], [0, 179]]","{'t': [494092, 494813], 'l': 6, 'o': [{'o': 'd', 'i': [[0, 173], [0, 179]], 'd': [[1, 6]]}]}",,,
20037,58,67,496.991,editor,i,"['Within recent years, the use of automation has increased drastically, and is now being used to perform tasks in our everyday lives. However the shift from humans performing t']",t',,,"[0, 173]","{'t': 496991, 'o': [{'o': 'i', 'i': [0, 173], 'a': 't'}]}",,,
20038,58,68,497.623,editor,d,"['Within recent years, the use of automation has increased drastically, and is now being used to perform tasks in our everyday lives. However the shift from humans performing ']",,t',,"[[0, 173], [0, 174]]","{'t': 497623, 'o': [{'o': 'd', 'i': [[0, 173], [0, 174]]}]}",,,
20039,58,69,500.086,editor,o,"['Within recent years, the use of automation has increased drastically, and is now being used to perform tasks in our everyday lives. However the shift from humans performing ']",,,,"[0, 155]","{'t': 500086, 'o': [{'o': 'o', 'i': [0, 155]}]}",,,
20040,58,70,500.656,editor,i,"['Within recent years, the use of automation has increased drastically, and is now being used to perform tasks in our everyday lives. However the shift from ohumans performing ']",o',,,"[0, 155]","{'t': 500656, 'o': [{'o': 'i', 'i': [0, 155], 'a': 'o'}]}",,,
20041,58,71,501.412,editor,i,"['Within recent years, the use of automation has increased drastically, and is now being used to perform tasks in our everyday lives. However the shift from only humans performing ']",nly ',,,"[0, 156]","{'t': [500932, 501412], 'l': 4, 'o': [{'o': 'i', 'i': [0, 156], 'a': 'nly '}]}",,,
20042,58,72,502.3,editor,o,"['Within recent years, the use of automation has increased drastically, and is now being used to perform tasks in our everyday lives. However the shift from only humans performing ']",,,,"[0, 178]","{'t': 502300, 'o': [{'o': 'o', 'i': [0, 178]}]}",,,
20043,58,73,503.214,editor,i,"['Within recent years, the use of automation has increased drastically, and is now being used to perform tasks in our everyday lives. However the shift from only humans performing t']",t',,,"[0, 178]","{'t': 503214, 'o': [{'o': 'i', 'i': [0, 178], 'a': 't'}]}",,,
20044,58,74,503.648,editor,i,"['Within recent years, the use of automation has increased drastically, and is now being used to perform tasks in our everyday lives. However the shift from only humans performing taks']",aks',,,"[0, 179]","{'t': [503274, 503648], 'l': 3, 'o': [{'o': 'i', 'i': [0, 179], 'a': 'aks'}]}",,,
20045,58,75,504.18,editor,d,"['Within recent years, the use of automation has increased drastically, and is now being used to perform tasks in our everyday lives. However the shift from only humans performing ta']",,ks',,"[[0, 180], [0, 182]]","{'t': [504045, 504180], 'l': 2, 'o': [{'o': 'd', 'i': [[0, 180], [0, 182]], 'd': [[1, 2]]}]}",,,
20046,58,76,504.831,editor,i,"['Within recent years, the use of automation has increased drastically, and is now being used to perform tasks in our everyday lives. However the shift from only humans performing tasks,']","sks,'",,,"[0, 180]","{'t': [504324, 504831], 'l': 4, 'o': [{'o': 'i', 'i': [0, 180], 'a': 'sks,'}]}",,,
20047,58,77,505.328,editor,d,"['Within recent years, the use of automation has increased drastically, and is now being used to perform tasks in our everyday lives. However the shift from only humans performing tasks']",,",'",,"[[0, 183], [0, 184]]","{'t': 505328, 'o': [{'o': 'd', 'i': [[0, 183], [0, 184]]}]}",,,
20048,58,78,507.638,editor,i,"['Within recent years, the use of automation has increased drastically, and is now being used to perform tasks in our everyday lives. However the shift from only humans performing tasks to now mach']",to now mach',,,"[0, 183]","{'t': [505633, 507638], 'l': 12, 'o': [{'o': 'i', 'i': [0, 183], 'a': ' to now mach'}]}",,,
20049,58,79,508.902,editor,i,"['Within recent years, the use of automation has increased drastically, and is now being used to perform tasks in our everyday lives. However the shift from only humans performing tasks to now machi']",i',,,"[0, 195]","{'t': 508902, 'o': [{'o': 'i', 'i': [0, 195], 'a': 'i'}]}",,,
20050,58,80,511.984,editor,i,"['Within recent years, the use of automation has increased drastically, and is now being used to perform tasks in our everyday lives. However the shift from only humans performing tasks to now machines performig ']",nes performig ',,,"[0, 196]","{'t': [509144, 511984], 'l': 14, 'o': [{'o': 'i', 'i': [0, 196], 'a': 'nes performig '}]}",,,
20051,58,81,512.495,editor,d,"['Within recent years, the use of automation has increased drastically, and is now being used to perform tasks in our everyday lives. However the shift from only humans performing tasks to now machines performi']",,g ',,"[[0, 208], [0, 210]]","{'t': [512379, 512495], 'l': 2, 'o': [{'o': 'd', 'i': [[0, 208], [0, 210]], 'd': [[1, 2]]}]}",,,
20052,58,82,516.974,editor,i,"['Within recent years, the use of automation has increased drastically, and is now being used to perform tasks in our everyday lives. However the shift from only humans performing tasks to now machines performing tasks has left']",ng tasks has left',,,"[0, 208]","{'t': [512829, 516974], 'l': 17, 'o': [{'o': 'i', 'i': [0, 208], 'a': 'ng tasks has left'}]}",,,
20053,58,83,518.189,editor,d,"['Within recent years, the use of automation has increased drastically, and is now being used to perform tasks in our everyday lives. However the shift from only humans performing tasks to now machines performing tasks has ']",,left',,"[[0, 221], [0, 225]]","{'t': [517699, 518189], 'l': 4, 'o': [{'o': 'd', 'i': [[0, 221], [0, 225]], 'd': [[1, 4]]}]}",,,
20054,58,84,527.912,editor,i,"['Within recent years, the use of automation has increased drastically, and is now being used to perform tasks in our everyday lives. However the shift from only humans performing tasks to now machines performing tasks has begun to create a division within peo']",begun to create a division within peo',,,"[0, 221]","{'t': [518735, 527912], 'l': 37, 'o': [{'o': 'i', 'i': [0, 221], 'a': 'begun to create a division within peo'}]}",,,
20055,58,85,528.312,editor,d,"['Within recent years, the use of automation has increased drastically, and is now being used to perform tasks in our everyday lives. However the shift from only humans performing tasks to now machines performing tasks has begun to create a division within pe']",,o',,"[[0, 257], [0, 258]]","{'t': 528312, 'o': [{'o': 'd', 'i': [[0, 257], [0, 258]]}]}",,,
20056,58,86,529.371,editor,i,"['Within recent years, the use of automation has increased drastically, and is now being used to perform tasks in our everyday lives. However the shift from only humans performing tasks to now machines performing tasks has begun to create a division within peope']",ope',,,"[0, 257]","{'t': [528905, 529371], 'l': 3, 'o': [{'o': 'i', 'i': [0, 257], 'a': 'ope'}]}",,,
20057,58,87,529.788,editor,d,"['Within recent years, the use of automation has increased drastically, and is now being used to perform tasks in our everyday lives. However the shift from only humans performing tasks to now machines performing tasks has begun to create a division within peop']",,e',,"[[0, 259], [0, 260]]","{'t': 529788, 'o': [{'o': 'd', 'i': [[0, 259], [0, 260]]}]}",,,
20058,58,88,531.658,editor,i,"['Within recent years, the use of automation has increased drastically, and is now being used to perform tasks in our everyday lives. However the shift from only humans performing tasks to now machines performing tasks has begun to create a division within people about ']",le about ',,,"[0, 259]","{'t': [530083, 531658], 'l': 9, 'o': [{'o': 'i', 'i': [0, 259], 'a': 'le about '}]}",,,
20059,58,89,536.17,editor,i,"['Within recent years, the use of automation has increased drastically, and is now being used to perform tasks in our everyday lives. However the shift from only humans performing tasks to now machines performing tasks has begun to create a division within people about t']",t',,,"[0, 268]","{'t': 536170, 'o': [{'o': 'i', 'i': [0, 268], 'a': 't'}]}",,,
20060,58,90,540.979,editor,i,"['Within recent years, the use of automation has increased drastically, and is now being used to perform tasks in our everyday lives. However the shift from only humans performing tasks to now machines performing tasks has begun to create a division within people about the limits that automati']",he limits that automati',,,"[0, 269]","{'t': [536320, 540979], 'l': 23, 'o': [{'o': 'i', 'i': [0, 269], 'a': 'he limits that automati'}]}",,,
20061,58,91,542.182,editor,i,"['Within recent years, the use of automation has increased drastically, and is now being used to perform tasks in our everyday lives. However the shift from only humans performing tasks to now machines performing tasks has begun to create a division within people about the limits that automatio']",o',,,"[0, 292]","{'t': 542182, 'o': [{'o': 'i', 'i': [0, 292], 'a': 'o'}]}",,,
20062,58,92,545.931,editor,i,"['Within recent years, the use of automation has increased drastically, and is now being used to perform tasks in our everyday lives. However the shift from only humans performing tasks to now machines performing tasks has begun to create a division within people about the limits that automation should have']",n should have',,,"[0, 293]","{'t': [542474, 545931], 'l': 13, 'o': [{'o': 'i', 'i': [0, 293], 'a': 'n should have'}]}",,,
20063,58,93,548.348,editor,d,"['Within recent years, the use of automation has increased drastically, and is now being used to perform tasks in our everyday lives. However the shift from only humans performing tasks to now machines performing tasks has begun to create a division within people about the limits that automation']",,should have',,"[[0, 294], [0, 306]]","{'t': [546476, 548348], 'l': 12, 'o': [{'o': 'd', 'i': [[0, 294], [0, 306]], 'd': [[1, 12]]}]}",,,
20064,58,94,550.4,editor,o,"['Within recent years, the use of automation has increased drastically, and is now being used to perform tasks in our everyday lives. However the shift from only humans performing tasks to now machines performing tasks has begun to create a division within people about the limits that automation']",,,,"[0, 283]","{'t': 550400, 'o': [{'o': 'o', 'i': [0, 283]}]}",,,
20065,58,95,550.998,editor,d,"['Within recent years, the use of automation has increased drastically, and is now being used to perform tasks in our everyday lives. However the shift from only humans performing tasks to now machines performing tasks has begun to create a division within people about the limits tha automation']",,t',,"[[0, 282], [0, 283]]","{'t': 550998, 'o': [{'o': 'd', 'i': [[0, 282], [0, 283]]}]}",,,
20066,58,96,551.789,editor,d,"['Within recent years, the use of automation has increased drastically, and is now being used to perform tasks in our everyday lives. However the shift from only humans performing tasks to now machines performing tasks has begun to create a division within people about the limits  automation']",,tha',,"[[0, 279], [0, 282]]","{'t': [551155, 551789], 'l': 3, 'o': [{'o': 'd', 'i': [[0, 279], [0, 282]], 'd': [[1, 3]]}]}",,,
20067,58,97,552.584,editor,i,"['Within recent years, the use of automation has increased drastically, and is now being used to perform tasks in our everyday lives. However the shift from only humans performing tasks to now machines performing tasks has begun to create a division within people about the limits of automation']",of',,,"[0, 279]","{'t': [552426, 552584], 'l': 2, 'o': [{'o': 'i', 'i': [0, 279], 'a': 'of'}]}",,,
20068,58,98,553.419,editor,o,"['Within recent years, the use of automation has increased drastically, and is now being used to perform tasks in our everyday lives. However the shift from only humans performing tasks to now machines performing tasks has begun to create a division within people about the limits of automation']",,,,"[0, 292]","{'t': 553419, 'o': [{'o': 'o', 'i': [0, 292]}]}",,,
20069,58,99,554.501,editor,o,"['Within recent years, the use of automation has increased drastically, and is now being used to perform tasks in our everyday lives. However the shift from only humans performing tasks to now machines performing tasks has begun to create a division within people about the limits of automation']",,,,"[0, 282]","{'t': 554501, 'o': [{'o': 'o', 'i': [0, 282]}]}",,,
20070,58,100,555.166,editor,i,"['Within recent years, the use of automation has increased drastically, and is now being used to perform tasks in our everyday lives. However the shift from only humans performing tasks to now machines performing tasks has begun to create a division within people about the limits of uautomation']",u',,,"[0, 282]","{'t': 555166, 'o': [{'o': 'i', 'i': [0, 282], 'a': 'u'}]}",,,
20071,58,101,555.606,editor,i,"['Within recent years, the use of automation has increased drastically, and is now being used to perform tasks in our everyday lives. However the shift from only humans performing tasks to now machines performing tasks has begun to create a division within people about the limits of usioautomation']",sio',,,"[0, 283]","{'t': [555266, 555606], 'l': 3, 'o': [{'o': 'i', 'i': [0, 283], 'a': 'sio'}]}",,,
20072,58,102,555.977,editor,d,"['Within recent years, the use of automation has increased drastically, and is now being used to perform tasks in our everyday lives. However the shift from only humans performing tasks to now machines performing tasks has begun to create a division within people about the limits of usiautomation']",,o',,"[[0, 285], [0, 286]]","{'t': 555977, 'o': [{'o': 'd', 'i': [[0, 285], [0, 286]]}]}",,,
20073,58,103,556.41,editor,i,"['Within recent years, the use of automation has increased drastically, and is now being used to perform tasks in our everyday lives. However the shift from only humans performing tasks to now machines performing tasks has begun to create a division within people about the limits of usinfautomation']",nf',,,"[0, 285]","{'t': [556274, 556410], 'l': 2, 'o': [{'o': 'i', 'i': [0, 285], 'a': 'nf'}]}",,,
20074,58,104,556.88,editor,d,"['Within recent years, the use of automation has increased drastically, and is now being used to perform tasks in our everyday lives. However the shift from only humans performing tasks to now machines performing tasks has begun to create a division within people about the limits of usinautomation']",,f',,"[[0, 286], [0, 287]]","{'t': 556880, 'o': [{'o': 'd', 'i': [[0, 286], [0, 287]]}]}",,,
20075,58,105,557.227,editor,i,"['Within recent years, the use of automation has increased drastically, and is now being used to perform tasks in our everyday lives. However the shift from only humans performing tasks to now machines performing tasks has begun to create a division within people about the limits of using automation']",g ',,,"[0, 286]","{'t': [556982, 557227], 'l': 2, 'o': [{'o': 'i', 'i': [0, 286], 'a': 'g '}]}",,,
20076,58,106,557.902,editor,o,"['Within recent years, the use of automation has increased drastically, and is now being used to perform tasks in our everyday lives. However the shift from only humans performing tasks to now machines performing tasks has begun to create a division within people about the limits of using automation']",,,,"[0, 298]","{'t': 557902, 'o': [{'o': 'o', 'i': [0, 298]}]}",,,
20077,58,107,559.4,editor,i,"['Within recent years, the use of automation has increased drastically, and is now being used to perform tasks in our everyday lives. However the shift from only humans performing tasks to now machines performing tasks has begun to create a division within people about the limits of using automation for t']",for t',,,"[0, 298]","{'t': [558364, 559400], 'l': 6, 'o': [{'o': 'i', 'i': [0, 298], 'a': ' for t'}]}",,,
20078,58,108,559.93,editor,d,"['Within recent years, the use of automation has increased drastically, and is now being used to perform tasks in our everyday lives. However the shift from only humans performing tasks to now machines performing tasks has begun to create a division within people about the limits of using automation for ']",,t',,"[[0, 303], [0, 304]]","{'t': 559930, 'o': [{'o': 'd', 'i': [[0, 303], [0, 304]]}]}",,,
20079,58,109,564.091,editor,d,"['Within recent years, the use of automation has increased drastically, and is now being used to perform tasks in our everyday lives. However the shift from only humans performing tasks to now machines performing tasks has begun to create a division within people about the limits of using automation for']",,,,"[[0, 302], [0, 303]]","{'t': 564091, 'o': [{'o': 'd', 'i': [[0, 302], [0, 303]]}]}",,,
20080,58,110,564.823,editor,d,"['Within recent years, the use of automation has increased drastically, and is now being used to perform tasks in our everyday lives. However the shift from only humans performing tasks to now machines performing tasks has begun to create a division within people about the limits of using automation ']",,for',,"[[0, 299], [0, 302]]","{'t': [564326, 564823], 'l': 3, 'o': [{'o': 'd', 'i': [[0, 299], [0, 302]], 'd': [[1, 3]]}]}",,,
20081,58,111,569.52,editor,d,"['Within recent years, the use of automation has increased drastically, and is now being used to perform tasks in our everyday lives. However the shift from only humans performing tasks to now machines performing tasks has begun to create a division within people about the limits of using automation']",,,,"[[0, 298], [0, 299]]","{'t': 569520, 'o': [{'o': 'd', 'i': [[0, 298], [0, 299]]}]}",,,
20082,58,112,571.136,editor,i,"['Within recent years, the use of automation has increased drastically, and is now being used to perform tasks in our everyday lives. However the shift from only humans performing tasks to now machines performing tasks has begun to create a division within people about the limits of using automation,']",",'",,,"[0, 298]","{'t': 571136, 'o': [{'o': 'i', 'i': [0, 298], 'a': ','}]}",,,
20083,58,113,573.304,editor,i,"['Within recent years, the use of automation has increased drastically, and is now being used to perform tasks in our everyday lives. However the shift from only humans performing tasks to now machines performing tasks has begun to create a division within people about the limits of using automation, and if ']",and if ',,,"[0, 299]","{'t': [571384, 573304], 'l': 8, 'o': [{'o': 'i', 'i': [0, 299], 'a': ' and if '}]}",,,
20084,58,114,574.523,editor,i,"['Within recent years, the use of automation has increased drastically, and is now being used to perform tasks in our everyday lives. However the shift from only humans performing tasks to now machines performing tasks has begun to create a division within people about the limits of using automation, and if p']",p',,,"[0, 307]","{'t': 574523, 'o': [{'o': 'i', 'i': [0, 307], 'a': 'p'}]}",,,
20085,58,115,579.693,editor,i,"['Within recent years, the use of automation has increased drastically, and is now being used to perform tasks in our everyday lives. However the shift from only humans performing tasks to now machines performing tasks has begun to create a division within people about the limits of using automation, and if possible would automation bei']",ossible would automation bei',,,"[0, 308]","{'t': [574769, 579693], 'l': 28, 'o': [{'o': 'i', 'i': [0, 308], 'a': 'ossible would automation bei'}]}",,,
20086,58,116,580.039,editor,d,"['Within recent years, the use of automation has increased drastically, and is now being used to perform tasks in our everyday lives. However the shift from only humans performing tasks to now machines performing tasks has begun to create a division within people about the limits of using automation, and if possible would automation be']",,i',,"[[0, 335], [0, 336]]","{'t': 580039, 'o': [{'o': 'd', 'i': [[0, 335], [0, 336]]}]}",,,
20087,58,117,580.554,editor,i,"['Within recent years, the use of automation has increased drastically, and is now being used to perform tasks in our everyday lives. However the shift from only humans performing tasks to now machines performing tasks has begun to create a division within people about the limits of using automation, and if possible would automation be s']",s',,,"[0, 335]","{'t': [580279, 580554], 'l': 2, 'o': [{'o': 'i', 'i': [0, 335], 'a': ' s'}]}",,,
20088,58,118,580.89,editor,d,"['Within recent years, the use of automation has increased drastically, and is now being used to perform tasks in our everyday lives. However the shift from only humans performing tasks to now machines performing tasks has begun to create a division within people about the limits of using automation, and if possible would automation be ']",,s',,"[[0, 336], [0, 337]]","{'t': 580890, 'o': [{'o': 'd', 'i': [[0, 336], [0, 337]]}]}",,,
20089,58,119,584.944,editor,i,"['Within recent years, the use of automation has increased drastically, and is now being used to perform tasks in our everyday lives. However the shift from only humans performing tasks to now machines performing tasks has begun to create a division within people about the limits of using automation, and if possible would automation be used to replace h']",used to replace h',,,"[0, 336]","{'t': [581226, 584944], 'l': 17, 'o': [{'o': 'i', 'i': [0, 336], 'a': 'used to replace h'}]}",,,
20090,58,120,585.766,editor,d,"['Within recent years, the use of automation has increased drastically, and is now being used to perform tasks in our everyday lives. However the shift from only humans performing tasks to now machines performing tasks has begun to create a division within people about the limits of using automation, and if possible would automation be used to replace ']",,h',,"[[0, 352], [0, 353]]","{'t': 585766, 'o': [{'o': 'd', 'i': [[0, 352], [0, 353]]}]}",,,
20091,58,121,587.041,editor,i,"['Within recent years, the use of automation has increased drastically, and is now being used to perform tasks in our everyday lives. However the shift from only humans performing tasks to now machines performing tasks has begun to create a division within people about the limits of using automation, and if possible would automation be used to replace t']",t',,,"[0, 352]","{'t': 587041, 'o': [{'o': 'i', 'i': [0, 352], 'a': 't'}]}",,,
20092,58,122,587.926,editor,d,"['Within recent years, the use of automation has increased drastically, and is now being used to perform tasks in our everyday lives. However the shift from only humans performing tasks to now machines performing tasks has begun to create a division within people about the limits of using automation, and if possible would automation be used to replace ']",,t',,"[[0, 352], [0, 353]]","{'t': 587926, 'o': [{'o': 'd', 'i': [[0, 352], [0, 353]]}]}",,,
20093,58,123,589.485,editor,i,"['Within recent years, the use of automation has increased drastically, and is now being used to perform tasks in our everyday lives. However the shift from only humans performing tasks to now machines performing tasks has begun to create a division within people about the limits of using automation, and if possible would automation be used to replace humans.']",humans.',,,"[0, 352]","{'t': [588386, 589485], 'l': 7, 'o': [{'o': 'i', 'i': [0, 352], 'a': 'humans.'}]}",,,
20094,58,124,592.325,editor,i,"['Within recent years, the use of automation has increased drastically, and is now being used to perform tasks in our everyday lives. However the shift from only humans performing tasks to now machines performing tasks has begun to create a division within people about the limits of using automation, and if possible would automation be used to replace humans.', '']",\n',,,"[0, 359]","{'t': 592325, 'o': [{'o': 'i', 'i': [0, 359], 'a': '\n'}]}",,,
20095,58,125,599.386,editor,o,"['Within recent years, the use of automation has increased drastically, and is now being used to perform tasks in our everyday lives. However the shift from only humans performing tasks to now machines performing tasks has begun to create a division within people about the limits of using automation, and if possible would automation be used to replace humans.', '']",,,,"[0, 299]","{'t': 599386, 'o': [{'o': 'o', 'i': [0, 299]}]}",,,
20096,58,126,600.385,editor,d,"['Within recent years, the use of automation has increased drastically, and is now being used to perform tasks in our everyday lives. However the shift from only humans performing tasks to now machines performing tasks has begun to create a division within people about the limits of using automation and if possible would automation be used to replace humans.', '']",,",'",,"[[0, 298], [0, 299]]","{'t': 600385, 'o': [{'o': 'd', 'i': [[0, 298], [0, 299]]}]}",,,
20097,58,127,601.907,editor,o,"['Within recent years, the use of automation has increased drastically, and is now being used to perform tasks in our everyday lives. However the shift from only humans performing tasks to now machines performing tasks has begun to create a division within people about the limits of using automation and if possible would automation be used to replace humans.', '']",,,and ',"[[0, 299], [0, 303]]","{'t': [600948, 601907], 'l': 5, 'o': [{'o': 'o', 'i': [[0, 299], [0, 303]]}]}",,,
20098,58,128,602.651,editor,d,"['Within recent years, the use of automation has increased drastically, and is now being used to perform tasks in our everyday lives. However the shift from only humans performing tasks to now machines performing tasks has begun to create a division within people about the limits of using automation andif possible would automation be used to replace humans.', '']",,,,"[[0, 302], [0, 303]]","{'t': 602651, 'o': [{'o': 'd', 'i': [[0, 302], [0, 303]]}]}",,,
20099,58,129,603.382,editor,d,"['Within recent years, the use of automation has increased drastically, and is now being used to perform tasks in our everyday lives. However the shift from only humans performing tasks to now machines performing tasks has begun to create a division within people about the limits of using automation if possible would automation be used to replace humans.', '']",,and',,"[[0, 299], [0, 302]]","{'t': [602806, 603382], 'l': 3, 'o': [{'o': 'd', 'i': [[0, 299], [0, 302]], 'd': [[1, 3]]}]}",,,
20100,58,130,608.784,editor,i,"['Within recent years, the use of automation has increased drastically, and is now being used to perform tasks in our everyday lives. However the shift from only humans performing tasks to now machines performing tasks has begun to create a division within people about the limits of using automation with the question that if possible would automation be used to replace humans.', '']",with the question that ',,,"[0, 299]","{'t': [603700, 608784], 'l': 23, 'o': [{'o': 'i', 'i': [0, 299], 'a': 'with the question that '}]}",,,
20101,58,131,609.939,editor,o,"['Within recent years, the use of automation has increased drastically, and is now being used to perform tasks in our everyday lives. However the shift from only humans performing tasks to now machines performing tasks has begun to create a division within people about the limits of using automation with the question that if possible would automation be used to replace humans.', '']",,,,"[1, 0]","{'t': 609939, 'o': [{'o': 'o', 'i': [1, 0]}]}",,,
20102,58,132,610.514,editor,o,"['Within recent years, the use of automation has increased drastically, and is now being used to perform tasks in our everyday lives. However the shift from only humans performing tasks to now machines performing tasks has begun to create a division within people about the limits of using automation with the question that if possible would automation be used to replace humans.', '']",,,,"[0, 377]","{'t': 610514, 'o': [{'o': 'o', 'i': [0, 377]}]}",,,
20103,58,133,611.138,editor,o,"['Within recent years, the use of automation has increased drastically, and is now being used to perform tasks in our everyday lives. However the shift from only humans performing tasks to now machines performing tasks has begun to create a division within people about the limits of using automation with the question that if possible would automation be used to replace humans.', '']",,,,"[1, 0]","{'t': 611138, 'o': [{'o': 'o', 'i': [1, 0]}]}",,,
20104,58,134,612.109,editor,i,"['Within recent years, the use of automation has increased drastically, and is now being used to perform tasks in our everyday lives. However the shift from only humans performing tasks to now machines performing tasks has begun to create a division within people about the limits of using automation with the question that if possible would automation be used to replace humans.', '', '']",\n',,,"[1, 0]","{'t': 612109, 'o': [{'o': 'i', 'i': [1, 0], 'a': '\n'}]}",,,
20105,58,135,622.83,editor,o,"['Within recent years, the use of automation has increased drastically, and is now being used to perform tasks in our everyday lives. However the shift from only humans performing tasks to now machines performing tasks has begun to create a division within people about the limits of using automation with the question that if possible would automation be used to replace humans.', '', '']",,,,"[0, 377]","{'t': 622830, 'o': [{'o': 'o', 'i': [0, 377]}]}",,,
20106,58,136,624.968,editor,i,"['Within recent years, the use of automation has increased drastically, and is now being used to perform tasks in our everyday lives. However the shift from only humans performing tasks to now machines performing tasks has begun to create a division within people about the limits of using automation with the question that if possible would automation be used to replace humans. ', '', '']",,,,"[0, 377]","{'t': 624968, 'o': [{'o': 'i', 'i': [0, 377], 'a': ' '}]}",,,
20107,58,137,629.933,editor,o,"['Within recent years, the use of automation has increased drastically, and is now being used to perform tasks in our everyday lives. However the shift from only humans performing tasks to now machines performing tasks has begun to create a division within people about the limits of using automation with the question that if possible would automation be used to replace humans. ', '', '']",,,,"[2, 0]","{'t': 629933, 'o': [{'o': 'o', 'i': [2, 0]}]}",,,
20108,58,138,639.105,editor,i,"['Within recent years, the use of automation has increased drastically, and is now being used to perform tasks in our everyday lives. However the shift from only humans performing tasks to now machines performing tasks has begun to create a division within people about the limits of using automation with the question that if possible would automation be used to replace humans. ', '', 'A']",A',,,"[2, 0]","{'t': 639105, 'o': [{'o': 'i', 'i': [2, 0], 'a': 'A'}]}",,,
20109,58,139,641.677,editor,i,"['Within recent years, the use of automation has increased drastically, and is now being used to perform tasks in our everyday lives. However the shift from only humans performing tasks to now machines performing tasks has begun to create a division within people about the limits of using automation with the question that if possible would automation be used to replace humans. ', '', 'A utilitar']",utilitar',,,"[2, 1]","{'t': [639363, 641677], 'l': 9, 'o': [{'o': 'i', 'i': [2, 1], 'a': ' utilitar'}]}",,,
20110,58,140,643.859,editor,d,"['Within recent years, the use of automation has increased drastically, and is now being used to perform tasks in our everyday lives. However the shift from only humans performing tasks to now machines performing tasks has begun to create a division within people about the limits of using automation with the question that if possible would automation be used to replace humans. ', '', 'A']",,utilitar',,"[[2, 1], [2, 10]]","{'t': [642766, 643859], 'l': 9, 'o': [{'o': 'd', 'i': [[2, 1], [2, 10]], 'd': [[1, 9]]}]}",,,
20111,58,141,645.768,editor,i,"['Within recent years, the use of automation has increased drastically, and is now being used to perform tasks in our everyday lives. However the shift from only humans performing tasks to now machines performing tasks has begun to create a division within people about the limits of using automation with the question that if possible would automation be used to replace humans. ', '', 'A utiol']",utiol',,,"[2, 1]","{'t': [644531, 645768], 'l': 6, 'o': [{'o': 'i', 'i': [2, 1], 'a': ' utiol'}]}",,,
20112,58,142,646.349,editor,d,"['Within recent years, the use of automation has increased drastically, and is now being used to perform tasks in our everyday lives. However the shift from only humans performing tasks to now machines performing tasks has begun to create a division within people about the limits of using automation with the question that if possible would automation be used to replace humans. ', '', 'A uti']",,ol',,"[[2, 5], [2, 7]]","{'t': [646212, 646349], 'l': 2, 'o': [{'o': 'd', 'i': [[2, 5], [2, 7]], 'd': [[1, 2]]}]}",,,
20113,58,143,649.78,editor,i,"['Within recent years, the use of automation has increased drastically, and is now being used to perform tasks in our everyday lives. However the shift from only humans performing tasks to now machines performing tasks has begun to create a division within people about the limits of using automation with the question that if possible would automation be used to replace humans. ', '', 'A utilitarian view ']",litarian view ',,,"[2, 5]","{'t': [647257, 649780], 'l': 14, 'o': [{'o': 'i', 'i': [2, 5], 'a': 'litarian view '}]}",,,
20114,58,144,654.419,editor,i,"['Within recent years, the use of automation has increased drastically, and is now being used to perform tasks in our everyday lives. However the shift from only humans performing tasks to now machines performing tasks has begun to create a division within people about the limits of using automation with the question that if possible would automation be used to replace humans. ', '', 'A utilitarian view i']",i',,,"[2, 19]","{'t': 654419, 'o': [{'o': 'i', 'i': [2, 19], 'a': 'i'}]}",,,
20115,58,145,657.471,editor,i,"['Within recent years, the use of automation has increased drastically, and is now being used to perform tasks in our everyday lives. However the shift from only humans performing tasks to now machines performing tasks has begun to create a division within people about the limits of using automation with the question that if possible would automation be used to replace humans. ', '', 'A utilitarian view is the mo']",s the mo',,,"[2, 20]","{'t': [654515, 657471], 'l': 8, 'o': [{'o': 'i', 'i': [2, 20], 'a': 's the mo'}]}",,,
20116,58,146,658.618,editor,d,"['Within recent years, the use of automation has increased drastically, and is now being used to perform tasks in our everyday lives. However the shift from only humans performing tasks to now machines performing tasks has begun to create a division within people about the limits of using automation with the question that if possible would automation be used to replace humans. ', '', 'A utilitarian view is ']",,the mo',,"[[2, 22], [2, 28]]","{'t': [657838, 658618], 'l': 6, 'o': [{'o': 'd', 'i': [[2, 22], [2, 28]], 'd': [[1, 6]]}]}",,,
20117,58,147,660.093,editor,i,"['Within recent years, the use of automation has increased drastically, and is now being used to perform tasks in our everyday lives. However the shift from only humans performing tasks to now machines performing tasks has begun to create a division within people about the limits of using automation with the question that if possible would automation be used to replace humans. ', '', 'A utilitarian view is t']",t',,,"[2, 22]","{'t': 660093, 'o': [{'o': 'i', 'i': [2, 22], 'a': 't'}]}",,,
20118,58,148,660.442,editor,i,"['Within recent years, the use of automation has increased drastically, and is now being used to perform tasks in our everyday lives. However the shift from only humans performing tasks to now machines performing tasks has begun to create a division within people about the limits of using automation with the question that if possible would automation be used to replace humans. ', '', 'A utilitarian view is the ']",he ',,,"[2, 23]","{'t': [660182, 660442], 'l': 3, 'o': [{'o': 'i', 'i': [2, 23], 'a': 'he '}]}",,,
20119,58,149,662.094,editor,d,"['Within recent years, the use of automation has increased drastically, and is now being used to perform tasks in our everyday lives. However the shift from only humans performing tasks to now machines performing tasks has begun to create a division within people about the limits of using automation with the question that if possible would automation be used to replace humans. ', '', 'A utilitarian view is the']",,,,"[[2, 25], [2, 26]]","{'t': 662094, 'o': [{'o': 'd', 'i': [[2, 25], [2, 26]]}]}",,,
20120,58,150,662.603,editor,d,"['Within recent years, the use of automation has increased drastically, and is now being used to perform tasks in our everyday lives. However the shift from only humans performing tasks to now machines performing tasks has begun to create a division within people about the limits of using automation with the question that if possible would automation be used to replace humans. ', '', 'A utilitarian view is ']",,the',,"[[2, 22], [2, 25]]","{'t': [662264, 662603], 'l': 3, 'o': [{'o': 'd', 'i': [[2, 22], [2, 25]], 'd': [[1, 3]]}]}",,,
20121,58,151,667.746,editor,i,"['Within recent years, the use of automation has increased drastically, and is now being used to perform tasks in our everyday lives. However the shift from only humans performing tasks to now machines performing tasks has begun to create a division within people about the limits of using automation with the question that if possible would automation be used to replace humans. ', '', 'A utilitarian view is the view that divides ']",the view that divides ',,,"[2, 22]","{'t': [663184, 667746], 'l': 22, 'o': [{'o': 'i', 'i': [2, 22], 'a': 'the view that divides '}]}",,,
20122,58,152,694.415,editor,o,"['Within recent years, the use of automation has increased drastically, and is now being used to perform tasks in our everyday lives. However the shift from only humans performing tasks to now machines performing tasks has begun to create a division within people about the limits of using automation with the question that if possible would automation be used to replace humans. ', '', 'A utilitarian view is the view that divides ']",,,,"[2, 44]","{'t': 694415, 'o': [{'o': 'o', 'i': [2, 44]}]}",,,
20123,58,153,695.592,editor,l,"['Within recent years, the use of automation has increased drastically, and is now being used to perform tasks in our everyday lives. However the shift from only humans performing tasks to now machines performing tasks has begun to create a division within people about the limits of using automation with the question that if possible would automation be used to replace humans. ', '', 'A utilitarian view is the view that divides ']",,,A utilitarian view is the view that divides ',"[[2, 44], [2, 0]]","{'t': [694577, 695592], 'l': 33, 'o': [{'o': 'l', 'i': [2, 44], 's': [[2, [43, 40, 35, 32, 29, 24, 20, 16, 14, [11, 10], [9, 15], [14, 0]]]]}]}",,,
20124,58,154,696.583,editor,d_i,"['Within recent years, the use of automation has increased drastically, and is now being used to perform tasks in our everyday lives. However the shift from only humans performing tasks to now machines performing tasks has begun to create a division within people about the limits of using automation with the question that if possible would automation be used to replace humans. ', '', 'F']",F',A utilitarian view is the view that divides ',A utilitarian view is the view that divides ',"[[2, 0], [2, 44]]","{'t': 696583, 'o': [{'o': 'i', 'i': [[2, 0], [2, 44]], 'a': 'F'}]}",,,
20125,58,155,699.162,editor,i,"['Within recent years, the use of automation has increased drastically, and is now being used to perform tasks in our everyday lives. However the shift from only humans performing tasks to now machines performing tasks has begun to create a division within people about the limits of using automation with the question that if possible would automation be used to replace humans. ', '', 'From a utilia']",rom a utilia',,,"[2, 1]","{'t': [696886, 699162], 'l': 12, 'o': [{'o': 'i', 'i': [2, 1], 'a': 'rom a utilia'}]}",,,
20126,58,156,699.747,editor,d,"['Within recent years, the use of automation has increased drastically, and is now being used to perform tasks in our everyday lives. However the shift from only humans performing tasks to now machines performing tasks has begun to create a division within people about the limits of using automation with the question that if possible would automation be used to replace humans. ', '', 'From a utili']",,a',,"[[2, 12], [2, 13]]","{'t': 699747, 'o': [{'o': 'd', 'i': [[2, 12], [2, 13]]}]}",,,
20127,58,157,703.47,editor,i,"['Within recent years, the use of automation has increased drastically, and is now being used to perform tasks in our everyday lives. However the shift from only humans performing tasks to now machines performing tasks has begun to create a division within people about the limits of using automation with the question that if possible would automation be used to replace humans. ', '', 'From a utilitarian view, rh']","tarian view, rh'",,,"[2, 12]","{'t': [699912, 703470], 'l': 15, 'o': [{'o': 'i', 'i': [2, 12], 'a': 'tarian view, rh'}]}",,,
20128,58,158,704.115,editor,d,"['Within recent years, the use of automation has increased drastically, and is now being used to perform tasks in our everyday lives. However the shift from only humans performing tasks to now machines performing tasks has begun to create a division within people about the limits of using automation with the question that if possible would automation be used to replace humans. ', '', 'From a utilitarian view, ']",,rh',,"[[2, 25], [2, 27]]","{'t': [703946, 704115], 'l': 2, 'o': [{'o': 'd', 'i': [[2, 25], [2, 27]], 'd': [[1, 2]]}]}",,,
20129,58,159,715.026,editor,i,"['Within recent years, the use of automation has increased drastically, and is now being used to perform tasks in our everyday lives. However the shift from only humans performing tasks to now machines performing tasks has begun to create a division within people about the limits of using automation with the question that if possible would automation be used to replace humans. ', '', 'From a utilitarian view, the machines are allowing people to be productive']",the machines are allowing people to be productive',,,"[2, 25]","{'t': [704627, 715026], 'l': 49, 'o': [{'o': 'i', 'i': [2, 25], 'a': 'the machines are allowing people to be productive'}]}",,,
20130,58,160,718.45,editor,i,"['Within recent years, the use of automation has increased drastically, and is now being used to perform tasks in our everyday lives. However the shift from only humans performing tasks to now machines performing tasks has begun to create a division within people about the limits of using automation with the question that if possible would automation be used to replace humans. ', '', 'From a utilitarian view, the machines are allowing people to be productive ']",,,,"[2, 74]","{'t': 718450, 'o': [{'o': 'i', 'i': [2, 74], 'a': ' '}]}",,,
20131,58,161,719.29,editor,i,"['Within recent years, the use of automation has increased drastically, and is now being used to perform tasks in our everyday lives. However the shift from only humans performing tasks to now machines performing tasks has begun to create a division within people about the limits of using automation with the question that if possible would automation be used to replace humans. ', '', 'From a utilitarian view, the machines are allowing people to be productive by ']",by ',,,"[2, 75]","{'t': [718810, 719290], 'l': 3, 'o': [{'o': 'i', 'i': [2, 75], 'a': 'by '}]}",,,
20132,58,162,722.671,editor,i,"['Within recent years, the use of automation has increased drastically, and is now being used to perform tasks in our everyday lives. However the shift from only humans performing tasks to now machines performing tasks has begun to create a division within people about the limits of using automation with the question that if possible would automation be used to replace humans. ', '', 'From a utilitarian view, the machines are allowing people to be productive by n']",n',,,"[2, 78]","{'t': 722671, 'o': [{'o': 'i', 'i': [2, 78], 'a': 'n'}]}",,,
20133,58,163,729.039,editor,i,"['Within recent years, the use of automation has increased drastically, and is now being used to perform tasks in our everyday lives. However the shift from only humans performing tasks to now machines performing tasks has begun to create a division within people about the limits of using automation with the question that if possible would automation be used to replace humans. ', '', 'From a utilitarian view, the machines are allowing people to be productive by not necessarily replacing ']",ot necessarily replacing ',,,"[2, 79]","{'t': [722919, 729039], 'l': 25, 'o': [{'o': 'i', 'i': [2, 79], 'a': 'ot necessarily replacing '}]}",,,
20134,58,164,730.727,editor,i,"['Within recent years, the use of automation has increased drastically, and is now being used to perform tasks in our everyday lives. However the shift from only humans performing tasks to now machines performing tasks has begun to create a division within people about the limits of using automation with the question that if possible would automation be used to replace humans. ', '', 'From a utilitarian view, the machines are allowing people to be productive by not necessarily replacing p']",p',,,"[2, 104]","{'t': 730727, 'o': [{'o': 'i', 'i': [2, 104], 'a': 'p'}]}",,,
20135,58,165,730.957,editor,i,"['Within recent years, the use of automation has increased drastically, and is now being used to perform tasks in our everyday lives. However the shift from only humans performing tasks to now machines performing tasks has begun to create a division within people about the limits of using automation with the question that if possible would automation be used to replace humans. ', '', 'From a utilitarian view, the machines are allowing people to be productive by not necessarily replacing po']",o',,,"[2, 105]","{'t': 730957, 'o': [{'o': 'i', 'i': [2, 105], 'a': 'o'}]}",,,
20136,58,166,731.278,editor,d,"['Within recent years, the use of automation has increased drastically, and is now being used to perform tasks in our everyday lives. However the shift from only humans performing tasks to now machines performing tasks has begun to create a division within people about the limits of using automation with the question that if possible would automation be used to replace humans. ', '', 'From a utilitarian view, the machines are allowing people to be productive by not necessarily replacing p']",,o',,"[[2, 105], [2, 106]]","{'t': 731278, 'o': [{'o': 'd', 'i': [[2, 105], [2, 106]]}]}",,,
20137,58,167,732.224,editor,i,"['Within recent years, the use of automation has increased drastically, and is now being used to perform tasks in our everyday lives. However the shift from only humans performing tasks to now machines performing tasks has begun to create a division within people about the limits of using automation with the question that if possible would automation be used to replace humans. ', '', 'From a utilitarian view, the machines are allowing people to be productive by not necessarily replacing people']",eople',,,"[2, 105]","{'t': [731436, 732224], 'l': 5, 'o': [{'o': 'i', 'i': [2, 105], 'a': 'eople'}]}",,,
20138,58,168,733.698,editor,d,"['Within recent years, the use of automation has increased drastically, and is now being used to perform tasks in our everyday lives. However the shift from only humans performing tasks to now machines performing tasks has begun to create a division within people about the limits of using automation with the question that if possible would automation be used to replace humans. ', '', 'From a utilitarian view, the machines are allowing people to be productive by not necessarily replacing ']",,people',,"[[2, 104], [2, 110]]","{'t': [732871, 733698], 'l': 6, 'o': [{'o': 'd', 'i': [[2, 104], [2, 110]], 'd': [[1, 6]]}]}",,,
20139,58,169,736.315,editor,i,"['Within recent years, the use of automation has increased drastically, and is now being used to perform tasks in our everyday lives. However the shift from only humans performing tasks to now machines performing tasks has begun to create a division within people about the limits of using automation with the question that if possible would automation be used to replace humans. ', '', 'From a utilitarian view, the machines are allowing people to be productive by not necessarily replacing the main taks ']",the main taks ',,,"[2, 104]","{'t': [734276, 736315], 'l': 14, 'o': [{'o': 'i', 'i': [2, 104], 'a': 'the main taks '}]}",,,
20140,58,170,737.022,editor,d,"['Within recent years, the use of automation has increased drastically, and is now being used to perform tasks in our everyday lives. However the shift from only humans performing tasks to now machines performing tasks has begun to create a division within people about the limits of using automation with the question that if possible would automation be used to replace humans. ', '', 'From a utilitarian view, the machines are allowing people to be productive by not necessarily replacing the main ta']",,ks ',,"[[2, 115], [2, 118]]","{'t': [736775, 737022], 'l': 3, 'o': [{'o': 'd', 'i': [[2, 115], [2, 118]], 'd': [[1, 3]]}]}",,,
20141,58,171,737.672,editor,i,"['Within recent years, the use of automation has increased drastically, and is now being used to perform tasks in our everyday lives. However the shift from only humans performing tasks to now machines performing tasks has begun to create a division within people about the limits of using automation with the question that if possible would automation be used to replace humans. ', '', 'From a utilitarian view, the machines are allowing people to be productive by not necessarily replacing the main taska ']",ska ',,,"[2, 115]","{'t': [737180, 737672], 'l': 4, 'o': [{'o': 'i', 'i': [2, 115], 'a': 'ska '}]}",,,
20142,58,172,738.195,editor,d,"['Within recent years, the use of automation has increased drastically, and is now being used to perform tasks in our everyday lives. However the shift from only humans performing tasks to now machines performing tasks has begun to create a division within people about the limits of using automation with the question that if possible would automation be used to replace humans. ', '', 'From a utilitarian view, the machines are allowing people to be productive by not necessarily replacing the main task']",,a ',,"[[2, 117], [2, 119]]","{'t': [738085, 738195], 'l': 2, 'o': [{'o': 'd', 'i': [[2, 117], [2, 119]], 'd': [[1, 2]]}]}",,,
20143,58,173,739.772,editor,i,"['Within recent years, the use of automation has increased drastically, and is now being used to perform tasks in our everyday lives. However the shift from only humans performing tasks to now machines performing tasks has begun to create a division within people about the limits of using automation with the question that if possible would automation be used to replace humans. ', '', 'From a utilitarian view, the machines are allowing people to be productive by not necessarily replacing the main tasks of peop']",s of peop',,,"[2, 117]","{'t': [738261, 739772], 'l': 9, 'o': [{'o': 'i', 'i': [2, 117], 'a': 's of peop'}]}",,,
20144,58,174,741.759,editor,d,"['Within recent years, the use of automation has increased drastically, and is now being used to perform tasks in our everyday lives. However the shift from only humans performing tasks to now machines performing tasks has begun to create a division within people about the limits of using automation with the question that if possible would automation be used to replace humans. ', '', 'From a utilitarian view, the machines are allowing people to be productive by not necessarily replacing the main tasks']",,of peop',,"[[2, 118], [2, 126]]","{'t': [740370, 741759], 'l': 8, 'o': [{'o': 'd', 'i': [[2, 118], [2, 126]], 'd': [[1, 8]]}]}",,,
20145,58,175,742.992,editor,d,"['Within recent years, the use of automation has increased drastically, and is now being used to perform tasks in our everyday lives. However the shift from only humans performing tasks to now machines performing tasks has begun to create a division within people about the limits of using automation with the question that if possible would automation be used to replace humans. ', '', 'From a utilitarian view, the machines are allowing people to be productive by not necessarily replacing the main task']",,s',,"[[2, 117], [2, 118]]","{'t': 742992, 'o': [{'o': 'd', 'i': [[2, 117], [2, 118]]}]}",,,
20146,58,176,744.887,editor,d,"['Within recent years, the use of automation has increased drastically, and is now being used to perform tasks in our everyday lives. However the shift from only humans performing tasks to now machines performing tasks has begun to create a division within people about the limits of using automation with the question that if possible would automation be used to replace humans. ', '', 'From a utilitarian view, the machines are allowing people to be productive by not necessarily replacing the']",,main task',,"[[2, 107], [2, 117]]","{'t': [743120, 744887], 'l': 10, 'o': [{'o': 'd', 'i': [[2, 107], [2, 117]], 'd': [[1, 10]]}]}",,,
20147,58,177,746.871,editor,o,"['Within recent years, the use of automation has increased drastically, and is now being used to perform tasks in our everyday lives. However the shift from only humans performing tasks to now machines performing tasks has begun to create a division within people about the limits of using automation with the question that if possible would automation be used to replace humans. ', '', 'From a utilitarian view, the machines are allowing people to be productive by not necessarily replacing the']",,,,"[2, 107]","{'t': 746871, 'o': [{'o': 'o', 'i': [2, 107]}]}",,,
20148,58,178,747.942,editor,l,"['Within recent years, the use of automation has increased drastically, and is now being used to perform tasks in our everyday lives. However the shift from only humans performing tasks to now machines performing tasks has begun to create a division within people about the limits of using automation with the question that if possible would automation be used to replace humans. ', '', 'From a utilitarian view, the machines are allowing people to be productive by not necessarily replacing the']",,,not necessarily replacing the',"[[2, 107], [2, 78]]","{'t': [747028, 747942], 'l': 23, 'o': [{'o': 'l', 'i': [2, 107], 's': [[2, [105, 102, 99, [94, 93], [91, 77], [76, 78]]]]}]}",,,
20149,58,179,748.622,editor,d,"['Within recent years, the use of automation has increased drastically, and is now being used to perform tasks in our everyday lives. However the shift from only humans performing tasks to now machines performing tasks has begun to create a division within people about the limits of using automation with the question that if possible would automation be used to replace humans. ', '', 'From a utilitarian view, the machines are allowing people to be productive by ']",,not necessarily replacing the',,"[[2, 78], [2, 107]]","{'t': 748622, 'o': [{'o': 'd', 'i': [[2, 78], [2, 107]]}]}",,,
20150,58,180,750.695,editor,i,"['Within recent years, the use of automation has increased drastically, and is now being used to perform tasks in our everyday lives. However the shift from only humans performing tasks to now machines performing tasks has begun to create a division within people about the limits of using automation with the question that if possible would automation be used to replace humans. ', '', 'From a utilitarian view, the machines are allowing people to be productive by replacing ']",replacing ',,,"[2, 78]","{'t': [749180, 750695], 'l': 10, 'o': [{'o': 'i', 'i': [2, 78], 'a': 'replacing '}]}",,,
20151,58,181,754.701,editor,i,"['Within recent years, the use of automation has increased drastically, and is now being used to perform tasks in our everyday lives. However the shift from only humans performing tasks to now machines performing tasks has begun to create a division within people about the limits of using automation with the question that if possible would automation be used to replace humans. ', '', 'From a utilitarian view, the machines are allowing people to be productive by replacing t']",t',,,"[2, 88]","{'t': 754701, 'o': [{'o': 'i', 'i': [2, 88], 'a': 't'}]}",,,
20152,58,182,763.613,editor,i,"['Within recent years, the use of automation has increased drastically, and is now being used to perform tasks in our everyday lives. However the shift from only humans performing tasks to now machines performing tasks has begun to create a division within people about the limits of using automation with the question that if possible would automation be used to replace humans. ', '', 'From a utilitarian view, the machines are allowing people to be productive by replacing the boring and repetitive tasks. This ']",he boring and repetitive tasks. This ',,,"[2, 89]","{'t': [754719, 763613], 'l': 37, 'o': [{'o': 'i', 'i': [2, 89], 'a': 'he boring and repetitive tasks. This '}]}",,,
20153,58,183,768.293,editor,o,"['Within recent years, the use of automation has increased drastically, and is now being used to perform tasks in our everyday lives. However the shift from only humans performing tasks to now machines performing tasks has begun to create a division within people about the limits of using automation with the question that if possible would automation be used to replace humans. ', '', 'From a utilitarian view, the machines are allowing people to be productive by replacing the boring and repetitive tasks. This ']",,,,"[2, 126]","{'t': 768293, 'o': [{'o': 'o', 'i': [2, 126]}]}",,,
20154,58,184,768.477,editor,l,"['Within recent years, the use of automation has increased drastically, and is now being used to perform tasks in our everyday lives. However the shift from only humans performing tasks to now machines performing tasks has begun to create a division within people about the limits of using automation with the question that if possible would automation be used to replace humans. ', '', 'From a utilitarian view, the machines are allowing people to be productive by replacing the boring and repetitive tasks. This ']",,,This ',"[[2, 126], [2, 121]]","{'t': [768420, 768477], 'l': 4, 'o': [{'o': 'l', 'i': [2, 126], 's': [[2, [[125, 123], 121]]]}]}",,,
20155,58,185,769.173,editor,d,"['Within recent years, the use of automation has increased drastically, and is now being used to perform tasks in our everyday lives. However the shift from only humans performing tasks to now machines performing tasks has begun to create a division within people about the limits of using automation with the question that if possible would automation be used to replace humans. ', '', 'From a utilitarian view, the machines are allowing people to be productive by replacing the boring and repetitive tasks. ']",,This ',,"[[2, 121], [2, 126]]","{'t': 769173, 'o': [{'o': 'd', 'i': [[2, 121], [2, 126]]}]}",,,
20156,58,186,769.464,editor,d,"['Within recent years, the use of automation has increased drastically, and is now being used to perform tasks in our everyday lives. However the shift from only humans performing tasks to now machines performing tasks has begun to create a division within people about the limits of using automation with the question that if possible would automation be used to replace humans. ', '', 'From a utilitarian view, the machines are allowing people to be productive by replacing the boring and repetitive tasks.']",,,,"[[2, 120], [2, 121]]","{'t': 769464, 'o': [{'o': 'd', 'i': [[2, 120], [2, 121]]}]}",,,
20157,58,187,769.831,editor,i,"['Within recent years, the use of automation has increased drastically, and is now being used to perform tasks in our everyday lives. However the shift from only humans performing tasks to now machines performing tasks has begun to create a division within people about the limits of using automation with the question that if possible would automation be used to replace humans. ', '', 'From a utilitarian view, the machines are allowing people to be productive by replacing the boring and repetitive tasks.', '']",\n',,,"[2, 120]","{'t': 769831, 'o': [{'o': 'i', 'i': [2, 120], 'a': '\n'}]}",,,
20158,58,188,770.061,editor,i,"['Within recent years, the use of automation has increased drastically, and is now being used to perform tasks in our everyday lives. However the shift from only humans performing tasks to now machines performing tasks has begun to create a division within people about the limits of using automation with the question that if possible would automation be used to replace humans. ', '', 'From a utilitarian view, the machines are allowing people to be productive by replacing the boring and repetitive tasks.', '', '']",\n',,,"[3, 0]","{'t': 770061, 'o': [{'o': 'i', 'i': [3, 0], 'a': '\n'}]}",,,
20159,58,189,772.087,editor,i,"['Within recent years, the use of automation has increased drastically, and is now being used to perform tasks in our everyday lives. However the shift from only humans performing tasks to now machines performing tasks has begun to create a division within people about the limits of using automation with the question that if possible would automation be used to replace humans. ', '', 'From a utilitarian view, the machines are allowing people to be productive by replacing the boring and repetitive tasks.', '', 'A']",A',,,"[4, 0]","{'t': 772087, 'o': [{'o': 'i', 'i': [4, 0], 'a': 'A'}]}",,,
20160,58,190,773.198,editor,i,"['Within recent years, the use of automation has increased drastically, and is now being used to perform tasks in our everyday lives. However the shift from only humans performing tasks to now machines performing tasks has begun to create a division within people about the limits of using automation with the question that if possible would automation be used to replace humans. ', '', 'From a utilitarian view, the machines are allowing people to be productive by replacing the boring and repetitive tasks.', '', 'Another ']",nother ',,,"[4, 1]","{'t': [772270, 773198], 'l': 7, 'o': [{'o': 'i', 'i': [4, 1], 'a': 'nother '}]}",,,
20161,58,191,815.545,gpt,gpt_inquiry,,,,what are some transition words/phrases that can be used in the body paragraphs,,,,,
20162,58,192,818.674,gpt,gpt_response,,,,"Transition words and phrases are important for creating cohesion and coherence in your writing. Here are some transition words and phrases that can be used in body paragraphs to indicate different relationships between ideas:

1. Addition:
- Furthermore
- Additionally
- Moreover
- In addition
- Likewise
- Similarly

2. Contrast:
- However
- On the other hand
- Conversely
- Nevertheless
- In contrast
- Although

3. Cause and Effect:
- Therefore
- Consequently
- As a result
- Thus
- Because of this
- Due to

4. Comparison:
- Similarly
- Likewise
- Likewise
- In the same way
- Just as
- Compared to

5. Example:
- For example
- For instance
- Specifically
- In particular
- Such as
- Including

6. Sequence/Order:
- First
- Next
- Then
- Finally
- Meanwhile
- Afterwards

7. Emphasis:
- Indeed
- In fact
- Above all
- Notably
- Importantly
- Undoubtedly

8. Clarification:
- That is to say
- In other words
- Put another way
- To clarify
- To elaborate
- Specifically

By using these transition words and phrases in your body paragraphs, you can effectively guide the reader through your arguments and ensure a smooth flow of ideas throughout the essay.",,,,,
20163,58,193,827.479,editor,d,"['Within recent years, the use of automation has increased drastically, and is now being used to perform tasks in our everyday lives. However the shift from only humans performing tasks to now machines performing tasks has begun to create a division within people about the limits of using automation with the question that if possible would automation be used to replace humans. ', '', 'From a utilitarian view, the machines are allowing people to be productive by replacing the boring and repetitive tasks.', '', 'Another']",,,,"[[4, 7], [4, 8]]","{'t': 827479, 'o': [{'o': 'd', 'i': [[4, 7], [4, 8]]}]}",,,
20164,58,194,828.563,editor,d,"['Within recent years, the use of automation has increased drastically, and is now being used to perform tasks in our everyday lives. However the shift from only humans performing tasks to now machines performing tasks has begun to create a division within people about the limits of using automation with the question that if possible would automation be used to replace humans. ', '', 'From a utilitarian view, the machines are allowing people to be productive by replacing the boring and repetitive tasks.', '', 'A']",,nother',,"[[4, 1], [4, 7]]","{'t': [827638, 828563], 'l': 6, 'o': [{'o': 'd', 'i': [[4, 1], [4, 7]], 'd': [[1, 6]]}]}",,,
20165,58,195,832.387,editor,i,"['Within recent years, the use of automation has increased drastically, and is now being used to perform tasks in our everyday lives. However the shift from only humans performing tasks to now machines performing tasks has begun to create a division within people about the limits of using automation with the question that if possible would automation be used to replace humans. ', '', 'From a utilitarian view, the machines are allowing people to be productive by replacing the boring and repetitive tasks.', '', 'Additionally']",dditionally',,,"[4, 1]","{'t': [829062, 832387], 'l': 11, 'o': [{'o': 'i', 'i': [4, 1], 'a': 'dditionally'}]}",,,
20166,58,196,834.943,editor,i,"['Within recent years, the use of automation has increased drastically, and is now being used to perform tasks in our everyday lives. However the shift from only humans performing tasks to now machines performing tasks has begun to create a division within people about the limits of using automation with the question that if possible would automation be used to replace humans. ', '', 'From a utilitarian view, the machines are allowing people to be productive by replacing the boring and repetitive tasks.', '', 'Additionally ']",,,,"[4, 12]","{'t': 834943, 'o': [{'o': 'i', 'i': [4, 12], 'a': ' '}]}",,,
20167,58,197,835.67,editor,d,"['Within recent years, the use of automation has increased drastically, and is now being used to perform tasks in our everyday lives. However the shift from only humans performing tasks to now machines performing tasks has begun to create a division within people about the limits of using automation with the question that if possible would automation be used to replace humans. ', '', 'From a utilitarian view, the machines are allowing people to be productive by replacing the boring and repetitive tasks.', '', 'Additionally']",,,,"[[4, 12], [4, 13]]","{'t': 835670, 'o': [{'o': 'd', 'i': [[4, 12], [4, 13]]}]}",,,
20168,58,198,837.725,editor,i,"['Within recent years, the use of automation has increased drastically, and is now being used to perform tasks in our everyday lives. However the shift from only humans performing tasks to now machines performing tasks has begun to create a division within people about the limits of using automation with the question that if possible would automation be used to replace humans. ', '', 'From a utilitarian view, the machines are allowing people to be productive by replacing the boring and repetitive tasks.', '', 'Additionally ']",,,,"[4, 12]","{'t': 837725, 'o': [{'o': 'i', 'i': [4, 12], 'a': ' '}]}",,,
20169,58,199,838.357,editor,i,"['Within recent years, the use of automation has increased drastically, and is now being used to perform tasks in our everyday lives. However the shift from only humans performing tasks to now machines performing tasks has begun to create a division within people about the limits of using automation with the question that if possible would automation be used to replace humans. ', '', 'From a utilitarian view, the machines are allowing people to be productive by replacing the boring and repetitive tasks.', '', 'Additionally in']",in',,,"[4, 13]","{'t': [838112, 838357], 'l': 2, 'o': [{'o': 'i', 'i': [4, 13], 'a': 'in'}]}",,,
20170,58,200,838.978,editor,d,"['Within recent years, the use of automation has increased drastically, and is now being used to perform tasks in our everyday lives. However the shift from only humans performing tasks to now machines performing tasks has begun to create a division within people about the limits of using automation with the question that if possible would automation be used to replace humans. ', '', 'From a utilitarian view, the machines are allowing people to be productive by replacing the boring and repetitive tasks.', '', 'Additionally ']",,in',,"[[4, 13], [4, 15]]","{'t': [838827, 838978], 'l': 2, 'o': [{'o': 'd', 'i': [[4, 13], [4, 15]], 'd': [[1, 2]]}]}",,,
20171,58,201,842.672,editor,d,"['Within recent years, the use of automation has increased drastically, and is now being used to perform tasks in our everyday lives. However the shift from only humans performing tasks to now machines performing tasks has begun to create a division within people about the limits of using automation with the question that if possible would automation be used to replace humans. ', '', 'From a utilitarian view, the machines are allowing people to be productive by replacing the boring and repetitive tasks.', '', 'Additionally']",,,,"[[4, 12], [4, 13]]","{'t': 842672, 'o': [{'o': 'd', 'i': [[4, 12], [4, 13]]}]}",,,
20172,58,202,852.693,editor,i,"['Within recent years, the use of automation has increased drastically, and is now being used to perform tasks in our everyday lives. However the shift from only humans performing tasks to now machines performing tasks has begun to create a division within people about the limits of using automation with the question that if possible would automation be used to replace humans. ', '', 'From a utilitarian view, the machines are allowing people to be productive by replacing the boring and repetitive tasks.', '', 'Additionally, the utilitarian perspective believe']",", the utilitarian perspective believe'",,,"[4, 12]","{'t': [843208, 852693], 'l': 37, 'o': [{'o': 'i', 'i': [4, 12], 'a': ', the utilitarian perspective believe'}]}",,,
20173,58,203,858.087,editor,i,"['Within recent years, the use of automation has increased drastically, and is now being used to perform tasks in our everyday lives. However the shift from only humans performing tasks to now machines performing tasks has begun to create a division within people about the limits of using automation with the question that if possible would automation be used to replace humans. ', '', 'From a utilitarian view, the machines are allowing people to be productive by replacing the boring and repetitive tasks.', '', 'Additionally, the utilitarian perspective believes']",s',,,"[4, 49]","{'t': 858087, 'o': [{'o': 'i', 'i': [4, 49], 'a': 's'}]}",,,
20174,58,204,873.84,editor,i,"['Within recent years, the use of automation has increased drastically, and is now being used to perform tasks in our everyday lives. However the shift from only humans performing tasks to now machines performing tasks has begun to create a division within people about the limits of using automation with the question that if possible would automation be used to replace humans. ', '', 'From a utilitarian view, the machines are allowing people to be productive by replacing the boring and repetitive tasks.', '', 'Additionally, the utilitarian perspective believes that the machines tend to produce better work when it comes to these ']",that the machines tend to produce better work when it comes to these ',,,"[4, 50]","{'t': [858551, 873840], 'l': 70, 'o': [{'o': 'i', 'i': [4, 50], 'a': ' that the machines tend to produce better work when it comes to these '}]}",,,
20175,58,205,890.093,editor,i,"['Within recent years, the use of automation has increased drastically, and is now being used to perform tasks in our everyday lives. However the shift from only humans performing tasks to now machines performing tasks has begun to create a division within people about the limits of using automation with the question that if possible would automation be used to replace humans. ', '', 'From a utilitarian view, the machines are allowing people to be productive by replacing the boring and repetitive tasks.', '', 'Additionally, the utilitarian perspective believes that the machines tend to produce better work when it comes to these l']",l',,,"[4, 120]","{'t': 890093, 'o': [{'o': 'i', 'i': [4, 120], 'a': 'l'}]}",,,
20176,58,206,892.246,editor,i,"['Within recent years, the use of automation has increased drastically, and is now being used to perform tasks in our everyday lives. However the shift from only humans performing tasks to now machines performing tasks has begun to create a division within people about the limits of using automation with the question that if possible would automation be used to replace humans. ', '', 'From a utilitarian view, the machines are allowing people to be productive by replacing the boring and repetitive tasks.', '', 'Additionally, the utilitarian perspective believes that the machines tend to produce better work when it comes to these low skill ']",ow skill ',,,"[4, 121]","{'t': [890310, 892246], 'l': 9, 'o': [{'o': 'i', 'i': [4, 121], 'a': 'ow skill '}]}",,,
20177,58,207,893.87,editor,i,"['Within recent years, the use of automation has increased drastically, and is now being used to perform tasks in our everyday lives. However the shift from only humans performing tasks to now machines performing tasks has begun to create a division within people about the limits of using automation with the question that if possible would automation be used to replace humans. ', '', 'From a utilitarian view, the machines are allowing people to be productive by replacing the boring and repetitive tasks.', '', 'Additionally, the utilitarian perspective believes that the machines tend to produce better work when it comes to these low skill j']",j',,,"[4, 130]","{'t': 893870, 'o': [{'o': 'i', 'i': [4, 130], 'a': 'j'}]}",,,
20178,58,208,894.812,editor,i,"['Within recent years, the use of automation has increased drastically, and is now being used to perform tasks in our everyday lives. However the shift from only humans performing tasks to now machines performing tasks has begun to create a division within people about the limits of using automation with the question that if possible would automation be used to replace humans. ', '', 'From a utilitarian view, the machines are allowing people to be productive by replacing the boring and repetitive tasks.', '', 'Additionally, the utilitarian perspective believes that the machines tend to produce better work when it comes to these low skill jovs']",ovs',,,"[4, 131]","{'t': [894076, 894812], 'l': 3, 'o': [{'o': 'i', 'i': [4, 131], 'a': 'ovs'}]}",,,
20179,58,209,895.485,editor,d,"['Within recent years, the use of automation has increased drastically, and is now being used to perform tasks in our everyday lives. However the shift from only humans performing tasks to now machines performing tasks has begun to create a division within people about the limits of using automation with the question that if possible would automation be used to replace humans. ', '', 'From a utilitarian view, the machines are allowing people to be productive by replacing the boring and repetitive tasks.', '', 'Additionally, the utilitarian perspective believes that the machines tend to produce better work when it comes to these low skill jo']",,vs',,"[[4, 132], [4, 134]]","{'t': [895354, 895485], 'l': 2, 'o': [{'o': 'd', 'i': [[4, 132], [4, 134]], 'd': [[1, 2]]}]}",,,
20180,58,210,901.439,editor,i,"['Within recent years, the use of automation has increased drastically, and is now being used to perform tasks in our everyday lives. However the shift from only humans performing tasks to now machines performing tasks has begun to create a division within people about the limits of using automation with the question that if possible would automation be used to replace humans. ', '', 'From a utilitarian view, the machines are allowing people to be productive by replacing the boring and repetitive tasks.', '', 'Additionally, the utilitarian perspective believes that the machines tend to produce better work when it comes to these low skill jobs due to their speed and hig']",bs due to their speed and hig',,,"[4, 132]","{'t': [896031, 901439], 'l': 29, 'o': [{'o': 'i', 'i': [4, 132], 'a': 'bs due to their speed and hig'}]}",,,
20181,58,211,905.432,editor,d,"['Within recent years, the use of automation has increased drastically, and is now being used to perform tasks in our everyday lives. However the shift from only humans performing tasks to now machines performing tasks has begun to create a division within people about the limits of using automation with the question that if possible would automation be used to replace humans. ', '', 'From a utilitarian view, the machines are allowing people to be productive by replacing the boring and repetitive tasks.', '', 'Additionally, the utilitarian perspective believes that the machines tend to produce better work when it comes to these low skill jobs']",,due to their speed and hig',,"[[4, 134], [4, 161]]","{'t': [902111, 905432], 'l': 27, 'o': [{'o': 'd', 'i': [[4, 134], [4, 161]], 'd': [[1, 27]]}]}",,,
20182,58,212,908.855,editor,i,"['Within recent years, the use of automation has increased drastically, and is now being used to perform tasks in our everyday lives. However the shift from only humans performing tasks to now machines performing tasks has begun to create a division within people about the limits of using automation with the question that if possible would automation be used to replace humans. ', '', 'From a utilitarian view, the machines are allowing people to be productive by replacing the boring and repetitive tasks.', '', 'Additionally, the utilitarian perspective believes that the machines tend to produce better work when it comes to these low skill jobs. This is due to ']",. This is due to ',,,"[4, 134]","{'t': [906124, 908855], 'l': 17, 'o': [{'o': 'i', 'i': [4, 134], 'a': '. This is due to '}]}",,,
20183,58,213,910.876,editor,i,"['Within recent years, the use of automation has increased drastically, and is now being used to perform tasks in our everyday lives. However the shift from only humans performing tasks to now machines performing tasks has begun to create a division within people about the limits of using automation with the question that if possible would automation be used to replace humans. ', '', 'From a utilitarian view, the machines are allowing people to be productive by replacing the boring and repetitive tasks.', '', 'Additionally, the utilitarian perspective believes that the machines tend to produce better work when it comes to these low skill jobs. This is due to m']",m',,,"[4, 151]","{'t': 910876, 'o': [{'o': 'i', 'i': [4, 151], 'a': 'm'}]}",,,
20184,58,214,921.608,editor,i,"['Within recent years, the use of automation has increased drastically, and is now being used to perform tasks in our everyday lives. However the shift from only humans performing tasks to now machines performing tasks has begun to create a division within people about the limits of using automation with the question that if possible would automation be used to replace humans. ', '', 'From a utilitarian view, the machines are allowing people to be productive by replacing the boring and repetitive tasks.', '', 'Additionally, the utilitarian perspective believes that the machines tend to produce better work when it comes to these low skill jobs. This is due to machines being able to work at a faster rate than humans ']",achines being able to work at a faster rate than humans ',,,"[4, 152]","{'t': [910989, 921608], 'l': 56, 'o': [{'o': 'i', 'i': [4, 152], 'a': 'achines being able to work at a faster rate than humans '}]}",,,
20185,58,215,923.624,editor,i,"['Within recent years, the use of automation has increased drastically, and is now being used to perform tasks in our everyday lives. However the shift from only humans performing tasks to now machines performing tasks has begun to create a division within people about the limits of using automation with the question that if possible would automation be used to replace humans. ', '', 'From a utilitarian view, the machines are allowing people to be productive by replacing the boring and repetitive tasks.', '', 'Additionally, the utilitarian perspective believes that the machines tend to produce better work when it comes to these low skill jobs. This is due to machines being able to work at a faster rate than humans w']",w',,,"[4, 208]","{'t': 923624, 'o': [{'o': 'i', 'i': [4, 208], 'a': 'w'}]}",,,
20186,58,216,925.967,editor,i,"['Within recent years, the use of automation has increased drastically, and is now being used to perform tasks in our everyday lives. However the shift from only humans performing tasks to now machines performing tasks has begun to create a division within people about the limits of using automation with the question that if possible would automation be used to replace humans. ', '', 'From a utilitarian view, the machines are allowing people to be productive by replacing the boring and repetitive tasks.', '', 'Additionally, the utilitarian perspective believes that the machines tend to produce better work when it comes to these low skill jobs. This is due to machines being able to work at a faster rate than humans without the need ']",ithout the need ',,,"[4, 209]","{'t': [923732, 925967], 'l': 16, 'o': [{'o': 'i', 'i': [4, 209], 'a': 'ithout the need '}]}",,,
20187,58,217,929.451,editor,d,"['Within recent years, the use of automation has increased drastically, and is now being used to perform tasks in our everyday lives. However the shift from only humans performing tasks to now machines performing tasks has begun to create a division within people about the limits of using automation with the question that if possible would automation be used to replace humans. ', '', 'From a utilitarian view, the machines are allowing people to be productive by replacing the boring and repetitive tasks.', '', 'Additionally, the utilitarian perspective believes that the machines tend to produce better work when it comes to these low skill jobs. This is due to machines being able to work at a faster rate than humans without the need']",,,,"[[4, 224], [4, 225]]","{'t': 929451, 'o': [{'o': 'd', 'i': [[4, 224], [4, 225]]}]}",,,
20188,58,218,930.649,editor,d,"['Within recent years, the use of automation has increased drastically, and is now being used to perform tasks in our everyday lives. However the shift from only humans performing tasks to now machines performing tasks has begun to create a division within people about the limits of using automation with the question that if possible would automation be used to replace humans. ', '', 'From a utilitarian view, the machines are allowing people to be productive by replacing the boring and repetitive tasks.', '', 'Additionally, the utilitarian perspective believes that the machines tend to produce better work when it comes to these low skill jobs. This is due to machines being able to work at a faster rate than humans without ']",,the need',,"[[4, 216], [4, 224]]","{'t': [929615, 930649], 'l': 8, 'o': [{'o': 'd', 'i': [[4, 216], [4, 224]], 'd': [[1, 8]]}]}",,,
20189,58,219,931.669,editor,i,"['Within recent years, the use of automation has increased drastically, and is now being used to perform tasks in our everyday lives. However the shift from only humans performing tasks to now machines performing tasks has begun to create a division within people about the limits of using automation with the question that if possible would automation be used to replace humans. ', '', 'From a utilitarian view, the machines are allowing people to be productive by replacing the boring and repetitive tasks.', '', 'Additionally, the utilitarian perspective believes that the machines tend to produce better work when it comes to these low skill jobs. This is due to machines being able to work at a faster rate than humans without be']",be',,,"[4, 216]","{'t': [931507, 931669], 'l': 2, 'o': [{'o': 'i', 'i': [4, 216], 'a': 'be'}]}",,,
20190,58,220,932.21,editor,d,"['Within recent years, the use of automation has increased drastically, and is now being used to perform tasks in our everyday lives. However the shift from only humans performing tasks to now machines performing tasks has begun to create a division within people about the limits of using automation with the question that if possible would automation be used to replace humans. ', '', 'From a utilitarian view, the machines are allowing people to be productive by replacing the boring and repetitive tasks.', '', 'Additionally, the utilitarian perspective believes that the machines tend to produce better work when it comes to these low skill jobs. This is due to machines being able to work at a faster rate than humans without ']",,be',,"[[4, 216], [4, 218]]","{'t': [932074, 932210], 'l': 2, 'o': [{'o': 'd', 'i': [[4, 216], [4, 218]], 'd': [[1, 2]]}]}",,,
20191,58,221,937.046,editor,i,"['Within recent years, the use of automation has increased drastically, and is now being used to perform tasks in our everyday lives. However the shift from only humans performing tasks to now machines performing tasks has begun to create a division within people about the limits of using automation with the question that if possible would automation be used to replace humans. ', '', 'From a utilitarian view, the machines are allowing people to be productive by replacing the boring and repetitive tasks.', '', 'Additionally, the utilitarian perspective believes that the machines tend to produce better work when it comes to these low skill jobs. This is due to machines being able to work at a faster rate than humans without needing a break. ']",needing a break. ',,,"[4, 216]","{'t': [932805, 937046], 'l': 17, 'o': [{'o': 'i', 'i': [4, 216], 'a': 'needing a break. '}]}",,,
20192,58,222,939.128,editor,i,"['Within recent years, the use of automation has increased drastically, and is now being used to perform tasks in our everyday lives. However the shift from only humans performing tasks to now machines performing tasks has begun to create a division within people about the limits of using automation with the question that if possible would automation be used to replace humans. ', '', 'From a utilitarian view, the machines are allowing people to be productive by replacing the boring and repetitive tasks.', '', 'Additionally, the utilitarian perspective believes that the machines tend to produce better work when it comes to these low skill jobs. This is due to machines being able to work at a faster rate than humans without needing a break. I']",I',,,"[4, 233]","{'t': 939128, 'o': [{'o': 'i', 'i': [4, 233], 'a': 'I'}]}",,,
20193,58,223,941.535,editor,i,"['Within recent years, the use of automation has increased drastically, and is now being used to perform tasks in our everyday lives. However the shift from only humans performing tasks to now machines performing tasks has begun to create a division within people about the limits of using automation with the question that if possible would automation be used to replace humans. ', '', 'From a utilitarian view, the machines are allowing people to be productive by replacing the boring and repetitive tasks.', '', 'Additionally, the utilitarian perspective believes that the machines tend to produce better work when it comes to these low skill jobs. This is due to machines being able to work at a faster rate than humans without needing a break. In addition ']",n addition ',,,"[4, 234]","{'t': [939382, 941535], 'l': 11, 'o': [{'o': 'i', 'i': [4, 234], 'a': 'n addition '}]}",,,
20194,58,224,941.943,editor,d,"['Within recent years, the use of automation has increased drastically, and is now being used to perform tasks in our everyday lives. However the shift from only humans performing tasks to now machines performing tasks has begun to create a division within people about the limits of using automation with the question that if possible would automation be used to replace humans. ', '', 'From a utilitarian view, the machines are allowing people to be productive by replacing the boring and repetitive tasks.', '', 'Additionally, the utilitarian perspective believes that the machines tend to produce better work when it comes to these low skill jobs. This is due to machines being able to work at a faster rate than humans without needing a break. In addition']",,,,"[[4, 244], [4, 245]]","{'t': 941943, 'o': [{'o': 'd', 'i': [[4, 244], [4, 245]]}]}",,,
20195,58,225,945.43,editor,i,"['Within recent years, the use of automation has increased drastically, and is now being used to perform tasks in our everyday lives. However the shift from only humans performing tasks to now machines performing tasks has begun to create a division within people about the limits of using automation with the question that if possible would automation be used to replace humans. ', '', 'From a utilitarian view, the machines are allowing people to be productive by replacing the boring and repetitive tasks.', '', 'Additionally, the utilitarian perspective believes that the machines tend to produce better work when it comes to these low skill jobs. This is due to machines being able to work at a faster rate than humans without needing a break. In addition,']",",'",,,"[4, 244]","{'t': 945430, 'o': [{'o': 'i', 'i': [4, 244], 'a': ','}]}",,,
20196,58,226,948.074,editor,i,"['Within recent years, the use of automation has increased drastically, and is now being used to perform tasks in our everyday lives. However the shift from only humans performing tasks to now machines performing tasks has begun to create a division within people about the limits of using automation with the question that if possible would automation be used to replace humans. ', '', 'From a utilitarian view, the machines are allowing people to be productive by replacing the boring and repetitive tasks.', '', 'Additionally, the utilitarian perspective believes that the machines tend to produce better work when it comes to these low skill jobs. This is due to machines being able to work at a faster rate than humans without needing a break. In addition, to their speed ']",to their speed ',,,"[4, 245]","{'t': [945761, 948074], 'l': 16, 'o': [{'o': 'i', 'i': [4, 245], 'a': ' to their speed '}]}",,,
20197,58,227,949.34,editor,d,"['Within recent years, the use of automation has increased drastically, and is now being used to perform tasks in our everyday lives. However the shift from only humans performing tasks to now machines performing tasks has begun to create a division within people about the limits of using automation with the question that if possible would automation be used to replace humans. ', '', 'From a utilitarian view, the machines are allowing people to be productive by replacing the boring and repetitive tasks.', '', 'Additionally, the utilitarian perspective believes that the machines tend to produce better work when it comes to these low skill jobs. This is due to machines being able to work at a faster rate than humans without needing a break. In addition, to their speed']",,,,"[[4, 260], [4, 261]]","{'t': 949340, 'o': [{'o': 'd', 'i': [[4, 260], [4, 261]]}]}",,,
20198,58,228,951.577,editor,d,"['Within recent years, the use of automation has increased drastically, and is now being used to perform tasks in our everyday lives. However the shift from only humans performing tasks to now machines performing tasks has begun to create a division within people about the limits of using automation with the question that if possible would automation be used to replace humans. ', '', 'From a utilitarian view, the machines are allowing people to be productive by replacing the boring and repetitive tasks.', '', 'Additionally, the utilitarian perspective believes that the machines tend to produce better work when it comes to these low skill jobs. This is due to machines being able to work at a faster rate than humans without needing a break. In addition']",,", to their speed'",,"[[4, 244], [4, 260]]","{'t': [949505, 951577], 'l': 16, 'o': [{'o': 'd', 'i': [[4, 244], [4, 260]], 'd': [[1, 16]]}]}",,,
20199,58,229,952.456,editor,i,"['Within recent years, the use of automation has increased drastically, and is now being used to perform tasks in our everyday lives. However the shift from only humans performing tasks to now machines performing tasks has begun to create a division within people about the limits of using automation with the question that if possible would automation be used to replace humans. ', '', 'From a utilitarian view, the machines are allowing people to be productive by replacing the boring and repetitive tasks.', '', 'Additionally, the utilitarian perspective believes that the machines tend to produce better work when it comes to these low skill jobs. This is due to machines being able to work at a faster rate than humans without needing a break. In addition to ']",to ',,,"[4, 244]","{'t': [951984, 952456], 'l': 4, 'o': [{'o': 'i', 'i': [4, 244], 'a': ' to '}]}",,,
20200,58,230,954.017,editor,i,"['Within recent years, the use of automation has increased drastically, and is now being used to perform tasks in our everyday lives. However the shift from only humans performing tasks to now machines performing tasks has begun to create a division within people about the limits of using automation with the question that if possible would automation be used to replace humans. ', '', 'From a utilitarian view, the machines are allowing people to be productive by replacing the boring and repetitive tasks.', '', 'Additionally, the utilitarian perspective believes that the machines tend to produce better work when it comes to these low skill jobs. This is due to machines being able to work at a faster rate than humans without needing a break. In addition to t']",t',,,"[4, 248]","{'t': 954017, 'o': [{'o': 'i', 'i': [4, 248], 'a': 't'}]}",,,
20201,58,231,954.637,editor,i,"['Within recent years, the use of automation has increased drastically, and is now being used to perform tasks in our everyday lives. However the shift from only humans performing tasks to now machines performing tasks has begun to create a division within people about the limits of using automation with the question that if possible would automation be used to replace humans. ', '', 'From a utilitarian view, the machines are allowing people to be productive by replacing the boring and repetitive tasks.', '', 'Additionally, the utilitarian perspective believes that the machines tend to produce better work when it comes to these low skill jobs. This is due to machines being able to work at a faster rate than humans without needing a break. In addition to their ']",heir ',,,"[4, 249]","{'t': [954116, 954637], 'l': 5, 'o': [{'o': 'i', 'i': [4, 249], 'a': 'heir '}]}",,,
20202,58,232,956.074,editor,i,"['Within recent years, the use of automation has increased drastically, and is now being used to perform tasks in our everyday lives. However the shift from only humans performing tasks to now machines performing tasks has begun to create a division within people about the limits of using automation with the question that if possible would automation be used to replace humans. ', '', 'From a utilitarian view, the machines are allowing people to be productive by replacing the boring and repetitive tasks.', '', 'Additionally, the utilitarian perspective believes that the machines tend to produce better work when it comes to these low skill jobs. This is due to machines being able to work at a faster rate than humans without needing a break. In addition to their h']",h',,,"[4, 254]","{'t': 956074, 'o': [{'o': 'i', 'i': [4, 254], 'a': 'h'}]}",,,
20203,58,233,956.574,editor,i,"['Within recent years, the use of automation has increased drastically, and is now being used to perform tasks in our everyday lives. However the shift from only humans performing tasks to now machines performing tasks has begun to create a division within people about the limits of using automation with the question that if possible would automation be used to replace humans. ', '', 'From a utilitarian view, the machines are allowing people to be productive by replacing the boring and repetitive tasks.', '', 'Additionally, the utilitarian perspective believes that the machines tend to produce better work when it comes to these low skill jobs. This is due to machines being able to work at a faster rate than humans without needing a break. In addition to their hi']",i',,,"[4, 255]","{'t': 956574, 'o': [{'o': 'i', 'i': [4, 255], 'a': 'i'}]}",,,
20204,58,234,957.996,editor,d,"['Within recent years, the use of automation has increased drastically, and is now being used to perform tasks in our everyday lives. However the shift from only humans performing tasks to now machines performing tasks has begun to create a division within people about the limits of using automation with the question that if possible would automation be used to replace humans. ', '', 'From a utilitarian view, the machines are allowing people to be productive by replacing the boring and repetitive tasks.', '', 'Additionally, the utilitarian perspective believes that the machines tend to produce better work when it comes to these low skill jobs. This is due to machines being able to work at a faster rate than humans without needing a break. In addition to their ']",,hi',,"[[4, 254], [4, 256]]","{'t': [957625, 957996], 'l': 2, 'o': [{'o': 'd', 'i': [[4, 254], [4, 256]], 'd': [[1, 2]]}]}",,,
20205,58,235,959.374,editor,i,"['Within recent years, the use of automation has increased drastically, and is now being used to perform tasks in our everyday lives. However the shift from only humans performing tasks to now machines performing tasks has begun to create a division within people about the limits of using automation with the question that if possible would automation be used to replace humans. ', '', 'From a utilitarian view, the machines are allowing people to be productive by replacing the boring and repetitive tasks.', '', 'Additionally, the utilitarian perspective believes that the machines tend to produce better work when it comes to these low skill jobs. This is due to machines being able to work at a faster rate than humans without needing a break. In addition to their s']",s',,,"[4, 254]","{'t': 959374, 'o': [{'o': 'i', 'i': [4, 254], 'a': 's'}]}",,,
20206,58,236,969.123,editor,i,"['Within recent years, the use of automation has increased drastically, and is now being used to perform tasks in our everyday lives. However the shift from only humans performing tasks to now machines performing tasks has begun to create a division within people about the limits of using automation with the question that if possible would automation be used to replace humans. ', '', 'From a utilitarian view, the machines are allowing people to be productive by replacing the boring and repetitive tasks.', '', 'Additionally, the utilitarian perspective believes that the machines tend to produce better work when it comes to these low skill jobs. This is due to machines being able to work at a faster rate than humans without needing a break. In addition to their speed, machines are extremely precid']","peed, machines are extremely precid'",,,"[4, 255]","{'t': [959502, 969123], 'l': 35, 'o': [{'o': 'i', 'i': [4, 255], 'a': 'peed, machines are extremely precid'}]}",,,
20207,58,237,969.582,editor,d,"['Within recent years, the use of automation has increased drastically, and is now being used to perform tasks in our everyday lives. However the shift from only humans performing tasks to now machines performing tasks has begun to create a division within people about the limits of using automation with the question that if possible would automation be used to replace humans. ', '', 'From a utilitarian view, the machines are allowing people to be productive by replacing the boring and repetitive tasks.', '', 'Additionally, the utilitarian perspective believes that the machines tend to produce better work when it comes to these low skill jobs. This is due to machines being able to work at a faster rate than humans without needing a break. In addition to their speed, machines are extremely preci']",,d',,"[[4, 289], [4, 290]]","{'t': 969582, 'o': [{'o': 'd', 'i': [[4, 289], [4, 290]]}]}",,,
20208,58,238,970.199,editor,i,"['Within recent years, the use of automation has increased drastically, and is now being used to perform tasks in our everyday lives. However the shift from only humans performing tasks to now machines performing tasks has begun to create a division within people about the limits of using automation with the question that if possible would automation be used to replace humans. ', '', 'From a utilitarian view, the machines are allowing people to be productive by replacing the boring and repetitive tasks.', '', 'Additionally, the utilitarian perspective believes that the machines tend to produce better work when it comes to these low skill jobs. This is due to machines being able to work at a faster rate than humans without needing a break. In addition to their speed, machines are extremely precise']",se',,,"[4, 289]","{'t': [969952, 970199], 'l': 2, 'o': [{'o': 'i', 'i': [4, 289], 'a': 'se'}]}",,,
20209,58,239,972.088,editor,o,"['Within recent years, the use of automation has increased drastically, and is now being used to perform tasks in our everyday lives. However the shift from only humans performing tasks to now machines performing tasks has begun to create a division within people about the limits of using automation with the question that if possible would automation be used to replace humans. ', '', 'From a utilitarian view, the machines are allowing people to be productive by replacing the boring and repetitive tasks.', '', 'Additionally, the utilitarian perspective believes that the machines tend to produce better work when it comes to these low skill jobs. This is due to machines being able to work at a faster rate than humans without needing a break. In addition to their speed, machines are extremely precise']",,,,"[4, 273]","{'t': 972088, 'o': [{'o': 'o', 'i': [4, 273]}]}",,,
20210,58,240,972.676,editor,d,"['Within recent years, the use of automation has increased drastically, and is now being used to perform tasks in our everyday lives. However the shift from only humans performing tasks to now machines performing tasks has begun to create a division within people about the limits of using automation with the question that if possible would automation be used to replace humans. ', '', 'From a utilitarian view, the machines are allowing people to be productive by replacing the boring and repetitive tasks.', '', 'Additionally, the utilitarian perspective believes that the machines tend to produce better work when it comes to these low skill jobs. This is due to machines being able to work at a faster rate than humans without needing a break. In addition to their speed, machines ar extremely precise']",,e',,"[[4, 272], [4, 273]]","{'t': 972676, 'o': [{'o': 'd', 'i': [[4, 272], [4, 273]]}]}",,,
20211,58,241,972.951,editor,d,"['Within recent years, the use of automation has increased drastically, and is now being used to perform tasks in our everyday lives. However the shift from only humans performing tasks to now machines performing tasks has begun to create a division within people about the limits of using automation with the question that if possible would automation be used to replace humans. ', '', 'From a utilitarian view, the machines are allowing people to be productive by replacing the boring and repetitive tasks.', '', 'Additionally, the utilitarian perspective believes that the machines tend to produce better work when it comes to these low skill jobs. This is due to machines being able to work at a faster rate than humans without needing a break. In addition to their speed, machines  extremely precise']",,ar',,"[[4, 270], [4, 272]]","{'t': [972806, 972951], 'l': 2, 'o': [{'o': 'd', 'i': [[4, 270], [4, 272]], 'd': [[1, 2]]}]}",,,
20212,58,242,974.486,editor,i,"['Within recent years, the use of automation has increased drastically, and is now being used to perform tasks in our everyday lives. However the shift from only humans performing tasks to now machines performing tasks has begun to create a division within people about the limits of using automation with the question that if possible would automation be used to replace humans. ', '', 'From a utilitarian view, the machines are allowing people to be productive by replacing the boring and repetitive tasks.', '', 'Additionally, the utilitarian perspective believes that the machines tend to produce better work when it comes to these low skill jobs. This is due to machines being able to work at a faster rate than humans without needing a break. In addition to their speed, machines can eb extremely precise']",can eb',,,"[4, 270]","{'t': [973152, 974486], 'l': 6, 'o': [{'o': 'i', 'i': [4, 270], 'a': 'can eb'}]}",,,
20213,58,243,975.389,editor,d,"['Within recent years, the use of automation has increased drastically, and is now being used to perform tasks in our everyday lives. However the shift from only humans performing tasks to now machines performing tasks has begun to create a division within people about the limits of using automation with the question that if possible would automation be used to replace humans. ', '', 'From a utilitarian view, the machines are allowing people to be productive by replacing the boring and repetitive tasks.', '', 'Additionally, the utilitarian perspective believes that the machines tend to produce better work when it comes to these low skill jobs. This is due to machines being able to work at a faster rate than humans without needing a break. In addition to their speed, machines can  extremely precise']",,eb',,"[[4, 274], [4, 276]]","{'t': [975259, 975389], 'l': 2, 'o': [{'o': 'd', 'i': [[4, 274], [4, 276]], 'd': [[1, 2]]}]}",,,
20214,58,244,976.11,editor,i,"['Within recent years, the use of automation has increased drastically, and is now being used to perform tasks in our everyday lives. However the shift from only humans performing tasks to now machines performing tasks has begun to create a division within people about the limits of using automation with the question that if possible would automation be used to replace humans. ', '', 'From a utilitarian view, the machines are allowing people to be productive by replacing the boring and repetitive tasks.', '', 'Additionally, the utilitarian perspective believes that the machines tend to produce better work when it comes to these low skill jobs. This is due to machines being able to work at a faster rate than humans without needing a break. In addition to their speed, machines can be extremely precise']",be',,,"[4, 274]","{'t': [976039, 976110], 'l': 2, 'o': [{'o': 'i', 'i': [4, 274], 'a': 'be'}]}",,,
20215,58,245,977.559,editor,o,"['Within recent years, the use of automation has increased drastically, and is now being used to perform tasks in our everyday lives. However the shift from only humans performing tasks to now machines performing tasks has begun to create a division within people about the limits of using automation with the question that if possible would automation be used to replace humans. ', '', 'From a utilitarian view, the machines are allowing people to be productive by replacing the boring and repetitive tasks.', '', 'Additionally, the utilitarian perspective believes that the machines tend to produce better work when it comes to these low skill jobs. This is due to machines being able to work at a faster rate than humans without needing a break. In addition to their speed, machines can be extremely precise']",,,,"[4, 294]","{'t': 977559, 'o': [{'o': 'o', 'i': [4, 294]}]}",,,
20216,58,246,980.262,editor,i,"['Within recent years, the use of automation has increased drastically, and is now being used to perform tasks in our everyday lives. However the shift from only humans performing tasks to now machines performing tasks has begun to create a division within people about the limits of using automation with the question that if possible would automation be used to replace humans. ', '', 'From a utilitarian view, the machines are allowing people to be productive by replacing the boring and repetitive tasks.', '', 'Additionally, the utilitarian perspective believes that the machines tend to produce better work when it comes to these low skill jobs. This is due to machines being able to work at a faster rate than humans without needing a break. In addition to their speed, machines can be extremely precise ']",,,,"[4, 294]","{'t': 980262, 'o': [{'o': 'i', 'i': [4, 294], 'a': ' '}]}",,,
20217,58,247,980.968,editor,i,"['Within recent years, the use of automation has increased drastically, and is now being used to perform tasks in our everyday lives. However the shift from only humans performing tasks to now machines performing tasks has begun to create a division within people about the limits of using automation with the question that if possible would automation be used to replace humans. ', '', 'From a utilitarian view, the machines are allowing people to be productive by replacing the boring and repetitive tasks.', '', 'Additionally, the utilitarian perspective believes that the machines tend to produce better work when it comes to these low skill jobs. This is due to machines being able to work at a faster rate than humans without needing a break. In addition to their speed, machines can be extremely precise and']",and',,,"[4, 295]","{'t': [980657, 980968], 'l': 3, 'o': [{'o': 'i', 'i': [4, 295], 'a': 'and'}]}",,,
20218,58,248,981.815,editor,d,"['Within recent years, the use of automation has increased drastically, and is now being used to perform tasks in our everyday lives. However the shift from only humans performing tasks to now machines performing tasks has begun to create a division within people about the limits of using automation with the question that if possible would automation be used to replace humans. ', '', 'From a utilitarian view, the machines are allowing people to be productive by replacing the boring and repetitive tasks.', '', 'Additionally, the utilitarian perspective believes that the machines tend to produce better work when it comes to these low skill jobs. This is due to machines being able to work at a faster rate than humans without needing a break. In addition to their speed, machines can be extremely precise ']",,and',,"[[4, 295], [4, 298]]","{'t': [981440, 981815], 'l': 3, 'o': [{'o': 'd', 'i': [[4, 295], [4, 298]], 'd': [[1, 3]]}]}",,,
20219,58,249,984.387,editor,i,"['Within recent years, the use of automation has increased drastically, and is now being used to perform tasks in our everyday lives. However the shift from only humans performing tasks to now machines performing tasks has begun to create a division within people about the limits of using automation with the question that if possible would automation be used to replace humans. ', '', 'From a utilitarian view, the machines are allowing people to be productive by replacing the boring and repetitive tasks.', '', 'Additionally, the utilitarian perspective believes that the machines tend to produce better work when it comes to these low skill jobs. This is due to machines being able to work at a faster rate than humans without needing a break. In addition to their speed, machines can be extremely precise when perfori']",when perfori',,,"[4, 295]","{'t': [982026, 984387], 'l': 12, 'o': [{'o': 'i', 'i': [4, 295], 'a': 'when perfori'}]}",,,
20220,58,250,984.908,editor,d,"['Within recent years, the use of automation has increased drastically, and is now being used to perform tasks in our everyday lives. However the shift from only humans performing tasks to now machines performing tasks has begun to create a division within people about the limits of using automation with the question that if possible would automation be used to replace humans. ', '', 'From a utilitarian view, the machines are allowing people to be productive by replacing the boring and repetitive tasks.', '', 'Additionally, the utilitarian perspective believes that the machines tend to produce better work when it comes to these low skill jobs. This is due to machines being able to work at a faster rate than humans without needing a break. In addition to their speed, machines can be extremely precise when perfor']",,i',,"[[4, 306], [4, 307]]","{'t': 984908, 'o': [{'o': 'd', 'i': [[4, 306], [4, 307]]}]}",,,
20221,58,251,989.272,editor,i,"['Within recent years, the use of automation has increased drastically, and is now being used to perform tasks in our everyday lives. However the shift from only humans performing tasks to now machines performing tasks has begun to create a division within people about the limits of using automation with the question that if possible would automation be used to replace humans. ', '', 'From a utilitarian view, the machines are allowing people to be productive by replacing the boring and repetitive tasks.', '', 'Additionally, the utilitarian perspective believes that the machines tend to produce better work when it comes to these low skill jobs. This is due to machines being able to work at a faster rate than humans without needing a break. In addition to their speed, machines can be extremely precise when performing these repetiv']",ming these repetiv',,,"[4, 306]","{'t': [985232, 989272], 'l': 18, 'o': [{'o': 'i', 'i': [4, 306], 'a': 'ming these repetiv'}]}",,,
20222,58,252,989.737,editor,d,"['Within recent years, the use of automation has increased drastically, and is now being used to perform tasks in our everyday lives. However the shift from only humans performing tasks to now machines performing tasks has begun to create a division within people about the limits of using automation with the question that if possible would automation be used to replace humans. ', '', 'From a utilitarian view, the machines are allowing people to be productive by replacing the boring and repetitive tasks.', '', 'Additionally, the utilitarian perspective believes that the machines tend to produce better work when it comes to these low skill jobs. This is due to machines being able to work at a faster rate than humans without needing a break. In addition to their speed, machines can be extremely precise when performing these repeti']",,v',,"[[4, 323], [4, 324]]","{'t': 989737, 'o': [{'o': 'd', 'i': [[4, 323], [4, 324]]}]}",,,
20223,58,253,991.36,editor,i,"['Within recent years, the use of automation has increased drastically, and is now being used to perform tasks in our everyday lives. However the shift from only humans performing tasks to now machines performing tasks has begun to create a division within people about the limits of using automation with the question that if possible would automation be used to replace humans. ', '', 'From a utilitarian view, the machines are allowing people to be productive by replacing the boring and repetitive tasks.', '', 'Additionally, the utilitarian perspective believes that the machines tend to produce better work when it comes to these low skill jobs. This is due to machines being able to work at a faster rate than humans without needing a break. In addition to their speed, machines can be extremely precise when performing these repetitive ra']",tive ra',,,"[4, 323]","{'t': [989857, 991360], 'l': 7, 'o': [{'o': 'i', 'i': [4, 323], 'a': 'tive ra'}]}",,,
20224,58,254,991.915,editor,d,"['Within recent years, the use of automation has increased drastically, and is now being used to perform tasks in our everyday lives. However the shift from only humans performing tasks to now machines performing tasks has begun to create a division within people about the limits of using automation with the question that if possible would automation be used to replace humans. ', '', 'From a utilitarian view, the machines are allowing people to be productive by replacing the boring and repetitive tasks.', '', 'Additionally, the utilitarian perspective believes that the machines tend to produce better work when it comes to these low skill jobs. This is due to machines being able to work at a faster rate than humans without needing a break. In addition to their speed, machines can be extremely precise when performing these repetitive ']",,ra',,"[[4, 328], [4, 330]]","{'t': [991769, 991915], 'l': 2, 'o': [{'o': 'd', 'i': [[4, 328], [4, 330]], 'd': [[1, 2]]}]}",,,
20225,58,255,993.595,editor,i,"['Within recent years, the use of automation has increased drastically, and is now being used to perform tasks in our everyday lives. However the shift from only humans performing tasks to now machines performing tasks has begun to create a division within people about the limits of using automation with the question that if possible would automation be used to replace humans. ', '', 'From a utilitarian view, the machines are allowing people to be productive by replacing the boring and repetitive tasks.', '', 'Additionally, the utilitarian perspective believes that the machines tend to produce better work when it comes to these low skill jobs. This is due to machines being able to work at a faster rate than humans without needing a break. In addition to their speed, machines can be extremely precise when performing these repetitive tasks.']",tasks.',,,"[4, 328]","{'t': [992409, 993595], 'l': 6, 'o': [{'o': 'i', 'i': [4, 328], 'a': 'tasks.'}]}",,,
20226,58,256,997.078,editor,o,"['Within recent years, the use of automation has increased drastically, and is now being used to perform tasks in our everyday lives. However the shift from only humans performing tasks to now machines performing tasks has begun to create a division within people about the limits of using automation with the question that if possible would automation be used to replace humans. ', '', 'From a utilitarian view, the machines are allowing people to be productive by replacing the boring and repetitive tasks.', '', 'Additionally, the utilitarian perspective believes that the machines tend to produce better work when it comes to these low skill jobs. This is due to machines being able to work at a faster rate than humans without needing a break. In addition to their speed, machines can be extremely precise when performing these repetitive tasks.']",,,,"[3, 0]","{'t': 997078, 'o': [{'o': 'o', 'i': [3, 0]}]}",,,
20227,58,257,997.664,editor,o,"['Within recent years, the use of automation has increased drastically, and is now being used to perform tasks in our everyday lives. However the shift from only humans performing tasks to now machines performing tasks has begun to create a division within people about the limits of using automation with the question that if possible would automation be used to replace humans. ', '', 'From a utilitarian view, the machines are allowing people to be productive by replacing the boring and repetitive tasks.', '', 'Additionally, the utilitarian perspective believes that the machines tend to produce better work when it comes to these low skill jobs. This is due to machines being able to work at a faster rate than humans without needing a break. In addition to their speed, machines can be extremely precise when performing these repetitive tasks.']",,,,"[2, 120]","{'t': 997664, 'o': [{'o': 'o', 'i': [2, 120]}]}",,,
20228,58,258,1009.805,editor,i,"['Within recent years, the use of automation has increased drastically, and is now being used to perform tasks in our everyday lives. However the shift from only humans performing tasks to now machines performing tasks has begun to create a division within people about the limits of using automation with the question that if possible would automation be used to replace humans. ', '', 'From a utilitarian view, the machines are allowing people to be productive by replacing the boring and repetitive tasks. T', '', 'Additionally, the utilitarian perspective believes that the machines tend to produce better work when it comes to these low skill jobs. This is due to machines being able to work at a faster rate than humans without needing a break. In addition to their speed, machines can be extremely precise when performing these repetitive tasks.']",T',,,"[2, 120]","{'t': [1003631, 1009805], 'l': 2, 'o': [{'o': 'i', 'i': [2, 120], 'a': ' T'}]}",,,
20229,58,259,1011.912,editor,i,"['Within recent years, the use of automation has increased drastically, and is now being used to perform tasks in our everyday lives. However the shift from only humans performing tasks to now machines performing tasks has begun to create a division within people about the limits of using automation with the question that if possible would automation be used to replace humans. ', '', 'From a utilitarian view, the machines are allowing people to be productive by replacing the boring and repetitive tasks. This all', '', 'Additionally, the utilitarian perspective believes that the machines tend to produce better work when it comes to these low skill jobs. This is due to machines being able to work at a faster rate than humans without needing a break. In addition to their speed, machines can be extremely precise when performing these repetitive tasks.']",his all',,,"[2, 122]","{'t': [1010378, 1011912], 'l': 7, 'o': [{'o': 'i', 'i': [2, 122], 'a': 'his all'}]}",,,
20230,58,260,1012.86,editor,d,"['Within recent years, the use of automation has increased drastically, and is now being used to perform tasks in our everyday lives. However the shift from only humans performing tasks to now machines performing tasks has begun to create a division within people about the limits of using automation with the question that if possible would automation be used to replace humans. ', '', 'From a utilitarian view, the machines are allowing people to be productive by replacing the boring and repetitive tasks. This ', '', 'Additionally, the utilitarian perspective believes that the machines tend to produce better work when it comes to these low skill jobs. This is due to machines being able to work at a faster rate than humans without needing a break. In addition to their speed, machines can be extremely precise when performing these repetitive tasks.']",,all',,"[[2, 126], [2, 129]]","{'t': [1012516, 1012860], 'l': 3, 'o': [{'o': 'd', 'i': [[2, 126], [2, 129]], 'd': [[1, 3]]}]}",,,
20231,58,261,1015.534,editor,i,"['Within recent years, the use of automation has increased drastically, and is now being used to perform tasks in our everyday lives. However the shift from only humans performing tasks to now machines performing tasks has begun to create a division within people about the limits of using automation with the question that if possible would automation be used to replace humans. ', '', 'From a utilitarian view, the machines are allowing people to be productive by replacing the boring and repetitive tasks. This lets peope', '', 'Additionally, the utilitarian perspective believes that the machines tend to produce better work when it comes to these low skill jobs. This is due to machines being able to work at a faster rate than humans without needing a break. In addition to their speed, machines can be extremely precise when performing these repetitive tasks.']",lets peope',,,"[2, 126]","{'t': [1013624, 1015534], 'l': 10, 'o': [{'o': 'i', 'i': [2, 126], 'a': 'lets peope'}]}",,,
20232,58,262,1015.962,editor,d,"['Within recent years, the use of automation has increased drastically, and is now being used to perform tasks in our everyday lives. However the shift from only humans performing tasks to now machines performing tasks has begun to create a division within people about the limits of using automation with the question that if possible would automation be used to replace humans. ', '', 'From a utilitarian view, the machines are allowing people to be productive by replacing the boring and repetitive tasks. This lets peop', '', 'Additionally, the utilitarian perspective believes that the machines tend to produce better work when it comes to these low skill jobs. This is due to machines being able to work at a faster rate than humans without needing a break. In addition to their speed, machines can be extremely precise when performing these repetitive tasks.']",,e',,"[[2, 135], [2, 136]]","{'t': 1015962, 'o': [{'o': 'd', 'i': [[2, 135], [2, 136]]}]}",,,
20233,58,263,1016.488,editor,i,"['Within recent years, the use of automation has increased drastically, and is now being used to perform tasks in our everyday lives. However the shift from only humans performing tasks to now machines performing tasks has begun to create a division within people about the limits of using automation with the question that if possible would automation be used to replace humans. ', '', 'From a utilitarian view, the machines are allowing people to be productive by replacing the boring and repetitive tasks. This lets peopel', '', 'Additionally, the utilitarian perspective believes that the machines tend to produce better work when it comes to these low skill jobs. This is due to machines being able to work at a faster rate than humans without needing a break. In addition to their speed, machines can be extremely precise when performing these repetitive tasks.']",el',,,"[2, 135]","{'t': [1016370, 1016488], 'l': 2, 'o': [{'o': 'i', 'i': [2, 135], 'a': 'el'}]}",,,
20234,58,264,1016.922,editor,d,"['Within recent years, the use of automation has increased drastically, and is now being used to perform tasks in our everyday lives. However the shift from only humans performing tasks to now machines performing tasks has begun to create a division within people about the limits of using automation with the question that if possible would automation be used to replace humans. ', '', 'From a utilitarian view, the machines are allowing people to be productive by replacing the boring and repetitive tasks. This lets peop', '', 'Additionally, the utilitarian perspective believes that the machines tend to produce better work when it comes to these low skill jobs. This is due to machines being able to work at a faster rate than humans without needing a break. In addition to their speed, machines can be extremely precise when performing these repetitive tasks.']",,el',,"[[2, 135], [2, 137]]","{'t': [1016797, 1016922], 'l': 2, 'o': [{'o': 'd', 'i': [[2, 135], [2, 137]], 'd': [[1, 2]]}]}",,,
20235,58,265,1021.506,editor,i,"['Within recent years, the use of automation has increased drastically, and is now being used to perform tasks in our everyday lives. However the shift from only humans performing tasks to now machines performing tasks has begun to create a division within people about the limits of using automation with the question that if possible would automation be used to replace humans. ', '', 'From a utilitarian view, the machines are allowing people to be productive by replacing the boring and repetitive tasks. This lets people focus on what ', '', 'Additionally, the utilitarian perspective believes that the machines tend to produce better work when it comes to these low skill jobs. This is due to machines being able to work at a faster rate than humans without needing a break. In addition to their speed, machines can be extremely precise when performing these repetitive tasks.']",le focus on what ',,,"[2, 135]","{'t': [1017227, 1021506], 'l': 17, 'o': [{'o': 'i', 'i': [2, 135], 'a': 'le focus on what '}]}",,,
20236,58,266,1028.56,editor,d,"['Within recent years, the use of automation has increased drastically, and is now being used to perform tasks in our everyday lives. However the shift from only humans performing tasks to now machines performing tasks has begun to create a division within people about the limits of using automation with the question that if possible would automation be used to replace humans. ', '', 'From a utilitarian view, the machines are allowing people to be productive by replacing the boring and repetitive tasks. This lets people focus on what', '', 'Additionally, the utilitarian perspective believes that the machines tend to produce better work when it comes to these low skill jobs. This is due to machines being able to work at a faster rate than humans without needing a break. In addition to their speed, machines can be extremely precise when performing these repetitive tasks.']",,,,"[[2, 151], [2, 152]]","{'t': 1028560, 'o': [{'o': 'd', 'i': [[2, 151], [2, 152]]}]}",,,
20237,58,267,1029.526,editor,d,"['Within recent years, the use of automation has increased drastically, and is now being used to perform tasks in our everyday lives. However the shift from only humans performing tasks to now machines performing tasks has begun to create a division within people about the limits of using automation with the question that if possible would automation be used to replace humans. ', '', 'From a utilitarian view, the machines are allowing people to be productive by replacing the boring and repetitive tasks. This lets people focus on ', '', 'Additionally, the utilitarian perspective believes that the machines tend to produce better work when it comes to these low skill jobs. This is due to machines being able to work at a faster rate than humans without needing a break. In addition to their speed, machines can be extremely precise when performing these repetitive tasks.']",,what',,"[[2, 147], [2, 151]]","{'t': [1028723, 1029526], 'l': 4, 'o': [{'o': 'd', 'i': [[2, 147], [2, 151]], 'd': [[1, 4]]}]}",,,
20238,58,268,1032.958,editor,i,"['Within recent years, the use of automation has increased drastically, and is now being used to perform tasks in our everyday lives. However the shift from only humans performing tasks to now machines performing tasks has begun to create a division within people about the limits of using automation with the question that if possible would automation be used to replace humans. ', '', 'From a utilitarian view, the machines are allowing people to be productive by replacing the boring and repetitive tasks. This lets people focus on better jobs', '', 'Additionally, the utilitarian perspective believes that the machines tend to produce better work when it comes to these low skill jobs. This is due to machines being able to work at a faster rate than humans without needing a break. In addition to their speed, machines can be extremely precise when performing these repetitive tasks.']",better jobs',,,"[2, 147]","{'t': [1030089, 1032958], 'l': 11, 'o': [{'o': 'i', 'i': [2, 147], 'a': 'better jobs'}]}",,,
20239,58,269,1056.139,editor,o,"['Within recent years, the use of automation has increased drastically, and is now being used to perform tasks in our everyday lives. However the shift from only humans performing tasks to now machines performing tasks has begun to create a division within people about the limits of using automation with the question that if possible would automation be used to replace humans. ', '', 'From a utilitarian view, the machines are allowing people to be productive by replacing the boring and repetitive tasks. This lets people focus on better jobs', '', 'Additionally, the utilitarian perspective believes that the machines tend to produce better work when it comes to these low skill jobs. This is due to machines being able to work at a faster rate than humans without needing a break. In addition to their speed, machines can be extremely precise when performing these repetitive tasks.']",,,,"[2, 158]","{'t': 1056139, 'o': [{'o': 'o', 'i': [2, 158]}]}",,,
20240,58,270,1061.027,editor,i,"['Within recent years, the use of automation has increased drastically, and is now being used to perform tasks in our everyday lives. However the shift from only humans performing tasks to now machines performing tasks has begun to create a division within people about the limits of using automation with the question that if possible would automation be used to replace humans. ', '', 'From a utilitarian view, the machines are allowing people to be productive by replacing the boring and repetitive tasks. This lets people focus on better jobs ', '', 'Additionally, the utilitarian perspective believes that the machines tend to produce better work when it comes to these low skill jobs. This is due to machines being able to work at a faster rate than humans without needing a break. In addition to their speed, machines can be extremely precise when performing these repetitive tasks.']",,,,"[2, 158]","{'t': 1061027, 'o': [{'o': 'i', 'i': [2, 158], 'a': ' '}]}",,,
20241,58,271,1063.389,editor,i,"['Within recent years, the use of automation has increased drastically, and is now being used to perform tasks in our everyday lives. However the shift from only humans performing tasks to now machines performing tasks has begun to create a division within people about the limits of using automation with the question that if possible would automation be used to replace humans. ', '', 'From a utilitarian view, the machines are allowing people to be productive by replacing the boring and repetitive tasks. This lets people focus on better jobs and enhancing ', '', 'Additionally, the utilitarian perspective believes that the machines tend to produce better work when it comes to these low skill jobs. This is due to machines being able to work at a faster rate than humans without needing a break. In addition to their speed, machines can be extremely precise when performing these repetitive tasks.']",and enhancing ',,,"[2, 159]","{'t': [1061156, 1063389], 'l': 14, 'o': [{'o': 'i', 'i': [2, 159], 'a': 'and enhancing '}]}",,,
20242,58,272,1064.738,editor,i,"['Within recent years, the use of automation has increased drastically, and is now being used to perform tasks in our everyday lives. However the shift from only humans performing tasks to now machines performing tasks has begun to create a division within people about the limits of using automation with the question that if possible would automation be used to replace humans. ', '', 'From a utilitarian view, the machines are allowing people to be productive by replacing the boring and repetitive tasks. This lets people focus on better jobs and enhancing s', '', 'Additionally, the utilitarian perspective believes that the machines tend to produce better work when it comes to these low skill jobs. This is due to machines being able to work at a faster rate than humans without needing a break. In addition to their speed, machines can be extremely precise when performing these repetitive tasks.']",s',,,"[2, 173]","{'t': 1064738, 'o': [{'o': 'i', 'i': [2, 173], 'a': 's'}]}",,,
20243,58,273,1065.885,editor,i,"['Within recent years, the use of automation has increased drastically, and is now being used to perform tasks in our everyday lives. However the shift from only humans performing tasks to now machines performing tasks has begun to create a division within people about the limits of using automation with the question that if possible would automation be used to replace humans. ', '', 'From a utilitarian view, the machines are allowing people to be productive by replacing the boring and repetitive tasks. This lets people focus on better jobs and enhancing skills', '', 'Additionally, the utilitarian perspective believes that the machines tend to produce better work when it comes to these low skill jobs. This is due to machines being able to work at a faster rate than humans without needing a break. In addition to their speed, machines can be extremely precise when performing these repetitive tasks.']",kills',,,"[2, 174]","{'t': [1064846, 1065885], 'l': 5, 'o': [{'o': 'i', 'i': [2, 174], 'a': 'kills'}]}",,,
20244,58,274,1068.767,editor,i,"['Within recent years, the use of automation has increased drastically, and is now being used to perform tasks in our everyday lives. However the shift from only humans performing tasks to now machines performing tasks has begun to create a division within people about the limits of using automation with the question that if possible would automation be used to replace humans. ', '', 'From a utilitarian view, the machines are allowing people to be productive by replacing the boring and repetitive tasks. This lets people focus on better jobs and enhancing skills ', '', 'Additionally, the utilitarian perspective believes that the machines tend to produce better work when it comes to these low skill jobs. This is due to machines being able to work at a faster rate than humans without needing a break. In addition to their speed, machines can be extremely precise when performing these repetitive tasks.']",,,,"[2, 179]","{'t': 1068767, 'o': [{'o': 'i', 'i': [2, 179], 'a': ' '}]}",,,
20245,58,275,1078.315,editor,i,"['Within recent years, the use of automation has increased drastically, and is now being used to perform tasks in our everyday lives. However the shift from only humans performing tasks to now machines performing tasks has begun to create a division within people about the limits of using automation with the question that if possible would automation be used to replace humans. ', '', 'From a utilitarian view, the machines are allowing people to be productive by replacing the boring and repetitive tasks. This lets people focus on better jobs and enhancing skills that without the use of automation, ep', '', 'Additionally, the utilitarian perspective believes that the machines tend to produce better work when it comes to these low skill jobs. This is due to machines being able to work at a faster rate than humans without needing a break. In addition to their speed, machines can be extremely precise when performing these repetitive tasks.']","that without the use of automation, ep'",,,"[2, 180]","{'t': [1068986, 1078315], 'l': 38, 'o': [{'o': 'i', 'i': [2, 180], 'a': 'that without the use of automation, ep'}]}",,,
20246,58,276,1078.948,editor,d,"['Within recent years, the use of automation has increased drastically, and is now being used to perform tasks in our everyday lives. However the shift from only humans performing tasks to now machines performing tasks has begun to create a division within people about the limits of using automation with the question that if possible would automation be used to replace humans. ', '', 'From a utilitarian view, the machines are allowing people to be productive by replacing the boring and repetitive tasks. This lets people focus on better jobs and enhancing skills that without the use of automation, ', '', 'Additionally, the utilitarian perspective believes that the machines tend to produce better work when it comes to these low skill jobs. This is due to machines being able to work at a faster rate than humans without needing a break. In addition to their speed, machines can be extremely precise when performing these repetitive tasks.']",,ep',,"[[2, 216], [2, 218]]","{'t': [1078811, 1078948], 'l': 2, 'o': [{'o': 'd', 'i': [[2, 216], [2, 218]], 'd': [[1, 2]]}]}",,,
20247,58,277,1087.069,editor,i,"['Within recent years, the use of automation has increased drastically, and is now being used to perform tasks in our everyday lives. However the shift from only humans performing tasks to now machines performing tasks has begun to create a division within people about the limits of using automation with the question that if possible would automation be used to replace humans. ', '', 'From a utilitarian view, the machines are allowing people to be productive by replacing the boring and repetitive tasks. This lets people focus on better jobs and enhancing skills that without the use of automation, people would not have had the chance to ', '', 'Additionally, the utilitarian perspective believes that the machines tend to produce better work when it comes to these low skill jobs. This is due to machines being able to work at a faster rate than humans without needing a break. In addition to their speed, machines can be extremely precise when performing these repetitive tasks.']",people would not have had the chance to ',,,"[2, 216]","{'t': [1080132, 1087069], 'l': 40, 'o': [{'o': 'i', 'i': [2, 216], 'a': 'people would not have had the chance to '}]}",,,
20248,58,278,1089.403,editor,d,"['Within recent years, the use of automation has increased drastically, and is now being used to perform tasks in our everyday lives. However the shift from only humans performing tasks to now machines performing tasks has begun to create a division within people about the limits of using automation with the question that if possible would automation be used to replace humans. ', '', 'From a utilitarian view, the machines are allowing people to be productive by replacing the boring and repetitive tasks. This lets people focus on better jobs and enhancing skills that without the use of automation, people would not have had the ', '', 'Additionally, the utilitarian perspective believes that the machines tend to produce better work when it comes to these low skill jobs. This is due to machines being able to work at a faster rate than humans without needing a break. In addition to their speed, machines can be extremely precise when performing these repetitive tasks.']",,chance to ',,"[[2, 246], [2, 256]]","{'t': [1087886, 1089403], 'l': 10, 'o': [{'o': 'd', 'i': [[2, 246], [2, 256]], 'd': [[1, 10]]}]}",,,
20249,58,279,1092.248,editor,i,"['Within recent years, the use of automation has increased drastically, and is now being used to perform tasks in our everyday lives. However the shift from only humans performing tasks to now machines performing tasks has begun to create a division within people about the limits of using automation with the question that if possible would automation be used to replace humans. ', '', 'From a utilitarian view, the machines are allowing people to be productive by replacing the boring and repetitive tasks. This lets people focus on better jobs and enhancing skills that without the use of automation, people would not have had the opportui', '', 'Additionally, the utilitarian perspective believes that the machines tend to produce better work when it comes to these low skill jobs. This is due to machines being able to work at a faster rate than humans without needing a break. In addition to their speed, machines can be extremely precise when performing these repetitive tasks.']",opportui',,,"[2, 246]","{'t': [1090067, 1092248], 'l': 8, 'o': [{'o': 'i', 'i': [2, 246], 'a': 'opportui'}]}",,,
20250,58,280,1092.653,editor,d,"['Within recent years, the use of automation has increased drastically, and is now being used to perform tasks in our everyday lives. However the shift from only humans performing tasks to now machines performing tasks has begun to create a division within people about the limits of using automation with the question that if possible would automation be used to replace humans. ', '', 'From a utilitarian view, the machines are allowing people to be productive by replacing the boring and repetitive tasks. This lets people focus on better jobs and enhancing skills that without the use of automation, people would not have had the opportu', '', 'Additionally, the utilitarian perspective believes that the machines tend to produce better work when it comes to these low skill jobs. This is due to machines being able to work at a faster rate than humans without needing a break. In addition to their speed, machines can be extremely precise when performing these repetitive tasks.']",,i',,"[[2, 253], [2, 254]]","{'t': 1092653, 'o': [{'o': 'd', 'i': [[2, 253], [2, 254]]}]}",,,
20251,58,281,1095.595,editor,i,"['Within recent years, the use of automation has increased drastically, and is now being used to perform tasks in our everyday lives. However the shift from only humans performing tasks to now machines performing tasks has begun to create a division within people about the limits of using automation with the question that if possible would automation be used to replace humans. ', '', 'From a utilitarian view, the machines are allowing people to be productive by replacing the boring and repetitive tasks. This lets people focus on better jobs and enhancing skills that without the use of automation, people would not have had the opportunity.', '', 'Additionally, the utilitarian perspective believes that the machines tend to produce better work when it comes to these low skill jobs. This is due to machines being able to work at a faster rate than humans without needing a break. In addition to their speed, machines can be extremely precise when performing these repetitive tasks.']",nity.',,,"[2, 253]","{'t': [1092950, 1095595], 'l': 5, 'o': [{'o': 'i', 'i': [2, 253], 'a': 'nity.'}]}",,,
20252,58,282,1105.338,editor,o,"['Within recent years, the use of automation has increased drastically, and is now being used to perform tasks in our everyday lives. However the shift from only humans performing tasks to now machines performing tasks has begun to create a division within people about the limits of using automation with the question that if possible would automation be used to replace humans. ', '', 'From a utilitarian view, the machines are allowing people to be productive by replacing the boring and repetitive tasks. This lets people focus on better jobs and enhancing skills that without the use of automation, people would not have had the opportunity.', '', 'Additionally, the utilitarian perspective believes that the machines tend to produce better work when it comes to these low skill jobs. This is due to machines being able to work at a faster rate than humans without needing a break. In addition to their speed, machines can be extremely precise when performing these repetitive tasks.']",,,,"[4, 334]","{'t': 1105338, 'o': [{'o': 'o', 'i': [4, 334]}]}",,,
20253,58,283,1106.027,editor,i,"['Within recent years, the use of automation has increased drastically, and is now being used to perform tasks in our everyday lives. However the shift from only humans performing tasks to now machines performing tasks has begun to create a division within people about the limits of using automation with the question that if possible would automation be used to replace humans. ', '', 'From a utilitarian view, the machines are allowing people to be productive by replacing the boring and repetitive tasks. This lets people focus on better jobs and enhancing skills that without the use of automation, people would not have had the opportunity.', '', 'Additionally, the utilitarian perspective believes that the machines tend to produce better work when it comes to these low skill jobs. This is due to machines being able to work at a faster rate than humans without needing a break. In addition to their speed, machines can be extremely precise when performing these repetitive tasks.', '']",\n',,,"[4, 334]","{'t': 1106027, 'o': [{'o': 'i', 'i': [4, 334], 'a': '\n'}]}",,,
20254,58,284,1106.291,editor,i,"['Within recent years, the use of automation has increased drastically, and is now being used to perform tasks in our everyday lives. However the shift from only humans performing tasks to now machines performing tasks has begun to create a division within people about the limits of using automation with the question that if possible would automation be used to replace humans. ', '', 'From a utilitarian view, the machines are allowing people to be productive by replacing the boring and repetitive tasks. This lets people focus on better jobs and enhancing skills that without the use of automation, people would not have had the opportunity.', '', 'Additionally, the utilitarian perspective believes that the machines tend to produce better work when it comes to these low skill jobs. This is due to machines being able to work at a faster rate than humans without needing a break. In addition to their speed, machines can be extremely precise when performing these repetitive tasks.', '', '']",\n',,,"[5, 0]","{'t': 1106291, 'o': [{'o': 'i', 'i': [5, 0], 'a': '\n'}]}",,,
20255,58,285,1109.625,editor,i,"['Within recent years, the use of automation has increased drastically, and is now being used to perform tasks in our everyday lives. However the shift from only humans performing tasks to now machines performing tasks has begun to create a division within people about the limits of using automation with the question that if possible would automation be used to replace humans. ', '', 'From a utilitarian view, the machines are allowing people to be productive by replacing the boring and repetitive tasks. This lets people focus on better jobs and enhancing skills that without the use of automation, people would not have had the opportunity.', '', 'Additionally, the utilitarian perspective believes that the machines tend to produce better work when it comes to these low skill jobs. This is due to machines being able to work at a faster rate than humans without needing a break. In addition to their speed, machines can be extremely precise when performing these repetitive tasks.', '', 'H']",H',,,"[6, 0]","{'t': 1109625, 'o': [{'o': 'i', 'i': [6, 0], 'a': 'H'}]}",,,
20256,58,286,1110.959,editor,i,"['Within recent years, the use of automation has increased drastically, and is now being used to perform tasks in our everyday lives. However the shift from only humans performing tasks to now machines performing tasks has begun to create a division within people about the limits of using automation with the question that if possible would automation be used to replace humans. ', '', 'From a utilitarian view, the machines are allowing people to be productive by replacing the boring and repetitive tasks. This lets people focus on better jobs and enhancing skills that without the use of automation, people would not have had the opportunity.', '', 'Additionally, the utilitarian perspective believes that the machines tend to produce better work when it comes to these low skill jobs. This is due to machines being able to work at a faster rate than humans without needing a break. In addition to their speed, machines can be extremely precise when performing these repetitive tasks.', '', 'However']",owever',,,"[6, 1]","{'t': [1109895, 1110959], 'l': 6, 'o': [{'o': 'i', 'i': [6, 1], 'a': 'owever'}]}",,,
20257,58,287,1123.233,editor,i,"['Within recent years, the use of automation has increased drastically, and is now being used to perform tasks in our everyday lives. However the shift from only humans performing tasks to now machines performing tasks has begun to create a division within people about the limits of using automation with the question that if possible would automation be used to replace humans. ', '', 'From a utilitarian view, the machines are allowing people to be productive by replacing the boring and repetitive tasks. This lets people focus on better jobs and enhancing skills that without the use of automation, people would not have had the opportunity.', '', 'Additionally, the utilitarian perspective believes that the machines tend to produce better work when it comes to these low skill jobs. This is due to machines being able to work at a faster rate than humans without needing a break. In addition to their speed, machines can be extremely precise when performing these repetitive tasks.', '', 'However t']",t',,,"[6, 7]","{'t': [1119974, 1123233], 'l': 2, 'o': [{'o': 'i', 'i': [6, 7], 'a': ' t'}]}",,,
20258,58,288,1123.785,editor,i,"['Within recent years, the use of automation has increased drastically, and is now being used to perform tasks in our everyday lives. However the shift from only humans performing tasks to now machines performing tasks has begun to create a division within people about the limits of using automation with the question that if possible would automation be used to replace humans. ', '', 'From a utilitarian view, the machines are allowing people to be productive by replacing the boring and repetitive tasks. This lets people focus on better jobs and enhancing skills that without the use of automation, people would not have had the opportunity.', '', 'Additionally, the utilitarian perspective believes that the machines tend to produce better work when it comes to these low skill jobs. This is due to machines being able to work at a faster rate than humans without needing a break. In addition to their speed, machines can be extremely precise when performing these repetitive tasks.', '', 'However their']",heir',,,"[6, 9]","{'t': [1123363, 1123785], 'l': 4, 'o': [{'o': 'i', 'i': [6, 9], 'a': 'heir'}]}",,,
20259,58,289,1124.83,editor,d,"['Within recent years, the use of automation has increased drastically, and is now being used to perform tasks in our everyday lives. However the shift from only humans performing tasks to now machines performing tasks has begun to create a division within people about the limits of using automation with the question that if possible would automation be used to replace humans. ', '', 'From a utilitarian view, the machines are allowing people to be productive by replacing the boring and repetitive tasks. This lets people focus on better jobs and enhancing skills that without the use of automation, people would not have had the opportunity.', '', 'Additionally, the utilitarian perspective believes that the machines tend to produce better work when it comes to these low skill jobs. This is due to machines being able to work at a faster rate than humans without needing a break. In addition to their speed, machines can be extremely precise when performing these repetitive tasks.', '', 'However the']",,ir',,"[[6, 11], [6, 13]]","{'t': [1124672, 1124830], 'l': 2, 'o': [{'o': 'd', 'i': [[6, 11], [6, 13]], 'd': [[1, 2]]}]}",,,
20260,58,290,1125.435,editor,i,"['Within recent years, the use of automation has increased drastically, and is now being used to perform tasks in our everyday lives. However the shift from only humans performing tasks to now machines performing tasks has begun to create a division within people about the limits of using automation with the question that if possible would automation be used to replace humans. ', '', 'From a utilitarian view, the machines are allowing people to be productive by replacing the boring and repetitive tasks. This lets people focus on better jobs and enhancing skills that without the use of automation, people would not have had the opportunity.', '', 'Additionally, the utilitarian perspective believes that the machines tend to produce better work when it comes to these low skill jobs. This is due to machines being able to work at a faster rate than humans without needing a break. In addition to their speed, machines can be extremely precise when performing these repetitive tasks.', '', 'However there e']",re e',,,"[6, 11]","{'t': [1125010, 1125435], 'l': 4, 'o': [{'o': 'i', 'i': [6, 11], 'a': 're e'}]}",,,
20261,58,291,1125.947,editor,d,"['Within recent years, the use of automation has increased drastically, and is now being used to perform tasks in our everyday lives. However the shift from only humans performing tasks to now machines performing tasks has begun to create a division within people about the limits of using automation with the question that if possible would automation be used to replace humans. ', '', 'From a utilitarian view, the machines are allowing people to be productive by replacing the boring and repetitive tasks. This lets people focus on better jobs and enhancing skills that without the use of automation, people would not have had the opportunity.', '', 'Additionally, the utilitarian perspective believes that the machines tend to produce better work when it comes to these low skill jobs. This is due to machines being able to work at a faster rate than humans without needing a break. In addition to their speed, machines can be extremely precise when performing these repetitive tasks.', '', 'However there ']",,e',,"[[6, 14], [6, 15]]","{'t': 1125947, 'o': [{'o': 'd', 'i': [[6, 14], [6, 15]]}]}",,,
20262,58,292,1126.79,editor,i,"['Within recent years, the use of automation has increased drastically, and is now being used to perform tasks in our everyday lives. However the shift from only humans performing tasks to now machines performing tasks has begun to create a division within people about the limits of using automation with the question that if possible would automation be used to replace humans. ', '', 'From a utilitarian view, the machines are allowing people to be productive by replacing the boring and repetitive tasks. This lets people focus on better jobs and enhancing skills that without the use of automation, people would not have had the opportunity.', '', 'Additionally, the utilitarian perspective believes that the machines tend to produce better work when it comes to these low skill jobs. This is due to machines being able to work at a faster rate than humans without needing a break. In addition to their speed, machines can be extremely precise when performing these repetitive tasks.', '', 'However there are ']",are ',,,"[6, 14]","{'t': [1126099, 1126790], 'l': 4, 'o': [{'o': 'i', 'i': [6, 14], 'a': 'are '}]}",,,
20263,58,293,1133.077,editor,d,"['Within recent years, the use of automation has increased drastically, and is now being used to perform tasks in our everyday lives. However the shift from only humans performing tasks to now machines performing tasks has begun to create a division within people about the limits of using automation with the question that if possible would automation be used to replace humans. ', '', 'From a utilitarian view, the machines are allowing people to be productive by replacing the boring and repetitive tasks. This lets people focus on better jobs and enhancing skills that without the use of automation, people would not have had the opportunity.', '', 'Additionally, the utilitarian perspective believes that the machines tend to produce better work when it comes to these low skill jobs. This is due to machines being able to work at a faster rate than humans without needing a break. In addition to their speed, machines can be extremely precise when performing these repetitive tasks.', '', 'However there are']",,,,"[[6, 17], [6, 18]]","{'t': 1133077, 'o': [{'o': 'd', 'i': [[6, 17], [6, 18]]}]}",,,
20264,58,294,1134.5,editor,d,"['Within recent years, the use of automation has increased drastically, and is now being used to perform tasks in our everyday lives. However the shift from only humans performing tasks to now machines performing tasks has begun to create a division within people about the limits of using automation with the question that if possible would automation be used to replace humans. ', '', 'From a utilitarian view, the machines are allowing people to be productive by replacing the boring and repetitive tasks. This lets people focus on better jobs and enhancing skills that without the use of automation, people would not have had the opportunity.', '', 'Additionally, the utilitarian perspective believes that the machines tend to produce better work when it comes to these low skill jobs. This is due to machines being able to work at a faster rate than humans without needing a break. In addition to their speed, machines can be extremely precise when performing these repetitive tasks.', '', 'However there ']",,are',,"[[6, 14], [6, 17]]","{'t': [1133227, 1134500], 'l': 3, 'o': [{'o': 'd', 'i': [[6, 14], [6, 17]], 'd': [[1, 3]]}]}",,,
20265,58,295,1139.053,editor,i,"['Within recent years, the use of automation has increased drastically, and is now being used to perform tasks in our everyday lives. However the shift from only humans performing tasks to now machines performing tasks has begun to create a division within people about the limits of using automation with the question that if possible would automation be used to replace humans. ', '', 'From a utilitarian view, the machines are allowing people to be productive by replacing the boring and repetitive tasks. This lets people focus on better jobs and enhancing skills that without the use of automation, people would not have had the opportunity.', '', 'Additionally, the utilitarian perspective believes that the machines tend to produce better work when it comes to these low skill jobs. This is due to machines being able to work at a faster rate than humans without needing a break. In addition to their speed, machines can be extremely precise when performing these repetitive tasks.', '', 'However there is a different view']",is a different view',,,"[6, 14]","{'t': [1135397, 1139053], 'l': 19, 'o': [{'o': 'i', 'i': [6, 14], 'a': 'is a different view'}]}",,,
20266,58,296,1142.164,editor,d,"['Within recent years, the use of automation has increased drastically, and is now being used to perform tasks in our everyday lives. However the shift from only humans performing tasks to now machines performing tasks has begun to create a division within people about the limits of using automation with the question that if possible would automation be used to replace humans. ', '', 'From a utilitarian view, the machines are allowing people to be productive by replacing the boring and repetitive tasks. This lets people focus on better jobs and enhancing skills that without the use of automation, people would not have had the opportunity.', '', 'Additionally, the utilitarian perspective believes that the machines tend to produce better work when it comes to these low skill jobs. This is due to machines being able to work at a faster rate than humans without needing a break. In addition to their speed, machines can be extremely precise when performing these repetitive tasks.', '', 'However ']",,there is a different view',,"[[6, 8], [6, 33]]","{'t': [1139345, 1142164], 'l': 25, 'o': [{'o': 'd', 'i': [[6, 8], [6, 33]], 'd': [[1, 25]]}]}",,,
20267,58,297,1150.163,editor,d,"['Within recent years, the use of automation has increased drastically, and is now being used to perform tasks in our everyday lives. However the shift from only humans performing tasks to now machines performing tasks has begun to create a division within people about the limits of using automation with the question that if possible would automation be used to replace humans. ', '', 'From a utilitarian view, the machines are allowing people to be productive by replacing the boring and repetitive tasks. This lets people focus on better jobs and enhancing skills that without the use of automation, people would not have had the opportunity.', '', 'Additionally, the utilitarian perspective believes that the machines tend to produce better work when it comes to these low skill jobs. This is due to machines being able to work at a faster rate than humans without needing a break. In addition to their speed, machines can be extremely precise when performing these repetitive tasks.', '', 'However']",,,,"[[6, 7], [6, 8]]","{'t': 1150163, 'o': [{'o': 'd', 'i': [[6, 7], [6, 8]]}]}",,,
20268,58,298,1151.891,editor,d,"['Within recent years, the use of automation has increased drastically, and is now being used to perform tasks in our everyday lives. However the shift from only humans performing tasks to now machines performing tasks has begun to create a division within people about the limits of using automation with the question that if possible would automation be used to replace humans. ', '', 'From a utilitarian view, the machines are allowing people to be productive by replacing the boring and repetitive tasks. This lets people focus on better jobs and enhancing skills that without the use of automation, people would not have had the opportunity.', '', 'Additionally, the utilitarian perspective believes that the machines tend to produce better work when it comes to these low skill jobs. This is due to machines being able to work at a faster rate than humans without needing a break. In addition to their speed, machines can be extremely precise when performing these repetitive tasks.', '']",,\nHowever',,"[[5, 0], [6, 7]]","{'t': [1150362, 1151891], 'l': 8, 'o': [{'o': 'd', 'i': [[5, 0], [6, 7]], 'd': [[[5, 0], [6, 0]], [1, 7]]}]}",,,
20269,58,299,1154.629,editor,l,"['Within recent years, the use of automation has increased drastically, and is now being used to perform tasks in our everyday lives. However the shift from only humans performing tasks to now machines performing tasks has begun to create a division within people about the limits of using automation with the question that if possible would automation be used to replace humans. ', '', 'From a utilitarian view, the machines are allowing people to be productive by replacing the boring and repetitive tasks. This lets people focus on better jobs and enhancing skills that without the use of automation, people would not have had the opportunity.', '', 'Additionally, the utilitarian perspective believes that the machines tend to produce better work when it comes to these low skill jobs. This is due to machines being able to work at a faster rate than humans without needing a break. In addition to their speed, machines can be extremely precise when performing these repetitive tasks.', '']",,,s.',"[[4, 334], [4, 332]]","{'t': [1153271, 1154629], 'l': 2, 'o': [{'o': 'l', 'i': [4, 334], 's': [[4, [334, 332]]]}]}",,,
20270,58,300,1155.142,editor,l,"['Within recent years, the use of automation has increased drastically, and is now being used to perform tasks in our everyday lives. However the shift from only humans performing tasks to now machines performing tasks has begun to create a division within people about the limits of using automation with the question that if possible would automation be used to replace humans. ', '', 'From a utilitarian view, the machines are allowing people to be productive by replacing the boring and repetitive tasks. This lets people focus on better jobs and enhancing skills that without the use of automation, people would not have had the opportunity.', '', 'Additionally, the utilitarian perspective believes that the machines tend to produce better work when it comes to these low skill jobs. This is due to machines being able to work at a faster rate than humans without needing a break. In addition to their speed, machines can be extremely precise when performing these repetitive tasks.', '']",,,"Additionally, the utilitarian perspective believes that the machines tend to produce better work when it comes to these low skill jobs. This is due to machines being able to work at a faster rate than humans without needing a break. In addition to their speed, machines can be extremely precise when performing these repetitive tasks.'","[[4, 334], [4, 0]]","{'t': [1154661, 1155142], 'l': 20, 'o': [{'o': 'l', 'i': [4, 334], 's': [[4, [329, 251, 179, 24]], [3, [0]], [2, [164, [89, 88], 10]], [1, [0]], [0, [370, [295, 294], 222, [147, 146], [76, 74], 0]]]}]}",,,
20271,58,301,1160.442,editor,y,,,,"Within recent years, the use of automation has increased drastically, and is now being used to perform tasks in our everyday lives. However the shift from only humans performing tasks to now machines performing tasks has begun to create a division within people about the limits of using automation with the question that if possible would automation be used to replace humans. 

From a utilitarian view, the machines are allowing people to be productive by replacing the boring and repetitive tasks. This lets people focus on better jobs and enhancing skills that without the use of automation, people would not have had the opportunity.

Additionally, the utilitarian perspective believes that the machines tend to produce better work when it comes to these low skill jobs. This is due to machines being able to work at a faster rate than humans without needing a break. In addition to their speed, machines can be extremely precise when performing these repetitive tasks.",,,,,
20272,58,302,1190.909,gpt,p,,,,"Within recent years, the use of automation has increased drastically, and is now being used to perform tasks in our everyday lives. However the shift from only humans performing tasks to now machines performing tasks has begun to create a division within people about the limits of using automation with the question that if possible would automation be used to replace humans. 

From a utilitarian view, the machines are allowing people to be productive by replacing the boring and repetitive tasks. This lets people focus on better jobs and enhancing skills that without the use of automation, people would not have had the opportunity.

Additionally, the utilitarian perspective believes that the machines tend to produce better work when it comes to these low skill jobs. This is due to machines being able to work at a faster rate than humans without needing a break. In addition to their speed, machines can be extremely precise when performing these repetitive tasks.",,,,,
20273,58,303,1193.387,gpt,gpt_inquiry,,,,"what changes could be made to this rough draft on the issue: Within recent years, the use of automation has increased drastically, and is now being used to perform tasks in our everyday lives. However the shift from only humans performing tasks to now machines performing tasks has begun to create a division within people about the limits of using automation with the question that if possible would automation be used to replace humans. 

From a utilitarian view, the machines are allowing people to be productive by replacing the boring and repetitive tasks. This lets people focus on better jobs and enhancing skills that without the use of automation, people would not have had the opportunity.

Additionally, the utilitarian perspective believes that the machines tend to produce better work when it comes to these low skill jobs. This is due to machines being able to work at a faster rate than humans without needing a break. In addition to their speed, machines can be extremely precise when performing these repetitive tasks.",,,,,
20274,58,304,1195.888,gpt,gpt_response,,,,"Here are some changes that could be made to improve the rough draft on the issue of automation and human replacement:

Within recent years, the use of automation has increased drastically and is now being integrated into various aspects of everyday life. However, this shift from humans performing tasks to machines performing tasks has sparked a debate about the ethical and practical implications of automation, raising questions about the potential for machines to replace humans in certain roles.

The utilitarian perspective emphasizes the benefits of automation in enhancing productivity and freeing up individuals from mundane and repetitive tasks. By delegating these tasks to machines, individuals can redirect their focus towards more meaningful and skill-enhancing opportunities that would otherwise not be feasible without automation.

Furthermore, proponents of the utilitarian view argue that machines outperform humans in low-skill jobs, as they are capable of working at a faster pace and with greater precision. Machines do not require breaks and can maintain consistency in performing repetitive tasks, leading to increased efficiency and quality of work compared to human labor.",,,,,
20275,58,305,1221.321,gpt,y,,,,"Within recent years, the use of automation has increased drastically and is now being integrated into various aspects of everyday life. However, this shift from humans performing tasks to machines performing tasks has sparked a debate about the ethical and practical implications of automation, raising questions about the potential for machines to replace humans in certain roles.

The utilitarian perspective emphasizes the benefits of automation in enhancing productivity and freeing up individuals from mundane and repetitive tasks. By delegating these tasks to machines, individuals can redirect their focus towards more meaningful and skill-enhancing opportunities that would otherwise not be feasible without automation.

Furthermore, proponents of the utilitarian view argue that machines outperform humans in low-skill jobs, as they are capable of working at a faster pace and with greater precision. Machines do not require breaks and can maintain consistency in performing repetitive tasks, leading to increased efficiency and quality of work compared to human labor.",,,,,
20276,58,306,1222.559,editor,o,"['Within recent years, the use of automation has increased drastically, and is now being used to perform tasks in our everyday lives. However the shift from only humans performing tasks to now machines performing tasks has begun to create a division within people about the limits of using automation with the question that if possible would automation be used to replace humans. ', '', 'From a utilitarian view, the machines are allowing people to be productive by replacing the boring and repetitive tasks. This lets people focus on better jobs and enhancing skills that without the use of automation, people would not have had the opportunity.', '', 'Additionally, the utilitarian perspective believes that the machines tend to produce better work when it comes to these low skill jobs. This is due to machines being able to work at a faster rate than humans without needing a break. In addition to their speed, machines can be extremely precise when performing these repetitive tasks.', '']",,,,"[5, 0]","{'t': 1222559, 'o': [{'o': 'o', 'i': [5, 0]}]}",,,
20277,58,307,1223.806,editor,o,"['Within recent years, the use of automation has increased drastically, and is now being used to perform tasks in our everyday lives. However the shift from only humans performing tasks to now machines performing tasks has begun to create a division within people about the limits of using automation with the question that if possible would automation be used to replace humans. ', '', 'From a utilitarian view, the machines are allowing people to be productive by replacing the boring and repetitive tasks. This lets people focus on better jobs and enhancing skills that without the use of automation, people would not have had the opportunity.', '', 'Additionally, the utilitarian perspective believes that the machines tend to produce better work when it comes to these low skill jobs. This is due to machines being able to work at a faster rate than humans without needing a break. In addition to their speed, machines can be extremely precise when performing these repetitive tasks.', '']",,,,"[4, 334]","{'t': 1223806, 'o': [{'o': 'o', 'i': [4, 334]}]}",,,
20278,58,308,1224.699,editor,l,"['Within recent years, the use of automation has increased drastically, and is now being used to perform tasks in our everyday lives. However the shift from only humans performing tasks to now machines performing tasks has begun to create a division within people about the limits of using automation with the question that if possible would automation be used to replace humans. ', '', 'From a utilitarian view, the machines are allowing people to be productive by replacing the boring and repetitive tasks. This lets people focus on better jobs and enhancing skills that without the use of automation, people would not have had the opportunity.', '', 'Additionally, the utilitarian perspective believes that the machines tend to produce better work when it comes to these low skill jobs. This is due to machines being able to work at a faster rate than humans without needing a break. In addition to their speed, machines can be extremely precise when performing these repetitive tasks.', '']",,,"Additionally, the utilitarian perspective believes that the machines tend to produce better work when it comes to these low skill jobs. This is due to machines being able to work at a faster rate than humans without needing a break. In addition to their speed, machines can be extremely precise when performing these repetitive tasks.'","[[4, 334], [4, 0]]","{'t': [1224031, 1224699], 'l': 22, 'o': [{'o': 'l', 'i': [4, 334], 's': [[4, [264, 192, 114]], [3, [0]], [2, [243, 170, 96, 18]], [1, [0]], [0, [374, 299, 297, [225, 224], [150, 147], [76, 74], 0]]]}]}",,,
20279,58,309,1225.643,editor,p,"['Within recent years, the use of automation has increased drastically and is now being integrated into various aspects of everyday life. However, this shift from humans performing tasks to machines performing tasks has sparked a debate about the ethical and practical implications of automation, raising questions about the potential for machines to replace humans in certain roles.', '', 'The utilitarian perspective emphasizes the benefits of automation in enhancing productivity and freeing up individuals from mundane and repetitive tasks. By delegating these tasks to machines, individuals can redirect their focus towards more meaningful and skill-enhancing opportunities that would otherwise not be feasible without automation.', '', 'Furthermore, proponents of the utilitarian view argue that machines outperform humans in low-skill jobs, as they are capable of working at a faster pace and with greater precision. Machines do not require breaks and can maintain consistency in performing repetitive tasks, leading to increased efficiency and quality of work compared to human labor.', '']","Within recent years, the use of automation has increased drastically and is now being integrated into various aspects of everyday life. However, this shift from humans performing tasks to machines performing tasks has sparked a debate about the ethical and practical implications of automation, raising questions about the potential for machines to replace humans in certain roles.\n\nThe utilitarian perspective emphasizes the benefits of automation in enhancing productivity and freeing up individuals from mundane and repetitive tasks. By delegating these tasks to machines, individuals can redirect their focus towards more meaningful and skill-enhancing opportunities that would otherwise not be feasible without automation.\n\nFurthermore, proponents of the utilitarian view argue that machines outperform humans in low-skill jobs, as they are capable of working at a faster pace and with greater precision. Machines do not require breaks and can maintain consistency in performing repetitive tasks, leading to increased efficiency and quality of work compared to human labor.'","Within recent years, the use of automation has increased drastically, and is now being used to perform tasks in our everyday lives. However the shift from only humans performing tasks to now machines performing tasks has begun to create a division within people about the limits of using automation with the question that if possible would automation be used to replace humans. \n\nFrom a utilitarian view, the machines are allowing people to be productive by replacing the boring and repetitive tasks. This lets people focus on better jobs and enhancing skills that without the use of automation, people would not have had the opportunity.\n\nAdditionally, the utilitarian perspective believes that the machines tend to produce better work when it comes to these low skill jobs. This is due to machines being able to work at a faster rate than humans without needing a break. In addition to their speed, machines can be extremely precise when performing these repetitive tasks.'","Within recent years, the use of automation has increased drastically, and is now being used to perform tasks in our everyday lives. However the shift from only humans performing tasks to now machines performing tasks has begun to create a division within people about the limits of using automation with the question that if possible would automation be used to replace humans. \n\nFrom a utilitarian view, the machines are allowing people to be productive by replacing the boring and repetitive tasks. This lets people focus on better jobs and enhancing skills that without the use of automation, people would not have had the opportunity.\n\nAdditionally, the utilitarian perspective believes that the machines tend to produce better work when it comes to these low skill jobs. This is due to machines being able to work at a faster rate than humans without needing a break. In addition to their speed, machines can be extremely precise when performing these repetitive tasks.'","[[0, 0], [4, 334]]","{'t': 1225643, 'o': [{'o': 'p', 'i': [[0, 0], [4, 334]], 'a': ['Within recent years, the use of automation has increased drastically and is now being integrated into various aspects of everyday life. However, this shift from humans performing tasks to machines performing tasks has sparked a debate about the ethical and practical implications of automation, raising questions about the potential for machines to replace humans in certain roles.', '', 'The utilitarian perspective emphasizes the benefits of automation in enhancing productivity and freeing up individuals from mundane and repetitive tasks. By delegating these tasks to machines, individuals can redirect their focus towards more meaningful and skill-enhancing opportunities that would otherwise not be feasible without automation.', '', 'Furthermore, proponents of the utilitarian view argue that machines outperform humans in low-skill jobs, as they are capable of working at a faster pace and with greater precision. Machines do not require breaks and can maintain consistency in performing repetitive tasks, leading to increased efficiency and quality of work compared to human labor.']}]}",,,
20280,58,310,1225.644,editor,o,"['Within recent years, the use of automation has increased drastically and is now being integrated into various aspects of everyday life. However, this shift from humans performing tasks to machines performing tasks has sparked a debate about the ethical and practical implications of automation, raising questions about the potential for machines to replace humans in certain roles.', '', 'The utilitarian perspective emphasizes the benefits of automation in enhancing productivity and freeing up individuals from mundane and repetitive tasks. By delegating these tasks to machines, individuals can redirect their focus towards more meaningful and skill-enhancing opportunities that would otherwise not be feasible without automation.', '', 'Furthermore, proponents of the utilitarian view argue that machines outperform humans in low-skill jobs, as they are capable of working at a faster pace and with greater precision. Machines do not require breaks and can maintain consistency in performing repetitive tasks, leading to increased efficiency and quality of work compared to human labor.', '']",,,,"[4, 349]","{'t': 1225644, 'o': [{'o': 'o', 'i': [4, 349]}]}",,,
20281,58,311,1242.198,editor,i,"['Within recent years, the use of automation has increased drastically and is now being integrated into various aspects of everyday life. However, this shift from humans performing tasks to machines performing tasks has sparked a debate about the ethical and practical implications of automation, raising questions about the potential for machines to replace humans in certain roles.', '', 'The utilitarian perspective emphasizes the benefits of automation in enhancing productivity and freeing up individuals from mundane and repetitive tasks. By delegating these tasks to machines, individuals can redirect their focus towards more meaningful and skill-enhancing opportunities that would otherwise not be feasible without automation.', '', 'Furthermore, proponents of the utilitarian view argue that machines outperform humans in low-skill jobs, as they are capable of working at a faster pace and with greater precision. Machines do not require breaks and can maintain consistency in performing repetitive tasks, leading to increased efficiency and quality of work compared to human labor.', '', '']",\n',,,"[4, 349]","{'t': 1242198, 'o': [{'o': 'i', 'i': [4, 349], 'a': '\n'}]}",,,
20282,58,312,1242.568,editor,i,"['Within recent years, the use of automation has increased drastically and is now being integrated into various aspects of everyday life. However, this shift from humans performing tasks to machines performing tasks has sparked a debate about the ethical and practical implications of automation, raising questions about the potential for machines to replace humans in certain roles.', '', 'The utilitarian perspective emphasizes the benefits of automation in enhancing productivity and freeing up individuals from mundane and repetitive tasks. By delegating these tasks to machines, individuals can redirect their focus towards more meaningful and skill-enhancing opportunities that would otherwise not be feasible without automation.', '', 'Furthermore, proponents of the utilitarian view argue that machines outperform humans in low-skill jobs, as they are capable of working at a faster pace and with greater precision. Machines do not require breaks and can maintain consistency in performing repetitive tasks, leading to increased efficiency and quality of work compared to human labor.', '', '', '']",\n',,,"[5, 0]","{'t': 1242568, 'o': [{'o': 'i', 'i': [5, 0], 'a': '\n'}]}",,,
20283,58,313,1246.589,editor,i,"['Within recent years, the use of automation has increased drastically and is now being integrated into various aspects of everyday life. However, this shift from humans performing tasks to machines performing tasks has sparked a debate about the ethical and practical implications of automation, raising questions about the potential for machines to replace humans in certain roles.', '', 'The utilitarian perspective emphasizes the benefits of automation in enhancing productivity and freeing up individuals from mundane and repetitive tasks. By delegating these tasks to machines, individuals can redirect their focus towards more meaningful and skill-enhancing opportunities that would otherwise not be feasible without automation.', '', 'Furthermore, proponents of the utilitarian view argue that machines outperform humans in low-skill jobs, as they are capable of working at a faster pace and with greater precision. Machines do not require breaks and can maintain consistency in performing repetitive tasks, leading to increased efficiency and quality of work compared to human labor.', '', 'H', '']",H',,,"[6, 0]","{'t': 1246589, 'o': [{'o': 'i', 'i': [6, 0], 'a': 'H'}]}",,,
20284,58,314,1253.64,editor,i,"['Within recent years, the use of automation has increased drastically and is now being integrated into various aspects of everyday life. However, this shift from humans performing tasks to machines performing tasks has sparked a debate about the ethical and practical implications of automation, raising questions about the potential for machines to replace humans in certain roles.', '', 'The utilitarian perspective emphasizes the benefits of automation in enhancing productivity and freeing up individuals from mundane and repetitive tasks. By delegating these tasks to machines, individuals can redirect their focus towards more meaningful and skill-enhancing opportunities that would otherwise not be feasible without automation.', '', 'Furthermore, proponents of the utilitarian view argue that machines outperform humans in low-skill jobs, as they are capable of working at a faster pace and with greater precision. Machines do not require breaks and can maintain consistency in performing repetitive tasks, leading to increased efficiency and quality of work compared to human labor.', '', 'However not everyone sees the ', '']",owever not everyone sees the ',,,"[6, 1]","{'t': [1246839, 1253640], 'l': 29, 'o': [{'o': 'i', 'i': [6, 1], 'a': 'owever not everyone sees the '}]}",,,
20285,58,315,1256.165,editor,i,"['Within recent years, the use of automation has increased drastically and is now being integrated into various aspects of everyday life. However, this shift from humans performing tasks to machines performing tasks has sparked a debate about the ethical and practical implications of automation, raising questions about the potential for machines to replace humans in certain roles.', '', 'The utilitarian perspective emphasizes the benefits of automation in enhancing productivity and freeing up individuals from mundane and repetitive tasks. By delegating these tasks to machines, individuals can redirect their focus towards more meaningful and skill-enhancing opportunities that would otherwise not be feasible without automation.', '', 'Furthermore, proponents of the utilitarian view argue that machines outperform humans in low-skill jobs, as they are capable of working at a faster pace and with greater precision. Machines do not require breaks and can maintain consistency in performing repetitive tasks, leading to increased efficiency and quality of work compared to human labor.', '', 'However not everyone sees the ""', '']","	'	'	[6, 30]	{'t': 1256165, 'o': [{'o': 'i', 'i': [6, 30], 'a': ''}]}",,,,,,,
20286,58,316,1260.026,editor,i,"['Within recent years, the use of automation has increased drastically and is now being integrated into various aspects of everyday life. However, this shift from humans performing tasks to machines performing tasks has sparked a debate about the ethical and practical implications of automation, raising questions about the potential for machines to replace humans in certain roles.', '', 'The utilitarian perspective emphasizes the benefits of automation in enhancing productivity and freeing up individuals from mundane and repetitive tasks. By delegating these tasks to machines, individuals can redirect their focus towards more meaningful and skill-enhancing opportunities that would otherwise not be feasible without automation.', '', 'Furthermore, proponents of the utilitarian view argue that machines outperform humans in low-skill jobs, as they are capable of working at a faster pace and with greater precision. Machines do not require breaks and can maintain consistency in performing repetitive tasks, leading to increased efficiency and quality of work compared to human labor.', '', 'However not everyone sees the ""good"" in usin g', '']","good"" in usin g'",,,"[6, 31]","{'t': [1256534, 1260026], 'l': 15, 'o': [{'o': 'i', 'i': [6, 31], 'a': 'good"" in usin g'}]}",,,
20287,58,317,1260.351,editor,d,"['Within recent years, the use of automation has increased drastically and is now being integrated into various aspects of everyday life. However, this shift from humans performing tasks to machines performing tasks has sparked a debate about the ethical and practical implications of automation, raising questions about the potential for machines to replace humans in certain roles.', '', 'The utilitarian perspective emphasizes the benefits of automation in enhancing productivity and freeing up individuals from mundane and repetitive tasks. By delegating these tasks to machines, individuals can redirect their focus towards more meaningful and skill-enhancing opportunities that would otherwise not be feasible without automation.', '', 'Furthermore, proponents of the utilitarian view argue that machines outperform humans in low-skill jobs, as they are capable of working at a faster pace and with greater precision. Machines do not require breaks and can maintain consistency in performing repetitive tasks, leading to increased efficiency and quality of work compared to human labor.', '', 'However not everyone sees the ""good"" in usin', '']",,g',,"[[6, 44], [6, 46]]","{'t': [1260211, 1260351], 'l': 2, 'o': [{'o': 'd', 'i': [[6, 44], [6, 46]], 'd': [[1, 2]]}]}",,,
20288,58,318,1263.167,editor,i,"['Within recent years, the use of automation has increased drastically and is now being integrated into various aspects of everyday life. However, this shift from humans performing tasks to machines performing tasks has sparked a debate about the ethical and practical implications of automation, raising questions about the potential for machines to replace humans in certain roles.', '', 'The utilitarian perspective emphasizes the benefits of automation in enhancing productivity and freeing up individuals from mundane and repetitive tasks. By delegating these tasks to machines, individuals can redirect their focus towards more meaningful and skill-enhancing opportunities that would otherwise not be feasible without automation.', '', 'Furthermore, proponents of the utilitarian view argue that machines outperform humans in low-skill jobs, as they are capable of working at a faster pace and with greater precision. Machines do not require breaks and can maintain consistency in performing repetitive tasks, leading to increased efficiency and quality of work compared to human labor.', '', 'However not everyone sees the ""good"" in using automation', '']",g automation',,,"[6, 44]","{'t': [1260483, 1263167], 'l': 12, 'o': [{'o': 'i', 'i': [6, 44], 'a': 'g automation'}]}",,,
20289,58,319,1267.775,editor,i,"['Within recent years, the use of automation has increased drastically and is now being integrated into various aspects of everyday life. However, this shift from humans performing tasks to machines performing tasks has sparked a debate about the ethical and practical implications of automation, raising questions about the potential for machines to replace humans in certain roles.', '', 'The utilitarian perspective emphasizes the benefits of automation in enhancing productivity and freeing up individuals from mundane and repetitive tasks. By delegating these tasks to machines, individuals can redirect their focus towards more meaningful and skill-enhancing opportunities that would otherwise not be feasible without automation.', '', 'Furthermore, proponents of the utilitarian view argue that machines outperform humans in low-skill jobs, as they are capable of working at a faster pace and with greater precision. Machines do not require breaks and can maintain consistency in performing repetitive tasks, leading to increased efficiency and quality of work compared to human labor.', '', 'However not everyone sees the ""good"" in using automation ', '']",,,,"[6, 56]","{'t': 1267775, 'o': [{'o': 'i', 'i': [6, 56], 'a': ' '}]}",,,
20290,58,320,1268.834,editor,i,"['Within recent years, the use of automation has increased drastically and is now being integrated into various aspects of everyday life. However, this shift from humans performing tasks to machines performing tasks has sparked a debate about the ethical and practical implications of automation, raising questions about the potential for machines to replace humans in certain roles.', '', 'The utilitarian perspective emphasizes the benefits of automation in enhancing productivity and freeing up individuals from mundane and repetitive tasks. By delegating these tasks to machines, individuals can redirect their focus towards more meaningful and skill-enhancing opportunities that would otherwise not be feasible without automation.', '', 'Furthermore, proponents of the utilitarian view argue that machines outperform humans in low-skill jobs, as they are capable of working at a faster pace and with greater precision. Machines do not require breaks and can maintain consistency in performing repetitive tasks, leading to increased efficiency and quality of work compared to human labor.', '', 'However not everyone sees the ""good"" in using automation which ', '']",which ',,,"[6, 57]","{'t': [1267919, 1268834], 'l': 6, 'o': [{'o': 'i', 'i': [6, 57], 'a': 'which '}]}",,,
20291,58,321,1271.093,editor,i,"['Within recent years, the use of automation has increased drastically and is now being integrated into various aspects of everyday life. However, this shift from humans performing tasks to machines performing tasks has sparked a debate about the ethical and practical implications of automation, raising questions about the potential for machines to replace humans in certain roles.', '', 'The utilitarian perspective emphasizes the benefits of automation in enhancing productivity and freeing up individuals from mundane and repetitive tasks. By delegating these tasks to machines, individuals can redirect their focus towards more meaningful and skill-enhancing opportunities that would otherwise not be feasible without automation.', '', 'Furthermore, proponents of the utilitarian view argue that machines outperform humans in low-skill jobs, as they are capable of working at a faster pace and with greater precision. Machines do not require breaks and can maintain consistency in performing repetitive tasks, leading to increased efficiency and quality of work compared to human labor.', '', 'However not everyone sees the ""good"" in using automation which i', '']",i',,,"[6, 63]","{'t': 1271093, 'o': [{'o': 'i', 'i': [6, 63], 'a': 'i'}]}",,,
20292,58,322,1272.703,editor,i,"['Within recent years, the use of automation has increased drastically and is now being integrated into various aspects of everyday life. However, this shift from humans performing tasks to machines performing tasks has sparked a debate about the ethical and practical implications of automation, raising questions about the potential for machines to replace humans in certain roles.', '', 'The utilitarian perspective emphasizes the benefits of automation in enhancing productivity and freeing up individuals from mundane and repetitive tasks. By delegating these tasks to machines, individuals can redirect their focus towards more meaningful and skill-enhancing opportunities that would otherwise not be feasible without automation.', '', 'Furthermore, proponents of the utilitarian view argue that machines outperform humans in low-skill jobs, as they are capable of working at a faster pace and with greater precision. Machines do not require breaks and can maintain consistency in performing repetitive tasks, leading to increased efficiency and quality of work compared to human labor.', '', 'However not everyone sees the ""good"" in using automation which is what ', '']",s what ',,,"[6, 64]","{'t': [1271161, 1272703], 'l': 7, 'o': [{'o': 'i', 'i': [6, 64], 'a': 's what '}]}",,,
20293,58,323,1276.897,editor,d,"['Within recent years, the use of automation has increased drastically and is now being integrated into various aspects of everyday life. However, this shift from humans performing tasks to machines performing tasks has sparked a debate about the ethical and practical implications of automation, raising questions about the potential for machines to replace humans in certain roles.', '', 'The utilitarian perspective emphasizes the benefits of automation in enhancing productivity and freeing up individuals from mundane and repetitive tasks. By delegating these tasks to machines, individuals can redirect their focus towards more meaningful and skill-enhancing opportunities that would otherwise not be feasible without automation.', '', 'Furthermore, proponents of the utilitarian view argue that machines outperform humans in low-skill jobs, as they are capable of working at a faster pace and with greater precision. Machines do not require breaks and can maintain consistency in performing repetitive tasks, leading to increased efficiency and quality of work compared to human labor.', '', 'However not everyone sees the ""good"" in using automation ', '']",,which is what ',,"[[6, 57], [6, 71]]","{'t': [1273468, 1276897], 'l': 14, 'o': [{'o': 'd', 'i': [[6, 57], [6, 71]], 'd': [[1, 14]]}]}",,,
20294,58,324,1279.944,editor,d,"['Within recent years, the use of automation has increased drastically and is now being integrated into various aspects of everyday life. However, this shift from humans performing tasks to machines performing tasks has sparked a debate about the ethical and practical implications of automation, raising questions about the potential for machines to replace humans in certain roles.', '', 'The utilitarian perspective emphasizes the benefits of automation in enhancing productivity and freeing up individuals from mundane and repetitive tasks. By delegating these tasks to machines, individuals can redirect their focus towards more meaningful and skill-enhancing opportunities that would otherwise not be feasible without automation.', '', 'Furthermore, proponents of the utilitarian view argue that machines outperform humans in low-skill jobs, as they are capable of working at a faster pace and with greater precision. Machines do not require breaks and can maintain consistency in performing repetitive tasks, leading to increased efficiency and quality of work compared to human labor.', '', 'However not everyone sees the ""good"" in using automation', '']",,,,"[[6, 56], [6, 57]]","{'t': 1279944, 'o': [{'o': 'd', 'i': [[6, 56], [6, 57]]}]}",,,
20295,58,325,1281.455,editor,i,"['Within recent years, the use of automation has increased drastically and is now being integrated into various aspects of everyday life. However, this shift from humans performing tasks to machines performing tasks has sparked a debate about the ethical and practical implications of automation, raising questions about the potential for machines to replace humans in certain roles.', '', 'The utilitarian perspective emphasizes the benefits of automation in enhancing productivity and freeing up individuals from mundane and repetitive tasks. By delegating these tasks to machines, individuals can redirect their focus towards more meaningful and skill-enhancing opportunities that would otherwise not be feasible without automation.', '', 'Furthermore, proponents of the utilitarian view argue that machines outperform humans in low-skill jobs, as they are capable of working at a faster pace and with greater precision. Machines do not require breaks and can maintain consistency in performing repetitive tasks, leading to increased efficiency and quality of work compared to human labor.', '', 'However not everyone sees the ""good"" in using automation wh', '']",wh',,,"[6, 56]","{'t': [1280836, 1281455], 'l': 3, 'o': [{'o': 'i', 'i': [6, 56], 'a': ' wh'}]}",,,
20296,58,326,1282.072,editor,d,"['Within recent years, the use of automation has increased drastically and is now being integrated into various aspects of everyday life. However, this shift from humans performing tasks to machines performing tasks has sparked a debate about the ethical and practical implications of automation, raising questions about the potential for machines to replace humans in certain roles.', '', 'The utilitarian perspective emphasizes the benefits of automation in enhancing productivity and freeing up individuals from mundane and repetitive tasks. By delegating these tasks to machines, individuals can redirect their focus towards more meaningful and skill-enhancing opportunities that would otherwise not be feasible without automation.', '', 'Furthermore, proponents of the utilitarian view argue that machines outperform humans in low-skill jobs, as they are capable of working at a faster pace and with greater precision. Machines do not require breaks and can maintain consistency in performing repetitive tasks, leading to increased efficiency and quality of work compared to human labor.', '', 'However not everyone sees the ""good"" in using automation ', '']",,wh',,"[[6, 57], [6, 59]]","{'t': [1281936, 1282072], 'l': 2, 'o': [{'o': 'd', 'i': [[6, 57], [6, 59]], 'd': [[1, 2]]}]}",,,
20297,58,327,1283.908,editor,d,"['Within recent years, the use of automation has increased drastically and is now being integrated into various aspects of everyday life. However, this shift from humans performing tasks to machines performing tasks has sparked a debate about the ethical and practical implications of automation, raising questions about the potential for machines to replace humans in certain roles.', '', 'The utilitarian perspective emphasizes the benefits of automation in enhancing productivity and freeing up individuals from mundane and repetitive tasks. By delegating these tasks to machines, individuals can redirect their focus towards more meaningful and skill-enhancing opportunities that would otherwise not be feasible without automation.', '', 'Furthermore, proponents of the utilitarian view argue that machines outperform humans in low-skill jobs, as they are capable of working at a faster pace and with greater precision. Machines do not require breaks and can maintain consistency in performing repetitive tasks, leading to increased efficiency and quality of work compared to human labor.', '', 'However not everyone sees the ""good"" in using automation', '']",,,,"[[6, 56], [6, 57]]","{'t': 1283908, 'o': [{'o': 'd', 'i': [[6, 56], [6, 57]]}]}",,,
20298,58,328,1286.032,editor,i,"['Within recent years, the use of automation has increased drastically and is now being integrated into various aspects of everyday life. However, this shift from humans performing tasks to machines performing tasks has sparked a debate about the ethical and practical implications of automation, raising questions about the potential for machines to replace humans in certain roles.', '', 'The utilitarian perspective emphasizes the benefits of automation in enhancing productivity and freeing up individuals from mundane and repetitive tasks. By delegating these tasks to machines, individuals can redirect their focus towards more meaningful and skill-enhancing opportunities that would otherwise not be feasible without automation.', '', 'Furthermore, proponents of the utilitarian view argue that machines outperform humans in low-skill jobs, as they are capable of working at a faster pace and with greater precision. Machines do not require breaks and can maintain consistency in performing repetitive tasks, leading to increased efficiency and quality of work compared to human labor.', '', 'However not everyone sees the ""good"" in using automation,', '']",",'",,,"[6, 56]","{'t': 1286032, 'o': [{'o': 'i', 'i': [6, 56], 'a': ','}]}",,,
20299,58,329,1286.72,editor,i,"['Within recent years, the use of automation has increased drastically and is now being integrated into various aspects of everyday life. However, this shift from humans performing tasks to machines performing tasks has sparked a debate about the ethical and practical implications of automation, raising questions about the potential for machines to replace humans in certain roles.', '', 'The utilitarian perspective emphasizes the benefits of automation in enhancing productivity and freeing up individuals from mundane and repetitive tasks. By delegating these tasks to machines, individuals can redirect their focus towards more meaningful and skill-enhancing opportunities that would otherwise not be feasible without automation.', '', 'Furthermore, proponents of the utilitarian view argue that machines outperform humans in low-skill jobs, as they are capable of working at a faster pace and with greater precision. Machines do not require breaks and can maintain consistency in performing repetitive tasks, leading to increased efficiency and quality of work compared to human labor.', '', 'However not everyone sees the ""good"" in using automation, ', '']",,,,"[6, 57]","{'t': 1286720, 'o': [{'o': 'i', 'i': [6, 57], 'a': ' '}]}",,,
20300,58,330,1287.419,editor,d,"['Within recent years, the use of automation has increased drastically and is now being integrated into various aspects of everyday life. However, this shift from humans performing tasks to machines performing tasks has sparked a debate about the ethical and practical implications of automation, raising questions about the potential for machines to replace humans in certain roles.', '', 'The utilitarian perspective emphasizes the benefits of automation in enhancing productivity and freeing up individuals from mundane and repetitive tasks. By delegating these tasks to machines, individuals can redirect their focus towards more meaningful and skill-enhancing opportunities that would otherwise not be feasible without automation.', '', 'Furthermore, proponents of the utilitarian view argue that machines outperform humans in low-skill jobs, as they are capable of working at a faster pace and with greater precision. Machines do not require breaks and can maintain consistency in performing repetitive tasks, leading to increased efficiency and quality of work compared to human labor.', '', 'However not everyone sees the ""good"" in using automation,', '']",,,,"[[6, 57], [6, 58]]","{'t': 1287419, 'o': [{'o': 'd', 'i': [[6, 57], [6, 58]]}]}",,,
20301,58,331,1295.132,editor,i,"['Within recent years, the use of automation has increased drastically and is now being integrated into various aspects of everyday life. However, this shift from humans performing tasks to machines performing tasks has sparked a debate about the ethical and practical implications of automation, raising questions about the potential for machines to replace humans in certain roles.', '', 'The utilitarian perspective emphasizes the benefits of automation in enhancing productivity and freeing up individuals from mundane and repetitive tasks. By delegating these tasks to machines, individuals can redirect their focus towards more meaningful and skill-enhancing opportunities that would otherwise not be feasible without automation.', '', 'Furthermore, proponents of the utilitarian view argue that machines outperform humans in low-skill jobs, as they are capable of working at a faster pace and with greater precision. Machines do not require breaks and can maintain consistency in performing repetitive tasks, leading to increased efficiency and quality of work compared to human labor.', '', 'However not everyone sees the ""good"" in using automation, the dystopian perspective dis', '']",the dystopian perspective dis',,,"[6, 57]","{'t': [1288089, 1295132], 'l': 30, 'o': [{'o': 'i', 'i': [6, 57], 'a': ' the dystopian perspective dis'}]}",,,
20302,58,332,1296.087,editor,d,"['Within recent years, the use of automation has increased drastically and is now being integrated into various aspects of everyday life. However, this shift from humans performing tasks to machines performing tasks has sparked a debate about the ethical and practical implications of automation, raising questions about the potential for machines to replace humans in certain roles.', '', 'The utilitarian perspective emphasizes the benefits of automation in enhancing productivity and freeing up individuals from mundane and repetitive tasks. By delegating these tasks to machines, individuals can redirect their focus towards more meaningful and skill-enhancing opportunities that would otherwise not be feasible without automation.', '', 'Furthermore, proponents of the utilitarian view argue that machines outperform humans in low-skill jobs, as they are capable of working at a faster pace and with greater precision. Machines do not require breaks and can maintain consistency in performing repetitive tasks, leading to increased efficiency and quality of work compared to human labor.', '', 'However not everyone sees the ""good"" in using automation, the dystopian perspective ', '']",,dis',,"[[6, 84], [6, 87]]","{'t': [1295746, 1296087], 'l': 3, 'o': [{'o': 'd', 'i': [[6, 84], [6, 87]], 'd': [[1, 3]]}]}",,,
20303,58,333,1300.668,editor,i,"['Within recent years, the use of automation has increased drastically and is now being integrated into various aspects of everyday life. However, this shift from humans performing tasks to machines performing tasks has sparked a debate about the ethical and practical implications of automation, raising questions about the potential for machines to replace humans in certain roles.', '', 'The utilitarian perspective emphasizes the benefits of automation in enhancing productivity and freeing up individuals from mundane and repetitive tasks. By delegating these tasks to machines, individuals can redirect their focus towards more meaningful and skill-enhancing opportunities that would otherwise not be feasible without automation.', '', 'Furthermore, proponents of the utilitarian view argue that machines outperform humans in low-skill jobs, as they are capable of working at a faster pace and with greater precision. Machines do not require breaks and can maintain consistency in performing repetitive tasks, leading to increased efficiency and quality of work compared to human labor.', '', 'However not everyone sees the ""good"" in using automation, the dystopian perspective is in disagreement ', '']",is in disagreement ',,,"[6, 84]","{'t': [1296533, 1300668], 'l': 19, 'o': [{'o': 'i', 'i': [6, 84], 'a': 'is in disagreement '}]}",,,
20304,58,334,1302.886,editor,i,"['Within recent years, the use of automation has increased drastically and is now being integrated into various aspects of everyday life. However, this shift from humans performing tasks to machines performing tasks has sparked a debate about the ethical and practical implications of automation, raising questions about the potential for machines to replace humans in certain roles.', '', 'The utilitarian perspective emphasizes the benefits of automation in enhancing productivity and freeing up individuals from mundane and repetitive tasks. By delegating these tasks to machines, individuals can redirect their focus towards more meaningful and skill-enhancing opportunities that would otherwise not be feasible without automation.', '', 'Furthermore, proponents of the utilitarian view argue that machines outperform humans in low-skill jobs, as they are capable of working at a faster pace and with greater precision. Machines do not require breaks and can maintain consistency in performing repetitive tasks, leading to increased efficiency and quality of work compared to human labor.', '', 'However not everyone sees the ""good"" in using automation, the dystopian perspective is in disagreement w', '']",w',,,"[6, 103]","{'t': 1302886, 'o': [{'o': 'i', 'i': [6, 103], 'a': 'w'}]}",,,
20305,58,335,1303.674,editor,i,"['Within recent years, the use of automation has increased drastically and is now being integrated into various aspects of everyday life. However, this shift from humans performing tasks to machines performing tasks has sparked a debate about the ethical and practical implications of automation, raising questions about the potential for machines to replace humans in certain roles.', '', 'The utilitarian perspective emphasizes the benefits of automation in enhancing productivity and freeing up individuals from mundane and repetitive tasks. By delegating these tasks to machines, individuals can redirect their focus towards more meaningful and skill-enhancing opportunities that would otherwise not be feasible without automation.', '', 'Furthermore, proponents of the utilitarian view argue that machines outperform humans in low-skill jobs, as they are capable of working at a faster pace and with greater precision. Machines do not require breaks and can maintain consistency in performing repetitive tasks, leading to increased efficiency and quality of work compared to human labor.', '', 'However not everyone sees the ""good"" in using automation, the dystopian perspective is in disagreement with ', '']",ith ',,,"[6, 104]","{'t': [1303039, 1303674], 'l': 4, 'o': [{'o': 'i', 'i': [6, 104], 'a': 'ith '}]}",,,
20306,58,336,1306.438,editor,d,"['Within recent years, the use of automation has increased drastically and is now being integrated into various aspects of everyday life. However, this shift from humans performing tasks to machines performing tasks has sparked a debate about the ethical and practical implications of automation, raising questions about the potential for machines to replace humans in certain roles.', '', 'The utilitarian perspective emphasizes the benefits of automation in enhancing productivity and freeing up individuals from mundane and repetitive tasks. By delegating these tasks to machines, individuals can redirect their focus towards more meaningful and skill-enhancing opportunities that would otherwise not be feasible without automation.', '', 'Furthermore, proponents of the utilitarian view argue that machines outperform humans in low-skill jobs, as they are capable of working at a faster pace and with greater precision. Machines do not require breaks and can maintain consistency in performing repetitive tasks, leading to increased efficiency and quality of work compared to human labor.', '', 'However not everyone sees the ""good"" in using automation, the dystopian perspective is in disagreement with', '']",,,,"[[6, 107], [6, 108]]","{'t': 1306438, 'o': [{'o': 'd', 'i': [[6, 107], [6, 108]]}]}",,,
20307,58,337,1307.583,editor,d,"['Within recent years, the use of automation has increased drastically and is now being integrated into various aspects of everyday life. However, this shift from humans performing tasks to machines performing tasks has sparked a debate about the ethical and practical implications of automation, raising questions about the potential for machines to replace humans in certain roles.', '', 'The utilitarian perspective emphasizes the benefits of automation in enhancing productivity and freeing up individuals from mundane and repetitive tasks. By delegating these tasks to machines, individuals can redirect their focus towards more meaningful and skill-enhancing opportunities that would otherwise not be feasible without automation.', '', 'Furthermore, proponents of the utilitarian view argue that machines outperform humans in low-skill jobs, as they are capable of working at a faster pace and with greater precision. Machines do not require breaks and can maintain consistency in performing repetitive tasks, leading to increased efficiency and quality of work compared to human labor.', '', 'However not everyone sees the ""good"" in using automation, the dystopian perspective is in disagreement ', '']",,with',,"[[6, 103], [6, 107]]","{'t': [1306838, 1307583], 'l': 4, 'o': [{'o': 'd', 'i': [[6, 103], [6, 107]], 'd': [[1, 4]]}]}",,,
20308,58,338,1309.804,editor,i,"['Within recent years, the use of automation has increased drastically and is now being integrated into various aspects of everyday life. However, this shift from humans performing tasks to machines performing tasks has sparked a debate about the ethical and practical implications of automation, raising questions about the potential for machines to replace humans in certain roles.', '', 'The utilitarian perspective emphasizes the benefits of automation in enhancing productivity and freeing up individuals from mundane and repetitive tasks. By delegating these tasks to machines, individuals can redirect their focus towards more meaningful and skill-enhancing opportunities that would otherwise not be feasible without automation.', '', 'Furthermore, proponents of the utilitarian view argue that machines outperform humans in low-skill jobs, as they are capable of working at a faster pace and with greater precision. Machines do not require breaks and can maintain consistency in performing repetitive tasks, leading to increased efficiency and quality of work compared to human labor.', '', 'However not everyone sees the ""good"" in using automation, the dystopian perspective is in disagreement w', '']",w',,,"[6, 103]","{'t': 1309804, 'o': [{'o': 'i', 'i': [6, 103], 'a': 'w'}]}",,,
20309,58,339,1310.445,editor,i,"['Within recent years, the use of automation has increased drastically and is now being integrated into various aspects of everyday life. However, this shift from humans performing tasks to machines performing tasks has sparked a debate about the ethical and practical implications of automation, raising questions about the potential for machines to replace humans in certain roles.', '', 'The utilitarian perspective emphasizes the benefits of automation in enhancing productivity and freeing up individuals from mundane and repetitive tasks. By delegating these tasks to machines, individuals can redirect their focus towards more meaningful and skill-enhancing opportunities that would otherwise not be feasible without automation.', '', 'Furthermore, proponents of the utilitarian view argue that machines outperform humans in low-skill jobs, as they are capable of working at a faster pace and with greater precision. Machines do not require breaks and can maintain consistency in performing repetitive tasks, leading to increased efficiency and quality of work compared to human labor.', '', 'However not everyone sees the ""good"" in using automation, the dystopian perspective is in disagreement with ', '']",ith ',,,"[6, 104]","{'t': [1309932, 1310445], 'l': 4, 'o': [{'o': 'i', 'i': [6, 104], 'a': 'ith '}]}",,,
20310,58,340,1311.661,editor,i,"['Within recent years, the use of automation has increased drastically and is now being integrated into various aspects of everyday life. However, this shift from humans performing tasks to machines performing tasks has sparked a debate about the ethical and practical implications of automation, raising questions about the potential for machines to replace humans in certain roles.', '', 'The utilitarian perspective emphasizes the benefits of automation in enhancing productivity and freeing up individuals from mundane and repetitive tasks. By delegating these tasks to machines, individuals can redirect their focus towards more meaningful and skill-enhancing opportunities that would otherwise not be feasible without automation.', '', 'Furthermore, proponents of the utilitarian view argue that machines outperform humans in low-skill jobs, as they are capable of working at a faster pace and with greater precision. Machines do not require breaks and can maintain consistency in performing repetitive tasks, leading to increased efficiency and quality of work compared to human labor.', '', 'However not everyone sees the ""good"" in using automation, the dystopian perspective is in disagreement with w', '']",w',,,"[6, 108]","{'t': 1311661, 'o': [{'o': 'i', 'i': [6, 108], 'a': 'w'}]}",,,
20311,58,341,1312.221,editor,d,"['Within recent years, the use of automation has increased drastically and is now being integrated into various aspects of everyday life. However, this shift from humans performing tasks to machines performing tasks has sparked a debate about the ethical and practical implications of automation, raising questions about the potential for machines to replace humans in certain roles.', '', 'The utilitarian perspective emphasizes the benefits of automation in enhancing productivity and freeing up individuals from mundane and repetitive tasks. By delegating these tasks to machines, individuals can redirect their focus towards more meaningful and skill-enhancing opportunities that would otherwise not be feasible without automation.', '', 'Furthermore, proponents of the utilitarian view argue that machines outperform humans in low-skill jobs, as they are capable of working at a faster pace and with greater precision. Machines do not require breaks and can maintain consistency in performing repetitive tasks, leading to increased efficiency and quality of work compared to human labor.', '', 'However not everyone sees the ""good"" in using automation, the dystopian perspective is in disagreement with ', '']",,w',,"[[6, 108], [6, 109]]","{'t': 1312221, 'o': [{'o': 'd', 'i': [[6, 108], [6, 109]]}]}",,,
20312,58,342,1316.76,editor,d,"['Within recent years, the use of automation has increased drastically and is now being integrated into various aspects of everyday life. However, this shift from humans performing tasks to machines performing tasks has sparked a debate about the ethical and practical implications of automation, raising questions about the potential for machines to replace humans in certain roles.', '', 'The utilitarian perspective emphasizes the benefits of automation in enhancing productivity and freeing up individuals from mundane and repetitive tasks. By delegating these tasks to machines, individuals can redirect their focus towards more meaningful and skill-enhancing opportunities that would otherwise not be feasible without automation.', '', 'Furthermore, proponents of the utilitarian view argue that machines outperform humans in low-skill jobs, as they are capable of working at a faster pace and with greater precision. Machines do not require breaks and can maintain consistency in performing repetitive tasks, leading to increased efficiency and quality of work compared to human labor.', '', 'However not everyone sees the ""good"" in using automation, the dystopian perspective is in disagreement with', '']",,,,"[[6, 107], [6, 108]]","{'t': 1316760, 'o': [{'o': 'd', 'i': [[6, 107], [6, 108]]}]}",,,
20313,58,343,1317.902,editor,d,"['Within recent years, the use of automation has increased drastically and is now being integrated into various aspects of everyday life. However, this shift from humans performing tasks to machines performing tasks has sparked a debate about the ethical and practical implications of automation, raising questions about the potential for machines to replace humans in certain roles.', '', 'The utilitarian perspective emphasizes the benefits of automation in enhancing productivity and freeing up individuals from mundane and repetitive tasks. By delegating these tasks to machines, individuals can redirect their focus towards more meaningful and skill-enhancing opportunities that would otherwise not be feasible without automation.', '', 'Furthermore, proponents of the utilitarian view argue that machines outperform humans in low-skill jobs, as they are capable of working at a faster pace and with greater precision. Machines do not require breaks and can maintain consistency in performing repetitive tasks, leading to increased efficiency and quality of work compared to human labor.', '', 'However not everyone sees the ""good"" in using automation, the dystopian perspective is in disagreemen', '']",,t with',,"[[6, 101], [6, 107]]","{'t': [1316958, 1317902], 'l': 6, 'o': [{'o': 'd', 'i': [[6, 101], [6, 107]], 'd': [[1, 6]]}]}",,,
20314,58,344,1319.142,editor,i,"['Within recent years, the use of automation has increased drastically and is now being integrated into various aspects of everyday life. However, this shift from humans performing tasks to machines performing tasks has sparked a debate about the ethical and practical implications of automation, raising questions about the potential for machines to replace humans in certain roles.', '', 'The utilitarian perspective emphasizes the benefits of automation in enhancing productivity and freeing up individuals from mundane and repetitive tasks. By delegating these tasks to machines, individuals can redirect their focus towards more meaningful and skill-enhancing opportunities that would otherwise not be feasible without automation.', '', 'Furthermore, proponents of the utilitarian view argue that machines outperform humans in low-skill jobs, as they are capable of working at a faster pace and with greater precision. Machines do not require breaks and can maintain consistency in performing repetitive tasks, leading to increased efficiency and quality of work compared to human labor.', '', 'However not everyone sees the ""good"" in using automation, the dystopian perspective is in disagreement', '']",t',,,"[6, 101]","{'t': 1319142, 'o': [{'o': 'i', 'i': [6, 101], 'a': 't'}]}",,,
20315,58,345,1323.795,editor,i,"['Within recent years, the use of automation has increased drastically and is now being integrated into various aspects of everyday life. However, this shift from humans performing tasks to machines performing tasks has sparked a debate about the ethical and practical implications of automation, raising questions about the potential for machines to replace humans in certain roles.', '', 'The utilitarian perspective emphasizes the benefits of automation in enhancing productivity and freeing up individuals from mundane and repetitive tasks. By delegating these tasks to machines, individuals can redirect their focus towards more meaningful and skill-enhancing opportunities that would otherwise not be feasible without automation.', '', 'Furthermore, proponents of the utilitarian view argue that machines outperform humans in low-skill jobs, as they are capable of working at a faster pace and with greater precision. Machines do not require breaks and can maintain consistency in performing repetitive tasks, leading to increased efficiency and quality of work compared to human labor.', '', 'However not everyone sees the ""good"" in using automation, the dystopian perspective is in disagreement and believes that ', '']",and believes that ',,,"[6, 102]","{'t': [1319298, 1323795], 'l': 19, 'o': [{'o': 'i', 'i': [6, 102], 'a': ' and believes that '}]}",,,
20316,58,346,1329.881,editor,i,"['Within recent years, the use of automation has increased drastically and is now being integrated into various aspects of everyday life. However, this shift from humans performing tasks to machines performing tasks has sparked a debate about the ethical and practical implications of automation, raising questions about the potential for machines to replace humans in certain roles.', '', 'The utilitarian perspective emphasizes the benefits of automation in enhancing productivity and freeing up individuals from mundane and repetitive tasks. By delegating these tasks to machines, individuals can redirect their focus towards more meaningful and skill-enhancing opportunities that would otherwise not be feasible without automation.', '', 'Furthermore, proponents of the utilitarian view argue that machines outperform humans in low-skill jobs, as they are capable of working at a faster pace and with greater precision. Machines do not require breaks and can maintain consistency in performing repetitive tasks, leading to increased efficiency and quality of work compared to human labor.', '', 'However not everyone sees the ""good"" in using automation, the dystopian perspective is in disagreement and believes that m', '']",m',,,"[6, 121]","{'t': 1329881, 'o': [{'o': 'i', 'i': [6, 121], 'a': 'm'}]}",,,
20317,58,347,1332.6,editor,i,"['Within recent years, the use of automation has increased drastically and is now being integrated into various aspects of everyday life. However, this shift from humans performing tasks to machines performing tasks has sparked a debate about the ethical and practical implications of automation, raising questions about the potential for machines to replace humans in certain roles.', '', 'The utilitarian perspective emphasizes the benefits of automation in enhancing productivity and freeing up individuals from mundane and repetitive tasks. By delegating these tasks to machines, individuals can redirect their focus towards more meaningful and skill-enhancing opportunities that would otherwise not be feasible without automation.', '', 'Furthermore, proponents of the utilitarian view argue that machines outperform humans in low-skill jobs, as they are capable of working at a faster pace and with greater precision. Machines do not require breaks and can maintain consistency in performing repetitive tasks, leading to increased efficiency and quality of work compared to human labor.', '', 'However not everyone sees the ""good"" in using automation, the dystopian perspective is in disagreement and believes that machines are ', '']",achines are ',,,"[6, 122]","{'t': [1330013, 1332600], 'l': 12, 'o': [{'o': 'i', 'i': [6, 122], 'a': 'achines are '}]}",,,
20318,58,348,1335.981,editor,i,"['Within recent years, the use of automation has increased drastically and is now being integrated into various aspects of everyday life. However, this shift from humans performing tasks to machines performing tasks has sparked a debate about the ethical and practical implications of automation, raising questions about the potential for machines to replace humans in certain roles.', '', 'The utilitarian perspective emphasizes the benefits of automation in enhancing productivity and freeing up individuals from mundane and repetitive tasks. By delegating these tasks to machines, individuals can redirect their focus towards more meaningful and skill-enhancing opportunities that would otherwise not be feasible without automation.', '', 'Furthermore, proponents of the utilitarian view argue that machines outperform humans in low-skill jobs, as they are capable of working at a faster pace and with greater precision. Machines do not require breaks and can maintain consistency in performing repetitive tasks, leading to increased efficiency and quality of work compared to human labor.', '', 'However not everyone sees the ""good"" in using automation, the dystopian perspective is in disagreement and believes that machines are r', '']",r',,,"[6, 134]","{'t': 1335981, 'o': [{'o': 'i', 'i': [6, 134], 'a': 'r'}]}",,,
20319,58,349,1336.5,editor,i,"['Within recent years, the use of automation has increased drastically and is now being integrated into various aspects of everyday life. However, this shift from humans performing tasks to machines performing tasks has sparked a debate about the ethical and practical implications of automation, raising questions about the potential for machines to replace humans in certain roles.', '', 'The utilitarian perspective emphasizes the benefits of automation in enhancing productivity and freeing up individuals from mundane and repetitive tasks. By delegating these tasks to machines, individuals can redirect their focus towards more meaningful and skill-enhancing opportunities that would otherwise not be feasible without automation.', '', 'Furthermore, proponents of the utilitarian view argue that machines outperform humans in low-skill jobs, as they are capable of working at a faster pace and with greater precision. Machines do not require breaks and can maintain consistency in performing repetitive tasks, leading to increased efficiency and quality of work compared to human labor.', '', 'However not everyone sees the ""good"" in using automation, the dystopian perspective is in disagreement and believes that machines are r4pl', '']",4pl',,,"[6, 135]","{'t': [1336138, 1336500], 'l': 3, 'o': [{'o': 'i', 'i': [6, 135], 'a': '4pl'}]}",,,
20320,58,350,1337.079,editor,d,"['Within recent years, the use of automation has increased drastically and is now being integrated into various aspects of everyday life. However, this shift from humans performing tasks to machines performing tasks has sparked a debate about the ethical and practical implications of automation, raising questions about the potential for machines to replace humans in certain roles.', '', 'The utilitarian perspective emphasizes the benefits of automation in enhancing productivity and freeing up individuals from mundane and repetitive tasks. By delegating these tasks to machines, individuals can redirect their focus towards more meaningful and skill-enhancing opportunities that would otherwise not be feasible without automation.', '', 'Furthermore, proponents of the utilitarian view argue that machines outperform humans in low-skill jobs, as they are capable of working at a faster pace and with greater precision. Machines do not require breaks and can maintain consistency in performing repetitive tasks, leading to increased efficiency and quality of work compared to human labor.', '', 'However not everyone sees the ""good"" in using automation, the dystopian perspective is in disagreement and believes that machines are r', '']",,4pl',,"[[6, 135], [6, 138]]","{'t': [1336827, 1337079], 'l': 3, 'o': [{'o': 'd', 'i': [[6, 135], [6, 138]], 'd': [[1, 3]]}]}",,,
20321,58,351,1338.439,editor,i,"['Within recent years, the use of automation has increased drastically and is now being integrated into various aspects of everyday life. However, this shift from humans performing tasks to machines performing tasks has sparked a debate about the ethical and practical implications of automation, raising questions about the potential for machines to replace humans in certain roles.', '', 'The utilitarian perspective emphasizes the benefits of automation in enhancing productivity and freeing up individuals from mundane and repetitive tasks. By delegating these tasks to machines, individuals can redirect their focus towards more meaningful and skill-enhancing opportunities that would otherwise not be feasible without automation.', '', 'Furthermore, proponents of the utilitarian view argue that machines outperform humans in low-skill jobs, as they are capable of working at a faster pace and with greater precision. Machines do not require breaks and can maintain consistency in performing repetitive tasks, leading to increased efficiency and quality of work compared to human labor.', '', 'However not everyone sees the ""good"" in using automation, the dystopian perspective is in disagreement and believes that machines are reple', '']",eple',,,"[6, 135]","{'t': [1337955, 1338439], 'l': 4, 'o': [{'o': 'i', 'i': [6, 135], 'a': 'eple'}]}",,,
20322,58,352,1339.084,editor,d,"['Within recent years, the use of automation has increased drastically and is now being integrated into various aspects of everyday life. However, this shift from humans performing tasks to machines performing tasks has sparked a debate about the ethical and practical implications of automation, raising questions about the potential for machines to replace humans in certain roles.', '', 'The utilitarian perspective emphasizes the benefits of automation in enhancing productivity and freeing up individuals from mundane and repetitive tasks. By delegating these tasks to machines, individuals can redirect their focus towards more meaningful and skill-enhancing opportunities that would otherwise not be feasible without automation.', '', 'Furthermore, proponents of the utilitarian view argue that machines outperform humans in low-skill jobs, as they are capable of working at a faster pace and with greater precision. Machines do not require breaks and can maintain consistency in performing repetitive tasks, leading to increased efficiency and quality of work compared to human labor.', '', 'However not everyone sees the ""good"" in using automation, the dystopian perspective is in disagreement and believes that machines are repl', '']",,e',,"[[6, 138], [6, 139]]","{'t': 1339084, 'o': [{'o': 'd', 'i': [[6, 138], [6, 139]]}]}",,,
20323,58,353,1341.549,editor,i,"['Within recent years, the use of automation has increased drastically and is now being integrated into various aspects of everyday life. However, this shift from humans performing tasks to machines performing tasks has sparked a debate about the ethical and practical implications of automation, raising questions about the potential for machines to replace humans in certain roles.', '', 'The utilitarian perspective emphasizes the benefits of automation in enhancing productivity and freeing up individuals from mundane and repetitive tasks. By delegating these tasks to machines, individuals can redirect their focus towards more meaningful and skill-enhancing opportunities that would otherwise not be feasible without automation.', '', 'Furthermore, proponents of the utilitarian view argue that machines outperform humans in low-skill jobs, as they are capable of working at a faster pace and with greater precision. Machines do not require breaks and can maintain consistency in performing repetitive tasks, leading to increased efficiency and quality of work compared to human labor.', '', 'However not everyone sees the ""good"" in using automation, the dystopian perspective is in disagreement and believes that machines are replacing humans', '']",acing humans',,,"[6, 138]","{'t': [1339230, 1341549], 'l': 12, 'o': [{'o': 'i', 'i': [6, 138], 'a': 'acing humans'}]}",,,
20324,58,354,1345.256,editor,i,"['Within recent years, the use of automation has increased drastically and is now being integrated into various aspects of everyday life. However, this shift from humans performing tasks to machines performing tasks has sparked a debate about the ethical and practical implications of automation, raising questions about the potential for machines to replace humans in certain roles.', '', 'The utilitarian perspective emphasizes the benefits of automation in enhancing productivity and freeing up individuals from mundane and repetitive tasks. By delegating these tasks to machines, individuals can redirect their focus towards more meaningful and skill-enhancing opportunities that would otherwise not be feasible without automation.', '', 'Furthermore, proponents of the utilitarian view argue that machines outperform humans in low-skill jobs, as they are capable of working at a faster pace and with greater precision. Machines do not require breaks and can maintain consistency in performing repetitive tasks, leading to increased efficiency and quality of work compared to human labor.', '', 'However not everyone sees the ""good"" in using automation, the dystopian perspective is in disagreement and believes that machines are replacing humans.', '']",.',,,"[6, 150]","{'t': 1345256, 'o': [{'o': 'i', 'i': [6, 150], 'a': '.'}]}",,,
20325,58,355,1352.702,editor,i,"['Within recent years, the use of automation has increased drastically and is now being integrated into various aspects of everyday life. However, this shift from humans performing tasks to machines performing tasks has sparked a debate about the ethical and practical implications of automation, raising questions about the potential for machines to replace humans in certain roles.', '', 'The utilitarian perspective emphasizes the benefits of automation in enhancing productivity and freeing up individuals from mundane and repetitive tasks. By delegating these tasks to machines, individuals can redirect their focus towards more meaningful and skill-enhancing opportunities that would otherwise not be feasible without automation.', '', 'Furthermore, proponents of the utilitarian view argue that machines outperform humans in low-skill jobs, as they are capable of working at a faster pace and with greater precision. Machines do not require breaks and can maintain consistency in performing repetitive tasks, leading to increased efficiency and quality of work compared to human labor.', '', 'However not everyone sees the ""good"" in using automation, the dystopian perspective is in disagreement and believes that machines are replacing humans. T', '']",T',,,"[6, 151]","{'t': [1348165, 1352702], 'l': 2, 'o': [{'o': 'i', 'i': [6, 151], 'a': ' T'}]}",,,
20326,58,356,1353.102,editor,i,"['Within recent years, the use of automation has increased drastically and is now being integrated into various aspects of everyday life. However, this shift from humans performing tasks to machines performing tasks has sparked a debate about the ethical and practical implications of automation, raising questions about the potential for machines to replace humans in certain roles.', '', 'The utilitarian perspective emphasizes the benefits of automation in enhancing productivity and freeing up individuals from mundane and repetitive tasks. By delegating these tasks to machines, individuals can redirect their focus towards more meaningful and skill-enhancing opportunities that would otherwise not be feasible without automation.', '', 'Furthermore, proponents of the utilitarian view argue that machines outperform humans in low-skill jobs, as they are capable of working at a faster pace and with greater precision. Machines do not require breaks and can maintain consistency in performing repetitive tasks, leading to increased efficiency and quality of work compared to human labor.', '', 'However not everyone sees the ""good"" in using automation, the dystopian perspective is in disagreement and believes that machines are replacing humans. Th', '']",h',,,"[6, 153]","{'t': 1353102, 'o': [{'o': 'i', 'i': [6, 153], 'a': 'h'}]}",,,
20327,58,357,1353.85,editor,d,"['Within recent years, the use of automation has increased drastically and is now being integrated into various aspects of everyday life. However, this shift from humans performing tasks to machines performing tasks has sparked a debate about the ethical and practical implications of automation, raising questions about the potential for machines to replace humans in certain roles.', '', 'The utilitarian perspective emphasizes the benefits of automation in enhancing productivity and freeing up individuals from mundane and repetitive tasks. By delegating these tasks to machines, individuals can redirect their focus towards more meaningful and skill-enhancing opportunities that would otherwise not be feasible without automation.', '', 'Furthermore, proponents of the utilitarian view argue that machines outperform humans in low-skill jobs, as they are capable of working at a faster pace and with greater precision. Machines do not require breaks and can maintain consistency in performing repetitive tasks, leading to increased efficiency and quality of work compared to human labor.', '', 'However not everyone sees the ""good"" in using automation, the dystopian perspective is in disagreement and believes that machines are replacing humans. ', '']",,Th',,"[[6, 152], [6, 154]]","{'t': [1353641, 1353850], 'l': 2, 'o': [{'o': 'd', 'i': [[6, 152], [6, 154]], 'd': [[1, 2]]}]}",,,
20328,58,358,1371.07,editor,o,"['Within recent years, the use of automation has increased drastically and is now being integrated into various aspects of everyday life. However, this shift from humans performing tasks to machines performing tasks has sparked a debate about the ethical and practical implications of automation, raising questions about the potential for machines to replace humans in certain roles.', '', 'The utilitarian perspective emphasizes the benefits of automation in enhancing productivity and freeing up individuals from mundane and repetitive tasks. By delegating these tasks to machines, individuals can redirect their focus towards more meaningful and skill-enhancing opportunities that would otherwise not be feasible without automation.', '', 'Furthermore, proponents of the utilitarian view argue that machines outperform humans in low-skill jobs, as they are capable of working at a faster pace and with greater precision. Machines do not require breaks and can maintain consistency in performing repetitive tasks, leading to increased efficiency and quality of work compared to human labor.', '', 'However not everyone sees the ""good"" in using automation, the dystopian perspective is in disagreement and believes that machines are replacing humans. ', '']",,,,"[6, 152]","{'t': 1371070, 'o': [{'o': 'o', 'i': [6, 152]}]}",,,
20329,58,359,1373.661,editor,i,"['Within recent years, the use of automation has increased drastically and is now being integrated into various aspects of everyday life. However, this shift from humans performing tasks to machines performing tasks has sparked a debate about the ethical and practical implications of automation, raising questions about the potential for machines to replace humans in certain roles.', '', 'The utilitarian perspective emphasizes the benefits of automation in enhancing productivity and freeing up individuals from mundane and repetitive tasks. By delegating these tasks to machines, individuals can redirect their focus towards more meaningful and skill-enhancing opportunities that would otherwise not be feasible without automation.', '', 'Furthermore, proponents of the utilitarian view argue that machines outperform humans in low-skill jobs, as they are capable of working at a faster pace and with greater precision. Machines do not require breaks and can maintain consistency in performing repetitive tasks, leading to increased efficiency and quality of work compared to human labor.', '', 'However not everyone sees the ""good"" in using automation, the dystopian perspective is in disagreement and believes that machines are replacing humans. T', '']",T',,,"[6, 152]","{'t': 1373661, 'o': [{'o': 'i', 'i': [6, 152], 'a': 'T'}]}",,,
20330,58,360,1376.915,editor,i,"['Within recent years, the use of automation has increased drastically and is now being integrated into various aspects of everyday life. However, this shift from humans performing tasks to machines performing tasks has sparked a debate about the ethical and practical implications of automation, raising questions about the potential for machines to replace humans in certain roles.', '', 'The utilitarian perspective emphasizes the benefits of automation in enhancing productivity and freeing up individuals from mundane and repetitive tasks. By delegating these tasks to machines, individuals can redirect their focus towards more meaningful and skill-enhancing opportunities that would otherwise not be feasible without automation.', '', 'Furthermore, proponents of the utilitarian view argue that machines outperform humans in low-skill jobs, as they are capable of working at a faster pace and with greater precision. Machines do not require breaks and can maintain consistency in performing repetitive tasks, leading to increased efficiency and quality of work compared to human labor.', '', 'However not everyone sees the ""good"" in using automation, the dystopian perspective is in disagreement and believes that machines are replacing humans. They believe that ', '']",hey believe that ',,,"[6, 153]","{'t': [1373970, 1376915], 'l': 17, 'o': [{'o': 'i', 'i': [6, 153], 'a': 'hey believe that '}]}",,,
20331,58,361,1386.732,editor,i,"['Within recent years, the use of automation has increased drastically and is now being integrated into various aspects of everyday life. However, this shift from humans performing tasks to machines performing tasks has sparked a debate about the ethical and practical implications of automation, raising questions about the potential for machines to replace humans in certain roles.', '', 'The utilitarian perspective emphasizes the benefits of automation in enhancing productivity and freeing up individuals from mundane and repetitive tasks. By delegating these tasks to machines, individuals can redirect their focus towards more meaningful and skill-enhancing opportunities that would otherwise not be feasible without automation.', '', 'Furthermore, proponents of the utilitarian view argue that machines outperform humans in low-skill jobs, as they are capable of working at a faster pace and with greater precision. Machines do not require breaks and can maintain consistency in performing repetitive tasks, leading to increased efficiency and quality of work compared to human labor.', '', 'However not everyone sees the ""good"" in using automation, the dystopian perspective is in disagreement and believes that machines are replacing humans. They believe that w', '']",w',,,"[6, 170]","{'t': 1386732, 'o': [{'o': 'i', 'i': [6, 170], 'a': 'w'}]}",,,
20332,58,362,1388.436,editor,i,"['Within recent years, the use of automation has increased drastically and is now being integrated into various aspects of everyday life. However, this shift from humans performing tasks to machines performing tasks has sparked a debate about the ethical and practical implications of automation, raising questions about the potential for machines to replace humans in certain roles.', '', 'The utilitarian perspective emphasizes the benefits of automation in enhancing productivity and freeing up individuals from mundane and repetitive tasks. By delegating these tasks to machines, individuals can redirect their focus towards more meaningful and skill-enhancing opportunities that would otherwise not be feasible without automation.', '', 'Furthermore, proponents of the utilitarian view argue that machines outperform humans in low-skill jobs, as they are capable of working at a faster pace and with greater precision. Machines do not require breaks and can maintain consistency in performing repetitive tasks, leading to increased efficiency and quality of work compared to human labor.', '', 'However not everyone sees the ""good"" in using automation, the dystopian perspective is in disagreement and believes that machines are replacing humans. They believe that when using ', '']",hen using ',,,"[6, 171]","{'t': [1386858, 1388436], 'l': 10, 'o': [{'o': 'i', 'i': [6, 171], 'a': 'hen using '}]}",,,
20333,58,363,1390.13,editor,i,"['Within recent years, the use of automation has increased drastically and is now being integrated into various aspects of everyday life. However, this shift from humans performing tasks to machines performing tasks has sparked a debate about the ethical and practical implications of automation, raising questions about the potential for machines to replace humans in certain roles.', '', 'The utilitarian perspective emphasizes the benefits of automation in enhancing productivity and freeing up individuals from mundane and repetitive tasks. By delegating these tasks to machines, individuals can redirect their focus towards more meaningful and skill-enhancing opportunities that would otherwise not be feasible without automation.', '', 'Furthermore, proponents of the utilitarian view argue that machines outperform humans in low-skill jobs, as they are capable of working at a faster pace and with greater precision. Machines do not require breaks and can maintain consistency in performing repetitive tasks, leading to increased efficiency and quality of work compared to human labor.', '', 'However not everyone sees the ""good"" in using automation, the dystopian perspective is in disagreement and believes that machines are replacing humans. They believe that when using m', '']",m',,,"[6, 181]","{'t': 1390130, 'o': [{'o': 'i', 'i': [6, 181], 'a': 'm'}]}",,,
20334,58,364,1391.359,editor,i,"['Within recent years, the use of automation has increased drastically and is now being integrated into various aspects of everyday life. However, this shift from humans performing tasks to machines performing tasks has sparked a debate about the ethical and practical implications of automation, raising questions about the potential for machines to replace humans in certain roles.', '', 'The utilitarian perspective emphasizes the benefits of automation in enhancing productivity and freeing up individuals from mundane and repetitive tasks. By delegating these tasks to machines, individuals can redirect their focus towards more meaningful and skill-enhancing opportunities that would otherwise not be feasible without automation.', '', 'Furthermore, proponents of the utilitarian view argue that machines outperform humans in low-skill jobs, as they are capable of working at a faster pace and with greater precision. Machines do not require breaks and can maintain consistency in performing repetitive tasks, leading to increased efficiency and quality of work compared to human labor.', '', 'However not everyone sees the ""good"" in using automation, the dystopian perspective is in disagreement and believes that machines are replacing humans. They believe that when using machines', '']",achines',,,"[6, 182]","{'t': [1390207, 1391359], 'l': 7, 'o': [{'o': 'i', 'i': [6, 182], 'a': 'achines'}]}",,,
20335,58,365,1394.968,editor,i,"['Within recent years, the use of automation has increased drastically and is now being integrated into various aspects of everyday life. However, this shift from humans performing tasks to machines performing tasks has sparked a debate about the ethical and practical implications of automation, raising questions about the potential for machines to replace humans in certain roles.', '', 'The utilitarian perspective emphasizes the benefits of automation in enhancing productivity and freeing up individuals from mundane and repetitive tasks. By delegating these tasks to machines, individuals can redirect their focus towards more meaningful and skill-enhancing opportunities that would otherwise not be feasible without automation.', '', 'Furthermore, proponents of the utilitarian view argue that machines outperform humans in low-skill jobs, as they are capable of working at a faster pace and with greater precision. Machines do not require breaks and can maintain consistency in performing repetitive tasks, leading to increased efficiency and quality of work compared to human labor.', '', 'However not everyone sees the ""good"" in using automation, the dystopian perspective is in disagreement and believes that machines are replacing humans. They believe that when using machines ', '']",,,,"[6, 189]","{'t': 1394968, 'o': [{'o': 'i', 'i': [6, 189], 'a': ' '}]}",,,
20336,58,366,1396.881,editor,i,"['Within recent years, the use of automation has increased drastically and is now being integrated into various aspects of everyday life. However, this shift from humans performing tasks to machines performing tasks has sparked a debate about the ethical and practical implications of automation, raising questions about the potential for machines to replace humans in certain roles.', '', 'The utilitarian perspective emphasizes the benefits of automation in enhancing productivity and freeing up individuals from mundane and repetitive tasks. By delegating these tasks to machines, individuals can redirect their focus towards more meaningful and skill-enhancing opportunities that would otherwise not be feasible without automation.', '', 'Furthermore, proponents of the utilitarian view argue that machines outperform humans in low-skill jobs, as they are capable of working at a faster pace and with greater precision. Machines do not require breaks and can maintain consistency in performing repetitive tasks, leading to increased efficiency and quality of work compared to human labor.', '', 'However not everyone sees the ""good"" in using automation, the dystopian perspective is in disagreement and believes that machines are replacing humans. They believe that when using machines insteaf o', '']",insteaf o',,,"[6, 190]","{'t': [1395281, 1396881], 'l': 9, 'o': [{'o': 'i', 'i': [6, 190], 'a': 'insteaf o'}]}",,,
20337,58,367,1397.467,editor,d,"['Within recent years, the use of automation has increased drastically and is now being integrated into various aspects of everyday life. However, this shift from humans performing tasks to machines performing tasks has sparked a debate about the ethical and practical implications of automation, raising questions about the potential for machines to replace humans in certain roles.', '', 'The utilitarian perspective emphasizes the benefits of automation in enhancing productivity and freeing up individuals from mundane and repetitive tasks. By delegating these tasks to machines, individuals can redirect their focus towards more meaningful and skill-enhancing opportunities that would otherwise not be feasible without automation.', '', 'Furthermore, proponents of the utilitarian view argue that machines outperform humans in low-skill jobs, as they are capable of working at a faster pace and with greater precision. Machines do not require breaks and can maintain consistency in performing repetitive tasks, leading to increased efficiency and quality of work compared to human labor.', '', 'However not everyone sees the ""good"" in using automation, the dystopian perspective is in disagreement and believes that machines are replacing humans. They believe that when using machines instea', '']",,f o',,"[[6, 196], [6, 199]]","{'t': [1397220, 1397467], 'l': 3, 'o': [{'o': 'd', 'i': [[6, 196], [6, 199]], 'd': [[1, 3]]}]}",,,
20338,58,368,1406.96,editor,i,"['Within recent years, the use of automation has increased drastically and is now being integrated into various aspects of everyday life. However, this shift from humans performing tasks to machines performing tasks has sparked a debate about the ethical and practical implications of automation, raising questions about the potential for machines to replace humans in certain roles.', '', 'The utilitarian perspective emphasizes the benefits of automation in enhancing productivity and freeing up individuals from mundane and repetitive tasks. By delegating these tasks to machines, individuals can redirect their focus towards more meaningful and skill-enhancing opportunities that would otherwise not be feasible without automation.', '', 'Furthermore, proponents of the utilitarian view argue that machines outperform humans in low-skill jobs, as they are capable of working at a faster pace and with greater precision. Machines do not require breaks and can maintain consistency in performing repetitive tasks, leading to increased efficiency and quality of work compared to human labor.', '', 'However not everyone sees the ""good"" in using automation, the dystopian perspective is in disagreement and believes that machines are replacing humans. They believe that when using machines instead of people, we begin to lose our ', '']","d of people, we begin to lose our '",,,"[6, 196]","{'t': [1397636, 1406960], 'l': 34, 'o': [{'o': 'i', 'i': [6, 196], 'a': 'd of people, we begin to lose our '}]}",,,
20339,58,369,1410.31,editor,d,"['Within recent years, the use of automation has increased drastically and is now being integrated into various aspects of everyday life. However, this shift from humans performing tasks to machines performing tasks has sparked a debate about the ethical and practical implications of automation, raising questions about the potential for machines to replace humans in certain roles.', '', 'The utilitarian perspective emphasizes the benefits of automation in enhancing productivity and freeing up individuals from mundane and repetitive tasks. By delegating these tasks to machines, individuals can redirect their focus towards more meaningful and skill-enhancing opportunities that would otherwise not be feasible without automation.', '', 'Furthermore, proponents of the utilitarian view argue that machines outperform humans in low-skill jobs, as they are capable of working at a faster pace and with greater precision. Machines do not require breaks and can maintain consistency in performing repetitive tasks, leading to increased efficiency and quality of work compared to human labor.', '', 'However not everyone sees the ""good"" in using automation, the dystopian perspective is in disagreement and believes that machines are replacing humans. They believe that when using machines instead of people, we begin to lose our', '']",,,,"[[6, 229], [6, 230]]","{'t': 1410310, 'o': [{'o': 'd', 'i': [[6, 229], [6, 230]]}]}",,,
20340,58,370,1411.122,editor,d,"['Within recent years, the use of automation has increased drastically and is now being integrated into various aspects of everyday life. However, this shift from humans performing tasks to machines performing tasks has sparked a debate about the ethical and practical implications of automation, raising questions about the potential for machines to replace humans in certain roles.', '', 'The utilitarian perspective emphasizes the benefits of automation in enhancing productivity and freeing up individuals from mundane and repetitive tasks. By delegating these tasks to machines, individuals can redirect their focus towards more meaningful and skill-enhancing opportunities that would otherwise not be feasible without automation.', '', 'Furthermore, proponents of the utilitarian view argue that machines outperform humans in low-skill jobs, as they are capable of working at a faster pace and with greater precision. Machines do not require breaks and can maintain consistency in performing repetitive tasks, leading to increased efficiency and quality of work compared to human labor.', '', 'However not everyone sees the ""good"" in using automation, the dystopian perspective is in disagreement and believes that machines are replacing humans. They believe that when using machines instead of people, we begin to lose', '']",,our',,"[[6, 225], [6, 229]]","{'t': [1410556, 1411122], 'l': 4, 'o': [{'o': 'd', 'i': [[6, 225], [6, 229]], 'd': [[1, 4]]}]}",,,
20341,58,371,1412.399,editor,d,"['Within recent years, the use of automation has increased drastically and is now being integrated into various aspects of everyday life. However, this shift from humans performing tasks to machines performing tasks has sparked a debate about the ethical and practical implications of automation, raising questions about the potential for machines to replace humans in certain roles.', '', 'The utilitarian perspective emphasizes the benefits of automation in enhancing productivity and freeing up individuals from mundane and repetitive tasks. By delegating these tasks to machines, individuals can redirect their focus towards more meaningful and skill-enhancing opportunities that would otherwise not be feasible without automation.', '', 'Furthermore, proponents of the utilitarian view argue that machines outperform humans in low-skill jobs, as they are capable of working at a faster pace and with greater precision. Machines do not require breaks and can maintain consistency in performing repetitive tasks, leading to increased efficiency and quality of work compared to human labor.', '', 'However not everyone sees the ""good"" in using automation, the dystopian perspective is in disagreement and believes that machines are replacing humans. They believe that when using machines instead of people, we begin to los', '']",,e',,"[[6, 224], [6, 225]]","{'t': 1412399, 'o': [{'o': 'd', 'i': [[6, 224], [6, 225]]}]}",,,
20342,58,372,1412.935,editor,d,"['Within recent years, the use of automation has increased drastically and is now being integrated into various aspects of everyday life. However, this shift from humans performing tasks to machines performing tasks has sparked a debate about the ethical and practical implications of automation, raising questions about the potential for machines to replace humans in certain roles.', '', 'The utilitarian perspective emphasizes the benefits of automation in enhancing productivity and freeing up individuals from mundane and repetitive tasks. By delegating these tasks to machines, individuals can redirect their focus towards more meaningful and skill-enhancing opportunities that would otherwise not be feasible without automation.', '', 'Furthermore, proponents of the utilitarian view argue that machines outperform humans in low-skill jobs, as they are capable of working at a faster pace and with greater precision. Machines do not require breaks and can maintain consistency in performing repetitive tasks, leading to increased efficiency and quality of work compared to human labor.', '', 'However not everyone sees the ""good"" in using automation, the dystopian perspective is in disagreement and believes that machines are replacing humans. They believe that when using machines instead of people, we begin to ', '']",,los',,"[[6, 221], [6, 224]]","{'t': [1412576, 1412935], 'l': 3, 'o': [{'o': 'd', 'i': [[6, 221], [6, 224]], 'd': [[1, 3]]}]}",,,
20343,58,373,1417.546,editor,i,"['Within recent years, the use of automation has increased drastically and is now being integrated into various aspects of everyday life. However, this shift from humans performing tasks to machines performing tasks has sparked a debate about the ethical and practical implications of automation, raising questions about the potential for machines to replace humans in certain roles.', '', 'The utilitarian perspective emphasizes the benefits of automation in enhancing productivity and freeing up individuals from mundane and repetitive tasks. By delegating these tasks to machines, individuals can redirect their focus towards more meaningful and skill-enhancing opportunities that would otherwise not be feasible without automation.', '', 'Furthermore, proponents of the utilitarian view argue that machines outperform humans in low-skill jobs, as they are capable of working at a faster pace and with greater precision. Machines do not require breaks and can maintain consistency in performing repetitive tasks, leading to increased efficiency and quality of work compared to human labor.', '', 'However not everyone sees the ""good"" in using automation, the dystopian perspective is in disagreement and believes that machines are replacing humans. They believe that when using machines instead of people, we begin to experience the loss of ', '']",experience the loss of ',,,"[6, 221]","{'t': [1413107, 1417546], 'l': 23, 'o': [{'o': 'i', 'i': [6, 221], 'a': 'experience the loss of '}]}",,,
20344,58,374,1424.339,editor,i,"['Within recent years, the use of automation has increased drastically and is now being integrated into various aspects of everyday life. However, this shift from humans performing tasks to machines performing tasks has sparked a debate about the ethical and practical implications of automation, raising questions about the potential for machines to replace humans in certain roles.', '', 'The utilitarian perspective emphasizes the benefits of automation in enhancing productivity and freeing up individuals from mundane and repetitive tasks. By delegating these tasks to machines, individuals can redirect their focus towards more meaningful and skill-enhancing opportunities that would otherwise not be feasible without automation.', '', 'Furthermore, proponents of the utilitarian view argue that machines outperform humans in low-skill jobs, as they are capable of working at a faster pace and with greater precision. Machines do not require breaks and can maintain consistency in performing repetitive tasks, leading to increased efficiency and quality of work compared to human labor.', '', 'However not everyone sees the ""good"" in using automation, the dystopian perspective is in disagreement and believes that machines are replacing humans. They believe that when using machines instead of people, we begin to experience the loss of o', '']",o',,,"[6, 244]","{'t': 1424339, 'o': [{'o': 'i', 'i': [6, 244], 'a': 'o'}]}",,,
20345,58,375,1427.241,editor,i,"['Within recent years, the use of automation has increased drastically and is now being integrated into various aspects of everyday life. However, this shift from humans performing tasks to machines performing tasks has sparked a debate about the ethical and practical implications of automation, raising questions about the potential for machines to replace humans in certain roles.', '', 'The utilitarian perspective emphasizes the benefits of automation in enhancing productivity and freeing up individuals from mundane and repetitive tasks. By delegating these tasks to machines, individuals can redirect their focus towards more meaningful and skill-enhancing opportunities that would otherwise not be feasible without automation.', '', 'Furthermore, proponents of the utilitarian view argue that machines outperform humans in low-skill jobs, as they are capable of working at a faster pace and with greater precision. Machines do not require breaks and can maintain consistency in performing repetitive tasks, leading to increased efficiency and quality of work compared to human labor.', '', 'However not everyone sees the ""good"" in using automation, the dystopian perspective is in disagreement and believes that machines are replacing humans. They believe that when using machines instead of people, we begin to experience the loss of our humanity ', '']",ur humanity ',,,"[6, 245]","{'t': [1424632, 1427241], 'l': 12, 'o': [{'o': 'i', 'i': [6, 245], 'a': 'ur humanity '}]}",,,
20346,58,376,1428.548,editor,d,"['Within recent years, the use of automation has increased drastically and is now being integrated into various aspects of everyday life. However, this shift from humans performing tasks to machines performing tasks has sparked a debate about the ethical and practical implications of automation, raising questions about the potential for machines to replace humans in certain roles.', '', 'The utilitarian perspective emphasizes the benefits of automation in enhancing productivity and freeing up individuals from mundane and repetitive tasks. By delegating these tasks to machines, individuals can redirect their focus towards more meaningful and skill-enhancing opportunities that would otherwise not be feasible without automation.', '', 'Furthermore, proponents of the utilitarian view argue that machines outperform humans in low-skill jobs, as they are capable of working at a faster pace and with greater precision. Machines do not require breaks and can maintain consistency in performing repetitive tasks, leading to increased efficiency and quality of work compared to human labor.', '', 'However not everyone sees the ""good"" in using automation, the dystopian perspective is in disagreement and believes that machines are replacing humans. They believe that when using machines instead of people, we begin to experience the loss of our humanity', '']",,,,"[[6, 256], [6, 257]]","{'t': 1428548, 'o': [{'o': 'd', 'i': [[6, 256], [6, 257]]}]}",,,
20347,58,377,1430.301,editor,i,"['Within recent years, the use of automation has increased drastically and is now being integrated into various aspects of everyday life. However, this shift from humans performing tasks to machines performing tasks has sparked a debate about the ethical and practical implications of automation, raising questions about the potential for machines to replace humans in certain roles.', '', 'The utilitarian perspective emphasizes the benefits of automation in enhancing productivity and freeing up individuals from mundane and repetitive tasks. By delegating these tasks to machines, individuals can redirect their focus towards more meaningful and skill-enhancing opportunities that would otherwise not be feasible without automation.', '', 'Furthermore, proponents of the utilitarian view argue that machines outperform humans in low-skill jobs, as they are capable of working at a faster pace and with greater precision. Machines do not require breaks and can maintain consistency in performing repetitive tasks, leading to increased efficiency and quality of work compared to human labor.', '', 'However not everyone sees the ""good"" in using automation, the dystopian perspective is in disagreement and believes that machines are replacing humans. They believe that when using machines instead of people, we begin to experience the loss of our humanity and ', '']",and ',,,"[6, 256]","{'t': [1429601, 1430301], 'l': 5, 'o': [{'o': 'i', 'i': [6, 256], 'a': ' and '}]}",,,
20348,58,378,1431.905,editor,d,"['Within recent years, the use of automation has increased drastically and is now being integrated into various aspects of everyday life. However, this shift from humans performing tasks to machines performing tasks has sparked a debate about the ethical and practical implications of automation, raising questions about the potential for machines to replace humans in certain roles.', '', 'The utilitarian perspective emphasizes the benefits of automation in enhancing productivity and freeing up individuals from mundane and repetitive tasks. By delegating these tasks to machines, individuals can redirect their focus towards more meaningful and skill-enhancing opportunities that would otherwise not be feasible without automation.', '', 'Furthermore, proponents of the utilitarian view argue that machines outperform humans in low-skill jobs, as they are capable of working at a faster pace and with greater precision. Machines do not require breaks and can maintain consistency in performing repetitive tasks, leading to increased efficiency and quality of work compared to human labor.', '', 'However not everyone sees the ""good"" in using automation, the dystopian perspective is in disagreement and believes that machines are replacing humans. They believe that when using machines instead of people, we begin to experience the loss of our humanity and', '']",,,,"[[6, 260], [6, 261]]","{'t': 1431905, 'o': [{'o': 'd', 'i': [[6, 260], [6, 261]]}]}",,,
20349,58,379,1432.693,editor,d,"['Within recent years, the use of automation has increased drastically and is now being integrated into various aspects of everyday life. However, this shift from humans performing tasks to machines performing tasks has sparked a debate about the ethical and practical implications of automation, raising questions about the potential for machines to replace humans in certain roles.', '', 'The utilitarian perspective emphasizes the benefits of automation in enhancing productivity and freeing up individuals from mundane and repetitive tasks. By delegating these tasks to machines, individuals can redirect their focus towards more meaningful and skill-enhancing opportunities that would otherwise not be feasible without automation.', '', 'Furthermore, proponents of the utilitarian view argue that machines outperform humans in low-skill jobs, as they are capable of working at a faster pace and with greater precision. Machines do not require breaks and can maintain consistency in performing repetitive tasks, leading to increased efficiency and quality of work compared to human labor.', '', 'However not everyone sees the ""good"" in using automation, the dystopian perspective is in disagreement and believes that machines are replacing humans. They believe that when using machines instead of people, we begin to experience the loss of our humanity', '']",,and',,"[[6, 256], [6, 260]]","{'t': [1432132, 1432693], 'l': 4, 'o': [{'o': 'd', 'i': [[6, 256], [6, 260]], 'd': [[1, 4]]}]}",,,
20350,58,380,1437.359,editor,i,"['Within recent years, the use of automation has increased drastically and is now being integrated into various aspects of everyday life. However, this shift from humans performing tasks to machines performing tasks has sparked a debate about the ethical and practical implications of automation, raising questions about the potential for machines to replace humans in certain roles.', '', 'The utilitarian perspective emphasizes the benefits of automation in enhancing productivity and freeing up individuals from mundane and repetitive tasks. By delegating these tasks to machines, individuals can redirect their focus towards more meaningful and skill-enhancing opportunities that would otherwise not be feasible without automation.', '', 'Furthermore, proponents of the utilitarian view argue that machines outperform humans in low-skill jobs, as they are capable of working at a faster pace and with greater precision. Machines do not require breaks and can maintain consistency in performing repetitive tasks, leading to increased efficiency and quality of work compared to human labor.', '', 'However not everyone sees the ""good"" in using automation, the dystopian perspective is in disagreement and believes that machines are replacing humans. They believe that when using machines instead of people, we begin to experience the loss of our humanity.', '']",.',,,"[6, 256]","{'t': 1437359, 'o': [{'o': 'i', 'i': [6, 256], 'a': '.'}]}",,,
20351,58,381,1438.926,editor,d,"['Within recent years, the use of automation has increased drastically and is now being integrated into various aspects of everyday life. However, this shift from humans performing tasks to machines performing tasks has sparked a debate about the ethical and practical implications of automation, raising questions about the potential for machines to replace humans in certain roles.', '', 'The utilitarian perspective emphasizes the benefits of automation in enhancing productivity and freeing up individuals from mundane and repetitive tasks. By delegating these tasks to machines, individuals can redirect their focus towards more meaningful and skill-enhancing opportunities that would otherwise not be feasible without automation.', '', 'Furthermore, proponents of the utilitarian view argue that machines outperform humans in low-skill jobs, as they are capable of working at a faster pace and with greater precision. Machines do not require breaks and can maintain consistency in performing repetitive tasks, leading to increased efficiency and quality of work compared to human labor.', '', 'However not everyone sees the ""good"" in using automation, the dystopian perspective is in disagreement and believes that machines are replacing humans. They believe that when using machines instead of people, we begin to experience the loss of our humanity', '']",,.',,"[[6, 256], [6, 257]]","{'t': 1438926, 'o': [{'o': 'd', 'i': [[6, 256], [6, 257]]}]}",,,
20352,58,382,1439.483,editor,i,"['Within recent years, the use of automation has increased drastically and is now being integrated into various aspects of everyday life. However, this shift from humans performing tasks to machines performing tasks has sparked a debate about the ethical and practical implications of automation, raising questions about the potential for machines to replace humans in certain roles.', '', 'The utilitarian perspective emphasizes the benefits of automation in enhancing productivity and freeing up individuals from mundane and repetitive tasks. By delegating these tasks to machines, individuals can redirect their focus towards more meaningful and skill-enhancing opportunities that would otherwise not be feasible without automation.', '', 'Furthermore, proponents of the utilitarian view argue that machines outperform humans in low-skill jobs, as they are capable of working at a faster pace and with greater precision. Machines do not require breaks and can maintain consistency in performing repetitive tasks, leading to increased efficiency and quality of work compared to human labor.', '', 'However not everyone sees the ""good"" in using automation, the dystopian perspective is in disagreement and believes that machines are replacing humans. They believe that when using machines instead of people, we begin to experience the loss of our humanity ', '']",,,,"[6, 256]","{'t': 1439483, 'o': [{'o': 'i', 'i': [6, 256], 'a': ' '}]}",,,
20353,58,383,1440.842,editor,i,"['Within recent years, the use of automation has increased drastically and is now being integrated into various aspects of everyday life. However, this shift from humans performing tasks to machines performing tasks has sparked a debate about the ethical and practical implications of automation, raising questions about the potential for machines to replace humans in certain roles.', '', 'The utilitarian perspective emphasizes the benefits of automation in enhancing productivity and freeing up individuals from mundane and repetitive tasks. By delegating these tasks to machines, individuals can redirect their focus towards more meaningful and skill-enhancing opportunities that would otherwise not be feasible without automation.', '', 'Furthermore, proponents of the utilitarian view argue that machines outperform humans in low-skill jobs, as they are capable of working at a faster pace and with greater precision. Machines do not require breaks and can maintain consistency in performing repetitive tasks, leading to increased efficiency and quality of work compared to human labor.', '', 'However not everyone sees the ""good"" in using automation, the dystopian perspective is in disagreement and believes that machines are replacing humans. They believe that when using machines instead of people, we begin to experience the loss of our humanity w', '']",w',,,"[6, 257]","{'t': 1440842, 'o': [{'o': 'i', 'i': [6, 257], 'a': 'w'}]}",,,
20354,58,384,1442.609,editor,i,"['Within recent years, the use of automation has increased drastically and is now being integrated into various aspects of everyday life. However, this shift from humans performing tasks to machines performing tasks has sparked a debate about the ethical and practical implications of automation, raising questions about the potential for machines to replace humans in certain roles.', '', 'The utilitarian perspective emphasizes the benefits of automation in enhancing productivity and freeing up individuals from mundane and repetitive tasks. By delegating these tasks to machines, individuals can redirect their focus towards more meaningful and skill-enhancing opportunities that would otherwise not be feasible without automation.', '', 'Furthermore, proponents of the utilitarian view argue that machines outperform humans in low-skill jobs, as they are capable of working at a faster pace and with greater precision. Machines do not require breaks and can maintain consistency in performing repetitive tasks, leading to increased efficiency and quality of work compared to human labor.', '', 'However not everyone sees the ""good"" in using automation, the dystopian perspective is in disagreement and believes that machines are replacing humans. They believe that when using machines instead of people, we begin to experience the loss of our humanity when it o', '']",hen it o',,,"[6, 258]","{'t': [1441030, 1442609], 'l': 8, 'o': [{'o': 'i', 'i': [6, 258], 'a': 'hen it o'}]}",,,
20355,58,385,1442.958,editor,d,"['Within recent years, the use of automation has increased drastically and is now being integrated into various aspects of everyday life. However, this shift from humans performing tasks to machines performing tasks has sparked a debate about the ethical and practical implications of automation, raising questions about the potential for machines to replace humans in certain roles.', '', 'The utilitarian perspective emphasizes the benefits of automation in enhancing productivity and freeing up individuals from mundane and repetitive tasks. By delegating these tasks to machines, individuals can redirect their focus towards more meaningful and skill-enhancing opportunities that would otherwise not be feasible without automation.', '', 'Furthermore, proponents of the utilitarian view argue that machines outperform humans in low-skill jobs, as they are capable of working at a faster pace and with greater precision. Machines do not require breaks and can maintain consistency in performing repetitive tasks, leading to increased efficiency and quality of work compared to human labor.', '', 'However not everyone sees the ""good"" in using automation, the dystopian perspective is in disagreement and believes that machines are replacing humans. They believe that when using machines instead of people, we begin to experience the loss of our humanity when it ', '']",,o',,"[[6, 265], [6, 266]]","{'t': 1442958, 'o': [{'o': 'd', 'i': [[6, 265], [6, 266]]}]}",,,
20356,58,386,1444.386,editor,i,"['Within recent years, the use of automation has increased drastically and is now being integrated into various aspects of everyday life. However, this shift from humans performing tasks to machines performing tasks has sparked a debate about the ethical and practical implications of automation, raising questions about the potential for machines to replace humans in certain roles.', '', 'The utilitarian perspective emphasizes the benefits of automation in enhancing productivity and freeing up individuals from mundane and repetitive tasks. By delegating these tasks to machines, individuals can redirect their focus towards more meaningful and skill-enhancing opportunities that would otherwise not be feasible without automation.', '', 'Furthermore, proponents of the utilitarian view argue that machines outperform humans in low-skill jobs, as they are capable of working at a faster pace and with greater precision. Machines do not require breaks and can maintain consistency in performing repetitive tasks, leading to increased efficiency and quality of work compared to human labor.', '', 'However not everyone sees the ""good"" in using automation, the dystopian perspective is in disagreement and believes that machines are replacing humans. They believe that when using machines instead of people, we begin to experience the loss of our humanity when it comes to ', '']",comes to ',,,"[6, 265]","{'t': [1443082, 1444386], 'l': 9, 'o': [{'o': 'i', 'i': [6, 265], 'a': 'comes to '}]}",,,
20357,58,387,1450.787,editor,d,"['Within recent years, the use of automation has increased drastically and is now being integrated into various aspects of everyday life. However, this shift from humans performing tasks to machines performing tasks has sparked a debate about the ethical and practical implications of automation, raising questions about the potential for machines to replace humans in certain roles.', '', 'The utilitarian perspective emphasizes the benefits of automation in enhancing productivity and freeing up individuals from mundane and repetitive tasks. By delegating these tasks to machines, individuals can redirect their focus towards more meaningful and skill-enhancing opportunities that would otherwise not be feasible without automation.', '', 'Furthermore, proponents of the utilitarian view argue that machines outperform humans in low-skill jobs, as they are capable of working at a faster pace and with greater precision. Machines do not require breaks and can maintain consistency in performing repetitive tasks, leading to increased efficiency and quality of work compared to human labor.', '', 'However not everyone sees the ""good"" in using automation, the dystopian perspective is in disagreement and believes that machines are replacing humans. They believe that when using machines instead of people, we begin to experience the loss of our humanity when it comes to', '']",,,,"[[6, 273], [6, 274]]","{'t': 1450787, 'o': [{'o': 'd', 'i': [[6, 273], [6, 274]]}]}",,,
20358,58,388,1453.443,editor,d,"['Within recent years, the use of automation has increased drastically and is now being integrated into various aspects of everyday life. However, this shift from humans performing tasks to machines performing tasks has sparked a debate about the ethical and practical implications of automation, raising questions about the potential for machines to replace humans in certain roles.', '', 'The utilitarian perspective emphasizes the benefits of automation in enhancing productivity and freeing up individuals from mundane and repetitive tasks. By delegating these tasks to machines, individuals can redirect their focus towards more meaningful and skill-enhancing opportunities that would otherwise not be feasible without automation.', '', 'Furthermore, proponents of the utilitarian view argue that machines outperform humans in low-skill jobs, as they are capable of working at a faster pace and with greater precision. Machines do not require breaks and can maintain consistency in performing repetitive tasks, leading to increased efficiency and quality of work compared to human labor.', '', 'However not everyone sees the ""good"" in using automation, the dystopian perspective is in disagreement and believes that machines are replacing humans. They believe that when using machines instead of people, we begin to experience the loss of our humanity', '']",,when it comes to',,"[[6, 256], [6, 273]]","{'t': [1450973, 1453443], 'l': 17, 'o': [{'o': 'd', 'i': [[6, 256], [6, 273]], 'd': [[1, 17]]}]}",,,
20359,58,389,1462.653,editor,i,"['Within recent years, the use of automation has increased drastically and is now being integrated into various aspects of everyday life. However, this shift from humans performing tasks to machines performing tasks has sparked a debate about the ethical and practical implications of automation, raising questions about the potential for machines to replace humans in certain roles.', '', 'The utilitarian perspective emphasizes the benefits of automation in enhancing productivity and freeing up individuals from mundane and repetitive tasks. By delegating these tasks to machines, individuals can redirect their focus towards more meaningful and skill-enhancing opportunities that would otherwise not be feasible without automation.', '', 'Furthermore, proponents of the utilitarian view argue that machines outperform humans in low-skill jobs, as they are capable of working at a faster pace and with greater precision. Machines do not require breaks and can maintain consistency in performing repetitive tasks, leading to increased efficiency and quality of work compared to human labor.', '', 'However not everyone sees the ""good"" in using automation, the dystopian perspective is in disagreement and believes that machines are replacing humans. They believe that when using machines instead of people, we begin to experience the loss of our humanity as we no longer are having encounters with ', '']",as we no longer are having encounters with ',,,"[6, 256]","{'t': [1454041, 1462653], 'l': 44, 'o': [{'o': 'i', 'i': [6, 256], 'a': ' as we no longer are having encounters with '}]}",,,
20360,58,390,1465.997,editor,i,"['Within recent years, the use of automation has increased drastically and is now being integrated into various aspects of everyday life. However, this shift from humans performing tasks to machines performing tasks has sparked a debate about the ethical and practical implications of automation, raising questions about the potential for machines to replace humans in certain roles.', '', 'The utilitarian perspective emphasizes the benefits of automation in enhancing productivity and freeing up individuals from mundane and repetitive tasks. By delegating these tasks to machines, individuals can redirect their focus towards more meaningful and skill-enhancing opportunities that would otherwise not be feasible without automation.', '', 'Furthermore, proponents of the utilitarian view argue that machines outperform humans in low-skill jobs, as they are capable of working at a faster pace and with greater precision. Machines do not require breaks and can maintain consistency in performing repetitive tasks, leading to increased efficiency and quality of work compared to human labor.', '', 'However not everyone sees the ""good"" in using automation, the dystopian perspective is in disagreement and believes that machines are replacing humans. They believe that when using machines instead of people, we begin to experience the loss of our humanity as we no longer are having encounters with o', '']",o',,,"[6, 300]","{'t': 1465997, 'o': [{'o': 'i', 'i': [6, 300], 'a': 'o'}]}",,,
20361,58,391,1468.037,editor,i,"['Within recent years, the use of automation has increased drastically and is now being integrated into various aspects of everyday life. However, this shift from humans performing tasks to machines performing tasks has sparked a debate about the ethical and practical implications of automation, raising questions about the potential for machines to replace humans in certain roles.', '', 'The utilitarian perspective emphasizes the benefits of automation in enhancing productivity and freeing up individuals from mundane and repetitive tasks. By delegating these tasks to machines, individuals can redirect their focus towards more meaningful and skill-enhancing opportunities that would otherwise not be feasible without automation.', '', 'Furthermore, proponents of the utilitarian view argue that machines outperform humans in low-skill jobs, as they are capable of working at a faster pace and with greater precision. Machines do not require breaks and can maintain consistency in performing repetitive tasks, leading to increased efficiency and quality of work compared to human labor.', '', 'However not everyone sees the ""good"" in using automation, the dystopian perspective is in disagreement and believes that machines are replacing humans. They believe that when using machines instead of people, we begin to experience the loss of our humanity as we no longer are having encounters with our peers.', '']",ur peers.',,,"[6, 301]","{'t': [1466241, 1468037], 'l': 9, 'o': [{'o': 'i', 'i': [6, 301], 'a': 'ur peers.'}]}",,,
20362,58,392,1469.803,editor,o,"['Within recent years, the use of automation has increased drastically and is now being integrated into various aspects of everyday life. However, this shift from humans performing tasks to machines performing tasks has sparked a debate about the ethical and practical implications of automation, raising questions about the potential for machines to replace humans in certain roles.', '', 'The utilitarian perspective emphasizes the benefits of automation in enhancing productivity and freeing up individuals from mundane and repetitive tasks. By delegating these tasks to machines, individuals can redirect their focus towards more meaningful and skill-enhancing opportunities that would otherwise not be feasible without automation.', '', 'Furthermore, proponents of the utilitarian view argue that machines outperform humans in low-skill jobs, as they are capable of working at a faster pace and with greater precision. Machines do not require breaks and can maintain consistency in performing repetitive tasks, leading to increased efficiency and quality of work compared to human labor.', '', 'However not everyone sees the ""good"" in using automation, the dystopian perspective is in disagreement and believes that machines are replacing humans. They believe that when using machines instead of people, we begin to experience the loss of our humanity as we no longer are having encounters with our peers.', '']",,,,"[6, 310]","{'t': 1469803, 'o': [{'o': 'o', 'i': [6, 310]}]}",,,
20363,58,393,1470.267,editor,l,"['Within recent years, the use of automation has increased drastically and is now being integrated into various aspects of everyday life. However, this shift from humans performing tasks to machines performing tasks has sparked a debate about the ethical and practical implications of automation, raising questions about the potential for machines to replace humans in certain roles.', '', 'The utilitarian perspective emphasizes the benefits of automation in enhancing productivity and freeing up individuals from mundane and repetitive tasks. By delegating these tasks to machines, individuals can redirect their focus towards more meaningful and skill-enhancing opportunities that would otherwise not be feasible without automation.', '', 'Furthermore, proponents of the utilitarian view argue that machines outperform humans in low-skill jobs, as they are capable of working at a faster pace and with greater precision. Machines do not require breaks and can maintain consistency in performing repetitive tasks, leading to increased efficiency and quality of work compared to human labor.', '', 'However not everyone sees the ""good"" in using automation, the dystopian perspective is in disagreement and believes that machines are replacing humans. They believe that when using machines instead of people, we begin to experience the loss of our humanity as we no longer are having encounters with our peers.', '']",,,"However not everyone sees the ""good"" in using automation, the dystopian perspective is in disagreement and believes that machines are replacing humans. They believe that when using machines instead of people, we begin to experience the loss of our humanity as we no longer are having encounters with our peers.'","[[6, 310], [6, 0]]","{'t': [1469983, 1470267], 'l': 14, 'o': [{'o': 'l', 'i': [6, 310], 's': [[6, [309, 235, 229, 159, 156, [81, 79], [77, 75], [2, 0]]]]}]}",,,
20364,58,394,1475.752,editor,y,,,,"However not everyone sees the ""good"" in using automation, the dystopian perspective is in disagreement and believes that machines are replacing humans. They believe that when using machines instead of people, we begin to experience the loss of our humanity as we no longer are having encounters with our peers.",,,,,
20365,58,395,1522.134,gpt,p,,,,"However not everyone sees the ""good"" in using automation, the dystopian perspective is in disagreement and believes that machines are replacing humans. They believe that when using machines instead of people, we begin to experience the loss of our humanity as we no longer are having encounters with our peers.",,,,,
20366,58,396,1523.323,gpt,gpt_inquiry,,,,"With the previously given information about the dystopian view how would you change/elaborate on this paragraph: However not everyone sees the ""good"" in using automation, the dystopian perspective is in disagreement and believes that machines are replacing humans. They believe that when using machines instead of people, we begin to experience the loss of our humanity as we no longer are having encounters with our peers.",,,,,
20367,58,397,1525.181,gpt,gpt_response,,,,"However, not everyone perceives automation as a purely beneficial development; the dystopian perspective offers a contrasting viewpoint. According to this perspective, the increasing reliance on machines to perform tasks previously undertaken by humans is viewed as a threat to our sense of humanity. The dystopian view posits that as machines replace humans in various roles, there is a gradual erosion of meaningful human-to-human interactions. The loss of these interpersonal connections is seen as a potential consequence of excessive automation, leading to a detachment from basic social values such as courtesy, respect, and empathy in everyday interactions.",,,,,
20368,58,398,1535.583,gpt,y,,,,"However, not everyone perceives automation as a purely beneficial development; the dystopian perspective offers a contrasting viewpoint. According to this perspective, the increasing reliance on machines to perform tasks previously undertaken by humans is viewed as a threat to our sense of humanity. The dystopian view posits that as machines replace humans in various roles, there is a gradual erosion of meaningful human-to-human interactions. The loss of these interpersonal connections is seen as a potential consequence of excessive automation, leading to a detachment from basic social values such as courtesy, respect, and empathy in everyday interactions.",,,,,
20369,58,399,1543.258,gpt,gpt_inquiry,,,,thank you :),,,,,
20370,58,400,1544.019,gpt,gpt_response,,,,"You're welcome! If you have any more questions or need further assistance in the future, feel free to ask. Have a great day!",,,,,
20371,58,401,1546.447,editor,o,"['Within recent years, the use of automation has increased drastically and is now being integrated into various aspects of everyday life. However, this shift from humans performing tasks to machines performing tasks has sparked a debate about the ethical and practical implications of automation, raising questions about the potential for machines to replace humans in certain roles.', '', 'The utilitarian perspective emphasizes the benefits of automation in enhancing productivity and freeing up individuals from mundane and repetitive tasks. By delegating these tasks to machines, individuals can redirect their focus towards more meaningful and skill-enhancing opportunities that would otherwise not be feasible without automation.', '', 'Furthermore, proponents of the utilitarian view argue that machines outperform humans in low-skill jobs, as they are capable of working at a faster pace and with greater precision. Machines do not require breaks and can maintain consistency in performing repetitive tasks, leading to increased efficiency and quality of work compared to human labor.', '', 'However not everyone sees the ""good"" in using automation, the dystopian perspective is in disagreement and believes that machines are replacing humans. They believe that when using machines instead of people, we begin to experience the loss of our humanity as we no longer are having encounters with our peers.', '']",,,,"[6, 310]","{'t': 1546447, 'o': [{'o': 'o', 'i': [6, 310]}]}",,,
20372,58,402,1547.408,editor,o,"['Within recent years, the use of automation has increased drastically and is now being integrated into various aspects of everyday life. However, this shift from humans performing tasks to machines performing tasks has sparked a debate about the ethical and practical implications of automation, raising questions about the potential for machines to replace humans in certain roles.', '', 'The utilitarian perspective emphasizes the benefits of automation in enhancing productivity and freeing up individuals from mundane and repetitive tasks. By delegating these tasks to machines, individuals can redirect their focus towards more meaningful and skill-enhancing opportunities that would otherwise not be feasible without automation.', '', 'Furthermore, proponents of the utilitarian view argue that machines outperform humans in low-skill jobs, as they are capable of working at a faster pace and with greater precision. Machines do not require breaks and can maintain consistency in performing repetitive tasks, leading to increased efficiency and quality of work compared to human labor.', '', 'However not everyone sees the ""good"" in using automation, the dystopian perspective is in disagreement and believes that machines are replacing humans. They believe that when using machines instead of people, we begin to experience the loss of our humanity as we no longer are having encounters with our peers.', '']",,,,"[[6, 310], [6, 308]]","{'t': 1547408, 'o': [{'o': 'o', 'i': [[6, 310], [6, 308]]}]}",,,
20373,58,403,1547.648,editor,l,"['Within recent years, the use of automation has increased drastically and is now being integrated into various aspects of everyday life. However, this shift from humans performing tasks to machines performing tasks has sparked a debate about the ethical and practical implications of automation, raising questions about the potential for machines to replace humans in certain roles.', '', 'The utilitarian perspective emphasizes the benefits of automation in enhancing productivity and freeing up individuals from mundane and repetitive tasks. By delegating these tasks to machines, individuals can redirect their focus towards more meaningful and skill-enhancing opportunities that would otherwise not be feasible without automation.', '', 'Furthermore, proponents of the utilitarian view argue that machines outperform humans in low-skill jobs, as they are capable of working at a faster pace and with greater precision. Machines do not require breaks and can maintain consistency in performing repetitive tasks, leading to increased efficiency and quality of work compared to human labor.', '', 'However not everyone sees the ""good"" in using automation, the dystopian perspective is in disagreement and believes that machines are replacing humans. They believe that when using machines instead of people, we begin to experience the loss of our humanity as we no longer are having encounters with our peers.', '']",,,"However not everyone sees the ""good"" in using automation, the dystopian perspective is in disagreement and believes that machines are replacing humans. They believe that when using machines instead of people, we begin to experience the loss of our humanity as we no longer are having encounters with our peers.'","[[6, 310], [6, 0]]","{'t': [1547433, 1547648], 'l': 11, 'o': [{'o': 'l', 'i': [6, 310], 's': [[6, [233, 159, 157, 81, [6, 0]]]]}]}",,,
20374,58,404,1548.672,editor,p,"['Within recent years, the use of automation has increased drastically and is now being integrated into various aspects of everyday life. However, this shift from humans performing tasks to machines performing tasks has sparked a debate about the ethical and practical implications of automation, raising questions about the potential for machines to replace humans in certain roles.', '', 'The utilitarian perspective emphasizes the benefits of automation in enhancing productivity and freeing up individuals from mundane and repetitive tasks. By delegating these tasks to machines, individuals can redirect their focus towards more meaningful and skill-enhancing opportunities that would otherwise not be feasible without automation.', '', 'Furthermore, proponents of the utilitarian view argue that machines outperform humans in low-skill jobs, as they are capable of working at a faster pace and with greater precision. Machines do not require breaks and can maintain consistency in performing repetitive tasks, leading to increased efficiency and quality of work compared to human labor.', '', 'However, not everyone perceives automation as a purely beneficial development; the dystopian perspective offers a contrasting viewpoint. According to this perspective, the increasing reliance on machines to perform tasks previously undertaken by humans is viewed as a threat to our sense of humanity. The dystopian view posits that as machines replace humans in various roles, there is a gradual erosion of meaningful human-to-human interactions. The loss of these interpersonal connections is seen as a potential consequence of excessive automation, leading to a detachment from basic social values such as courtesy, respect, and empathy in everyday interactions.', '']","However, not everyone perceives automation as a purely beneficial development; the dystopian perspective offers a contrasting viewpoint. According to this perspective, the increasing reliance on machines to perform tasks previously undertaken by humans is viewed as a threat to our sense of humanity. The dystopian view posits that as machines replace humans in various roles, there is a gradual erosion of meaningful human-to-human interactions. The loss of these interpersonal connections is seen as a potential consequence of excessive automation, leading to a detachment from basic social values such as courtesy, respect, and empathy in everyday interactions.'","However not everyone sees the ""good"" in using automation, the dystopian perspective is in disagreement and believes that machines are replacing humans. They believe that when using machines instead of people, we begin to experience the loss of our humanity as we no longer are having encounters with our peers.'","However not everyone sees the ""good"" in using automation, the dystopian perspective is in disagreement and believes that machines are replacing humans. They believe that when using machines instead of people, we begin to experience the loss of our humanity as we no longer are having encounters with our peers.'","[[6, 0], [6, 310]]","{'t': 1548672, 'o': [{'o': 'p', 'i': [[6, 0], [6, 310]], 'a': ['However, not everyone perceives automation as a purely beneficial development; the dystopian perspective offers a contrasting viewpoint. According to this perspective, the increasing reliance on machines to perform tasks previously undertaken by humans is viewed as a threat to our sense of humanity. The dystopian view posits that as machines replace humans in various roles, there is a gradual erosion of meaningful human-to-human interactions. The loss of these interpersonal connections is seen as a potential consequence of excessive automation, leading to a detachment from basic social values such as courtesy, respect, and empathy in everyday interactions.']}]}",,,
20375,58,405,1548.673,editor,o,"['Within recent years, the use of automation has increased drastically and is now being integrated into various aspects of everyday life. However, this shift from humans performing tasks to machines performing tasks has sparked a debate about the ethical and practical implications of automation, raising questions about the potential for machines to replace humans in certain roles.', '', 'The utilitarian perspective emphasizes the benefits of automation in enhancing productivity and freeing up individuals from mundane and repetitive tasks. By delegating these tasks to machines, individuals can redirect their focus towards more meaningful and skill-enhancing opportunities that would otherwise not be feasible without automation.', '', 'Furthermore, proponents of the utilitarian view argue that machines outperform humans in low-skill jobs, as they are capable of working at a faster pace and with greater precision. Machines do not require breaks and can maintain consistency in performing repetitive tasks, leading to increased efficiency and quality of work compared to human labor.', '', 'However, not everyone perceives automation as a purely beneficial development; the dystopian perspective offers a contrasting viewpoint. According to this perspective, the increasing reliance on machines to perform tasks previously undertaken by humans is viewed as a threat to our sense of humanity. The dystopian view posits that as machines replace humans in various roles, there is a gradual erosion of meaningful human-to-human interactions. The loss of these interpersonal connections is seen as a potential consequence of excessive automation, leading to a detachment from basic social values such as courtesy, respect, and empathy in everyday interactions.', '']",,,,"[6, 664]","{'t': 1548673, 'o': [{'o': 'o', 'i': [6, 664]}]}",,,
20376,58,406,1553.557,editor,o,"['Within recent years, the use of automation has increased drastically and is now being integrated into various aspects of everyday life. However, this shift from humans performing tasks to machines performing tasks has sparked a debate about the ethical and practical implications of automation, raising questions about the potential for machines to replace humans in certain roles.', '', 'The utilitarian perspective emphasizes the benefits of automation in enhancing productivity and freeing up individuals from mundane and repetitive tasks. By delegating these tasks to machines, individuals can redirect their focus towards more meaningful and skill-enhancing opportunities that would otherwise not be feasible without automation.', '', 'Furthermore, proponents of the utilitarian view argue that machines outperform humans in low-skill jobs, as they are capable of working at a faster pace and with greater precision. Machines do not require breaks and can maintain consistency in performing repetitive tasks, leading to increased efficiency and quality of work compared to human labor.', '', 'However, not everyone perceives automation as a purely beneficial development; the dystopian perspective offers a contrasting viewpoint. According to this perspective, the increasing reliance on machines to perform tasks previously undertaken by humans is viewed as a threat to our sense of humanity. The dystopian view posits that as machines replace humans in various roles, there is a gradual erosion of meaningful human-to-human interactions. The loss of these interpersonal connections is seen as a potential consequence of excessive automation, leading to a detachment from basic social values such as courtesy, respect, and empathy in everyday interactions.', '']",,,,"[6, 664]","{'t': 1553557, 'o': [{'o': 'o', 'i': [6, 664]}]}",,,
20377,58,407,1554.26,editor,l,"['Within recent years, the use of automation has increased drastically and is now being integrated into various aspects of everyday life. However, this shift from humans performing tasks to machines performing tasks has sparked a debate about the ethical and practical implications of automation, raising questions about the potential for machines to replace humans in certain roles.', '', 'The utilitarian perspective emphasizes the benefits of automation in enhancing productivity and freeing up individuals from mundane and repetitive tasks. By delegating these tasks to machines, individuals can redirect their focus towards more meaningful and skill-enhancing opportunities that would otherwise not be feasible without automation.', '', 'Furthermore, proponents of the utilitarian view argue that machines outperform humans in low-skill jobs, as they are capable of working at a faster pace and with greater precision. Machines do not require breaks and can maintain consistency in performing repetitive tasks, leading to increased efficiency and quality of work compared to human labor.', '', 'However, not everyone perceives automation as a purely beneficial development; the dystopian perspective offers a contrasting viewpoint. According to this perspective, the increasing reliance on machines to perform tasks previously undertaken by humans is viewed as a threat to our sense of humanity. The dystopian view posits that as machines replace humans in various roles, there is a gradual erosion of meaningful human-to-human interactions. The loss of these interpersonal connections is seen as a potential consequence of excessive automation, leading to a detachment from basic social values such as courtesy, respect, and empathy in everyday interactions.', '']",,,"However, not everyone perceives automation as a purely beneficial development; the dystopian perspective offers a contrasting viewpoint. According to this perspective, the increasing reliance on machines to perform tasks previously undertaken by humans is viewed as a threat to our sense of humanity. The dystopian view posits that as machines replace humans in various roles, there is a gradual erosion of meaningful human-to-human interactions. The loss of these interpersonal connections is seen as a potential consequence of excessive automation, leading to a detachment from basic social values such as courtesy, respect, and empathy in everyday interactions.'","[[6, 664], [6, 0]]","{'t': [1553810, 1554260], 'l': 26, 'o': [{'o': 'l', 'i': [6, 664], 's': [[6, [597, 523, 520, 446, 380, 310, 238, 166, 92, 24]], [5, [0]], [4, [304, 230, 157, 84, 14]], [3, [0]], [2, [284, 218, 143, [75, 74], [4, 2]]], [1, [0]]]}]}",,,
20378,58,408,1555.06,editor,o,"['Within recent years, the use of automation has increased drastically and is now being integrated into various aspects of everyday life. However, this shift from humans performing tasks to machines performing tasks has sparked a debate about the ethical and practical implications of automation, raising questions about the potential for machines to replace humans in certain roles.', '', 'The utilitarian perspective emphasizes the benefits of automation in enhancing productivity and freeing up individuals from mundane and repetitive tasks. By delegating these tasks to machines, individuals can redirect their focus towards more meaningful and skill-enhancing opportunities that would otherwise not be feasible without automation.', '', 'Furthermore, proponents of the utilitarian view argue that machines outperform humans in low-skill jobs, as they are capable of working at a faster pace and with greater precision. Machines do not require breaks and can maintain consistency in performing repetitive tasks, leading to increased efficiency and quality of work compared to human labor.', '', 'However, not everyone perceives automation as a purely beneficial development; the dystopian perspective offers a contrasting viewpoint. According to this perspective, the increasing reliance on machines to perform tasks previously undertaken by humans is viewed as a threat to our sense of humanity. The dystopian view posits that as machines replace humans in various roles, there is a gradual erosion of meaningful human-to-human interactions. The loss of these interpersonal connections is seen as a potential consequence of excessive automation, leading to a detachment from basic social values such as courtesy, respect, and empathy in everyday interactions.', '']",,,"\nWithin recent years, the use of automation has increased drastically and is now being integrated into various aspects of everyday life. However, this shift from humans performing tasks to machines performing tasks has sparked a debate about the ethical and practical implications of automation, raising questions about the potential for machines to '","[[6, 664], [0, 349]]","{'t': 1555060, 'o': [{'o': 'o', 'i': [[6, 664], [0, 349]]}]}",,,
20379,58,409,1556.209,editor,l,"['Within recent years, the use of automation has increased drastically and is now being integrated into various aspects of everyday life. However, this shift from humans performing tasks to machines performing tasks has sparked a debate about the ethical and practical implications of automation, raising questions about the potential for machines to replace humans in certain roles.', '', 'The utilitarian perspective emphasizes the benefits of automation in enhancing productivity and freeing up individuals from mundane and repetitive tasks. By delegating these tasks to machines, individuals can redirect their focus towards more meaningful and skill-enhancing opportunities that would otherwise not be feasible without automation.', '', 'Furthermore, proponents of the utilitarian view argue that machines outperform humans in low-skill jobs, as they are capable of working at a faster pace and with greater precision. Machines do not require breaks and can maintain consistency in performing repetitive tasks, leading to increased efficiency and quality of work compared to human labor.', '', 'However, not everyone perceives automation as a purely beneficial development; the dystopian perspective offers a contrasting viewpoint. According to this perspective, the increasing reliance on machines to perform tasks previously undertaken by humans is viewed as a threat to our sense of humanity. The dystopian view posits that as machines replace humans in various roles, there is a gradual erosion of meaningful human-to-human interactions. The loss of these interpersonal connections is seen as a potential consequence of excessive automation, leading to a detachment from basic social values such as courtesy, respect, and empathy in everyday interactions.', '']",,,"Within recent years, the use of automation has increased drastically and is now being integrated into various aspects of everyday life. However, this shift from humans performing tasks to machines performing tasks has sparked a debate about the ethical and practical implications of automation, raising questions about the potential for machines to replace humans in certain roles.\n\nThe utilitarian perspective emphasizes the benefits of automation in enhancing productivity and freeing up individuals from mundane and repetitive tasks. By delegating these tasks to machines, individuals can redirect their focus towards more meaningful and skill-enhancing opportunities that would otherwise not be feasible without automation.\n\nFurthermore, proponents of the utilitarian view argue that machines outperform humans in low-skill jobs, as they are capable of working at a faster pace and with greater precision. Machines do not require breaks and can maintain consistency in performing repetitive tasks, leading to increased efficiency and quality of work compared to human labor.\n\nHowever, not everyone perceives automation as a purely beneficial development; the dystopian perspective offers a contrasting viewpoint. According to this perspective, the increasing reliance on machines to perform tasks previously undertaken by humans is viewed as a threat to our sense of humanity. The dystopian view posits that as machines replace humans in various roles, there is a gradual erosion of meaningful human-to-human interactions. The loss of these interpersonal connections is seen as a potential consequence of excessive automation, leading to a detachment from basic social values such as courtesy, respect, and empathy in everyday interactions.'","[[6, 664], [0, 0]]","{'t': [1555243, 1556209], 'l': 7, 'o': [{'o': 'l', 'i': [6, 664], 's': [[0, [[350, 349], 283, 218, 145, 73, 0]]]}]}",,,
20380,58,410,1562.923,editor,y,,,,"Within recent years, the use of automation has increased drastically and is now being integrated into various aspects of everyday life. However, this shift from humans performing tasks to machines performing tasks has sparked a debate about the ethical and practical implications of automation, raising questions about the potential for machines to replace humans in certain roles.

The utilitarian perspective emphasizes the benefits of automation in enhancing productivity and freeing up individuals from mundane and repetitive tasks. By delegating these tasks to machines, individuals can redirect their focus towards more meaningful and skill-enhancing opportunities that would otherwise not be feasible without automation.

Furthermore, proponents of the utilitarian view argue that machines outperform humans in low-skill jobs, as they are capable of working at a faster pace and with greater precision. Machines do not require breaks and can maintain consistency in performing repetitive tasks, leading to increased efficiency and quality of work compared to human labor.

However, not everyone perceives automation as a purely beneficial development; the dystopian perspective offers a contrasting viewpoint. According to this perspective, the increasing reliance on machines to perform tasks previously undertaken by humans is viewed as a threat to our sense of humanity. The dystopian view posits that as machines replace humans in various roles, there is a gradual erosion of meaningful human-to-human interactions. The loss of these interpersonal connections is seen as a potential consequence of excessive automation, leading to a detachment from basic social values such as courtesy, respect, and empathy in everyday interactions.",,,,,
20381,58,411,1584.84,gpt,p,,,,"Within recent years, the use of automation has increased drastically and is now being integrated into various aspects of everyday life. However, this shift from humans performing tasks to machines performing tasks has sparked a debate about the ethical and practical implications of automation, raising questions about the potential for machines to replace humans in certain roles.

The utilitarian perspective emphasizes the benefits of automation in enhancing productivity and freeing up individuals from mundane and repetitive tasks. By delegating these tasks to machines, individuals can redirect their focus towards more meaningful and skill-enhancing opportunities that would otherwise not be feasible without automation.

Furthermore, proponents of the utilitarian view argue that machines outperform humans in low-skill jobs, as they are capable of working at a faster pace and with greater precision. Machines do not require breaks and can maintain consistency in performing repetitive tasks, leading to increased efficiency and quality of work compared to human labor.

However, not everyone perceives automation as a purely beneficial development; the dystopian perspective offers a contrasting viewpoint. According to this perspective, the increasing reliance on machines to perform tasks previously undertaken by humans is viewed as a threat to our sense of humanity. The dystopian view posits that as machines replace humans in various roles, there is a gradual erosion of meaningful human-to-human interactions. The loss of these interpersonal connections is seen as a potential consequence of excessive automation, leading to a detachment from basic social values such as courtesy, respect, and empathy in everyday interactions.",,,,,
20382,58,412,1585.997,gpt,gpt_inquiry,,,,"How would you form a conclusion paragraph for this essay: Within recent years, the use of automation has increased drastically and is now being integrated into various aspects of everyday life. However, this shift from humans performing tasks to machines performing tasks has sparked a debate about the ethical and practical implications of automation, raising questions about the potential for machines to replace humans in certain roles.

The utilitarian perspective emphasizes the benefits of automation in enhancing productivity and freeing up individuals from mundane and repetitive tasks. By delegating these tasks to machines, individuals can redirect their focus towards more meaningful and skill-enhancing opportunities that would otherwise not be feasible without automation.

Furthermore, proponents of the utilitarian view argue that machines outperform humans in low-skill jobs, as they are capable of working at a faster pace and with greater precision. Machines do not require breaks and can maintain consistency in performing repetitive tasks, leading to increased efficiency and quality of work compared to human labor.

However, not everyone perceives automation as a purely beneficial development; the dystopian perspective offers a contrasting viewpoint. According to this perspective, the increasing reliance on machines to perform tasks previously undertaken by humans is viewed as a threat to our sense of humanity. The dystopian view posits that as machines replace humans in various roles, there is a gradual erosion of meaningful human-to-human interactions. The loss of these interpersonal connections is seen as a potential consequence of excessive automation, leading to a detachment from basic social values such as courtesy, respect, and empathy in everyday interactions.",,,,,
20383,58,413,1588.763,gpt,gpt_response,,,,"In conclusion, the debate surrounding the integration of automation into our daily lives underscores the complexities and nuances of this technological advancement. While the utilitarian perspective highlights the benefits of increased productivity and efficiency that automation offers, the dystopian perspective raises valid concerns about the potential loss of human connection and values in a world increasingly dominated by machines.

As society continues to grapple with the ethical and practical implications of automation, it is essential to strike a balance between harnessing the advantages of technological progress and preserving essential aspects of our humanity. Finding a middle ground that leverages the strengths of machines while prioritizing human relationships and values will be crucial in navigating the evolving landscape of automation.

Ultimately, the dialogue between different perspectives on automation serves as a reminder of the importance of thoughtful consideration and ethical reflection in shaping the future of technology and its impact on society. By acknowledging and engaging with diverse viewpoints, we can strive towards a future where automation coexists harmoniously with humanity, enriching our lives without compromising our essential humanity.",,,,,
20384,58,414,1605.564,editor,o,"['Within recent years, the use of automation has increased drastically and is now being integrated into various aspects of everyday life. However, this shift from humans performing tasks to machines performing tasks has sparked a debate about the ethical and practical implications of automation, raising questions about the potential for machines to replace humans in certain roles.', '', 'The utilitarian perspective emphasizes the benefits of automation in enhancing productivity and freeing up individuals from mundane and repetitive tasks. By delegating these tasks to machines, individuals can redirect their focus towards more meaningful and skill-enhancing opportunities that would otherwise not be feasible without automation.', '', 'Furthermore, proponents of the utilitarian view argue that machines outperform humans in low-skill jobs, as they are capable of working at a faster pace and with greater precision. Machines do not require breaks and can maintain consistency in performing repetitive tasks, leading to increased efficiency and quality of work compared to human labor.', '', 'However, not everyone perceives automation as a purely beneficial development; the dystopian perspective offers a contrasting viewpoint. According to this perspective, the increasing reliance on machines to perform tasks previously undertaken by humans is viewed as a threat to our sense of humanity. The dystopian view posits that as machines replace humans in various roles, there is a gradual erosion of meaningful human-to-human interactions. The loss of these interpersonal connections is seen as a potential consequence of excessive automation, leading to a detachment from basic social values such as courtesy, respect, and empathy in everyday interactions.', '']",,,,"[2, 155]","{'t': 1605564, 'o': [{'o': 'o', 'i': [2, 155]}]}",,,
20385,58,415,1606.349,gpt,y,,,,"In conclusion, the debate surrounding the integration of automation into our daily lives underscores the complexities and nuances of this technological advancement. While the utilitarian perspective highlights the benefits of increased productivity and efficiency that automation offers, the dystopian perspective raises valid concerns about the potential loss of human connection and values in a world increasingly dominated by machines.",,,,,
20386,58,416,1607.929,editor,o,"['Within recent years, the use of automation has increased drastically and is now being integrated into various aspects of everyday life. However, this shift from humans performing tasks to machines performing tasks has sparked a debate about the ethical and practical implications of automation, raising questions about the potential for machines to replace humans in certain roles.', '', 'The utilitarian perspective emphasizes the benefits of automation in enhancing productivity and freeing up individuals from mundane and repetitive tasks. By delegating these tasks to machines, individuals can redirect their focus towards more meaningful and skill-enhancing opportunities that would otherwise not be feasible without automation.', '', 'Furthermore, proponents of the utilitarian view argue that machines outperform humans in low-skill jobs, as they are capable of working at a faster pace and with greater precision. Machines do not require breaks and can maintain consistency in performing repetitive tasks, leading to increased efficiency and quality of work compared to human labor.', '', 'However, not everyone perceives automation as a purely beneficial development; the dystopian perspective offers a contrasting viewpoint. According to this perspective, the increasing reliance on machines to perform tasks previously undertaken by humans is viewed as a threat to our sense of humanity. The dystopian view posits that as machines replace humans in various roles, there is a gradual erosion of meaningful human-to-human interactions. The loss of these interpersonal connections is seen as a potential consequence of excessive automation, leading to a detachment from basic social values such as courtesy, respect, and empathy in everyday interactions.', '']",,,,"[6, 664]","{'t': 1607929, 'o': [{'o': 'o', 'i': [6, 664]}]}",,,
20387,58,417,1608.427,editor,i,"['Within recent years, the use of automation has increased drastically and is now being integrated into various aspects of everyday life. However, this shift from humans performing tasks to machines performing tasks has sparked a debate about the ethical and practical implications of automation, raising questions about the potential for machines to replace humans in certain roles.', '', 'The utilitarian perspective emphasizes the benefits of automation in enhancing productivity and freeing up individuals from mundane and repetitive tasks. By delegating these tasks to machines, individuals can redirect their focus towards more meaningful and skill-enhancing opportunities that would otherwise not be feasible without automation.', '', 'Furthermore, proponents of the utilitarian view argue that machines outperform humans in low-skill jobs, as they are capable of working at a faster pace and with greater precision. Machines do not require breaks and can maintain consistency in performing repetitive tasks, leading to increased efficiency and quality of work compared to human labor.', '', 'However, not everyone perceives automation as a purely beneficial development; the dystopian perspective offers a contrasting viewpoint. According to this perspective, the increasing reliance on machines to perform tasks previously undertaken by humans is viewed as a threat to our sense of humanity. The dystopian view posits that as machines replace humans in various roles, there is a gradual erosion of meaningful human-to-human interactions. The loss of these interpersonal connections is seen as a potential consequence of excessive automation, leading to a detachment from basic social values such as courtesy, respect, and empathy in everyday interactions.', '', '']",\n',,,"[6, 664]","{'t': 1608427, 'o': [{'o': 'i', 'i': [6, 664], 'a': '\n'}]}",,,
20388,58,418,1608.644,editor,i,"['Within recent years, the use of automation has increased drastically and is now being integrated into various aspects of everyday life. However, this shift from humans performing tasks to machines performing tasks has sparked a debate about the ethical and practical implications of automation, raising questions about the potential for machines to replace humans in certain roles.', '', 'The utilitarian perspective emphasizes the benefits of automation in enhancing productivity and freeing up individuals from mundane and repetitive tasks. By delegating these tasks to machines, individuals can redirect their focus towards more meaningful and skill-enhancing opportunities that would otherwise not be feasible without automation.', '', 'Furthermore, proponents of the utilitarian view argue that machines outperform humans in low-skill jobs, as they are capable of working at a faster pace and with greater precision. Machines do not require breaks and can maintain consistency in performing repetitive tasks, leading to increased efficiency and quality of work compared to human labor.', '', 'However, not everyone perceives automation as a purely beneficial development; the dystopian perspective offers a contrasting viewpoint. According to this perspective, the increasing reliance on machines to perform tasks previously undertaken by humans is viewed as a threat to our sense of humanity. The dystopian view posits that as machines replace humans in various roles, there is a gradual erosion of meaningful human-to-human interactions. The loss of these interpersonal connections is seen as a potential consequence of excessive automation, leading to a detachment from basic social values such as courtesy, respect, and empathy in everyday interactions.', '', '', '']",\n',,,"[7, 0]","{'t': 1608644, 'o': [{'o': 'i', 'i': [7, 0], 'a': '\n'}]}",,,
20389,58,419,1609.423,editor,p,"['Within recent years, the use of automation has increased drastically and is now being integrated into various aspects of everyday life. However, this shift from humans performing tasks to machines performing tasks has sparked a debate about the ethical and practical implications of automation, raising questions about the potential for machines to replace humans in certain roles.', '', 'The utilitarian perspective emphasizes the benefits of automation in enhancing productivity and freeing up individuals from mundane and repetitive tasks. By delegating these tasks to machines, individuals can redirect their focus towards more meaningful and skill-enhancing opportunities that would otherwise not be feasible without automation.', '', 'Furthermore, proponents of the utilitarian view argue that machines outperform humans in low-skill jobs, as they are capable of working at a faster pace and with greater precision. Machines do not require breaks and can maintain consistency in performing repetitive tasks, leading to increased efficiency and quality of work compared to human labor.', '', 'However, not everyone perceives automation as a purely beneficial development; the dystopian perspective offers a contrasting viewpoint. According to this perspective, the increasing reliance on machines to perform tasks previously undertaken by humans is viewed as a threat to our sense of humanity. The dystopian view posits that as machines replace humans in various roles, there is a gradual erosion of meaningful human-to-human interactions. The loss of these interpersonal connections is seen as a potential consequence of excessive automation, leading to a detachment from basic social values such as courtesy, respect, and empathy in everyday interactions.', '', 'In conclusion, the debate surrounding the integration of automation into our daily lives underscores the complexities and nuances of this technological advancement. While the utilitarian perspective highlights the benefits of increased productivity and efficiency that automation offers, the dystopian perspective raises valid concerns about the potential loss of human connection and values in a world increasingly dominated by machines.', '']","In conclusion, the debate surrounding the integration of automation into our daily lives underscores the complexities and nuances of this technological advancement. While the utilitarian perspective highlights the benefits of increased productivity and efficiency that automation offers, the dystopian perspective raises valid concerns about the potential loss of human connection and values in a world increasingly dominated by machines.'",,,"[8, 0]","{'t': 1609423, 'o': [{'o': 'p', 'i': [8, 0], 'a': ['In conclusion, the debate surrounding the integration of automation into our daily lives underscores the complexities and nuances of this technological advancement. While the utilitarian perspective highlights the benefits of increased productivity and efficiency that automation offers, the dystopian perspective raises valid concerns about the potential loss of human connection and values in a world increasingly dominated by machines.']}]}",,,
20390,58,420,1609.424,editor,o,"['Within recent years, the use of automation has increased drastically and is now being integrated into various aspects of everyday life. However, this shift from humans performing tasks to machines performing tasks has sparked a debate about the ethical and practical implications of automation, raising questions about the potential for machines to replace humans in certain roles.', '', 'The utilitarian perspective emphasizes the benefits of automation in enhancing productivity and freeing up individuals from mundane and repetitive tasks. By delegating these tasks to machines, individuals can redirect their focus towards more meaningful and skill-enhancing opportunities that would otherwise not be feasible without automation.', '', 'Furthermore, proponents of the utilitarian view argue that machines outperform humans in low-skill jobs, as they are capable of working at a faster pace and with greater precision. Machines do not require breaks and can maintain consistency in performing repetitive tasks, leading to increased efficiency and quality of work compared to human labor.', '', 'However, not everyone perceives automation as a purely beneficial development; the dystopian perspective offers a contrasting viewpoint. According to this perspective, the increasing reliance on machines to perform tasks previously undertaken by humans is viewed as a threat to our sense of humanity. The dystopian view posits that as machines replace humans in various roles, there is a gradual erosion of meaningful human-to-human interactions. The loss of these interpersonal connections is seen as a potential consequence of excessive automation, leading to a detachment from basic social values such as courtesy, respect, and empathy in everyday interactions.', '', 'In conclusion, the debate surrounding the integration of automation into our daily lives underscores the complexities and nuances of this technological advancement. While the utilitarian perspective highlights the benefits of increased productivity and efficiency that automation offers, the dystopian perspective raises valid concerns about the potential loss of human connection and values in a world increasingly dominated by machines.', '']",,,,"[8, 438]","{'t': 1609424, 'o': [{'o': 'o', 'i': [8, 438]}]}",,,
20391,58,421,1614.276,editor,o,"['Within recent years, the use of automation has increased drastically and is now being integrated into various aspects of everyday life. However, this shift from humans performing tasks to machines performing tasks has sparked a debate about the ethical and practical implications of automation, raising questions about the potential for machines to replace humans in certain roles.', '', 'The utilitarian perspective emphasizes the benefits of automation in enhancing productivity and freeing up individuals from mundane and repetitive tasks. By delegating these tasks to machines, individuals can redirect their focus towards more meaningful and skill-enhancing opportunities that would otherwise not be feasible without automation.', '', 'Furthermore, proponents of the utilitarian view argue that machines outperform humans in low-skill jobs, as they are capable of working at a faster pace and with greater precision. Machines do not require breaks and can maintain consistency in performing repetitive tasks, leading to increased efficiency and quality of work compared to human labor.', '', 'However, not everyone perceives automation as a purely beneficial development; the dystopian perspective offers a contrasting viewpoint. According to this perspective, the increasing reliance on machines to perform tasks previously undertaken by humans is viewed as a threat to our sense of humanity. The dystopian view posits that as machines replace humans in various roles, there is a gradual erosion of meaningful human-to-human interactions. The loss of these interpersonal connections is seen as a potential consequence of excessive automation, leading to a detachment from basic social values such as courtesy, respect, and empathy in everyday interactions.', '', 'In conclusion, the debate surrounding the integration of automation into our daily lives underscores the complexities and nuances of this technological advancement. While the utilitarian perspective highlights the benefits of increased productivity and efficiency that automation offers, the dystopian perspective raises valid concerns about the potential loss of human connection and values in a world increasingly dominated by machines.', '']",,,,"[8, 438]","{'t': 1614276, 'o': [{'o': 'o', 'i': [8, 438]}]}",,,
20392,58,422,1616.152,editor,l,"['Within recent years, the use of automation has increased drastically and is now being integrated into various aspects of everyday life. However, this shift from humans performing tasks to machines performing tasks has sparked a debate about the ethical and practical implications of automation, raising questions about the potential for machines to replace humans in certain roles.', '', 'The utilitarian perspective emphasizes the benefits of automation in enhancing productivity and freeing up individuals from mundane and repetitive tasks. By delegating these tasks to machines, individuals can redirect their focus towards more meaningful and skill-enhancing opportunities that would otherwise not be feasible without automation.', '', 'Furthermore, proponents of the utilitarian view argue that machines outperform humans in low-skill jobs, as they are capable of working at a faster pace and with greater precision. Machines do not require breaks and can maintain consistency in performing repetitive tasks, leading to increased efficiency and quality of work compared to human labor.', '', 'However, not everyone perceives automation as a purely beneficial development; the dystopian perspective offers a contrasting viewpoint. According to this perspective, the increasing reliance on machines to perform tasks previously undertaken by humans is viewed as a threat to our sense of humanity. The dystopian view posits that as machines replace humans in various roles, there is a gradual erosion of meaningful human-to-human interactions. The loss of these interpersonal connections is seen as a potential consequence of excessive automation, leading to a detachment from basic social values such as courtesy, respect, and empathy in everyday interactions.', '', 'In conclusion, the debate surrounding the integration of automation into our daily lives underscores the complexities and nuances of this technological advancement. While the utilitarian perspective highlights the benefits of increased productivity and efficiency that automation offers, the dystopian perspective raises valid concerns about the potential loss of human connection and values in a world increasingly dominated by machines.', '']",,,"In conclusion, the debate surrounding the integration of automation into our daily lives underscores the complexities and nuances of this technological advancement. While the utilitarian perspective highlights the benefits of increased productivity and efficiency that automation offers, the dystopian perspective raises valid concerns about the potential loss of human connection and values in a world increasingly dominated by machines.'","[[8, 438], [8, 0]]","{'t': [1614431, 1616152], 'l': 47, 'o': [{'o': 'l', 'i': [8, 438], 's': [[8, [370, 231, 92]], [7, [0]], [6, [492, 355, 145, 73]], [5, [0]], [4, [[289, 288], 215, 144, 71, 3]], [3, [0]], [2, [276, 211, 138, 71, 2]], [1, [0]], [0, [351, 285, 220, 147, 75, 2, 0, 3, [76, 77], 149, [222, 223], 150, 78, 150, [288, 287], [221, 220], [147, 145], 73, 0]]]}]}",,,
20393,58,423,1622.573,editor,y,,,,"Within recent years, the use of automation has increased drastically and is now being integrated into various aspects of everyday life. However, this shift from humans performing tasks to machines performing tasks has sparked a debate about the ethical and practical implications of automation, raising questions about the potential for machines to replace humans in certain roles.

The utilitarian perspective emphasizes the benefits of automation in enhancing productivity and freeing up individuals from mundane and repetitive tasks. By delegating these tasks to machines, individuals can redirect their focus towards more meaningful and skill-enhancing opportunities that would otherwise not be feasible without automation.

Furthermore, proponents of the utilitarian view argue that machines outperform humans in low-skill jobs, as they are capable of working at a faster pace and with greater precision. Machines do not require breaks and can maintain consistency in performing repetitive tasks, leading to increased efficiency and quality of work compared to human labor.

However, not everyone perceives automation as a purely beneficial development; the dystopian perspective offers a contrasting viewpoint. According to this perspective, the increasing reliance on machines to perform tasks previously undertaken by humans is viewed as a threat to our sense of humanity. The dystopian view posits that as machines replace humans in various roles, there is a gradual erosion of meaningful human-to-human interactions. The loss of these interpersonal connections is seen as a potential consequence of excessive automation, leading to a detachment from basic social values such as courtesy, respect, and empathy in everyday interactions.

In conclusion, the debate surrounding the integration of automation into our daily lives underscores the complexities and nuances of this technological advancement. While the utilitarian perspective highlights the benefits of increased productivity and efficiency that automation offers, the dystopian perspective raises valid concerns about the potential loss of human connection and values in a world increasingly dominated by machines.",,,,,
20394,58,424,1636.947,gpt,p,,,,"Within recent years, the use of automation has increased drastically and is now being integrated into various aspects of everyday life. However, this shift from humans performing tasks to machines performing tasks has sparked a debate about the ethical and practical implications of automation, raising questions about the potential for machines to replace humans in certain roles.

The utilitarian perspective emphasizes the benefits of automation in enhancing productivity and freeing up individuals from mundane and repetitive tasks. By delegating these tasks to machines, individuals can redirect their focus towards more meaningful and skill-enhancing opportunities that would otherwise not be feasible without automation.

Furthermore, proponents of the utilitarian view argue that machines outperform humans in low-skill jobs, as they are capable of working at a faster pace and with greater precision. Machines do not require breaks and can maintain consistency in performing repetitive tasks, leading to increased efficiency and quality of work compared to human labor.

However, not everyone perceives automation as a purely beneficial development; the dystopian perspective offers a contrasting viewpoint. According to this perspective, the increasing reliance on machines to perform tasks previously undertaken by humans is viewed as a threat to our sense of humanity. The dystopian view posits that as machines replace humans in various roles, there is a gradual erosion of meaningful human-to-human interactions. The loss of these interpersonal connections is seen as a potential consequence of excessive automation, leading to a detachment from basic social values such as courtesy, respect, and empathy in everyday interactions.

In conclusion, the debate surrounding the integration of automation into our daily lives underscores the complexities and nuances of this technological advancement. While the utilitarian perspective highlights the benefits of increased productivity and efficiency that automation offers, the dystopian perspective raises valid concerns about the potential loss of human connection and values in a world increasingly dominated by machines.",,,,,
20395,58,425,1638.312,gpt,gpt_inquiry,,,,"are there any grammar errors within this essay: Within recent years, the use of automation has increased drastically and is now being integrated into various aspects of everyday life. However, this shift from humans performing tasks to machines performing tasks has sparked a debate about the ethical and practical implications of automation, raising questions about the potential for machines to replace humans in certain roles.

The utilitarian perspective emphasizes the benefits of automation in enhancing productivity and freeing up individuals from mundane and repetitive tasks. By delegating these tasks to machines, individuals can redirect their focus towards more meaningful and skill-enhancing opportunities that would otherwise not be feasible without automation.

Furthermore, proponents of the utilitarian view argue that machines outperform humans in low-skill jobs, as they are capable of working at a faster pace and with greater precision. Machines do not require breaks and can maintain consistency in performing repetitive tasks, leading to increased efficiency and quality of work compared to human labor.

However, not everyone perceives automation as a purely beneficial development; the dystopian perspective offers a contrasting viewpoint. According to this perspective, the increasing reliance on machines to perform tasks previously undertaken by humans is viewed as a threat to our sense of humanity. The dystopian view posits that as machines replace humans in various roles, there is a gradual erosion of meaningful human-to-human interactions. The loss of these interpersonal connections is seen as a potential consequence of excessive automation, leading to a detachment from basic social values such as courtesy, respect, and empathy in everyday interactions.

In conclusion, the debate surrounding the integration of automation into our daily lives underscores the complexities and nuances of this technological advancement. While the utilitarian perspective highlights the benefits of increased productivity and efficiency that automation offers, the dystopian perspective raises valid concerns about the potential loss of human connection and values in a world increasingly dominated by machines.",,,,,
20396,58,426,1641.966,gpt,gpt_response,,,,"The essay appears to be well-written and free of major grammar errors. However, there are a few minor corrections and improvements that can be made for clarity and coherence:

1. In the sentence, ""However, this shift from humans performing tasks to machines performing tasks has sparked a debate about the ethical and practical implications of automation...,"" consider rephrasing to improve clarity. For example, you could write: ""However, the transition from human-centered task performance to automation has ignited a debate about the ethical and practical implications of this shift...""

2. In the sentence, ""Furthermore, proponents of the utilitarian view argue that machines outperform humans in low-skill jobs, as they are capable of working at a faster pace and with greater precision,"" consider adding a comma after ""as they are capable"" for clarity: ""Furthermore, proponents of the utilitarian view argue that machines outperform humans in low-skill jobs, as they are capable of working at a faster pace and with greater precision.""

3. In the sentence, ""The loss of these interpersonal connections is seen as a potential consequence of excessive automation, leading to a detachment from basic social values such as courtesy, respect, and empathy in everyday interactions,"" consider adding a comma after ""excessive automation"" for better sentence structure: ""The loss of these interpersonal connections is seen as a potential consequence of excessive automation, leading to a detachment from basic social values, such as courtesy, respect, and empathy, in everyday interactions.""

Overall, the essay is clear, coherent, and effectively conveys the different perspectives on automation. Making these minor adjustments will enhance the flow and readability of the essay.",,,,,
20397,58,427,1711.021,editor,o,"['Within recent years, the use of automation has increased drastically and is now being integrated into various aspects of everyday life. However, this shift from humans performing tasks to machines performing tasks has sparked a debate about the ethical and practical implications of automation, raising questions about the potential for machines to replace humans in certain roles.', '', 'The utilitarian perspective emphasizes the benefits of automation in enhancing productivity and freeing up individuals from mundane and repetitive tasks. By delegating these tasks to machines, individuals can redirect their focus towards more meaningful and skill-enhancing opportunities that would otherwise not be feasible without automation.', '', 'Furthermore, proponents of the utilitarian view argue that machines outperform humans in low-skill jobs, as they are capable of working at a faster pace and with greater precision. Machines do not require breaks and can maintain consistency in performing repetitive tasks, leading to increased efficiency and quality of work compared to human labor.', '', 'However, not everyone perceives automation as a purely beneficial development; the dystopian perspective offers a contrasting viewpoint. According to this perspective, the increasing reliance on machines to perform tasks previously undertaken by humans is viewed as a threat to our sense of humanity. The dystopian view posits that as machines replace humans in various roles, there is a gradual erosion of meaningful human-to-human interactions. The loss of these interpersonal connections is seen as a potential consequence of excessive automation, leading to a detachment from basic social values such as courtesy, respect, and empathy in everyday interactions.', '', 'In conclusion, the debate surrounding the integration of automation into our daily lives underscores the complexities and nuances of this technological advancement. While the utilitarian perspective highlights the benefits of increased productivity and efficiency that automation offers, the dystopian perspective raises valid concerns about the potential loss of human connection and values in a world increasingly dominated by machines.', '']",,,,"[2, 14]","{'t': 1711021, 'o': [{'o': 'o', 'i': [2, 14]}]}",,,
