Unnamed: 0,essay_num,op_index,time,op_loc,op_type,current_editor,add,delete,selected_text,cursor_location,recording_obj,Unnamed: 12,Unnamed: 13,Unnamed: 14
8945,25,0,49.796,essay_prompt,y,,,,"We will describe an issue and provide three different perspectives on the issue. You are asked to read and consider the issue and perspectives, state your own perspective on the issue, and analyze the relationship between your perspective and at least one other perspective on the issue.
Issue:
Automation is generally seen as a sign of progress, but what is lost when we replace humans with machines?

Intelligent Machines
Many of the goods and services we depend on daily are now supplied by intelligent, automated machines rather than human beings. Robots build cars and other goods on assembly lines, where once there were human workers. Many of our phone conversations are now conducted not with people but with sophisticated technologies. We can now buy goods at a variety of stores without the help of a human cashier. Automation is generally seen as a sign of progress, but what is lost when we replace humans with machines? Given the accelerating variety and prevalence of intelligent machines, it is worth examining the implications and meaning of their presence in our lives.
Perspective One (Dystopian view)
What we lose with the replacement of people by machines is some part of our own humanity. Even our mundane daily encounters no longer require from us basic courtesy, respect, and tolerance for other people.
Perspective Two (Utilitarian view)
Machines are good at low-skill, repetitive jobs, and at high-speed, extremely precise jobs. In both cases they work better than humans. This efficiency leads to a more prosperous and progressive world for everyone.
Perspective Three (Progressive view)
Intelligent machines challenge our long-standing ideas about what humans are or can be. This is good because it pushes both humans and machines toward new, unimagined possibilities.",,,,,
8946,25,1,84.167,gpt,p,,,,"We will describe an issue and provide three different perspectives on the issue. You are asked to read and consider the issue and perspectives, state your own perspective on the issue, and analyze the relationship between your perspective and at least one other perspective on the issue.
Issue:
Automation is generally seen as a sign of progress, but what is lost when we replace humans with machines?

Intelligent Machines
Many of the goods and services we depend on daily are now supplied by intelligent, automated machines rather than human beings. Robots build cars and other goods on assembly lines, where once there were human workers. Many of our phone conversations are now conducted not with people but with sophisticated technologies. We can now buy goods at a variety of stores without the help of a human cashier. Automation is generally seen as a sign of progress, but what is lost when we replace humans with machines? Given the accelerating variety and prevalence of intelligent machines, it is worth examining the implications and meaning of their presence in our lives.
Perspective One (Dystopian view)
What we lose with the replacement of people by machines is some part of our own humanity. Even our mundane daily encounters no longer require from us basic courtesy, respect, and tolerance for other people.
Perspective Two (Utilitarian view)
Machines are good at low-skill, repetitive jobs, and at high-speed, extremely precise jobs. In both cases they work better than humans. This efficiency leads to a more prosperous and progressive world for everyone.
Perspective Three (Progressive view)
Intelligent machines challenge our long-standing ideas about what humans are or can be. This is good because it pushes both humans and machines toward new, unimagined possibilities.",,,,,
8947,25,2,86.172,gpt,gpt_inquiry,,,,"Can you outline a college level essay with the below specifications?

We will describe an issue and provide three different perspectives on the issue. You are asked to read and consider the issue and perspectives, state your own perspective on the issue, and analyze the relationship between your perspective and at least one other perspective on the issue.
Issue:
Automation is generally seen as a sign of progress, but what is lost when we replace humans with machines?

Intelligent Machines
Many of the goods and services we depend on daily are now supplied by intelligent, automated machines rather than human beings. Robots build cars and other goods on assembly lines, where once there were human workers. Many of our phone conversations are now conducted not with people but with sophisticated technologies. We can now buy goods at a variety of stores without the help of a human cashier. Automation is generally seen as a sign of progress, but what is lost when we replace humans with machines? Given the accelerating variety and prevalence of intelligent machines, it is worth examining the implications and meaning of their presence in our lives.
Perspective One (Dystopian view)
What we lose with the replacement of people by machines is some part of our own humanity. Even our mundane daily encounters no longer require from us basic courtesy, respect, and tolerance for other people.
Perspective Two (Utilitarian view)
Machines are good at low-skill, repetitive jobs, and at high-speed, extremely precise jobs. In both cases they work better than humans. This efficiency leads to a more prosperous and progressive world for everyone.
Perspective Three (Progressive view)
Intelligent machines challenge our long-standing ideas about what humans are or can be. This is good because it pushes both humans and machines toward new, unimagined possibilities.",,,,,
8948,25,3,92.962,gpt,gpt_response,,,,"Introduction:
Automation has become a prevalent aspect of modern society, with intelligent machines taking over many tasks that were once performed by humans. While automation is often seen as a sign of progress, it is important to consider what is lost when humans are replaced by machines. This essay will explore the implications of automation and analyze three different perspectives on the issue.

Perspective One:
The dystopian view argues that the replacement of humans by machines results in a loss of basic humanity. With machines taking over mundane daily tasks, there is a decrease in human interactions that require courtesy, respect, and tolerance for others. This perspective highlights the potential negative impact of automation on our social connections and interpersonal relationships.

Perspective Two:
On the other hand, the utilitarian view asserts that machines are better suited for low-skill, repetitive jobs and high-speed, precise tasks. Automation leads to increased efficiency and productivity, ultimately resulting in a more prosperous and progressive world for everyone. This perspective focuses on the benefits of automation in terms of economic growth and technological advancement.

Perspective Three:
The progressive view suggests that intelligent machines challenge traditional notions of human ability and potential. By pushing the boundaries of what humans and machines can achieve together, automation opens up new possibilities and opportunities for innovation. This perspective emphasizes the positive impact of automation on creativity and advancement in various fields.

My Perspective:
In my opinion, while automation brings undeniable benefits in terms of efficiency and progress, it is crucial to consider the human impact of replacing people with machines. While machines may excel at certain tasks, they lack the empathy, creativity, and adaptability that are inherent to human beings. It is important to strike a balance between automation and human involvement in order to preserve our humanity and ensure that technology serves as a tool for advancement rather than a replacement for human interaction.

Analysis:
When examining the relationship between my perspective and the utilitarian view, it is clear that there is a tension between efficiency and human connection. While automation may lead to greater economic prosperity and technological advancement, it is essential to consider the social implications of replacing humans with machines. By balancing the benefits of automation with the importance of human interaction, society can harness the potential of intelligent machines while preserving the unique qualities that make us human.",,,,,
8949,25,4,128.667,gpt,y,,,,"Automation has become a prevalent aspect of modern society, with intelligent machines taking over many tasks that were once performed by humans. While automation is often seen as a sign of progress, it is important to consider what is lost when humans are replaced by machines. This essay will explore the implications of automation and analyze three different perspectives on the issue.",,,,,
8950,25,5,139.059,editor,p,"['Automation has become a prevalent aspect of modern society, with intelligent machines taking over many tasks that were once performed by humans. While automation is often seen as a sign of progress, it is important to consider what is lost when humans are replaced by machines. This essay will explore the implications of automation and analyze three different perspectives on the issue.']","Automation has become a prevalent aspect of modern society, with intelligent machines taking over many tasks that were once performed by humans. While automation is often seen as a sign of progress, it is important to consider what is lost when humans are replaced by machines. This essay will explore the implications of automation and analyze three different perspectives on the issue.'",,,"[0, 0]","{'t': 139059, 'o': [{'o': 'p', 'i': [0, 0], 'a': ['Automation has become a prevalent aspect of modern society, with intelligent machines taking over many tasks that were once performed by humans. While automation is often seen as a sign of progress, it is important to consider what is lost when humans are replaced by machines. This essay will explore the implications of automation and analyze three different perspectives on the issue.']}]}",,,
8951,25,6,139.06,editor,o,"['Automation has become a prevalent aspect of modern society, with intelligent machines taking over many tasks that were once performed by humans. While automation is often seen as a sign of progress, it is important to consider what is lost when humans are replaced by machines. This essay will explore the implications of automation and analyze three different perspectives on the issue.']",,,,"[0, 387]","{'t': 139060, 'o': [{'o': 'o', 'i': [0, 387]}]}",,,
8952,25,7,165.696,editor,o,"['Automation has become a prevalent aspect of modern society, with intelligent machines taking over many tasks that were once performed by humans. While automation is often seen as a sign of progress, it is important to consider what is lost when humans are replaced by machines. This essay will explore the implications of automation and analyze three different perspectives on the issue.']",,,,"[0, 294]","{'t': 165696, 'o': [{'o': 'o', 'i': [0, 294]}]}",,,
8953,25,8,166.056,editor,l,"['Automation has become a prevalent aspect of modern society, with intelligent machines taking over many tasks that were once performed by humans. While automation is often seen as a sign of progress, it is important to consider what is lost when humans are replaced by machines. This essay will explore the implications of automation and analyze three different perspectives on the issue.']",,,explore the implications of automation and analyze three different perspectives on the issue.',"[[0, 294], [0, 387]]","{'t': [165911, 166056], 'l': 8, 'o': [{'o': 'l', 'i': [0, 294], 's': [[0, [[295, 298], 300, [380, 381], 387]]]}]}",,,
8954,25,9,182.202,editor,d_i,"['Automation has become a prevalent aspect of modern society, with intelligent machines taking over many tasks that were once performed by humans. While automation is often seen as a sign of progress, it is important to consider what is lost when humans are replaced by machines. This essay will e']",e',explore the implications of automation and analyze three different perspectives on the issue.',explore the implications of automation and analyze three different perspectives on the issue.',"[[0, 294], [0, 387]]","{'t': 182202, 'o': [{'o': 'i', 'i': [[0, 294], [0, 387]], 'a': 'e'}]}",,,
8955,25,10,183.093,editor,i,"['Automation has become a prevalent aspect of modern society, with intelligent machines taking over many tasks that were once performed by humans. While automation is often seen as a sign of progress, it is important to consider what is lost when humans are replaced by machines. This essay will examine']",xamine',,,"[0, 295]","{'t': [182406, 183093], 'l': 6, 'o': [{'o': 'i', 'i': [0, 295], 'a': 'xamine'}]}",,,
8956,25,11,188.574,editor,i,"['Automation has become a prevalent aspect of modern society, with intelligent machines taking over many tasks that were once performed by humans. While automation is often seen as a sign of progress, it is important to consider what is lost when humans are replaced by machines. This essay will examine ']",,,,"[0, 301]","{'t': 188574, 'o': [{'o': 'i', 'i': [0, 301], 'a': ' '}]}",,,
8957,25,12,190.029,editor,i,"['Automation has become a prevalent aspect of modern society, with intelligent machines taking over many tasks that were once performed by humans. While automation is often seen as a sign of progress, it is important to consider what is lost when humans are replaced by machines. This essay will examine my own']",my own',,,"[0, 302]","{'t': [188814, 190029], 'l': 6, 'o': [{'o': 'i', 'i': [0, 302], 'a': 'my own'}]}",,,
8958,25,13,191.132,editor,d,"['Automation has become a prevalent aspect of modern society, with intelligent machines taking over many tasks that were once performed by humans. While automation is often seen as a sign of progress, it is important to consider what is lost when humans are replaced by machines. This essay will examine my o']",,wn',,"[[0, 306], [0, 308]]","{'t': [190376, 191132], 'l': 2, 'o': [{'o': 'd', 'i': [[0, 306], [0, 308]], 'd': [[1, 2]]}]}",,,
8959,25,14,192.764,editor,i,"['Automation has become a prevalent aspect of modern society, with intelligent machines taking over many tasks that were once performed by humans. While automation is often seen as a sign of progress, it is important to consider what is lost when humans are replaced by machines. This essay will examine my ow']",w',,,"[0, 306]","{'t': 192764, 'o': [{'o': 'i', 'i': [0, 306], 'a': 'w'}]}",,,
8960,25,15,193.03,editor,i,"['Automation has become a prevalent aspect of modern society, with intelligent machines taking over many tasks that were once performed by humans. While automation is often seen as a sign of progress, it is important to consider what is lost when humans are replaced by machines. This essay will examine my own ']",n ',,,"[0, 307]","{'t': [192921, 193030], 'l': 2, 'o': [{'o': 'i', 'i': [0, 307], 'a': 'n '}]}",,,
8961,25,16,194.481,editor,d,"['Automation has become a prevalent aspect of modern society, with intelligent machines taking over many tasks that were once performed by humans. While automation is often seen as a sign of progress, it is important to consider what is lost when humans are replaced by machines. This essay will examine my own']",,,,"[[0, 308], [0, 309]]","{'t': 194481, 'o': [{'o': 'd', 'i': [[0, 308], [0, 309]]}]}",,,
8962,25,17,199.403,editor,d,"['Automation has become a prevalent aspect of modern society, with intelligent machines taking over many tasks that were once performed by humans. While automation is often seen as a sign of progress, it is important to consider what is lost when humans are replaced by machines. T']",,his essay will examine my own',,"[[0, 279], [0, 308]]","{'t': [194981, 199403], 'l': 29, 'o': [{'o': 'd', 'i': [[0, 279], [0, 308]], 'd': [[1, 29]]}]}",,,
8963,25,18,203.182,editor,i,"['Automation has become a prevalent aspect of modern society, with intelligent machines taking over many tasks that were once performed by humans. While automation is often seen as a sign of progress, it is important to consider what is lost when humans are replaced by machines. To do so, I will exam']","o do so, I will exam'",,,"[0, 279]","{'t': [200192, 203182], 'l': 20, 'o': [{'o': 'i', 'i': [0, 279], 'a': 'o do so, I will exam'}]}",,,
8964,25,19,205.407,editor,d,"['Automation has become a prevalent aspect of modern society, with intelligent machines taking over many tasks that were once performed by humans. While automation is often seen as a sign of progress, it is important to consider what is lost when humans are replaced by machines. To do so, ']",,I will exam',,"[[0, 288], [0, 299]]","{'t': [203928, 205407], 'l': 11, 'o': [{'o': 'd', 'i': [[0, 288], [0, 299]], 'd': [[1, 11]]}]}",,,
8965,25,20,206.716,editor,i,"['Automation has become a prevalent aspect of modern society, with intelligent machines taking over many tasks that were once performed by humans. While automation is often seen as a sign of progress, it is important to consider what is lost when humans are replaced by machines. To do so, m']",m',,,"[0, 288]","{'t': 206716, 'o': [{'o': 'i', 'i': [0, 288], 'a': 'm'}]}",,,
8966,25,21,212.347,editor,i,"['Automation has become a prevalent aspect of modern society, with intelligent machines taking over many tasks that were once performed by humans. While automation is often seen as a sign of progress, it is important to consider what is lost when humans are replaced by machines. To do so, my own perspective will be contraste']",y own perspective will be contraste',,,"[0, 289]","{'t': [206904, 212347], 'l': 35, 'o': [{'o': 'i', 'i': [0, 289], 'a': 'y own perspective will be contraste'}]}",,,
8967,25,22,213.984,editor,d,"['Automation has become a prevalent aspect of modern society, with intelligent machines taking over many tasks that were once performed by humans. While automation is often seen as a sign of progress, it is important to consider what is lost when humans are replaced by machines. To do so, my own perspective will be contrast']",,e',,"[[0, 323], [0, 324]]","{'t': 213984, 'o': [{'o': 'd', 'i': [[0, 323], [0, 324]]}]}",,,
8968,25,23,215.736,editor,d,"['Automation has become a prevalent aspect of modern society, with intelligent machines taking over many tasks that were once performed by humans. While automation is often seen as a sign of progress, it is important to consider what is lost when humans are replaced by machines. To do so, my own perspective will be ']",,contrast',,"[[0, 315], [0, 323]]","{'t': [214494, 215736], 'l': 8, 'o': [{'o': 'd', 'i': [[0, 315], [0, 323]], 'd': [[1, 8]]}]}",,,
8969,25,24,217.856,editor,i,"['Automation has become a prevalent aspect of modern society, with intelligent machines taking over many tasks that were once performed by humans. While automation is often seen as a sign of progress, it is important to consider what is lost when humans are replaced by machines. To do so, my own perspective will be analyz']",analyz',,,"[0, 315]","{'t': [216316, 217856], 'l': 6, 'o': [{'o': 'i', 'i': [0, 315], 'a': 'analyz'}]}",,,
8970,25,25,219.217,editor,i,"['Automation has become a prevalent aspect of modern society, with intelligent machines taking over many tasks that were once performed by humans. While automation is often seen as a sign of progress, it is important to consider what is lost when humans are replaced by machines. To do so, my own perspective will be analyze']",e',,,"[0, 321]","{'t': 219217, 'o': [{'o': 'i', 'i': [0, 321], 'a': 'e'}]}",,,
8971,25,26,219.657,editor,i,"['Automation has become a prevalent aspect of modern society, with intelligent machines taking over many tasks that were once performed by humans. While automation is often seen as a sign of progress, it is important to consider what is lost when humans are replaced by machines. To do so, my own perspective will be analyzed w']",d w',,,"[0, 322]","{'t': [219414, 219657], 'l': 3, 'o': [{'o': 'i', 'i': [0, 322], 'a': 'd w'}]}",,,
8972,25,27,221.891,editor,d,"['Automation has become a prevalent aspect of modern society, with intelligent machines taking over many tasks that were once performed by humans. While automation is often seen as a sign of progress, it is important to consider what is lost when humans are replaced by machines. To do so, my own perspective will be analyzed ']",,w',,"[[0, 324], [0, 325]]","{'t': 221891, 'o': [{'o': 'd', 'i': [[0, 324], [0, 325]]}]}",,,
8973,25,28,222.979,editor,d,"['Automation has become a prevalent aspect of modern society, with intelligent machines taking over many tasks that were once performed by humans. While automation is often seen as a sign of progress, it is important to consider what is lost when humans are replaced by machines. To do so, my own perspective will be a']",,nalyzed ',,"[[0, 316], [0, 324]]","{'t': [222395, 222979], 'l': 8, 'o': [{'o': 'd', 'i': [[0, 316], [0, 324]], 'd': [[1, 8]]}]}",,,
8974,25,29,224.891,editor,d,"['Automation has become a prevalent aspect of modern society, with intelligent machines taking over many tasks that were once performed by humans. While automation is often seen as a sign of progress, it is important to consider what is lost when humans are replaced by machines. To do so, my own perspective will be ']",,a',,"[[0, 315], [0, 316]]","{'t': 224891, 'o': [{'o': 'd', 'i': [[0, 315], [0, 316]]}]}",,,
8975,25,30,226.565,editor,i,"['Automation has become a prevalent aspect of modern society, with intelligent machines taking over many tasks that were once performed by humans. While automation is often seen as a sign of progress, it is important to consider what is lost when humans are replaced by machines. To do so, my own perspective will be compared to ']",compared to ',,,"[0, 315]","{'t': [225064, 226565], 'l': 12, 'o': [{'o': 'i', 'i': [0, 315], 'a': 'compared to '}]}",,,
8976,25,31,256.291,editor,i,"['Automation has become a prevalent aspect of modern society, with intelligent machines taking over many tasks that were once performed by humans. While automation is often seen as a sign of progress, it is important to consider what is lost when humans are replaced by machines. To do so, my own perspective will be compared to t']",t',,,"[0, 327]","{'t': 256291, 'o': [{'o': 'i', 'i': [0, 327], 'a': 't'}]}",,,
8977,25,32,256.566,editor,i,"['Automation has become a prevalent aspect of modern society, with intelligent machines taking over many tasks that were once performed by humans. While automation is often seen as a sign of progress, it is important to consider what is lost when humans are replaced by machines. To do so, my own perspective will be compared to the ']",he ',,,"[0, 328]","{'t': [256403, 256566], 'l': 3, 'o': [{'o': 'i', 'i': [0, 328], 'a': 'he '}]}",,,
8978,25,33,259.63,editor,i,"['Automation has become a prevalent aspect of modern society, with intelligent machines taking over many tasks that were once performed by humans. While automation is often seen as a sign of progress, it is important to consider what is lost when humans are replaced by machines. To do so, my own perspective will be compared to the U']",U',,,"[0, 331]","{'t': 259630, 'o': [{'o': 'i', 'i': [0, 331], 'a': 'U'}]}",,,
8979,25,34,260.029,editor,i,"['Automation has become a prevalent aspect of modern society, with intelligent machines taking over many tasks that were once performed by humans. While automation is often seen as a sign of progress, it is important to consider what is lost when humans are replaced by machines. To do so, my own perspective will be compared to the Ult']",lt',,,"[0, 332]","{'t': [259881, 260029], 'l': 2, 'o': [{'o': 'i', 'i': [0, 332], 'a': 'lt'}]}",,,
8980,25,35,260.666,editor,d,"['Automation has become a prevalent aspect of modern society, with intelligent machines taking over many tasks that were once performed by humans. While automation is often seen as a sign of progress, it is important to consider what is lost when humans are replaced by machines. To do so, my own perspective will be compared to the U']",,lt',,"[[0, 332], [0, 334]]","{'t': [260461, 260666], 'l': 2, 'o': [{'o': 'd', 'i': [[0, 332], [0, 334]], 'd': [[1, 2]]}]}",,,
8981,25,36,265.478,editor,i,"['Automation has become a prevalent aspect of modern society, with intelligent machines taking over many tasks that were once performed by humans. While automation is often seen as a sign of progress, it is important to consider what is lost when humans are replaced by machines. To do so, my own perspective will be compared to the Utilitarian ethical framwe']",tilitarian ethical framwe',,,"[0, 332]","{'t': [260979, 265478], 'l': 25, 'o': [{'o': 'i', 'i': [0, 332], 'a': 'tilitarian ethical framwe'}]}",,,
8982,25,37,267.34,editor,d,"['Automation has become a prevalent aspect of modern society, with intelligent machines taking over many tasks that were once performed by humans. While automation is often seen as a sign of progress, it is important to consider what is lost when humans are replaced by machines. To do so, my own perspective will be compared to the Utilitarian ethical fram']",,we',,"[[0, 355], [0, 357]]","{'t': [266212, 267340], 'l': 2, 'o': [{'o': 'd', 'i': [[0, 355], [0, 357]], 'd': [[1, 2]]}]}",,,
8983,25,38,267.996,editor,i,"['Automation has become a prevalent aspect of modern society, with intelligent machines taking over many tasks that were once performed by humans. While automation is often seen as a sign of progress, it is important to consider what is lost when humans are replaced by machines. To do so, my own perspective will be compared to the Utilitarian ethical framework']",ework',,,"[0, 355]","{'t': [267451, 267996], 'l': 5, 'o': [{'o': 'i', 'i': [0, 355], 'a': 'ework'}]}",,,
8984,25,39,270.803,editor,d,"['Automation has become a prevalent aspect of modern society, with intelligent machines taking over many tasks that were once performed by humans. While automation is often seen as a sign of progress, it is important to consider what is lost when humans are replaced by machines. To do so, my own perspective will be compared to the Utilitarian ']",,ethical framework',,"[[0, 343], [0, 360]]","{'t': [268803, 270803], 'l': 17, 'o': [{'o': 'd', 'i': [[0, 343], [0, 360]], 'd': [[1, 17]]}]}",,,
8985,25,40,271.322,editor,i,"['Automation has become a prevalent aspect of modern society, with intelligent machines taking over many tasks that were once performed by humans. While automation is often seen as a sign of progress, it is important to consider what is lost when humans are replaced by machines. To do so, my own perspective will be compared to the Utilitarian pi']",pi',,,"[0, 343]","{'t': [271013, 271322], 'l': 2, 'o': [{'o': 'i', 'i': [0, 343], 'a': 'pi'}]}",,,
8986,25,41,271.715,editor,d,"['Automation has become a prevalent aspect of modern society, with intelligent machines taking over many tasks that were once performed by humans. While automation is often seen as a sign of progress, it is important to consider what is lost when humans are replaced by machines. To do so, my own perspective will be compared to the Utilitarian p']",,i',,"[[0, 344], [0, 345]]","{'t': 271715, 'o': [{'o': 'd', 'i': [[0, 344], [0, 345]]}]}",,,
8987,25,42,273.197,editor,i,"['Automation has become a prevalent aspect of modern society, with intelligent machines taking over many tasks that were once performed by humans. While automation is often seen as a sign of progress, it is important to consider what is lost when humans are replaced by machines. To do so, my own perspective will be compared to the Utilitarian point of view.']",oint of view.',,,"[0, 344]","{'t': [271892, 273197], 'l': 13, 'o': [{'o': 'i', 'i': [0, 344], 'a': 'oint of view.'}]}",,,
8988,25,43,275.859,editor,o,"['Automation has become a prevalent aspect of modern society, with intelligent machines taking over many tasks that were once performed by humans. While automation is often seen as a sign of progress, it is important to consider what is lost when humans are replaced by machines. To do so, my own perspective will be compared to the Utilitarian point of view.']",,,,"[0, 286]","{'t': 275859, 'o': [{'o': 'o', 'i': [0, 286]}]}",,,
8989,25,44,277.358,editor,d,"['Automation has become a prevalent aspect of modern society, with intelligent machines taking over many tasks that were once performed by humans. While automation is often seen as a sign of progress, it is important to consider what is lost when humans are replaced by machines. To do s, my own perspective will be compared to the Utilitarian point of view.']",,o',,"[[0, 285], [0, 286]]","{'t': 277358, 'o': [{'o': 'd', 'i': [[0, 285], [0, 286]]}]}",,,
8990,25,45,278.114,editor,d,"['Automation has become a prevalent aspect of modern society, with intelligent machines taking over many tasks that were once performed by humans. While automation is often seen as a sign of progress, it is important to consider what is lost when humans are replaced by machines. To , my own perspective will be compared to the Utilitarian point of view.']",,do s',,"[[0, 281], [0, 285]]","{'t': [277571, 278114], 'l': 4, 'o': [{'o': 'd', 'i': [[0, 281], [0, 285]], 'd': [[1, 4]]}]}",,,
8991,25,46,279.185,editor,i,"['Automation has become a prevalent aspect of modern society, with intelligent machines taking over many tasks that were once performed by humans. While automation is often seen as a sign of progress, it is important to consider what is lost when humans are replaced by machines. To analyz, my own perspective will be compared to the Utilitarian point of view.']",analyz',,,"[0, 281]","{'t': [278614, 279185], 'l': 6, 'o': [{'o': 'i', 'i': [0, 281], 'a': 'analyz'}]}",,,
8992,25,47,282.576,editor,i,"['Automation has become a prevalent aspect of modern society, with intelligent machines taking over many tasks that were once performed by humans. While automation is often seen as a sign of progress, it is important to consider what is lost when humans are replaced by machines. To analyze, my own perspective will be compared to the Utilitarian point of view.']",e',,,"[0, 287]","{'t': 282576, 'o': [{'o': 'i', 'i': [0, 287], 'a': 'e'}]}",,,
8993,25,48,284.099,editor,i,"['Automation has become a prevalent aspect of modern society, with intelligent machines taking over many tasks that were once performed by humans. While automation is often seen as a sign of progress, it is important to consider what is lost when humans are replaced by machines. To analyze this further, my own perspective will be compared to the Utilitarian point of view.']",this further',,,"[0, 288]","{'t': [282732, 284099], 'l': 13, 'o': [{'o': 'i', 'i': [0, 288], 'a': ' this further'}]}",,,
8994,25,49,290.403,editor,o,"['Automation has become a prevalent aspect of modern society, with intelligent machines taking over many tasks that were once performed by humans. While automation is often seen as a sign of progress, it is important to consider what is lost when humans are replaced by machines. To analyze this further, my own perspective will be compared to the Utilitarian point of view.']",,,,"[0, 341]","{'t': 290403, 'o': [{'o': 'o', 'i': [0, 341]}]}",,,
8995,25,50,290.842,editor,d,"['Automation has become a prevalent aspect of modern society, with intelligent machines taking over many tasks that were once performed by humans. While automation is often seen as a sign of progress, it is important to consider what is lost when humans are replaced by machines. To analyze this further, my own perspective will be compared t the Utilitarian point of view.']",,o',,"[[0, 340], [0, 341]]","{'t': 290842, 'o': [{'o': 'd', 'i': [[0, 340], [0, 341]]}]}",,,
8996,25,51,291.033,editor,d,"['Automation has become a prevalent aspect of modern society, with intelligent machines taking over many tasks that were once performed by humans. While automation is often seen as a sign of progress, it is important to consider what is lost when humans are replaced by machines. To analyze this further, my own perspective will be compared  the Utilitarian point of view.']",,t',,"[[0, 339], [0, 340]]","{'t': 291033, 'o': [{'o': 'd', 'i': [[0, 339], [0, 340]]}]}",,,
8997,25,52,291.559,editor,i,"['Automation has become a prevalent aspect of modern society, with intelligent machines taking over many tasks that were once performed by humans. While automation is often seen as a sign of progress, it is important to consider what is lost when humans are replaced by machines. To analyze this further, my own perspective will be compared with the Utilitarian point of view.']",with',,,"[0, 339]","{'t': [291204, 291559], 'l': 4, 'o': [{'o': 'i', 'i': [0, 339], 'a': 'with'}]}",,,
8998,25,53,292.932,editor,o,"['Automation has become a prevalent aspect of modern society, with intelligent machines taking over many tasks that were once performed by humans. While automation is often seen as a sign of progress, it is important to consider what is lost when humans are replaced by machines. To analyze this further, my own perspective will be compared with the Utilitarian point of view.']",,,,"[0, 374]","{'t': 292932, 'o': [{'o': 'o', 'i': [0, 374]}]}",,,
8999,25,54,293.21,editor,l,"['Automation has become a prevalent aspect of modern society, with intelligent machines taking over many tasks that were once performed by humans. While automation is often seen as a sign of progress, it is important to consider what is lost when humans are replaced by machines. To analyze this further, my own perspective will be compared with the Utilitarian point of view.']",,,"Automation has become a prevalent aspect of modern society, with intelligent machines taking over many tasks that were once performed by humans. While automation is often seen as a sign of progress, it is important to consider what is lost when humans are replaced by machines. To analyze this further, my own perspective will be compared with the Utilitarian point of view.'","[[0, 374], [0, 0]]","{'t': [293162, 293210], 'l': 6, 'o': [{'o': 'l', 'i': [0, 374], 's': [[0, [373, 368, 198, 114, 30, 0]]]}]}",,,
9000,25,55,293.888,editor,y,,,,"Automation has become a prevalent aspect of modern society, with intelligent machines taking over many tasks that were once performed by humans. While automation is often seen as a sign of progress, it is important to consider what is lost when humans are replaced by machines. To analyze this further, my own perspective will be compared with the Utilitarian point of view.",,,,,
9001,25,56,306.146,gpt,p,,,,"Automation has become a prevalent aspect of modern society, with intelligent machines taking over many tasks that were once performed by humans. While automation is often seen as a sign of progress, it is important to consider what is lost when humans are replaced by machines. To analyze this further, my own perspective will be compared with the Utilitarian point of view.",,,,,
9002,25,57,311.347,gpt,gpt_inquiry,,,,"is this okay for an introduction with thesis statement? 

Automation has become a prevalent aspect of modern society, with intelligent machines taking over many tasks that were once performed by humans. While automation is often seen as a sign of progress, it is important to consider what is lost when humans are replaced by machines. To analyze this further, my own perspective will be compared with the Utilitarian point of view.",,,,,
9003,25,58,313.378,gpt,gpt_response,,,,"Yes, the introduction provided is appropriate for the essay topic. It sets the stage by introducing the issue of automation and the potential implications of replacing humans with machines. The thesis statement clearly establishes the focus of the essay, which is to analyze what is lost in this scenario and to compare the writer's perspective with the Utilitarian point of view. This sets up a clear structure for the rest of the essay where the perspectives will be discussed and analyzed in relation to each other.",,,,,
9004,25,59,334.106,gpt,gpt_inquiry,,,,Are there any changes that you would make for more concise/clear phrasing?,,,,,
9005,25,60,335.77,gpt,gpt_response,,,,"To increase conciseness and clarity, you could consider the following revised introduction:

""In modern society, intelligent machines have replaced many tasks once performed by humans, raising questions about what is sacrificed in the process of automation. This essay will examine the implications of this shift and compare my perspective with the Utilitarian viewpoint.""",,,,,
9006,25,61,363.811,gpt,y,,,,"In modern society, intelligent machines have replaced many tasks once performed by humans, raising questions about what is sacrificed in the process of automation. This essay will examine the implications of this shift and compare my perspective with the Utilitarian viewpoint",,,,,
9007,25,62,366.325,editor,o,"['Automation has become a prevalent aspect of modern society, with intelligent machines taking over many tasks that were once performed by humans. While automation is often seen as a sign of progress, it is important to consider what is lost when humans are replaced by machines. To analyze this further, my own perspective will be compared with the Utilitarian point of view.']",,,,"[0, 374]","{'t': 366325, 'o': [{'o': 'o', 'i': [0, 374]}]}",,,
9008,25,63,367.049,editor,i,"['Automation has become a prevalent aspect of modern society, with intelligent machines taking over many tasks that were once performed by humans. While automation is often seen as a sign of progress, it is important to consider what is lost when humans are replaced by machines. To analyze this further, my own perspective will be compared with the Utilitarian point of view.', '']",\n',,,"[0, 374]","{'t': 367049, 'o': [{'o': 'i', 'i': [0, 374], 'a': '\n'}]}",,,
9009,25,64,367.203,editor,i,"['Automation has become a prevalent aspect of modern society, with intelligent machines taking over many tasks that were once performed by humans. While automation is often seen as a sign of progress, it is important to consider what is lost when humans are replaced by machines. To analyze this further, my own perspective will be compared with the Utilitarian point of view.', '', '']",\n',,,"[1, 0]","{'t': 367203, 'o': [{'o': 'i', 'i': [1, 0], 'a': '\n'}]}",,,
9010,25,65,367.348,editor,p,"['Automation has become a prevalent aspect of modern society, with intelligent machines taking over many tasks that were once performed by humans. While automation is often seen as a sign of progress, it is important to consider what is lost when humans are replaced by machines. To analyze this further, my own perspective will be compared with the Utilitarian point of view.', '', 'In modern society, intelligent machines have replaced many tasks once performed by humans, raising questions about what is sacrificed in the process of automation. This essay will examine the implications of this shift and compare my perspective with the Utilitarian viewpoint']","In modern society, intelligent machines have replaced many tasks once performed by humans, raising questions about what is sacrificed in the process of automation. This essay will examine the implications of this shift and compare my perspective with the Utilitarian viewpoint'",,,"[2, 0]","{'t': 367348, 'o': [{'o': 'p', 'i': [2, 0], 'a': ['In modern society, intelligent machines have replaced many tasks once performed by humans, raising questions about what is sacrificed in the process of automation. This essay will examine the implications of this shift and compare my perspective with the Utilitarian viewpoint']}]}",,,
9011,25,66,367.349,editor,o,"['Automation has become a prevalent aspect of modern society, with intelligent machines taking over many tasks that were once performed by humans. While automation is often seen as a sign of progress, it is important to consider what is lost when humans are replaced by machines. To analyze this further, my own perspective will be compared with the Utilitarian point of view.', '', 'In modern society, intelligent machines have replaced many tasks once performed by humans, raising questions about what is sacrificed in the process of automation. This essay will examine the implications of this shift and compare my perspective with the Utilitarian viewpoint']",,,,"[2, 276]","{'t': 367349, 'o': [{'o': 'o', 'i': [2, 276]}]}",,,
9012,25,67,376.753,editor,o,"['Automation has become a prevalent aspect of modern society, with intelligent machines taking over many tasks that were once performed by humans. While automation is often seen as a sign of progress, it is important to consider what is lost when humans are replaced by machines. To analyze this further, my own perspective will be compared with the Utilitarian point of view.', '', 'In modern society, intelligent machines have replaced many tasks once performed by humans, raising questions about what is sacrificed in the process of automation. This essay will examine the implications of this shift and compare my perspective with the Utilitarian viewpoint']",,,,"[0, 374]","{'t': 376753, 'o': [{'o': 'o', 'i': [0, 374]}]}",,,
9013,25,68,377.511,editor,l,"['Automation has become a prevalent aspect of modern society, with intelligent machines taking over many tasks that were once performed by humans. While automation is often seen as a sign of progress, it is important to consider what is lost when humans are replaced by machines. To analyze this further, my own perspective will be compared with the Utilitarian point of view.', '', 'In modern society, intelligent machines have replaced many tasks once performed by humans, raising questions about what is sacrificed in the process of automation. This essay will examine the implications of this shift and compare my perspective with the Utilitarian viewpoint']",,,"Automation has become a prevalent aspect of modern society, with intelligent machines taking over many tasks that were once performed by humans. While automation is often seen as a sign of progress, it is important to consider what is lost when humans are replaced by machines. To analyze this further, my own perspective will be compared with the Utilitarian point of view.'","[[0, 374], [0, 0]]","{'t': [376894, 377511], 'l': 27, 'o': [{'o': 'l', 'i': [0, 374], 's': [[0, [372, 369, 366, 362, 272, 265, 179, 177, 173, 169, [93, 82], [4, 0]]]]}]}",,,
9014,25,69,382.035,editor,d,"['', '', 'In modern society, intelligent machines have replaced many tasks once performed by humans, raising questions about what is sacrificed in the process of automation. This essay will examine the implications of this shift and compare my perspective with the Utilitarian viewpoint']",,"Automation has become a prevalent aspect of modern society, with intelligent machines taking over many tasks that were once performed by humans. While automation is often seen as a sign of progress, it is important to consider what is lost when humans are replaced by machines. To analyze this further, my own perspective will be compared with the Utilitarian point of view.'",,"[[0, 0], [0, 374]]","{'t': 382035, 'o': [{'o': 'd', 'i': [[0, 0], [0, 374]]}]}",,,
9015,25,70,382.347,editor,o,"['', '', 'In modern society, intelligent machines have replaced many tasks once performed by humans, raising questions about what is sacrificed in the process of automation. This essay will examine the implications of this shift and compare my perspective with the Utilitarian viewpoint']",,,,"[1, 0]","{'t': 382347, 'o': [{'o': 'o', 'i': [1, 0]}]}",,,
9016,25,71,382.616,editor,o,"['', '', 'In modern society, intelligent machines have replaced many tasks once performed by humans, raising questions about what is sacrificed in the process of automation. This essay will examine the implications of this shift and compare my perspective with the Utilitarian viewpoint']",,,,"[2, 0]","{'t': 382616, 'o': [{'o': 'o', 'i': [2, 0]}]}",,,
9017,25,72,383.176,editor,d,"['In modern society, intelligent machines have replaced many tasks once performed by humans, raising questions about what is sacrificed in the process of automation. This essay will examine the implications of this shift and compare my perspective with the Utilitarian viewpoint']",,\n\n',,"[[0, 0], [2, 0]]","{'t': [382989, 383176], 'l': 2, 'o': [{'o': 'd', 'i': [[0, 0], [2, 0]], 'd': [[[0, 0], [1, 0]], [[1, 0], [2, 0]]]}]}",,,
9018,25,73,386.407,editor,o,"['In modern society, intelligent machines have replaced many tasks once performed by humans, raising questions about what is sacrificed in the process of automation. This essay will examine the implications of this shift and compare my perspective with the Utilitarian viewpoint']",,,,"[0, 213]","{'t': 386407, 'o': [{'o': 'o', 'i': [0, 213]}]}",,,
9019,25,74,386.869,editor,i,"['In modern society, intelligent machines have replaced many tasks once performed by humans, raising questions about what is sacrificed in the process of automation. This essay will examine the implications of this pshift and compare my perspective with the Utilitarian viewpoint']",p',,,"[0, 213]","{'t': 386869, 'o': [{'o': 'i', 'i': [0, 213], 'a': 'p'}]}",,,
9020,25,75,388.314,editor,i,"['In modern society, intelligent machines have replaced many tasks once performed by humans, raising questions about what is sacrificed in the process of automation. This essay will examine the implications of this paradignshift and compare my perspective with the Utilitarian viewpoint']",aradign',,,"[0, 214]","{'t': [387269, 388314], 'l': 7, 'o': [{'o': 'i', 'i': [0, 214], 'a': 'aradign'}]}",,,
9021,25,76,388.684,editor,d,"['In modern society, intelligent machines have replaced many tasks once performed by humans, raising questions about what is sacrificed in the process of automation. This essay will examine the implications of this paradigshift and compare my perspective with the Utilitarian viewpoint']",,n',,"[[0, 220], [0, 221]]","{'t': 388684, 'o': [{'o': 'd', 'i': [[0, 220], [0, 221]]}]}",,,
9022,25,77,389.158,editor,i,"['In modern society, intelligent machines have replaced many tasks once performed by humans, raising questions about what is sacrificed in the process of automation. This essay will examine the implications of this paradigm shift and compare my perspective with the Utilitarian viewpoint']",m ',,,"[0, 220]","{'t': [389066, 389158], 'l': 2, 'o': [{'o': 'i', 'i': [0, 220], 'a': 'm '}]}",,,
9023,25,78,392.37,editor,o,"['In modern society, intelligent machines have replaced many tasks once performed by humans, raising questions about what is sacrificed in the process of automation. This essay will examine the implications of this paradigm shift and compare my perspective with the Utilitarian viewpoint']",,,,"[0, 285]","{'t': 392370, 'o': [{'o': 'o', 'i': [0, 285]}]}",,,
9024,25,79,393.939,editor,i,"['In modern society, intelligent machines have replaced many tasks once performed by humans, raising questions about what is sacrificed in the process of automation. This essay will examine the implications of this paradigm shift and compare my perspective with the Utilitarian viewpoint.']",.',,,"[0, 285]","{'t': 393939, 'o': [{'o': 'i', 'i': [0, 285], 'a': '.'}]}",,,
9025,25,80,394.668,editor,o,"['In modern society, intelligent machines have replaced many tasks once performed by humans, raising questions about what is sacrificed in the process of automation. This essay will examine the implications of this paradigm shift and compare my perspective with the Utilitarian viewpoint.']",,,,"[0, 285]","{'t': 394668, 'o': [{'o': 'o', 'i': [0, 285]}]}",,,
9026,25,81,402.449,editor,o,"['In modern society, intelligent machines have replaced many tasks once performed by humans, raising questions about what is sacrificed in the process of automation. This essay will examine the implications of this paradigm shift and compare my perspective with the Utilitarian viewpoint.']",,,,"[0, 285]","{'t': 402449, 'o': [{'o': 'o', 'i': [0, 285]}]}",,,
9027,25,82,402.898,editor,o,"['In modern society, intelligent machines have replaced many tasks once performed by humans, raising questions about what is sacrificed in the process of automation. This essay will examine the implications of this paradigm shift and compare my perspective with the Utilitarian viewpoint.']",,,,"[0, 286]","{'t': 402898, 'o': [{'o': 'o', 'i': [0, 286]}]}",,,
9028,25,83,405.559,editor,o,"['In modern society, intelligent machines have replaced many tasks once performed by humans, raising questions about what is sacrificed in the process of automation. This essay will examine the implications of this paradigm shift and compare my perspective with the Utilitarian viewpoint.']",,,,"[0, 263]","{'t': 405559, 'o': [{'o': 'o', 'i': [0, 263]}]}",,,
9029,25,84,406.228,editor,d,"['In modern society, intelligent machines have replaced many tasks once performed by humans, raising questions about what is sacrificed in the process of automation. This essay will examine the implications of this paradigm shift and compare my perspective with th Utilitarian viewpoint.']",,e',,"[[0, 262], [0, 263]]","{'t': 406228, 'o': [{'o': 'd', 'i': [[0, 262], [0, 263]]}]}",,,
9030,25,85,406.585,editor,d,"['In modern society, intelligent machines have replaced many tasks once performed by humans, raising questions about what is sacrificed in the process of automation. This essay will examine the implications of this paradigm shift and compare my perspective with  Utilitarian viewpoint.']",,th',,"[[0, 260], [0, 262]]","{'t': [406420, 406585], 'l': 2, 'o': [{'o': 'd', 'i': [[0, 260], [0, 262]], 'd': [[1, 2]]}]}",,,
9031,25,86,406.702,editor,i,"['In modern society, intelligent machines have replaced many tasks once performed by humans, raising questions about what is sacrificed in the process of automation. This essay will examine the implications of this paradigm shift and compare my perspective with a Utilitarian viewpoint.']",a',,,"[0, 260]","{'t': 406702, 'o': [{'o': 'i', 'i': [0, 260], 'a': 'a'}]}",,,
9032,25,87,407.431,editor,o,"['In modern society, intelligent machines have replaced many tasks once performed by humans, raising questions about what is sacrificed in the process of automation. This essay will examine the implications of this paradigm shift and compare my perspective with a Utilitarian viewpoint.']",,,,"[0, 284]","{'t': 407431, 'o': [{'o': 'o', 'i': [0, 284]}]}",,,
9033,25,88,410.423,editor,o,"['In modern society, intelligent machines have replaced many tasks once performed by humans, raising questions about what is sacrificed in the process of automation. This essay will examine the implications of this paradigm shift and compare my perspective with a Utilitarian viewpoint.']",,,,"[0, 243]","{'t': 410423, 'o': [{'o': 'o', 'i': [0, 243]}]}",,,
9034,25,89,411.082,editor,i,"['In modern society, intelligent machines have replaced many tasks once performed by humans, raising questions about what is sacrificed in the process of automation. This essay will examine the implications of this paradigm shift and compare my operspective with a Utilitarian viewpoint.']",o',,,"[0, 243]","{'t': 411082, 'o': [{'o': 'i', 'i': [0, 243], 'a': 'o'}]}",,,
9035,25,90,411.452,editor,i,"['In modern society, intelligent machines have replaced many tasks once performed by humans, raising questions about what is sacrificed in the process of automation. This essay will examine the implications of this paradigm shift and compare my own perspective with a Utilitarian viewpoint.']",wn ',,,"[0, 244]","{'t': [411141, 411452], 'l': 3, 'o': [{'o': 'i', 'i': [0, 244], 'a': 'wn '}]}",,,
9036,25,91,414.965,editor,o,"['In modern society, intelligent machines have replaced many tasks once performed by humans, raising questions about what is sacrificed in the process of automation. This essay will examine the implications of this paradigm shift and compare my own perspective with a Utilitarian viewpoint.']",,,,"[0, 288]","{'t': 414965, 'o': [{'o': 'o', 'i': [0, 288]}]}",,,
9037,25,92,438.421,gpt,y,,,,"In my opinion, while automation brings undeniable benefits in terms of efficiency and progress, it is crucial to consider the human impact of replacing people with machines. While machines may excel at certain tasks, they lack the empathy, creativity, and adaptability that are inherent to human beings. It is important to strike a balance between automation and human involvement in order to preserve our humanity and ensure that technology serves as a tool for advancement rather than a replacement for human interaction.",,,,,
9038,25,93,438.61,gpt,y,,,,"In my opinion, while automation brings undeniable benefits in terms of efficiency and progress, it is crucial to consider the human impact of replacing people with machines. While machines may excel at certain tasks, they lack the empathy, creativity, and adaptability that are inherent to human beings. It is important to strike a balance between automation and human involvement in order to preserve our humanity and ensure that technology serves as a tool for advancement rather than a replacement for human interaction.",,,,,
9039,25,94,453.819,editor,i,"['In modern society, intelligent machines have replaced many tasks once performed by humans, raising questions about what is sacrificed in the process of automation. This essay will examine the implications of this paradigm shift and compare my own perspective with a Utilitarian viewpoint.', '']",\n',,,"[0, 288]","{'t': 453819, 'o': [{'o': 'i', 'i': [0, 288], 'a': '\n'}]}",,,
9040,25,95,454.024,editor,i,"['In modern society, intelligent machines have replaced many tasks once performed by humans, raising questions about what is sacrificed in the process of automation. This essay will examine the implications of this paradigm shift and compare my own perspective with a Utilitarian viewpoint.', '', '']",\n',,,"[1, 0]","{'t': 454024, 'o': [{'o': 'i', 'i': [1, 0], 'a': '\n'}]}",,,
9041,25,96,454.749,editor,p,"['In modern society, intelligent machines have replaced many tasks once performed by humans, raising questions about what is sacrificed in the process of automation. This essay will examine the implications of this paradigm shift and compare my own perspective with a Utilitarian viewpoint.', '', 'In my opinion, while automation brings undeniable benefits in terms of efficiency and progress, it is crucial to consider the human impact of replacing people with machines. While machines may excel at certain tasks, they lack the empathy, creativity, and adaptability that are inherent to human beings. It is important to strike a balance between automation and human involvement in order to preserve our humanity and ensure that technology serves as a tool for advancement rather than a replacement for human interaction.']","In my opinion, while automation brings undeniable benefits in terms of efficiency and progress, it is crucial to consider the human impact of replacing people with machines. While machines may excel at certain tasks, they lack the empathy, creativity, and adaptability that are inherent to human beings. It is important to strike a balance between automation and human involvement in order to preserve our humanity and ensure that technology serves as a tool for advancement rather than a replacement for human interaction.'",,,"[2, 0]","{'t': 454749, 'o': [{'o': 'p', 'i': [2, 0], 'a': ['In my opinion, while automation brings undeniable benefits in terms of efficiency and progress, it is crucial to consider the human impact of replacing people with machines. While machines may excel at certain tasks, they lack the empathy, creativity, and adaptability that are inherent to human beings. It is important to strike a balance between automation and human involvement in order to preserve our humanity and ensure that technology serves as a tool for advancement rather than a replacement for human interaction.']}]}",,,
9042,25,97,454.75,editor,o,"['In modern society, intelligent machines have replaced many tasks once performed by humans, raising questions about what is sacrificed in the process of automation. This essay will examine the implications of this paradigm shift and compare my own perspective with a Utilitarian viewpoint.', '', 'In my opinion, while automation brings undeniable benefits in terms of efficiency and progress, it is crucial to consider the human impact of replacing people with machines. While machines may excel at certain tasks, they lack the empathy, creativity, and adaptability that are inherent to human beings. It is important to strike a balance between automation and human involvement in order to preserve our humanity and ensure that technology serves as a tool for advancement rather than a replacement for human interaction.']",,,,"[2, 523]","{'t': 454750, 'o': [{'o': 'o', 'i': [2, 523]}]}",,,
9043,25,98,474.611,editor,o,"['In modern society, intelligent machines have replaced many tasks once performed by humans, raising questions about what is sacrificed in the process of automation. This essay will examine the implications of this paradigm shift and compare my own perspective with a Utilitarian viewpoint.', '', 'In my opinion, while automation brings undeniable benefits in terms of efficiency and progress, it is crucial to consider the human impact of replacing people with machines. While machines may excel at certain tasks, they lack the empathy, creativity, and adaptability that are inherent to human beings. It is important to strike a balance between automation and human involvement in order to preserve our humanity and ensure that technology serves as a tool for advancement rather than a replacement for human interaction.']",,,,"[2, 94]","{'t': 474611, 'o': [{'o': 'o', 'i': [2, 94]}]}",,,
9044,25,99,475.022,editor,l,"['In modern society, intelligent machines have replaced many tasks once performed by humans, raising questions about what is sacrificed in the process of automation. This essay will examine the implications of this paradigm shift and compare my own perspective with a Utilitarian viewpoint.', '', 'In my opinion, while automation brings undeniable benefits in terms of efficiency and progress, it is crucial to consider the human impact of replacing people with machines. While machines may excel at certain tasks, they lack the empathy, creativity, and adaptability that are inherent to human beings. It is important to strike a balance between automation and human involvement in order to preserve our humanity and ensure that technology serves as a tool for advancement rather than a replacement for human interaction.']",,,and progress',"[[2, 94], [2, 81]]","{'t': [474830, 475022], 'l': 13, 'o': [{'o': 'l', 'i': [2, 94], 's': [[2, [[93, 81]]]]}]}",,,
9045,25,100,476.781,editor,o,"['In modern society, intelligent machines have replaced many tasks once performed by humans, raising questions about what is sacrificed in the process of automation. This essay will examine the implications of this paradigm shift and compare my own perspective with a Utilitarian viewpoint.', '', 'In my opinion, while automation brings undeniable benefits in terms of efficiency and progress, it is crucial to consider the human impact of replacing people with machines. While machines may excel at certain tasks, they lack the empathy, creativity, and adaptability that are inherent to human beings. It is important to strike a balance between automation and human involvement in order to preserve our humanity and ensure that technology serves as a tool for advancement rather than a replacement for human interaction.']",,,,"[2, 178]","{'t': 476781, 'o': [{'o': 'o', 'i': [2, 178]}]}",,,
9046,25,101,480.844,editor,o,"['In modern society, intelligent machines have replaced many tasks once performed by humans, raising questions about what is sacrificed in the process of automation. This essay will examine the implications of this paradigm shift and compare my own perspective with a Utilitarian viewpoint.', '', 'In my opinion, while automation brings undeniable benefits in terms of efficiency and progress, it is crucial to consider the human impact of replacing people with machines. While machines may excel at certain tasks, they lack the empathy, creativity, and adaptability that are inherent to human beings. It is important to strike a balance between automation and human involvement in order to preserve our humanity and ensure that technology serves as a tool for advancement rather than a replacement for human interaction.']",,,,"[2, 59]","{'t': 480844, 'o': [{'o': 'o', 'i': [2, 59]}]}",,,
9047,25,102,481.155,editor,l,"['In modern society, intelligent machines have replaced many tasks once performed by humans, raising questions about what is sacrificed in the process of automation. This essay will examine the implications of this paradigm shift and compare my own perspective with a Utilitarian viewpoint.', '', 'In my opinion, while automation brings undeniable benefits in terms of efficiency and progress, it is crucial to consider the human impact of replacing people with machines. While machines may excel at certain tasks, they lack the empathy, creativity, and adaptability that are inherent to human beings. It is important to strike a balance between automation and human involvement in order to preserve our humanity and ensure that technology serves as a tool for advancement rather than a replacement for human interaction.']",,,in terms of ',"[[2, 59], [2, 71]]","{'t': [481085, 481155], 'l': 8, 'o': [{'o': 'l', 'i': [2, 59], 's': [[2, [[60, 62], [65, 67], 69, 71]]]}]}",,,
9048,25,103,482.028,editor,d_i,"['In modern society, intelligent machines have replaced many tasks once performed by humans, raising questions about what is sacrificed in the process of automation. This essay will examine the implications of this paradigm shift and compare my own perspective with a Utilitarian viewpoint.', '', 'In my opinion, while automation brings undeniable benefits wefficiency and progress, it is crucial to consider the human impact of replacing people with machines. While machines may excel at certain tasks, they lack the empathy, creativity, and adaptability that are inherent to human beings. It is important to strike a balance between automation and human involvement in order to preserve our humanity and ensure that technology serves as a tool for advancement rather than a replacement for human interaction.']",w',in terms of ',in terms of ',"[[2, 59], [2, 71]]","{'t': 482028, 'o': [{'o': 'i', 'i': [[2, 59], [2, 71]], 'a': 'w'}]}",,,
9049,25,104,483.626,editor,i,"['In modern society, intelligent machines have replaced many tasks once performed by humans, raising questions about what is sacrificed in the process of automation. This essay will examine the implications of this paradigm shift and compare my own perspective with a Utilitarian viewpoint.', '', 'In my opinion, while automation brings undeniable benefits when it comes to efficiency and progress, it is crucial to consider the human impact of replacing people with machines. While machines may excel at certain tasks, they lack the empathy, creativity, and adaptability that are inherent to human beings. It is important to strike a balance between automation and human involvement in order to preserve our humanity and ensure that technology serves as a tool for advancement rather than a replacement for human interaction.']",hen it comes to ',,,"[2, 60]","{'t': [482148, 483626], 'l': 16, 'o': [{'o': 'i', 'i': [2, 60], 'a': 'hen it comes to '}]}",,,
9050,25,105,486.437,editor,o,"['In modern society, intelligent machines have replaced many tasks once performed by humans, raising questions about what is sacrificed in the process of automation. This essay will examine the implications of this paradigm shift and compare my own perspective with a Utilitarian viewpoint.', '', 'In my opinion, while automation brings undeniable benefits when it comes to efficiency and progress, it is crucial to consider the human impact of replacing people with machines. While machines may excel at certain tasks, they lack the empathy, creativity, and adaptability that are inherent to human beings. It is important to strike a balance between automation and human involvement in order to preserve our humanity and ensure that technology serves as a tool for advancement rather than a replacement for human interaction.']",,,fficiency and progress',"[[2, 77], [2, 99]]","{'t': [484172, 486437], 'l': 23, 'o': [{'o': 'o', 'i': [[2, 77], [2, 99]]}]}",,,
9051,25,106,486.841,editor,d,"['In modern society, intelligent machines have replaced many tasks once performed by humans, raising questions about what is sacrificed in the process of automation. This essay will examine the implications of this paradigm shift and compare my own perspective with a Utilitarian viewpoint.', '', 'In my opinion, while automation brings undeniable benefits when it comes to efficiency and progres, it is crucial to consider the human impact of replacing people with machines. While machines may excel at certain tasks, they lack the empathy, creativity, and adaptability that are inherent to human beings. It is important to strike a balance between automation and human involvement in order to preserve our humanity and ensure that technology serves as a tool for advancement rather than a replacement for human interaction.']",,s',,"[[2, 98], [2, 99]]","{'t': 486841, 'o': [{'o': 'd', 'i': [[2, 98], [2, 99]]}]}",,,
9052,25,107,488.586,editor,d,"['In modern society, intelligent machines have replaced many tasks once performed by humans, raising questions about what is sacrificed in the process of automation. This essay will examine the implications of this paradigm shift and compare my own perspective with a Utilitarian viewpoint.', '', 'In my opinion, while automation brings undeniable benefits when it comes to efficiency, it is crucial to consider the human impact of replacing people with machines. While machines may excel at certain tasks, they lack the empathy, creativity, and adaptability that are inherent to human beings. It is important to strike a balance between automation and human involvement in order to preserve our humanity and ensure that technology serves as a tool for advancement rather than a replacement for human interaction.']",,and progres',,"[[2, 86], [2, 98]]","{'t': [487343, 488586], 'l': 12, 'o': [{'o': 'd', 'i': [[2, 86], [2, 98]], 'd': [[1, 12]]}]}",,,
9053,25,108,491.502,editor,d,"['In modern society, intelligent machines have replaced many tasks once performed by humans, raising questions about what is sacrificed in the process of automation. This essay will examine the implications of this paradigm shift and compare my own perspective with a Utilitarian viewpoint.', '', 'In my opinion, while automation brings undeniable benefits when it comes to efficienc, it is crucial to consider the human impact of replacing people with machines. While machines may excel at certain tasks, they lack the empathy, creativity, and adaptability that are inherent to human beings. It is important to strike a balance between automation and human involvement in order to preserve our humanity and ensure that technology serves as a tool for advancement rather than a replacement for human interaction.']",,y',,"[[2, 85], [2, 86]]","{'t': 491502, 'o': [{'o': 'd', 'i': [[2, 85], [2, 86]]}]}",,,
9054,25,109,493.735,editor,d,"['In modern society, intelligent machines have replaced many tasks once performed by humans, raising questions about what is sacrificed in the process of automation. This essay will examine the implications of this paradigm shift and compare my own perspective with a Utilitarian viewpoint.', '', 'In my opinion, while automation brings undeniable benefits when it comes to, it is crucial to consider the human impact of replacing people with machines. While machines may excel at certain tasks, they lack the empathy, creativity, and adaptability that are inherent to human beings. It is important to strike a balance between automation and human involvement in order to preserve our humanity and ensure that technology serves as a tool for advancement rather than a replacement for human interaction.']",,efficienc',,"[[2, 75], [2, 85]]","{'t': [491999, 493735], 'l': 10, 'o': [{'o': 'd', 'i': [[2, 75], [2, 85]], 'd': [[1, 10]]}]}",,,
9055,25,110,495.143,editor,d,"['In modern society, intelligent machines have replaced many tasks once performed by humans, raising questions about what is sacrificed in the process of automation. This essay will examine the implications of this paradigm shift and compare my own perspective with a Utilitarian viewpoint.', '', 'In my opinion, while automation brings undeniable benefits when it comes t, it is crucial to consider the human impact of replacing people with machines. While machines may excel at certain tasks, they lack the empathy, creativity, and adaptability that are inherent to human beings. It is important to strike a balance between automation and human involvement in order to preserve our humanity and ensure that technology serves as a tool for advancement rather than a replacement for human interaction.']",,o',,"[[2, 74], [2, 75]]","{'t': 495143, 'o': [{'o': 'd', 'i': [[2, 74], [2, 75]]}]}",,,
9056,25,111,496.554,editor,d,"['In modern society, intelligent machines have replaced many tasks once performed by humans, raising questions about what is sacrificed in the process of automation. This essay will examine the implications of this paradigm shift and compare my own perspective with a Utilitarian viewpoint.', '', 'In my opinion, while automation brings undeniable benefits when , it is crucial to consider the human impact of replacing people with machines. While machines may excel at certain tasks, they lack the empathy, creativity, and adaptability that are inherent to human beings. It is important to strike a balance between automation and human involvement in order to preserve our humanity and ensure that technology serves as a tool for advancement rather than a replacement for human interaction.']",,it comes t',,"[[2, 64], [2, 74]]","{'t': [495645, 496554], 'l': 10, 'o': [{'o': 'd', 'i': [[2, 64], [2, 74]], 'd': [[1, 10]]}]}",,,
9057,25,112,497.451,editor,i,"['In modern society, intelligent machines have replaced many tasks once performed by humans, raising questions about what is sacrificed in the process of automation. This essay will examine the implications of this paradigm shift and compare my own perspective with a Utilitarian viewpoint.', '', 'In my opinion, while automation brings undeniable benefits when consde, it is crucial to consider the human impact of replacing people with machines. While machines may excel at certain tasks, they lack the empathy, creativity, and adaptability that are inherent to human beings. It is important to strike a balance between automation and human involvement in order to preserve our humanity and ensure that technology serves as a tool for advancement rather than a replacement for human interaction.']",consde',,,"[2, 64]","{'t': [496752, 497451], 'l': 6, 'o': [{'o': 'i', 'i': [2, 64], 'a': 'consde'}]}",,,
9058,25,113,497.97,editor,d,"['In modern society, intelligent machines have replaced many tasks once performed by humans, raising questions about what is sacrificed in the process of automation. This essay will examine the implications of this paradigm shift and compare my own perspective with a Utilitarian viewpoint.', '', 'In my opinion, while automation brings undeniable benefits when cons, it is crucial to consider the human impact of replacing people with machines. While machines may excel at certain tasks, they lack the empathy, creativity, and adaptability that are inherent to human beings. It is important to strike a balance between automation and human involvement in order to preserve our humanity and ensure that technology serves as a tool for advancement rather than a replacement for human interaction.']",,de',,"[[2, 68], [2, 70]]","{'t': [497742, 497970], 'l': 2, 'o': [{'o': 'd', 'i': [[2, 68], [2, 70]], 'd': [[1, 2]]}]}",,,
9059,25,114,501.498,editor,i,"['In modern society, intelligent machines have replaced many tasks once performed by humans, raising questions about what is sacrificed in the process of automation. This essay will examine the implications of this paradigm shift and compare my own perspective with a Utilitarian viewpoint.', '', 'In my opinion, while automation brings undeniable benefits when considering productivity, it is crucial to consider the human impact of replacing people with machines. While machines may excel at certain tasks, they lack the empathy, creativity, and adaptability that are inherent to human beings. It is important to strike a balance between automation and human involvement in order to preserve our humanity and ensure that technology serves as a tool for advancement rather than a replacement for human interaction.']",idering productivity',,,"[2, 68]","{'t': [498252, 501498], 'l': 20, 'o': [{'o': 'i', 'i': [2, 68], 'a': 'idering productivity'}]}",,,
9060,25,115,506.856,editor,o,"['In modern society, intelligent machines have replaced many tasks once performed by humans, raising questions about what is sacrificed in the process of automation. This essay will examine the implications of this paradigm shift and compare my own perspective with a Utilitarian viewpoint.', '', 'In my opinion, while automation brings undeniable benefits when considering productivity, it is crucial to consider the human impact of replacing people with machines. While machines may excel at certain tasks, they lack the empathy, creativity, and adaptability that are inherent to human beings. It is important to strike a balance between automation and human involvement in order to preserve our humanity and ensure that technology serves as a tool for advancement rather than a replacement for human interaction.']",,,,"[2, 96]","{'t': 506856, 'o': [{'o': 'o', 'i': [2, 96]}]}",,,
9061,25,116,507.48,editor,i,"['In modern society, intelligent machines have replaced many tasks once performed by humans, raising questions about what is sacrificed in the process of automation. This essay will examine the implications of this paradigm shift and compare my own perspective with a Utilitarian viewpoint.', '', 'In my opinion, while automation brings undeniable benefits when considering productivity, it is ecrucial to consider the human impact of replacing people with machines. While machines may excel at certain tasks, they lack the empathy, creativity, and adaptability that are inherent to human beings. It is important to strike a balance between automation and human involvement in order to preserve our humanity and ensure that technology serves as a tool for advancement rather than a replacement for human interaction.']",e',,,"[2, 96]","{'t': 507480, 'o': [{'o': 'i', 'i': [2, 96], 'a': 'e'}]}",,,
9062,25,117,510.118,editor,i,"['In modern society, intelligent machines have replaced many tasks once performed by humans, raising questions about what is sacrificed in the process of automation. This essay will examine the implications of this paradigm shift and compare my own perspective with a Utilitarian viewpoint.', '', 'In my opinion, while automation brings undeniable benefits when considering productivity, it is equally important crucial to consider the human impact of replacing people with machines. While machines may excel at certain tasks, they lack the empathy, creativity, and adaptability that are inherent to human beings. It is important to strike a balance between automation and human involvement in order to preserve our humanity and ensure that technology serves as a tool for advancement rather than a replacement for human interaction.']",qually important ',,,"[2, 97]","{'t': [507685, 510118], 'l': 17, 'o': [{'o': 'i', 'i': [2, 97], 'a': 'qually important '}]}",,,
9063,25,118,511.43,editor,o,"['In modern society, intelligent machines have replaced many tasks once performed by humans, raising questions about what is sacrificed in the process of automation. This essay will examine the implications of this paradigm shift and compare my own perspective with a Utilitarian viewpoint.', '', 'In my opinion, while automation brings undeniable benefits when considering productivity, it is equally important crucial to consider the human impact of replacing people with machines. While machines may excel at certain tasks, they lack the empathy, creativity, and adaptability that are inherent to human beings. It is important to strike a balance between automation and human involvement in order to preserve our humanity and ensure that technology serves as a tool for advancement rather than a replacement for human interaction.']",,,,"[2, 122]","{'t': 511430, 'o': [{'o': 'o', 'i': [2, 122]}]}",,,
9064,25,119,511.857,editor,d,"['In modern society, intelligent machines have replaced many tasks once performed by humans, raising questions about what is sacrificed in the process of automation. This essay will examine the implications of this paradigm shift and compare my own perspective with a Utilitarian viewpoint.', '', 'In my opinion, while automation brings undeniable benefits when considering productivity, it is equally important crucialto consider the human impact of replacing people with machines. While machines may excel at certain tasks, they lack the empathy, creativity, and adaptability that are inherent to human beings. It is important to strike a balance between automation and human involvement in order to preserve our humanity and ensure that technology serves as a tool for advancement rather than a replacement for human interaction.']",,,,"[[2, 121], [2, 122]]","{'t': 511857, 'o': [{'o': 'd', 'i': [[2, 121], [2, 122]]}]}",,,
9065,25,120,513.28,editor,d,"['In modern society, intelligent machines have replaced many tasks once performed by humans, raising questions about what is sacrificed in the process of automation. This essay will examine the implications of this paradigm shift and compare my own perspective with a Utilitarian viewpoint.', '', 'In my opinion, while automation brings undeniable benefits when considering productivity, it is equally important to consider the human impact of replacing people with machines. While machines may excel at certain tasks, they lack the empathy, creativity, and adaptability that are inherent to human beings. It is important to strike a balance between automation and human involvement in order to preserve our humanity and ensure that technology serves as a tool for advancement rather than a replacement for human interaction.']",,crucial',,"[[2, 114], [2, 121]]","{'t': [512022, 513280], 'l': 7, 'o': [{'o': 'd', 'i': [[2, 114], [2, 121]], 'd': [[1, 7]]}]}",,,
9066,25,121,526.161,editor,o,"['In modern society, intelligent machines have replaced many tasks once performed by humans, raising questions about what is sacrificed in the process of automation. This essay will examine the implications of this paradigm shift and compare my own perspective with a Utilitarian viewpoint.', '', 'In my opinion, while automation brings undeniable benefits when considering productivity, it is equally important to consider the human impact of replacing people with machines. While machines may excel at certain tasks, they lack the empathy, creativity, and adaptability that are inherent to human beings. It is important to strike a balance between automation and human involvement in order to preserve our humanity and ensure that technology serves as a tool for advancement rather than a replacement for human interaction.']",,,,"[2, 126]","{'t': 526161, 'o': [{'o': 'o', 'i': [2, 126]}]}",,,
9067,25,122,526.672,editor,d,"['In modern society, intelligent machines have replaced many tasks once performed by humans, raising questions about what is sacrificed in the process of automation. This essay will examine the implications of this paradigm shift and compare my own perspective with a Utilitarian viewpoint.', '', 'In my opinion, while automation brings undeniable benefits when considering productivity, it is equally important to considerthe human impact of replacing people with machines. While machines may excel at certain tasks, they lack the empathy, creativity, and adaptability that are inherent to human beings. It is important to strike a balance between automation and human involvement in order to preserve our humanity and ensure that technology serves as a tool for advancement rather than a replacement for human interaction.']",,,,"[[2, 125], [2, 126]]","{'t': 526672, 'o': [{'o': 'd', 'i': [[2, 125], [2, 126]]}]}",,,
9068,25,123,527.062,editor,i,"['In modern society, intelligent machines have replaced many tasks once performed by humans, raising questions about what is sacrificed in the process of automation. This essay will examine the implications of this paradigm shift and compare my own perspective with a Utilitarian viewpoint.', '', 'In my opinion, while automation brings undeniable benefits when considering productivity, it is equally important to consider the human impact of replacing people with machines. While machines may excel at certain tasks, they lack the empathy, creativity, and adaptability that are inherent to human beings. It is important to strike a balance between automation and human involvement in order to preserve our humanity and ensure that technology serves as a tool for advancement rather than a replacement for human interaction.']",,,,"[2, 125]","{'t': 527062, 'o': [{'o': 'i', 'i': [2, 125], 'a': ' '}]}",,,
9069,25,124,527.714,editor,o,"['In modern society, intelligent machines have replaced many tasks once performed by humans, raising questions about what is sacrificed in the process of automation. This essay will examine the implications of this paradigm shift and compare my own perspective with a Utilitarian viewpoint.', '', 'In my opinion, while automation brings undeniable benefits when considering productivity, it is equally important to consider the human impact of replacing people with machines. While machines may excel at certain tasks, they lack the empathy, creativity, and adaptability that are inherent to human beings. It is important to strike a balance between automation and human involvement in order to preserve our humanity and ensure that technology serves as a tool for advancement rather than a replacement for human interaction.']",,,,"[2, 425]","{'t': 527714, 'o': [{'o': 'o', 'i': [2, 425]}]}",,,
9070,25,125,545.435,editor,o,"['In modern society, intelligent machines have replaced many tasks once performed by humans, raising questions about what is sacrificed in the process of automation. This essay will examine the implications of this paradigm shift and compare my own perspective with a Utilitarian viewpoint.', '', 'In my opinion, while automation brings undeniable benefits when considering productivity, it is equally important to consider the human impact of replacing people with machines. While machines may excel at certain tasks, they lack the empathy, creativity, and adaptability that are inherent to human beings. It is important to strike a balance between automation and human involvement in order to preserve our humanity and ensure that technology serves as a tool for advancement rather than a replacement for human interaction.']",,,,"[2, 338]","{'t': 545435, 'o': [{'o': 'o', 'i': [2, 338]}]}",,,
9071,25,126,546.449,editor,o,"['In modern society, intelligent machines have replaced many tasks once performed by humans, raising questions about what is sacrificed in the process of automation. This essay will examine the implications of this paradigm shift and compare my own perspective with a Utilitarian viewpoint.', '', 'In my opinion, while automation brings undeniable benefits when considering productivity, it is equally important to consider the human impact of replacing people with machines. While machines may excel at certain tasks, they lack the empathy, creativity, and adaptability that are inherent to human beings. It is important to strike a balance between automation and human involvement in order to preserve our humanity and ensure that technology serves as a tool for advancement rather than a replacement for human interaction.']",,,,"[2, 527]","{'t': 546449, 'o': [{'o': 'o', 'i': [2, 527]}]}",,,
9072,25,127,557.803,editor,o,"['In modern society, intelligent machines have replaced many tasks once performed by humans, raising questions about what is sacrificed in the process of automation. This essay will examine the implications of this paradigm shift and compare my own perspective with a Utilitarian viewpoint.', '', 'In my opinion, while automation brings undeniable benefits when considering productivity, it is equally important to consider the human impact of replacing people with machines. While machines may excel at certain tasks, they lack the empathy, creativity, and adaptability that are inherent to human beings. It is important to strike a balance between automation and human involvement in order to preserve our humanity and ensure that technology serves as a tool for advancement rather than a replacement for human interaction.']",,,,"[2, 308]","{'t': 557803, 'o': [{'o': 'o', 'i': [2, 308]}]}",,,
9073,25,128,562.349,editor,i,"['In modern society, intelligent machines have replaced many tasks once performed by humans, raising questions about what is sacrificed in the process of automation. This essay will examine the implications of this paradigm shift and compare my own perspective with a Utilitarian viewpoint.', '', 'In my opinion, while automation brings undeniable benefits when considering productivity, it is equally important to consider the human impact of replacing people with machines. While machines may excel at certain tasks, they lack the empathy, creativity, and adaptability that are inherent to human beings. FIt is important to strike a balance between automation and human involvement in order to preserve our humanity and ensure that technology serves as a tool for advancement rather than a replacement for human interaction.']",F',,,"[2, 308]","{'t': 562349, 'o': [{'o': 'i', 'i': [2, 308], 'a': 'F'}]}",,,
9074,25,129,563.673,editor,i,"['In modern society, intelligent machines have replaced many tasks once performed by humans, raising questions about what is sacrificed in the process of automation. This essay will examine the implications of this paradigm shift and compare my own perspective with a Utilitarian viewpoint.', '', 'In my opinion, while automation brings undeniable benefits when considering productivity, it is equally important to consider the human impact of replacing people with machines. While machines may excel at certain tasks, they lack the empathy, creativity, and adaptability that are inherent to human beings. For instanceIt is important to strike a balance between automation and human involvement in order to preserve our humanity and ensure that technology serves as a tool for advancement rather than a replacement for human interaction.']",or instance',,,"[2, 309]","{'t': [562499, 563673], 'l': 11, 'o': [{'o': 'i', 'i': [2, 309], 'a': 'or instance'}]}",,,
9075,25,130,566.015,editor,d,"['In modern society, intelligent machines have replaced many tasks once performed by humans, raising questions about what is sacrificed in the process of automation. This essay will examine the implications of this paradigm shift and compare my own perspective with a Utilitarian viewpoint.', '', 'In my opinion, while automation brings undeniable benefits when considering productivity, it is equally important to consider the human impact of replacing people with machines. While machines may excel at certain tasks, they lack the empathy, creativity, and adaptability that are inherent to human beings. For instancIt is important to strike a balance between automation and human involvement in order to preserve our humanity and ensure that technology serves as a tool for advancement rather than a replacement for human interaction.']",,e',,"[[2, 319], [2, 320]]","{'t': 566015, 'o': [{'o': 'd', 'i': [[2, 319], [2, 320]]}]}",,,
9076,25,131,568.065,editor,d,"['In modern society, intelligent machines have replaced many tasks once performed by humans, raising questions about what is sacrificed in the process of automation. This essay will examine the implications of this paradigm shift and compare my own perspective with a Utilitarian viewpoint.', '', 'In my opinion, while automation brings undeniable benefits when considering productivity, it is equally important to consider the human impact of replacing people with machines. While machines may excel at certain tasks, they lack the empathy, creativity, and adaptability that are inherent to human beings. It is important to strike a balance between automation and human involvement in order to preserve our humanity and ensure that technology serves as a tool for advancement rather than a replacement for human interaction.']",,For instanc',,"[[2, 308], [2, 319]]","{'t': [566517, 568065], 'l': 11, 'o': [{'o': 'd', 'i': [[2, 308], [2, 319]], 'd': [[1, 11]]}]}",,,
9077,25,132,574.876,editor,o,"['In modern society, intelligent machines have replaced many tasks once performed by humans, raising questions about what is sacrificed in the process of automation. This essay will examine the implications of this paradigm shift and compare my own perspective with a Utilitarian viewpoint.', '', 'In my opinion, while automation brings undeniable benefits when considering productivity, it is equally important to consider the human impact of replacing people with machines. While machines may excel at certain tasks, they lack the empathy, creativity, and adaptability that are inherent to human beings. It is important to strike a balance between automation and human involvement in order to preserve our humanity and ensure that technology serves as a tool for advancement rather than a replacement for human interaction.']",,,,"[2, 235]","{'t': 574876, 'o': [{'o': 'o', 'i': [2, 235]}]}",,,
9078,25,133,575.899,editor,l,"['In modern society, intelligent machines have replaced many tasks once performed by humans, raising questions about what is sacrificed in the process of automation. This essay will examine the implications of this paradigm shift and compare my own perspective with a Utilitarian viewpoint.', '', 'In my opinion, while automation brings undeniable benefits when considering productivity, it is equally important to consider the human impact of replacing people with machines. While machines may excel at certain tasks, they lack the empathy, creativity, and adaptability that are inherent to human beings. It is important to strike a balance between automation and human involvement in order to preserve our humanity and ensure that technology serves as a tool for advancement rather than a replacement for human interaction.']",,,empathy',"[[2, 235], [2, 242]]","{'t': [575112, 575899], 'l': 21, 'o': [{'o': 'l', 'i': [2, 235], 's': [[2, [[236, 237], [239, 240], [242, 250], [249, 242]]]]}]}",,,
9079,25,134,577.462,editor,d,"['In modern society, intelligent machines have replaced many tasks once performed by humans, raising questions about what is sacrificed in the process of automation. This essay will examine the implications of this paradigm shift and compare my own perspective with a Utilitarian viewpoint.', '', 'In my opinion, while automation brings undeniable benefits when considering productivity, it is equally important to consider the human impact of replacing people with machines. While machines may excel at certain tasks, they lack the , creativity, and adaptability that are inherent to human beings. It is important to strike a balance between automation and human involvement in order to preserve our humanity and ensure that technology serves as a tool for advancement rather than a replacement for human interaction.']",,empathy',,"[[2, 235], [2, 242]]","{'t': 577462, 'o': [{'o': 'd', 'i': [[2, 235], [2, 242]]}]}",,,
9080,25,135,579.257,editor,i,"['In modern society, intelligent machines have replaced many tasks once performed by humans, raising questions about what is sacrificed in the process of automation. This essay will examine the implications of this paradigm shift and compare my own perspective with a Utilitarian viewpoint.', '', 'In my opinion, while automation brings undeniable benefits when considering productivity, it is equally important to consider the human impact of replacing people with machines. While machines may excel at certain tasks, they lack the e, creativity, and adaptability that are inherent to human beings. It is important to strike a balance between automation and human involvement in order to preserve our humanity and ensure that technology serves as a tool for advancement rather than a replacement for human interaction.']",e',,,"[2, 235]","{'t': 579257, 'o': [{'o': 'i', 'i': [2, 235], 'a': 'e'}]}",,,
9081,25,136,581.336,editor,i,"['In modern society, intelligent machines have replaced many tasks once performed by humans, raising questions about what is sacrificed in the process of automation. This essay will examine the implications of this paradigm shift and compare my own perspective with a Utilitarian viewpoint.', '', 'In my opinion, while automation brings undeniable benefits when considering productivity, it is equally important to consider the human impact of replacing people with machines. While machines may excel at certain tasks, they lack the emotional capacity, creativity, and adaptability that are inherent to human beings. It is important to strike a balance between automation and human involvement in order to preserve our humanity and ensure that technology serves as a tool for advancement rather than a replacement for human interaction.']",motional capacity',,,"[2, 236]","{'t': [579315, 581336], 'l': 17, 'o': [{'o': 'i', 'i': [2, 236], 'a': 'motional capacity'}]}",,,
9082,25,137,582.378,editor,o,"['In modern society, intelligent machines have replaced many tasks once performed by humans, raising questions about what is sacrificed in the process of automation. This essay will examine the implications of this paradigm shift and compare my own perspective with a Utilitarian viewpoint.', '', 'In my opinion, while automation brings undeniable benefits when considering productivity, it is equally important to consider the human impact of replacing people with machines. While machines may excel at certain tasks, they lack the emotional capacity, creativity, and adaptability that are inherent to human beings. It is important to strike a balance between automation and human involvement in order to preserve our humanity and ensure that technology serves as a tool for advancement rather than a replacement for human interaction.']",,,,"[2, 538]","{'t': 582378, 'o': [{'o': 'o', 'i': [2, 538]}]}",,,
9083,25,138,584.019,editor,o,"['In modern society, intelligent machines have replaced many tasks once performed by humans, raising questions about what is sacrificed in the process of automation. This essay will examine the implications of this paradigm shift and compare my own perspective with a Utilitarian viewpoint.', '', 'In my opinion, while automation brings undeniable benefits when considering productivity, it is equally important to consider the human impact of replacing people with machines. While machines may excel at certain tasks, they lack the emotional capacity, creativity, and adaptability that are inherent to human beings. It is important to strike a balance between automation and human involvement in order to preserve our humanity and ensure that technology serves as a tool for advancement rather than a replacement for human interaction.']",,,,"[2, 282]","{'t': 584019, 'o': [{'o': 'o', 'i': [2, 282]}]}",,,
9084,25,139,584.45,editor,l,"['In modern society, intelligent machines have replaced many tasks once performed by humans, raising questions about what is sacrificed in the process of automation. This essay will examine the implications of this paradigm shift and compare my own perspective with a Utilitarian viewpoint.', '', 'In my opinion, while automation brings undeniable benefits when considering productivity, it is equally important to consider the human impact of replacing people with machines. While machines may excel at certain tasks, they lack the emotional capacity, creativity, and adaptability that are inherent to human beings. It is important to strike a balance between automation and human involvement in order to preserve our humanity and ensure that technology serves as a tool for advancement rather than a replacement for human interaction.']",,,and adaptabilit',"[[2, 282], [2, 266]]","{'t': [584212, 584450], 'l': 14, 'o': [{'o': 'l', 'i': [2, 282], 's': [[2, [[281, 280], 278, [276, 266]]]]}]}",,,
9085,25,140,586.864,editor,d,"['In modern society, intelligent machines have replaced many tasks once performed by humans, raising questions about what is sacrificed in the process of automation. This essay will examine the implications of this paradigm shift and compare my own perspective with a Utilitarian viewpoint.', '', 'In my opinion, while automation brings undeniable benefits when considering productivity, it is equally important to consider the human impact of replacing people with machines. While machines may excel at certain tasks, they lack the emotional capacity, creativity,y that are inherent to human beings. It is important to strike a balance between automation and human involvement in order to preserve our humanity and ensure that technology serves as a tool for advancement rather than a replacement for human interaction.']",,and adaptabilit',,"[[2, 266], [2, 282]]","{'t': 586864, 'o': [{'o': 'd', 'i': [[2, 266], [2, 282]]}]}",,,
9086,25,141,587.044,editor,d,"['In modern society, intelligent machines have replaced many tasks once performed by humans, raising questions about what is sacrificed in the process of automation. This essay will examine the implications of this paradigm shift and compare my own perspective with a Utilitarian viewpoint.', '', 'In my opinion, while automation brings undeniable benefits when considering productivity, it is equally important to consider the human impact of replacing people with machines. While machines may excel at certain tasks, they lack the emotional capacity, creativityy that are inherent to human beings. It is important to strike a balance between automation and human involvement in order to preserve our humanity and ensure that technology serves as a tool for advancement rather than a replacement for human interaction.']",,",'",,"[[2, 265], [2, 266]]","{'t': 587044, 'o': [{'o': 'd', 'i': [[2, 265], [2, 266]]}]}",,,
9087,25,142,587.855,editor,o,"['In modern society, intelligent machines have replaced many tasks once performed by humans, raising questions about what is sacrificed in the process of automation. This essay will examine the implications of this paradigm shift and compare my own perspective with a Utilitarian viewpoint.', '', 'In my opinion, while automation brings undeniable benefits when considering productivity, it is equally important to consider the human impact of replacing people with machines. While machines may excel at certain tasks, they lack the emotional capacity, creativityy that are inherent to human beings. It is important to strike a balance between automation and human involvement in order to preserve our humanity and ensure that technology serves as a tool for advancement rather than a replacement for human interaction.']",,,,"[2, 266]","{'t': 587855, 'o': [{'o': 'o', 'i': [2, 266]}]}",,,
9088,25,143,588.319,editor,d,"['In modern society, intelligent machines have replaced many tasks once performed by humans, raising questions about what is sacrificed in the process of automation. This essay will examine the implications of this paradigm shift and compare my own perspective with a Utilitarian viewpoint.', '', 'In my opinion, while automation brings undeniable benefits when considering productivity, it is equally important to consider the human impact of replacing people with machines. While machines may excel at certain tasks, they lack the emotional capacity, creativity that are inherent to human beings. It is important to strike a balance between automation and human involvement in order to preserve our humanity and ensure that technology serves as a tool for advancement rather than a replacement for human interaction.']",,y',,"[[2, 265], [2, 266]]","{'t': 588319, 'o': [{'o': 'd', 'i': [[2, 265], [2, 266]]}]}",,,
9089,25,144,590.255,editor,o,"['In modern society, intelligent machines have replaced many tasks once performed by humans, raising questions about what is sacrificed in the process of automation. This essay will examine the implications of this paradigm shift and compare my own perspective with a Utilitarian viewpoint.', '', 'In my opinion, while automation brings undeniable benefits when considering productivity, it is equally important to consider the human impact of replacing people with machines. While machines may excel at certain tasks, they lack the emotional capacity, creativity that are inherent to human beings. It is important to strike a balance between automation and human involvement in order to preserve our humanity and ensure that technology serves as a tool for advancement rather than a replacement for human interaction.']",,,,"[2, 255]","{'t': 590255, 'o': [{'o': 'o', 'i': [2, 255]}]}",,,
9090,25,145,598.479,editor,o,"['In modern society, intelligent machines have replaced many tasks once performed by humans, raising questions about what is sacrificed in the process of automation. This essay will examine the implications of this paradigm shift and compare my own perspective with a Utilitarian viewpoint.', '', 'In my opinion, while automation brings undeniable benefits when considering productivity, it is equally important to consider the human impact of replacing people with machines. While machines may excel at certain tasks, they lack the emotional capacity, creativity that are inherent to human beings. It is important to strike a balance between automation and human involvement in order to preserve our humanity and ensure that technology serves as a tool for advancement rather than a replacement for human interaction.']",,,,"[2, 231]","{'t': 598479, 'o': [{'o': 'o', 'i': [2, 231]}]}",,,
9091,25,146,601.543,editor,d,"['In modern society, intelligent machines have replaced many tasks once performed by humans, raising questions about what is sacrificed in the process of automation. This essay will examine the implications of this paradigm shift and compare my own perspective with a Utilitarian viewpoint.', '', 'In my opinion, while automation brings undeniable benefits when considering productivity, it is equally important to consider the human impact of replacing people with machines. While machines may excel at certain tasks, they lackthe emotional capacity, creativity that are inherent to human beings. It is important to strike a balance between automation and human involvement in order to preserve our humanity and ensure that technology serves as a tool for advancement rather than a replacement for human interaction.']",,,,"[[2, 230], [2, 231]]","{'t': 601543, 'o': [{'o': 'd', 'i': [[2, 230], [2, 231]]}]}",,,
9092,25,147,602.39,editor,d,"['In modern society, intelligent machines have replaced many tasks once performed by humans, raising questions about what is sacrificed in the process of automation. This essay will examine the implications of this paradigm shift and compare my own perspective with a Utilitarian viewpoint.', '', 'In my opinion, while automation brings undeniable benefits when considering productivity, it is equally important to consider the human impact of replacing people with machines. While machines may excel at certain tasks, they the emotional capacity, creativity that are inherent to human beings. It is important to strike a balance between automation and human involvement in order to preserve our humanity and ensure that technology serves as a tool for advancement rather than a replacement for human interaction.']",,lack',,"[[2, 226], [2, 230]]","{'t': [601775, 602390], 'l': 4, 'o': [{'o': 'd', 'i': [[2, 226], [2, 230]], 'd': [[1, 4]]}]}",,,
9093,25,148,604.954,editor,i,"['In modern society, intelligent machines have replaced many tasks once performed by humans, raising questions about what is sacrificed in the process of automation. This essay will examine the implications of this paradigm shift and compare my own perspective with a Utilitarian viewpoint.', '', 'In my opinion, while automation brings undeniable benefits when considering productivity, it is equally important to consider the human impact of replacing people with machines. While machines may excel at certain tasks, they are subpar the emotional capacity, creativity that are inherent to human beings. It is important to strike a balance between automation and human involvement in order to preserve our humanity and ensure that technology serves as a tool for advancement rather than a replacement for human interaction.']",are subpar ',,,"[2, 226]","{'t': [602792, 604954], 'l': 11, 'o': [{'o': 'i', 'i': [2, 226], 'a': 'are subpar '}]}",,,
9094,25,149,607.484,editor,i,"['In modern society, intelligent machines have replaced many tasks once performed by humans, raising questions about what is sacrificed in the process of automation. This essay will examine the implications of this paradigm shift and compare my own perspective with a Utilitarian viewpoint.', '', 'In my opinion, while automation brings undeniable benefits when considering productivity, it is equally important to consider the human impact of replacing people with machines. While machines may excel at certain tasks, they are subpar ithe emotional capacity, creativity that are inherent to human beings. It is important to strike a balance between automation and human involvement in order to preserve our humanity and ensure that technology serves as a tool for advancement rather than a replacement for human interaction.']",i',,,"[2, 237]","{'t': 607484, 'o': [{'o': 'i', 'i': [2, 237], 'a': 'i'}]}",,,
9095,25,150,609.382,editor,i,"['In modern society, intelligent machines have replaced many tasks once performed by humans, raising questions about what is sacrificed in the process of automation. This essay will examine the implications of this paradigm shift and compare my own perspective with a Utilitarian viewpoint.', '', 'In my opinion, while automation brings undeniable benefits when considering productivity, it is equally important to consider the human impact of replacing people with machines. While machines may excel at certain tasks, they are subpar in areas such as the emotional capacity, creativity that are inherent to human beings. It is important to strike a balance between automation and human involvement in order to preserve our humanity and ensure that technology serves as a tool for advancement rather than a replacement for human interaction.']",n areas such as ',,,"[2, 238]","{'t': [607616, 609382], 'l': 16, 'o': [{'o': 'i', 'i': [2, 238], 'a': 'n areas such as '}]}",,,
9096,25,151,611.088,editor,o,"['In modern society, intelligent machines have replaced many tasks once performed by humans, raising questions about what is sacrificed in the process of automation. This essay will examine the implications of this paradigm shift and compare my own perspective with a Utilitarian viewpoint.', '', 'In my opinion, while automation brings undeniable benefits when considering productivity, it is equally important to consider the human impact of replacing people with machines. While machines may excel at certain tasks, they are subpar in areas such as the emotional capacity, creativity that are inherent to human beings. It is important to strike a balance between automation and human involvement in order to preserve our humanity and ensure that technology serves as a tool for advancement rather than a replacement for human interaction.']",,,he ',"[[2, 255], [2, 258]]","{'t': [609736, 611088], 'l': 4, 'o': [{'o': 'o', 'i': [[2, 255], [2, 258]]}]}",,,
9097,25,152,611.434,editor,d,"['In modern society, intelligent machines have replaced many tasks once performed by humans, raising questions about what is sacrificed in the process of automation. This essay will examine the implications of this paradigm shift and compare my own perspective with a Utilitarian viewpoint.', '', 'In my opinion, while automation brings undeniable benefits when considering productivity, it is equally important to consider the human impact of replacing people with machines. While machines may excel at certain tasks, they are subpar in areas such as theemotional capacity, creativity that are inherent to human beings. It is important to strike a balance between automation and human involvement in order to preserve our humanity and ensure that technology serves as a tool for advancement rather than a replacement for human interaction.']",,,,"[[2, 257], [2, 258]]","{'t': 611434, 'o': [{'o': 'd', 'i': [[2, 257], [2, 258]]}]}",,,
9098,25,153,611.914,editor,d,"['In modern society, intelligent machines have replaced many tasks once performed by humans, raising questions about what is sacrificed in the process of automation. This essay will examine the implications of this paradigm shift and compare my own perspective with a Utilitarian viewpoint.', '', 'In my opinion, while automation brings undeniable benefits when considering productivity, it is equally important to consider the human impact of replacing people with machines. While machines may excel at certain tasks, they are subpar in areas such as emotional capacity, creativity that are inherent to human beings. It is important to strike a balance between automation and human involvement in order to preserve our humanity and ensure that technology serves as a tool for advancement rather than a replacement for human interaction.']",,the',,"[[2, 254], [2, 257]]","{'t': [611580, 611914], 'l': 3, 'o': [{'o': 'd', 'i': [[2, 254], [2, 257]], 'd': [[1, 3]]}]}",,,
9099,25,154,613.796,editor,o,"['In modern society, intelligent machines have replaced many tasks once performed by humans, raising questions about what is sacrificed in the process of automation. This essay will examine the implications of this paradigm shift and compare my own perspective with a Utilitarian viewpoint.', '', 'In my opinion, while automation brings undeniable benefits when considering productivity, it is equally important to consider the human impact of replacing people with machines. While machines may excel at certain tasks, they are subpar in areas such as emotional capacity, creativity that are inherent to human beings. It is important to strike a balance between automation and human involvement in order to preserve our humanity and ensure that technology serves as a tool for advancement rather than a replacement for human interaction.']",,,,"[2, 272]","{'t': 613796, 'o': [{'o': 'o', 'i': [2, 272]}]}",,,
9100,25,155,614.243,editor,d,"['In modern society, intelligent machines have replaced many tasks once performed by humans, raising questions about what is sacrificed in the process of automation. This essay will examine the implications of this paradigm shift and compare my own perspective with a Utilitarian viewpoint.', '', 'In my opinion, while automation brings undeniable benefits when considering productivity, it is equally important to consider the human impact of replacing people with machines. While machines may excel at certain tasks, they are subpar in areas such as emotional capacit, creativity that are inherent to human beings. It is important to strike a balance between automation and human involvement in order to preserve our humanity and ensure that technology serves as a tool for advancement rather than a replacement for human interaction.']",,y',,"[[2, 271], [2, 272]]","{'t': 614243, 'o': [{'o': 'd', 'i': [[2, 271], [2, 272]]}]}",,,
9101,25,156,615.416,editor,d,"['In modern society, intelligent machines have replaced many tasks once performed by humans, raising questions about what is sacrificed in the process of automation. This essay will examine the implications of this paradigm shift and compare my own perspective with a Utilitarian viewpoint.', '', 'In my opinion, while automation brings undeniable benefits when considering productivity, it is equally important to consider the human impact of replacing people with machines. While machines may excel at certain tasks, they are subpar in areas such as emotional , creativity that are inherent to human beings. It is important to strike a balance between automation and human involvement in order to preserve our humanity and ensure that technology serves as a tool for advancement rather than a replacement for human interaction.']",,capacit',,"[[2, 264], [2, 271]]","{'t': [614420, 615416], 'l': 7, 'o': [{'o': 'd', 'i': [[2, 264], [2, 271]], 'd': [[1, 7]]}]}",,,
9102,25,157,617.274,editor,i,"['In modern society, intelligent machines have replaced many tasks once performed by humans, raising questions about what is sacrificed in the process of automation. This essay will examine the implications of this paradigm shift and compare my own perspective with a Utilitarian viewpoint.', '', 'In my opinion, while automation brings undeniable benefits when considering productivity, it is equally important to consider the human impact of replacing people with machines. While machines may excel at certain tasks, they are subpar in areas such as emotional inteligence, creativity that are inherent to human beings. It is important to strike a balance between automation and human involvement in order to preserve our humanity and ensure that technology serves as a tool for advancement rather than a replacement for human interaction.']",inteligence',,,"[2, 264]","{'t': [615718, 617274], 'l': 11, 'o': [{'o': 'i', 'i': [2, 264], 'a': 'inteligence'}]}",,,
9103,25,158,618.769,editor,o,"['In modern society, intelligent machines have replaced many tasks once performed by humans, raising questions about what is sacrificed in the process of automation. This essay will examine the implications of this paradigm shift and compare my own perspective with a Utilitarian viewpoint.', '', 'In my opinion, while automation brings undeniable benefits when considering productivity, it is equally important to consider the human impact of replacing people with machines. While machines may excel at certain tasks, they are subpar in areas such as emotional inteligence, creativity that are inherent to human beings. It is important to strike a balance between automation and human involvement in order to preserve our humanity and ensure that technology serves as a tool for advancement rather than a replacement for human interaction.']",,,,"[2, 276]","{'t': 618769, 'o': [{'o': 'o', 'i': [2, 276]}]}",,,
9104,25,159,619.596,editor,d,"['In modern society, intelligent machines have replaced many tasks once performed by humans, raising questions about what is sacrificed in the process of automation. This essay will examine the implications of this paradigm shift and compare my own perspective with a Utilitarian viewpoint.', '', 'In my opinion, while automation brings undeniable benefits when considering productivity, it is equally important to consider the human impact of replacing people with machines. While machines may excel at certain tasks, they are subpar in areas such as emotional inteligence creativity that are inherent to human beings. It is important to strike a balance between automation and human involvement in order to preserve our humanity and ensure that technology serves as a tool for advancement rather than a replacement for human interaction.']",,",'",,"[[2, 275], [2, 276]]","{'t': 619596, 'o': [{'o': 'd', 'i': [[2, 275], [2, 276]]}]}",,,
9105,25,160,620.115,editor,i,"['In modern society, intelligent machines have replaced many tasks once performed by humans, raising questions about what is sacrificed in the process of automation. This essay will examine the implications of this paradigm shift and compare my own perspective with a Utilitarian viewpoint.', '', 'In my opinion, while automation brings undeniable benefits when considering productivity, it is equally important to consider the human impact of replacing people with machines. While machines may excel at certain tasks, they are subpar in areas such as emotional inteligence and creativity that are inherent to human beings. It is important to strike a balance between automation and human involvement in order to preserve our humanity and ensure that technology serves as a tool for advancement rather than a replacement for human interaction.']",and',,,"[2, 275]","{'t': [619841, 620115], 'l': 4, 'o': [{'o': 'i', 'i': [2, 275], 'a': ' and'}]}",,,
9106,25,161,622.254,editor,o,"['In modern society, intelligent machines have replaced many tasks once performed by humans, raising questions about what is sacrificed in the process of automation. This essay will examine the implications of this paradigm shift and compare my own perspective with a Utilitarian viewpoint.', '', 'In my opinion, while automation brings undeniable benefits when considering productivity, it is equally important to consider the human impact of replacing people with machines. While machines may excel at certain tasks, they are subpar in areas such as emotional inteligence and creativity that are inherent to human beings. It is important to strike a balance between automation and human involvement in order to preserve our humanity and ensure that technology serves as a tool for advancement rather than a replacement for human interaction.']",,,,"[2, 299]","{'t': 622254, 'o': [{'o': 'o', 'i': [2, 299]}]}",,,
9107,25,162,622.795,editor,i,"['In modern society, intelligent machines have replaced many tasks once performed by humans, raising questions about what is sacrificed in the process of automation. This essay will examine the implications of this paradigm shift and compare my own perspective with a Utilitarian viewpoint.', '', 'In my opinion, while automation brings undeniable benefits when considering productivity, it is equally important to consider the human impact of replacing people with machines. While machines may excel at certain tasks, they are subpar in areas such as emotional inteligence and creativity that are  inherent to human beings. It is important to strike a balance between automation and human involvement in order to preserve our humanity and ensure that technology serves as a tool for advancement rather than a replacement for human interaction.']",,,,"[2, 299]","{'t': 622795, 'o': [{'o': 'i', 'i': [2, 299], 'a': ' '}]}",,,
9108,25,163,623.267,editor,i,"['In modern society, intelligent machines have replaced many tasks once performed by humans, raising questions about what is sacrificed in the process of automation. This essay will examine the implications of this paradigm shift and compare my own perspective with a Utilitarian viewpoint.', '', 'In my opinion, while automation brings undeniable benefits when considering productivity, it is equally important to consider the human impact of replacing people with machines. While machines may excel at certain tasks, they are subpar in areas such as emotional inteligence and creativity that are more inherent to human beings. It is important to strike a balance between automation and human involvement in order to preserve our humanity and ensure that technology serves as a tool for advancement rather than a replacement for human interaction.']",more',,,"[2, 300]","{'t': [622911, 623267], 'l': 4, 'o': [{'o': 'i', 'i': [2, 300], 'a': 'more'}]}",,,
9109,25,164,625.636,editor,o,"['In modern society, intelligent machines have replaced many tasks once performed by humans, raising questions about what is sacrificed in the process of automation. This essay will examine the implications of this paradigm shift and compare my own perspective with a Utilitarian viewpoint.', '', 'In my opinion, while automation brings undeniable benefits when considering productivity, it is equally important to consider the human impact of replacing people with machines. While machines may excel at certain tasks, they are subpar in areas such as emotional inteligence and creativity that are more inherent to human beings. It is important to strike a balance between automation and human involvement in order to preserve our humanity and ensure that technology serves as a tool for advancement rather than a replacement for human interaction.']",,,,"[2, 313]","{'t': 625636, 'o': [{'o': 'o', 'i': [2, 313]}]}",,,
9110,25,165,626.269,editor,l,"['In modern society, intelligent machines have replaced many tasks once performed by humans, raising questions about what is sacrificed in the process of automation. This essay will examine the implications of this paradigm shift and compare my own perspective with a Utilitarian viewpoint.', '', 'In my opinion, while automation brings undeniable benefits when considering productivity, it is equally important to consider the human impact of replacing people with machines. While machines may excel at certain tasks, they are subpar in areas such as emotional inteligence and creativity that are more inherent to human beings. It is important to strike a balance between automation and human involvement in order to preserve our humanity and ensure that technology serves as a tool for advancement rather than a replacement for human interaction.']",,,nherent',"[[2, 313], [2, 306]]","{'t': [625839, 626269], 'l': 7, 'o': [{'o': 'l', 'i': [2, 313], 's': [[2, [[312, 306]]]]}]}",,,
9111,25,166,630.86,editor,o,"['In modern society, intelligent machines have replaced many tasks once performed by humans, raising questions about what is sacrificed in the process of automation. This essay will examine the implications of this paradigm shift and compare my own perspective with a Utilitarian viewpoint.', '', 'In my opinion, while automation brings undeniable benefits when considering productivity, it is equally important to consider the human impact of replacing people with machines. While machines may excel at certain tasks, they are subpar in areas such as emotional inteligence and creativity that are more inherent to human beings. It is important to strike a balance between automation and human involvement in order to preserve our humanity and ensure that technology serves as a tool for advancement rather than a replacement for human interaction.']",,,,"[2, 550]","{'t': 630860, 'o': [{'o': 'o', 'i': [2, 550]}]}",,,
9112,25,167,632.63,editor,o,"['In modern society, intelligent machines have replaced many tasks once performed by humans, raising questions about what is sacrificed in the process of automation. This essay will examine the implications of this paradigm shift and compare my own perspective with a Utilitarian viewpoint.', '', 'In my opinion, while automation brings undeniable benefits when considering productivity, it is equally important to consider the human impact of replacing people with machines. While machines may excel at certain tasks, they are subpar in areas such as emotional inteligence and creativity that are more inherent to human beings. It is important to strike a balance between automation and human involvement in order to preserve our humanity and ensure that technology serves as a tool for advancement rather than a replacement for human interaction.']",,,,"[2, 329]","{'t': 632630, 'o': [{'o': 'o', 'i': [2, 329]}]}",,,
9113,25,168,633.089,editor,d,"['In modern society, intelligent machines have replaced many tasks once performed by humans, raising questions about what is sacrificed in the process of automation. This essay will examine the implications of this paradigm shift and compare my own perspective with a Utilitarian viewpoint.', '', 'In my opinion, while automation brings undeniable benefits when considering productivity, it is equally important to consider the human impact of replacing people with machines. While machines may excel at certain tasks, they are subpar in areas such as emotional inteligence and creativity that are more inherent to human being. It is important to strike a balance between automation and human involvement in order to preserve our humanity and ensure that technology serves as a tool for advancement rather than a replacement for human interaction.']",,s',,"[[2, 328], [2, 329]]","{'t': 633089, 'o': [{'o': 'd', 'i': [[2, 328], [2, 329]]}]}",,,
9114,25,169,634.272,editor,d,"['In modern society, intelligent machines have replaced many tasks once performed by humans, raising questions about what is sacrificed in the process of automation. This essay will examine the implications of this paradigm shift and compare my own perspective with a Utilitarian viewpoint.', '', 'In my opinion, while automation brings undeniable benefits when considering productivity, it is equally important to consider the human impact of replacing people with machines. While machines may excel at certain tasks, they are subpar in areas such as emotional inteligence and creativity that are more inherent to huma. It is important to strike a balance between automation and human involvement in order to preserve our humanity and ensure that technology serves as a tool for advancement rather than a replacement for human interaction.']",,n being',,"[[2, 321], [2, 328]]","{'t': [633247, 634272], 'l': 7, 'o': [{'o': 'd', 'i': [[2, 321], [2, 328]], 'd': [[1, 7]]}]}",,,
9115,25,170,634.996,editor,i,"['In modern society, intelligent machines have replaced many tasks once performed by humans, raising questions about what is sacrificed in the process of automation. This essay will examine the implications of this paradigm shift and compare my own perspective with a Utilitarian viewpoint.', '', 'In my opinion, while automation brings undeniable benefits when considering productivity, it is equally important to consider the human impact of replacing people with machines. While machines may excel at certain tasks, they are subpar in areas such as emotional inteligence and creativity that are more inherent to humans. It is important to strike a balance between automation and human involvement in order to preserve our humanity and ensure that technology serves as a tool for advancement rather than a replacement for human interaction.']",ns',,,"[2, 321]","{'t': [634941, 634996], 'l': 2, 'o': [{'o': 'i', 'i': [2, 321], 'a': 'ns'}]}",,,
9116,25,171,635.499,editor,o,"['In modern society, intelligent machines have replaced many tasks once performed by humans, raising questions about what is sacrificed in the process of automation. This essay will examine the implications of this paradigm shift and compare my own perspective with a Utilitarian viewpoint.', '', 'In my opinion, while automation brings undeniable benefits when considering productivity, it is equally important to consider the human impact of replacing people with machines. While machines may excel at certain tasks, they are subpar in areas such as emotional inteligence and creativity that are more inherent to humans. It is important to strike a balance between automation and human involvement in order to preserve our humanity and ensure that technology serves as a tool for advancement rather than a replacement for human interaction.']",,,,"[2, 544]","{'t': 635499, 'o': [{'o': 'o', 'i': [2, 544]}]}",,,
9117,25,172,641.811,editor,o,"['In modern society, intelligent machines have replaced many tasks once performed by humans, raising questions about what is sacrificed in the process of automation. This essay will examine the implications of this paradigm shift and compare my own perspective with a Utilitarian viewpoint.', '', 'In my opinion, while automation brings undeniable benefits when considering productivity, it is equally important to consider the human impact of replacing people with machines. While machines may excel at certain tasks, they are subpar in areas such as emotional inteligence and creativity that are more inherent to humans. It is important to strike a balance between automation and human involvement in order to preserve our humanity and ensure that technology serves as a tool for advancement rather than a replacement for human interaction.']",,,,"[2, 325]","{'t': 641811, 'o': [{'o': 'o', 'i': [2, 325]}]}",,,
9118,25,173,643.173,editor,i,"['In modern society, intelligent machines have replaced many tasks once performed by humans, raising questions about what is sacrificed in the process of automation. This essay will examine the implications of this paradigm shift and compare my own perspective with a Utilitarian viewpoint.', '', 'In my opinion, while automation brings undeniable benefits when considering productivity, it is equally important to consider the human impact of replacing people with machines. While machines may excel at certain tasks, they are subpar in areas such as emotional inteligence and creativity that are more inherent to humans. IIt is important to strike a balance between automation and human involvement in order to preserve our humanity and ensure that technology serves as a tool for advancement rather than a replacement for human interaction.']",I',,,"[2, 325]","{'t': 643173, 'o': [{'o': 'i', 'i': [2, 325], 'a': 'I'}]}",,,
9119,25,174,644.582,editor,i,"['In modern society, intelligent machines have replaced many tasks once performed by humans, raising questions about what is sacrificed in the process of automation. This essay will examine the implications of this paradigm shift and compare my own perspective with a Utilitarian viewpoint.', '', 'In my opinion, while automation brings undeniable benefits when considering productivity, it is equally important to consider the human impact of replacing people with machines. While machines may excel at certain tasks, they are subpar in areas such as emotional inteligence and creativity that are more inherent to humans. It is rIt is important to strike a balance between automation and human involvement in order to preserve our humanity and ensure that technology serves as a tool for advancement rather than a replacement for human interaction.']",t is r',,,"[2, 326]","{'t': [643321, 644582], 'l': 6, 'o': [{'o': 'i', 'i': [2, 326], 'a': 't is r'}]}",,,
9120,25,175,644.913,editor,d,"['In modern society, intelligent machines have replaced many tasks once performed by humans, raising questions about what is sacrificed in the process of automation. This essay will examine the implications of this paradigm shift and compare my own perspective with a Utilitarian viewpoint.', '', 'In my opinion, while automation brings undeniable benefits when considering productivity, it is equally important to consider the human impact of replacing people with machines. While machines may excel at certain tasks, they are subpar in areas such as emotional inteligence and creativity that are more inherent to humans. It is It is important to strike a balance between automation and human involvement in order to preserve our humanity and ensure that technology serves as a tool for advancement rather than a replacement for human interaction.']",,r',,"[[2, 331], [2, 332]]","{'t': 644913, 'o': [{'o': 'd', 'i': [[2, 331], [2, 332]]}]}",,,
9121,25,176,648.1,editor,i,"['In modern society, intelligent machines have replaced many tasks once performed by humans, raising questions about what is sacrificed in the process of automation. This essay will examine the implications of this paradigm shift and compare my own perspective with a Utilitarian viewpoint.', '', 'In my opinion, while automation brings undeniable benefits when considering productivity, it is equally important to consider the human impact of replacing people with machines. While machines may excel at certain tasks, they are subpar in areas such as emotional inteligence and creativity that are more inherent to humans. It is crucial to have an qIt is important to strike a balance between automation and human involvement in order to preserve our humanity and ensure that technology serves as a tool for advancement rather than a replacement for human interaction.']",crucial to have an q',,,"[2, 331]","{'t': [645157, 648100], 'l': 20, 'o': [{'o': 'i', 'i': [2, 331], 'a': 'crucial to have an q'}]}",,,
9122,25,177,648.555,editor,d,"['In modern society, intelligent machines have replaced many tasks once performed by humans, raising questions about what is sacrificed in the process of automation. This essay will examine the implications of this paradigm shift and compare my own perspective with a Utilitarian viewpoint.', '', 'In my opinion, while automation brings undeniable benefits when considering productivity, it is equally important to consider the human impact of replacing people with machines. While machines may excel at certain tasks, they are subpar in areas such as emotional inteligence and creativity that are more inherent to humans. It is crucial to have an It is important to strike a balance between automation and human involvement in order to preserve our humanity and ensure that technology serves as a tool for advancement rather than a replacement for human interaction.']",,q',,"[[2, 350], [2, 351]]","{'t': 648555, 'o': [{'o': 'd', 'i': [[2, 350], [2, 351]]}]}",,,
9123,25,178,655.511,editor,i,"['In modern society, intelligent machines have replaced many tasks once performed by humans, raising questions about what is sacrificed in the process of automation. This essay will examine the implications of this paradigm shift and compare my own perspective with a Utilitarian viewpoint.', '', 'In my opinion, while automation brings undeniable benefits when considering productivity, it is equally important to consider the human impact of replacing people with machines. While machines may excel at certain tasks, they are subpar in areas such as emotional inteligence and creativity that are more inherent to humans. It is crucial to have an equilibrium between human involvedIt is important to strike a balance between automation and human involvement in order to preserve our humanity and ensure that technology serves as a tool for advancement rather than a replacement for human interaction.']",equilibrium between human involved',,,"[2, 350]","{'t': [648608, 655511], 'l': 34, 'o': [{'o': 'i', 'i': [2, 350], 'a': 'equilibrium between human involved'}]}",,,
9124,25,179,655.942,editor,d,"['In modern society, intelligent machines have replaced many tasks once performed by humans, raising questions about what is sacrificed in the process of automation. This essay will examine the implications of this paradigm shift and compare my own perspective with a Utilitarian viewpoint.', '', 'In my opinion, while automation brings undeniable benefits when considering productivity, it is equally important to consider the human impact of replacing people with machines. While machines may excel at certain tasks, they are subpar in areas such as emotional inteligence and creativity that are more inherent to humans. It is crucial to have an equilibrium between human involveIt is important to strike a balance between automation and human involvement in order to preserve our humanity and ensure that technology serves as a tool for advancement rather than a replacement for human interaction.']",,d',,"[[2, 383], [2, 384]]","{'t': 655942, 'o': [{'o': 'd', 'i': [[2, 383], [2, 384]]}]}",,,
9125,25,180,659.553,editor,i,"['In modern society, intelligent machines have replaced many tasks once performed by humans, raising questions about what is sacrificed in the process of automation. This essay will examine the implications of this paradigm shift and compare my own perspective with a Utilitarian viewpoint.', '', 'In my opinion, while automation brings undeniable benefits when considering productivity, it is equally important to consider the human impact of replacing people with machines. While machines may excel at certain tasks, they are subpar in areas such as emotional inteligence and creativity that are more inherent to humans. It is crucial to have an equilibrium between human involvement and automationIt is important to strike a balance between automation and human involvement in order to preserve our humanity and ensure that technology serves as a tool for advancement rather than a replacement for human interaction.']",ment and automation',,,"[2, 383]","{'t': [656126, 659553], 'l': 19, 'o': [{'o': 'i', 'i': [2, 383], 'a': 'ment and automation'}]}",,,
9126,25,181,660.833,editor,i,"['In modern society, intelligent machines have replaced many tasks once performed by humans, raising questions about what is sacrificed in the process of automation. This essay will examine the implications of this paradigm shift and compare my own perspective with a Utilitarian viewpoint.', '', 'In my opinion, while automation brings undeniable benefits when considering productivity, it is equally important to consider the human impact of replacing people with machines. While machines may excel at certain tasks, they are subpar in areas such as emotional inteligence and creativity that are more inherent to humans. It is crucial to have an equilibrium between human involvement and automation It is important to strike a balance between automation and human involvement in order to preserve our humanity and ensure that technology serves as a tool for advancement rather than a replacement for human interaction.']",,,,"[2, 402]","{'t': 660833, 'o': [{'o': 'i', 'i': [2, 402], 'a': ' '}]}",,,
9127,25,182,661.727,editor,i,"['In modern society, intelligent machines have replaced many tasks once performed by humans, raising questions about what is sacrificed in the process of automation. This essay will examine the implications of this paradigm shift and compare my own perspective with a Utilitarian viewpoint.', '', 'In my opinion, while automation brings undeniable benefits when considering productivity, it is equally important to consider the human impact of replacing people with machines. While machines may excel at certain tasks, they are subpar in areas such as emotional inteligence and creativity that are more inherent to humans. It is crucial to have an equilibrium between human involvement and automation to snrueIt is important to strike a balance between automation and human involvement in order to preserve our humanity and ensure that technology serves as a tool for advancement rather than a replacement for human interaction.']",to snrue',,,"[2, 403]","{'t': [661019, 661727], 'l': 8, 'o': [{'o': 'i', 'i': [2, 403], 'a': 'to snrue'}]}",,,
9128,25,183,662.809,editor,d,"['In modern society, intelligent machines have replaced many tasks once performed by humans, raising questions about what is sacrificed in the process of automation. This essay will examine the implications of this paradigm shift and compare my own perspective with a Utilitarian viewpoint.', '', 'In my opinion, while automation brings undeniable benefits when considering productivity, it is equally important to consider the human impact of replacing people with machines. While machines may excel at certain tasks, they are subpar in areas such as emotional inteligence and creativity that are more inherent to humans. It is crucial to have an equilibrium between human involvement and automation to It is important to strike a balance between automation and human involvement in order to preserve our humanity and ensure that technology serves as a tool for advancement rather than a replacement for human interaction.']",,snrue',,"[[2, 406], [2, 411]]","{'t': [662062, 662809], 'l': 5, 'o': [{'o': 'd', 'i': [[2, 406], [2, 411]], 'd': [[1, 5]]}]}",,,
9129,25,184,663.62,editor,i,"['In modern society, intelligent machines have replaced many tasks once performed by humans, raising questions about what is sacrificed in the process of automation. This essay will examine the implications of this paradigm shift and compare my own perspective with a Utilitarian viewpoint.', '', 'In my opinion, while automation brings undeniable benefits when considering productivity, it is equally important to consider the human impact of replacing people with machines. While machines may excel at certain tasks, they are subpar in areas such as emotional inteligence and creativity that are more inherent to humans. It is crucial to have an equilibrium between human involvement and automation to ensureIt is important to strike a balance between automation and human involvement in order to preserve our humanity and ensure that technology serves as a tool for advancement rather than a replacement for human interaction.']",ensure',,,"[2, 406]","{'t': [663041, 663620], 'l': 6, 'o': [{'o': 'i', 'i': [2, 406], 'a': 'ensure'}]}",,,
9130,25,185,678.891,editor,i,"['In modern society, intelligent machines have replaced many tasks once performed by humans, raising questions about what is sacrificed in the process of automation. This essay will examine the implications of this paradigm shift and compare my own perspective with a Utilitarian viewpoint.', '', 'In my opinion, while automation brings undeniable benefits when considering productivity, it is equally important to consider the human impact of replacing people with machines. While machines may excel at certain tasks, they are subpar in areas such as emotional inteligence and creativity that are more inherent to humans. It is crucial to have an equilibrium between human involvement and automation to ensure It is important to strike a balance between automation and human involvement in order to preserve our humanity and ensure that technology serves as a tool for advancement rather than a replacement for human interaction.']",,,,"[2, 412]","{'t': 678891, 'o': [{'o': 'i', 'i': [2, 412], 'a': ' '}]}",,,
9131,25,186,680.402,editor,i,"['In modern society, intelligent machines have replaced many tasks once performed by humans, raising questions about what is sacrificed in the process of automation. This essay will examine the implications of this paradigm shift and compare my own perspective with a Utilitarian viewpoint.', '', 'In my opinion, while automation brings undeniable benefits when considering productivity, it is equally important to consider the human impact of replacing people with machines. While machines may excel at certain tasks, they are subpar in areas such as emotional inteligence and creativity that are more inherent to humans. It is crucial to have an equilibrium between human involvement and automation to ensure our hmIt is important to strike a balance between automation and human involvement in order to preserve our humanity and ensure that technology serves as a tool for advancement rather than a replacement for human interaction.']",our hm',,,"[2, 413]","{'t': [679132, 680402], 'l': 6, 'o': [{'o': 'i', 'i': [2, 413], 'a': 'our hm'}]}",,,
9132,25,187,680.746,editor,d,"['In modern society, intelligent machines have replaced many tasks once performed by humans, raising questions about what is sacrificed in the process of automation. This essay will examine the implications of this paradigm shift and compare my own perspective with a Utilitarian viewpoint.', '', 'In my opinion, while automation brings undeniable benefits when considering productivity, it is equally important to consider the human impact of replacing people with machines. While machines may excel at certain tasks, they are subpar in areas such as emotional inteligence and creativity that are more inherent to humans. It is crucial to have an equilibrium between human involvement and automation to ensure our hIt is important to strike a balance between automation and human involvement in order to preserve our humanity and ensure that technology serves as a tool for advancement rather than a replacement for human interaction.']",,m',,"[[2, 418], [2, 419]]","{'t': 680746, 'o': [{'o': 'd', 'i': [[2, 418], [2, 419]]}]}",,,
9133,25,188,686.583,editor,i,"['In modern society, intelligent machines have replaced many tasks once performed by humans, raising questions about what is sacrificed in the process of automation. This essay will examine the implications of this paradigm shift and compare my own perspective with a Utilitarian viewpoint.', '', 'In my opinion, while automation brings undeniable benefits when considering productivity, it is equally important to consider the human impact of replacing people with machines. While machines may excel at certain tasks, they are subpar in areas such as emotional inteligence and creativity that are more inherent to humans. It is crucial to have an equilibrium between human involvement and automation to ensure our humanity is preserved and that techIt is important to strike a balance between automation and human involvement in order to preserve our humanity and ensure that technology serves as a tool for advancement rather than a replacement for human interaction.']",umanity is preserved and that tech',,,"[2, 418]","{'t': [681008, 686583], 'l': 34, 'o': [{'o': 'i', 'i': [2, 418], 'a': 'umanity is preserved and that tech'}]}",,,
9134,25,189,688.117,editor,i,"['In modern society, intelligent machines have replaced many tasks once performed by humans, raising questions about what is sacrificed in the process of automation. This essay will examine the implications of this paradigm shift and compare my own perspective with a Utilitarian viewpoint.', '', 'In my opinion, while automation brings undeniable benefits when considering productivity, it is equally important to consider the human impact of replacing people with machines. While machines may excel at certain tasks, they are subpar in areas such as emotional inteligence and creativity that are more inherent to humans. It is crucial to have an equilibrium between human involvement and automation to ensure our humanity is preserved and that technIt is important to strike a balance between automation and human involvement in order to preserve our humanity and ensure that technology serves as a tool for advancement rather than a replacement for human interaction.']",n',,,"[2, 452]","{'t': 688117, 'o': [{'o': 'i', 'i': [2, 452], 'a': 'n'}]}",,,
9135,25,190,695.216,editor,i,"['In modern society, intelligent machines have replaced many tasks once performed by humans, raising questions about what is sacrificed in the process of automation. This essay will examine the implications of this paradigm shift and compare my own perspective with a Utilitarian viewpoint.', '', 'In my opinion, while automation brings undeniable benefits when considering productivity, it is equally important to consider the human impact of replacing people with machines. While machines may excel at certain tasks, they are subpar in areas such as emotional inteligence and creativity that are more inherent to humans. It is crucial to have an equilibrium between human involvement and automation to ensure our humanity is preserved and that technology is used in an additive manner. It is important to strike a balance between automation and human involvement in order to preserve our humanity and ensure that technology serves as a tool for advancement rather than a replacement for human interaction.']",ology is used in an additive manner. ',,,"[2, 453]","{'t': [688492, 695216], 'l': 37, 'o': [{'o': 'i', 'i': [2, 453], 'a': 'ology is used in an additive manner. '}]}",,,
9136,25,191,696.418,editor,o,"['In modern society, intelligent machines have replaced many tasks once performed by humans, raising questions about what is sacrificed in the process of automation. This essay will examine the implications of this paradigm shift and compare my own perspective with a Utilitarian viewpoint.', '', 'In my opinion, while automation brings undeniable benefits when considering productivity, it is equally important to consider the human impact of replacing people with machines. While machines may excel at certain tasks, they are subpar in areas such as emotional inteligence and creativity that are more inherent to humans. It is crucial to have an equilibrium between human involvement and automation to ensure our humanity is preserved and that technology is used in an additive manner. It is important to strike a balance between automation and human involvement in order to preserve our humanity and ensure that technology serves as a tool for advancement rather than a replacement for human interaction.']",,,,"[2, 490]","{'t': 696418, 'o': [{'o': 'o', 'i': [2, 490]}]}",,,
9137,25,192,696.738,editor,l,"['In modern society, intelligent machines have replaced many tasks once performed by humans, raising questions about what is sacrificed in the process of automation. This essay will examine the implications of this paradigm shift and compare my own perspective with a Utilitarian viewpoint.', '', 'In my opinion, while automation brings undeniable benefits when considering productivity, it is equally important to consider the human impact of replacing people with machines. While machines may excel at certain tasks, they are subpar in areas such as emotional inteligence and creativity that are more inherent to humans. It is crucial to have an equilibrium between human involvement and automation to ensure our humanity is preserved and that technology is used in an additive manner. It is important to strike a balance between automation and human involvement in order to preserve our humanity and ensure that technology serves as a tool for advancement rather than a replacement for human interaction.']",,,It is important to strike a balance between automation and human involvement in order to preserve our humanity and ensure that technology serves as a tool for advancement rather than a replacement for human interaction.',"[[2, 490], [2, 709]]","{'t': [696655, 696738], 'l': 5, 'o': [{'o': 'l', 'i': [2, 490], 's': [[2, [491, [569, 570], 650, 709]]]}]}",,,
9138,25,193,697.35,editor,d,"['In modern society, intelligent machines have replaced many tasks once performed by humans, raising questions about what is sacrificed in the process of automation. This essay will examine the implications of this paradigm shift and compare my own perspective with a Utilitarian viewpoint.', '', 'In my opinion, while automation brings undeniable benefits when considering productivity, it is equally important to consider the human impact of replacing people with machines. While machines may excel at certain tasks, they are subpar in areas such as emotional inteligence and creativity that are more inherent to humans. It is crucial to have an equilibrium between human involvement and automation to ensure our humanity is preserved and that technology is used in an additive manner. ']",,It is important to strike a balance between automation and human involvement in order to preserve our humanity and ensure that technology serves as a tool for advancement rather than a replacement for human interaction.',,"[[2, 490], [2, 709]]","{'t': 697350, 'o': [{'o': 'd', 'i': [[2, 490], [2, 709]]}]}",,,
9139,25,194,698.289,editor,d,"['In modern society, intelligent machines have replaced many tasks once performed by humans, raising questions about what is sacrificed in the process of automation. This essay will examine the implications of this paradigm shift and compare my own perspective with a Utilitarian viewpoint.', '', 'In my opinion, while automation brings undeniable benefits when considering productivity, it is equally important to consider the human impact of replacing people with machines. While machines may excel at certain tasks, they are subpar in areas such as emotional inteligence and creativity that are more inherent to humans. It is crucial to have an equilibrium between human involvement and automation to ensure our humanity is preserved and that technology is used in an additive manne']",,r. ',,"[[2, 487], [2, 490]]","{'t': [697859, 698289], 'l': 3, 'o': [{'o': 'd', 'i': [[2, 487], [2, 490]], 'd': [[1, 3]]}]}",,,
9140,25,195,700.993,editor,i,"['In modern society, intelligent machines have replaced many tasks once performed by humans, raising questions about what is sacrificed in the process of automation. This essay will examine the implications of this paradigm shift and compare my own perspective with a Utilitarian viewpoint.', '', 'In my opinion, while automation brings undeniable benefits when considering productivity, it is equally important to consider the human impact of replacing people with machines. While machines may excel at certain tasks, they are subpar in areas such as emotional inteligence and creativity that are more inherent to humans. It is crucial to have an equilibrium between human involvement and automation to ensure our humanity is preserved and that technology is used in an additive manner to existing hm']",r to existing hm',,,"[2, 487]","{'t': [698878, 700993], 'l': 16, 'o': [{'o': 'i', 'i': [2, 487], 'a': 'r to existing hm'}]}",,,
9141,25,196,701.374,editor,d,"['In modern society, intelligent machines have replaced many tasks once performed by humans, raising questions about what is sacrificed in the process of automation. This essay will examine the implications of this paradigm shift and compare my own perspective with a Utilitarian viewpoint.', '', 'In my opinion, while automation brings undeniable benefits when considering productivity, it is equally important to consider the human impact of replacing people with machines. While machines may excel at certain tasks, they are subpar in areas such as emotional inteligence and creativity that are more inherent to humans. It is crucial to have an equilibrium between human involvement and automation to ensure our humanity is preserved and that technology is used in an additive manner to existing h']",,m',,"[[2, 502], [2, 503]]","{'t': 701374, 'o': [{'o': 'd', 'i': [[2, 502], [2, 503]]}]}",,,
9142,25,197,703.082,editor,i,"['In modern society, intelligent machines have replaced many tasks once performed by humans, raising questions about what is sacrificed in the process of automation. This essay will examine the implications of this paradigm shift and compare my own perspective with a Utilitarian viewpoint.', '', 'In my opinion, while automation brings undeniable benefits when considering productivity, it is equally important to consider the human impact of replacing people with machines. While machines may excel at certain tasks, they are subpar in areas such as emotional inteligence and creativity that are more inherent to humans. It is crucial to have an equilibrium between human involvement and automation to ensure our humanity is preserved and that technology is used in an additive manner to existing human efforts.']",uman efforts.',,,"[2, 502]","{'t': [701575, 703082], 'l': 13, 'o': [{'o': 'i', 'i': [2, 502], 'a': 'uman efforts.'}]}",,,
9143,25,198,703.991,editor,o,"['In modern society, intelligent machines have replaced many tasks once performed by humans, raising questions about what is sacrificed in the process of automation. This essay will examine the implications of this paradigm shift and compare my own perspective with a Utilitarian viewpoint.', '', 'In my opinion, while automation brings undeniable benefits when considering productivity, it is equally important to consider the human impact of replacing people with machines. While machines may excel at certain tasks, they are subpar in areas such as emotional inteligence and creativity that are more inherent to humans. It is crucial to have an equilibrium between human involvement and automation to ensure our humanity is preserved and that technology is used in an additive manner to existing human efforts.']",,,,"[2, 515]","{'t': 703991, 'o': [{'o': 'o', 'i': [2, 515]}]}",,,
9144,25,199,704.498,editor,l,"['In modern society, intelligent machines have replaced many tasks once performed by humans, raising questions about what is sacrificed in the process of automation. This essay will examine the implications of this paradigm shift and compare my own perspective with a Utilitarian viewpoint.', '', 'In my opinion, while automation brings undeniable benefits when considering productivity, it is equally important to consider the human impact of replacing people with machines. While machines may excel at certain tasks, they are subpar in areas such as emotional inteligence and creativity that are more inherent to humans. It is crucial to have an equilibrium between human involvement and automation to ensure our humanity is preserved and that technology is used in an additive manner to existing human efforts.']",,,"In my opinion, while automation brings undeniable benefits when considering productivity, it is equally important to consider the human impact of replacing people with machines. While machines may excel at certain tasks, they are subpar in areas such as emotional inteligence and creativity that are more inherent to humans. It is crucial to have an equilibrium between human involvement and automation to ensure our humanity is preserved and that technology is used in an additive manner to existing human efforts.'","[[2, 515], [2, 0]]","{'t': [704185, 704498], 'l': 17, 'o': [{'o': 'l', 'i': [2, 515], 's': [[2, [512, 435, 429, 346, 338, 252, 169, 163, 160, 86, 84, 82, [80, 79], 77, 0]], [1, [0]]]}]}",,,
9145,25,200,705.234,editor,o,"['In modern society, intelligent machines have replaced many tasks once performed by humans, raising questions about what is sacrificed in the process of automation. This essay will examine the implications of this paradigm shift and compare my own perspective with a Utilitarian viewpoint.', '', 'In my opinion, while automation brings undeniable benefits when considering productivity, it is equally important to consider the human impact of replacing people with machines. While machines may excel at certain tasks, they are subpar in areas such as emotional inteligence and creativity that are more inherent to humans. It is crucial to have an equilibrium between human involvement and automation to ensure our humanity is preserved and that technology is used in an additive manner to existing human efforts.']",,,,"[2, 399]","{'t': 705234, 'o': [{'o': 'o', 'i': [2, 399]}]}",,,
9146,25,201,706.097,editor,o,"['In modern society, intelligent machines have replaced many tasks once performed by humans, raising questions about what is sacrificed in the process of automation. This essay will examine the implications of this paradigm shift and compare my own perspective with a Utilitarian viewpoint.', '', 'In my opinion, while automation brings undeniable benefits when considering productivity, it is equally important to consider the human impact of replacing people with machines. While machines may excel at certain tasks, they are subpar in areas such as emotional inteligence and creativity that are more inherent to humans. It is crucial to have an equilibrium between human involvement and automation to ensure our humanity is preserved and that technology is used in an additive manner to existing human efforts.']",,,,"[2, 515]","{'t': 706097, 'o': [{'o': 'o', 'i': [2, 515]}]}",,,
9147,25,202,706.965,editor,l,"['In modern society, intelligent machines have replaced many tasks once performed by humans, raising questions about what is sacrificed in the process of automation. This essay will examine the implications of this paradigm shift and compare my own perspective with a Utilitarian viewpoint.', '', 'In my opinion, while automation brings undeniable benefits when considering productivity, it is equally important to consider the human impact of replacing people with machines. While machines may excel at certain tasks, they are subpar in areas such as emotional inteligence and creativity that are more inherent to humans. It is crucial to have an equilibrium between human involvement and automation to ensure our humanity is preserved and that technology is used in an additive manner to existing human efforts.']",,,"In my opinion, while automation brings undeniable benefits when considering productivity, it is equally important to consider the human impact of replacing people with machines. While machines may excel at certain tasks, they are subpar in areas such as emotional inteligence and creativity that are more inherent to humans. It is crucial to have an equilibrium between human involvement and automation to ensure our humanity is preserved and that technology is used in an additive manner to existing human efforts.'","[[2, 515], [2, 0]]","{'t': [706261, 706965], 'l': 25, 'o': [{'o': 'l', 'i': [2, 515], 's': [[2, [514, 510, 426, 340, 336, 253, 248, 169, 166, 164, 161, [90, 88], [86, 83], [7, 3]]], [1, [0]], [2, [0]]]}]}",,,
9148,25,203,707.439,editor,y,,,,"In my opinion, while automation brings undeniable benefits when considering productivity, it is equally important to consider the human impact of replacing people with machines. While machines may excel at certain tasks, they are subpar in areas such as emotional inteligence and creativity that are more inherent to humans. It is crucial to have an equilibrium between human involvement and automation to ensure our humanity is preserved and that technology is used in an additive manner to existing human efforts.",,,,,
9149,25,204,708.542,editor,o,"['In modern society, intelligent machines have replaced many tasks once performed by humans, raising questions about what is sacrificed in the process of automation. This essay will examine the implications of this paradigm shift and compare my own perspective with a Utilitarian viewpoint.', '', 'In my opinion, while automation brings undeniable benefits when considering productivity, it is equally important to consider the human impact of replacing people with machines. While machines may excel at certain tasks, they are subpar in areas such as emotional inteligence and creativity that are more inherent to humans. It is crucial to have an equilibrium between human involvement and automation to ensure our humanity is preserved and that technology is used in an additive manner to existing human efforts.']",,,,"[2, 478]","{'t': 708542, 'o': [{'o': 'o', 'i': [2, 478]}]}",,,
9150,25,205,709.345,editor,o,"['In modern society, intelligent machines have replaced many tasks once performed by humans, raising questions about what is sacrificed in the process of automation. This essay will examine the implications of this paradigm shift and compare my own perspective with a Utilitarian viewpoint.', '', 'In my opinion, while automation brings undeniable benefits when considering productivity, it is equally important to consider the human impact of replacing people with machines. While machines may excel at certain tasks, they are subpar in areas such as emotional inteligence and creativity that are more inherent to humans. It is crucial to have an equilibrium between human involvement and automation to ensure our humanity is preserved and that technology is used in an additive manner to existing human efforts.']",,,,"[2, 515]","{'t': 709345, 'o': [{'o': 'o', 'i': [2, 515]}]}",,,
9151,25,206,710.335,editor,l,"['In modern society, intelligent machines have replaced many tasks once performed by humans, raising questions about what is sacrificed in the process of automation. This essay will examine the implications of this paradigm shift and compare my own perspective with a Utilitarian viewpoint.', '', 'In my opinion, while automation brings undeniable benefits when considering productivity, it is equally important to consider the human impact of replacing people with machines. While machines may excel at certain tasks, they are subpar in areas such as emotional inteligence and creativity that are more inherent to humans. It is crucial to have an equilibrium between human involvement and automation to ensure our humanity is preserved and that technology is used in an additive manner to existing human efforts.']",,,"In my opinion, while automation brings undeniable benefits when considering productivity, it is equally important to consider the human impact of replacing people with machines. While machines may excel at certain tasks, they are subpar in areas such as emotional inteligence and creativity that are more inherent to humans. It is crucial to have an equilibrium between human involvement and automation to ensure our humanity is preserved and that technology is used in an additive manner to existing human efforts.'","[[2, 515], [2, 0]]","{'t': [709494, 710335], 'l': 23, 'o': [{'o': 'l', 'i': [2, 515], 's': [[2, [514, 511, 432, 263, 184, 178, 102, 21]], [1, [0]], [0, [[240, 239], [237, 236], [156, 149], 70, 0]]]}]}",,,
9152,25,207,712.058,editor,l,"['In modern society, intelligent machines have replaced many tasks once performed by humans, raising questions about what is sacrificed in the process of automation. This essay will examine the implications of this paradigm shift and compare my own perspective with a Utilitarian viewpoint.', '', 'In my opinion, while automation brings undeniable benefits when considering productivity, it is equally important to consider the human impact of replacing people with machines. While machines may excel at certain tasks, they are subpar in areas such as emotional inteligence and creativity that are more inherent to humans. It is crucial to have an equilibrium between human involvement and automation to ensure our humanity is preserved and that technology is used in an additive manner to existing human efforts.']",,,.',"[[2, 515], [2, 514]]","{'t': [711257, 712058], 'l': 2, 'o': [{'o': 'l', 'i': [2, 515], 's': [[2, [[515, 514]]]]}]}",,,
9153,25,208,712.257,editor,l,"['In modern society, intelligent machines have replaced many tasks once performed by humans, raising questions about what is sacrificed in the process of automation. This essay will examine the implications of this paradigm shift and compare my own perspective with a Utilitarian viewpoint.', '', 'In my opinion, while automation brings undeniable benefits when considering productivity, it is equally important to consider the human impact of replacing people with machines. While machines may excel at certain tasks, they are subpar in areas such as emotional inteligence and creativity that are more inherent to humans. It is crucial to have an equilibrium between human involvement and automation to ensure our humanity is preserved and that technology is used in an additive manner to existing human efforts.']",,,"In my opinion, while automation brings undeniable benefits when considering productivity, it is equally important to consider the human impact of replacing people with machines. While machines may excel at certain tasks, they are subpar in areas such as emotional inteligence and creativity that are more inherent to humans. It is crucial to have an equilibrium between human involvement and automation to ensure our humanity is preserved and that technology is used in an additive manner to existing human efforts.'","[[2, 515], [2, 0]]","{'t': [712065, 712257], 'l': 15, 'o': [{'o': 'l', 'i': [2, 515], 's': [[2, [511, 426, 419, 410, 328, 322, 237, 233, 229, 152, [150, 148], 76, 0]]]}]}",,,
9154,25,209,712.689,editor,y,,,,"In my opinion, while automation brings undeniable benefits when considering productivity, it is equally important to consider the human impact of replacing people with machines. While machines may excel at certain tasks, they are subpar in areas such as emotional inteligence and creativity that are more inherent to humans. It is crucial to have an equilibrium between human involvement and automation to ensure our humanity is preserved and that technology is used in an additive manner to existing human efforts.",,,,,
9155,25,210,723.056,gpt,p,,,,"In my opinion, while automation brings undeniable benefits when considering productivity, it is equally important to consider the human impact of replacing people with machines. While machines may excel at certain tasks, they are subpar in areas such as emotional inteligence and creativity that are more inherent to humans. It is crucial to have an equilibrium between human involvement and automation to ensure our humanity is preserved and that technology is used in an additive manner to existing human efforts.",,,,,
9156,25,211,723.55,gpt,gpt_inquiry,,,,"how is this first body paragraph?

In my opinion, while automation brings undeniable benefits when considering productivity, it is equally important to consider the human impact of replacing people with machines. While machines may excel at certain tasks, they are subpar in areas such as emotional inteligence and creativity that are more inherent to humans. It is crucial to have an equilibrium between human involvement and automation to ensure our humanity is preserved and that technology is used in an additive manner to existing human efforts.",,,,,
9157,25,212,725.581,gpt,gpt_response,,,,"The first body paragraph you provided is clear and effectively conveys your perspective on the issue of automation. It highlights the importance of considering the human impact of replacing humans with machines and emphasizes the unique qualities that humans possess, such as emotional intelligence and creativity. The paragraph also reinforces the idea of finding a balance between automation and human involvement to maintain our humanity and ensure technology complements and enhances our efforts. Overall, the paragraph effectively sets up your argument and provides a strong foundation for further discussion in the essay.",,,,,
9158,25,213,761.476,gpt,gpt_inquiry,,,,Is there anything you would rephrase to make it more grammatically correct and flow better?,,,,,
9159,25,214,763.928,gpt,gpt_response,,,,"Here is a revised version of your first body paragraph with some rephrasing for improved clarity and flow:

""In my perspective, while automation brings undeniable benefits in terms of productivity, it is equally important to consider the human impact of replacing people with machines. While machines may excel in certain tasks, they lack qualities such as emotional intelligence and creativity that are inherent to humans. Striking a balance between human involvement and automation is crucial to preserve our humanity and ensure that technology serves as a complement to, rather than a replacement for, human efforts.""",,,,,
9160,25,215,773.966,gpt,y,,,,"In my perspective, while automation brings undeniable benefits in terms of productivity, it is equally important to consider the human impact of replacing people with machines. While machines may excel in certain tasks, they lack qualities such as emotional intelligence and creativity that are inherent to humans. Striking a balance between human involvement and automation is crucial to preserve our humanity and ensure that technology serves as a complement to, rather than a replacement for, human efforts",,,,,
9161,25,216,776.18,editor,o,"['In modern society, intelligent machines have replaced many tasks once performed by humans, raising questions about what is sacrificed in the process of automation. This essay will examine the implications of this paradigm shift and compare my own perspective with a Utilitarian viewpoint.', '', 'In my opinion, while automation brings undeniable benefits when considering productivity, it is equally important to consider the human impact of replacing people with machines. While machines may excel at certain tasks, they are subpar in areas such as emotional inteligence and creativity that are more inherent to humans. It is crucial to have an equilibrium between human involvement and automation to ensure our humanity is preserved and that technology is used in an additive manner to existing human efforts.']",,,,"[2, 515]","{'t': 776180, 'o': [{'o': 'o', 'i': [2, 515]}]}",,,
9162,25,217,776.764,editor,i,"['In modern society, intelligent machines have replaced many tasks once performed by humans, raising questions about what is sacrificed in the process of automation. This essay will examine the implications of this paradigm shift and compare my own perspective with a Utilitarian viewpoint.', '', 'In my opinion, while automation brings undeniable benefits when considering productivity, it is equally important to consider the human impact of replacing people with machines. While machines may excel at certain tasks, they are subpar in areas such as emotional inteligence and creativity that are more inherent to humans. It is crucial to have an equilibrium between human involvement and automation to ensure our humanity is preserved and that technology is used in an additive manner to existing human efforts.', '']",\n',,,"[2, 515]","{'t': 776764, 'o': [{'o': 'i', 'i': [2, 515], 'a': '\n'}]}",,,
9163,25,218,776.909,editor,i,"['In modern society, intelligent machines have replaced many tasks once performed by humans, raising questions about what is sacrificed in the process of automation. This essay will examine the implications of this paradigm shift and compare my own perspective with a Utilitarian viewpoint.', '', 'In my opinion, while automation brings undeniable benefits when considering productivity, it is equally important to consider the human impact of replacing people with machines. While machines may excel at certain tasks, they are subpar in areas such as emotional inteligence and creativity that are more inherent to humans. It is crucial to have an equilibrium between human involvement and automation to ensure our humanity is preserved and that technology is used in an additive manner to existing human efforts.', '', '']",\n',,,"[3, 0]","{'t': 776909, 'o': [{'o': 'i', 'i': [3, 0], 'a': '\n'}]}",,,
9164,25,219,777.035,editor,p,"['In modern society, intelligent machines have replaced many tasks once performed by humans, raising questions about what is sacrificed in the process of automation. This essay will examine the implications of this paradigm shift and compare my own perspective with a Utilitarian viewpoint.', '', 'In my opinion, while automation brings undeniable benefits when considering productivity, it is equally important to consider the human impact of replacing people with machines. While machines may excel at certain tasks, they are subpar in areas such as emotional inteligence and creativity that are more inherent to humans. It is crucial to have an equilibrium between human involvement and automation to ensure our humanity is preserved and that technology is used in an additive manner to existing human efforts.', '', 'In my perspective, while automation brings undeniable benefits in terms of productivity, it is equally important to consider the human impact of replacing people with machines. While machines may excel in certain tasks, they lack qualities such as emotional intelligence and creativity that are inherent to humans. Striking a balance between human involvement and automation is crucial to preserve our humanity and ensure that technology serves as a complement to, rather than a replacement for, human efforts']","In my perspective, while automation brings undeniable benefits in terms of productivity, it is equally important to consider the human impact of replacing people with machines. While machines may excel in certain tasks, they lack qualities such as emotional intelligence and creativity that are inherent to humans. Striking a balance between human involvement and automation is crucial to preserve our humanity and ensure that technology serves as a complement to, rather than a replacement for, human efforts'",,,"[4, 0]","{'t': 777035, 'o': [{'o': 'p', 'i': [4, 0], 'a': ['In my perspective, while automation brings undeniable benefits in terms of productivity, it is equally important to consider the human impact of replacing people with machines. While machines may excel in certain tasks, they lack qualities such as emotional intelligence and creativity that are inherent to humans. Striking a balance between human involvement and automation is crucial to preserve our humanity and ensure that technology serves as a complement to, rather than a replacement for, human efforts']}]}",,,
9165,25,220,777.036,editor,o,"['In modern society, intelligent machines have replaced many tasks once performed by humans, raising questions about what is sacrificed in the process of automation. This essay will examine the implications of this paradigm shift and compare my own perspective with a Utilitarian viewpoint.', '', 'In my opinion, while automation brings undeniable benefits when considering productivity, it is equally important to consider the human impact of replacing people with machines. While machines may excel at certain tasks, they are subpar in areas such as emotional inteligence and creativity that are more inherent to humans. It is crucial to have an equilibrium between human involvement and automation to ensure our humanity is preserved and that technology is used in an additive manner to existing human efforts.', '', 'In my perspective, while automation brings undeniable benefits in terms of productivity, it is equally important to consider the human impact of replacing people with machines. While machines may excel in certain tasks, they lack qualities such as emotional intelligence and creativity that are inherent to humans. Striking a balance between human involvement and automation is crucial to preserve our humanity and ensure that technology serves as a complement to, rather than a replacement for, human efforts']",,,,"[4, 509]","{'t': 777036, 'o': [{'o': 'o', 'i': [4, 509]}]}",,,
9166,25,221,789.656,editor,o,"['In modern society, intelligent machines have replaced many tasks once performed by humans, raising questions about what is sacrificed in the process of automation. This essay will examine the implications of this paradigm shift and compare my own perspective with a Utilitarian viewpoint.', '', 'In my opinion, while automation brings undeniable benefits when considering productivity, it is equally important to consider the human impact of replacing people with machines. While machines may excel at certain tasks, they are subpar in areas such as emotional inteligence and creativity that are more inherent to humans. It is crucial to have an equilibrium between human involvement and automation to ensure our humanity is preserved and that technology is used in an additive manner to existing human efforts.', '', 'In my perspective, while automation brings undeniable benefits in terms of productivity, it is equally important to consider the human impact of replacing people with machines. While machines may excel in certain tasks, they lack qualities such as emotional intelligence and creativity that are inherent to humans. Striking a balance between human involvement and automation is crucial to preserve our humanity and ensure that technology serves as a complement to, rather than a replacement for, human efforts']",,,,"[2, 63]","{'t': 789656, 'o': [{'o': 'o', 'i': [2, 63]}]}",,,
9167,25,222,790.448,editor,d,"['In modern society, intelligent machines have replaced many tasks once performed by humans, raising questions about what is sacrificed in the process of automation. This essay will examine the implications of this paradigm shift and compare my own perspective with a Utilitarian viewpoint.', '', 'In my opinion, while automation brings undeniable benefits whe considering productivity, it is equally important to consider the human impact of replacing people with machines. While machines may excel at certain tasks, they are subpar in areas such as emotional inteligence and creativity that are more inherent to humans. It is crucial to have an equilibrium between human involvement and automation to ensure our humanity is preserved and that technology is used in an additive manner to existing human efforts.', '', 'In my perspective, while automation brings undeniable benefits in terms of productivity, it is equally important to consider the human impact of replacing people with machines. While machines may excel in certain tasks, they lack qualities such as emotional intelligence and creativity that are inherent to humans. Striking a balance between human involvement and automation is crucial to preserve our humanity and ensure that technology serves as a complement to, rather than a replacement for, human efforts']",,n',,"[[2, 62], [2, 63]]","{'t': 790448, 'o': [{'o': 'd', 'i': [[2, 62], [2, 63]]}]}",,,
9168,25,223,791.014,editor,d,"['In modern society, intelligent machines have replaced many tasks once performed by humans, raising questions about what is sacrificed in the process of automation. This essay will examine the implications of this paradigm shift and compare my own perspective with a Utilitarian viewpoint.', '', 'In my opinion, while automation brings undeniable benefits  considering productivity, it is equally important to consider the human impact of replacing people with machines. While machines may excel at certain tasks, they are subpar in areas such as emotional inteligence and creativity that are more inherent to humans. It is crucial to have an equilibrium between human involvement and automation to ensure our humanity is preserved and that technology is used in an additive manner to existing human efforts.', '', 'In my perspective, while automation brings undeniable benefits in terms of productivity, it is equally important to consider the human impact of replacing people with machines. While machines may excel in certain tasks, they lack qualities such as emotional intelligence and creativity that are inherent to humans. Striking a balance between human involvement and automation is crucial to preserve our humanity and ensure that technology serves as a complement to, rather than a replacement for, human efforts']",,whe',,"[[2, 59], [2, 62]]","{'t': [790675, 791014], 'l': 3, 'o': [{'o': 'd', 'i': [[2, 59], [2, 62]], 'd': [[1, 3]]}]}",,,
9169,25,224,792.787,editor,i,"['In modern society, intelligent machines have replaced many tasks once performed by humans, raising questions about what is sacrificed in the process of automation. This essay will examine the implications of this paradigm shift and compare my own perspective with a Utilitarian viewpoint.', '', 'In my opinion, while automation brings undeniable benefits in terms of considering productivity, it is equally important to consider the human impact of replacing people with machines. While machines may excel at certain tasks, they are subpar in areas such as emotional inteligence and creativity that are more inherent to humans. It is crucial to have an equilibrium between human involvement and automation to ensure our humanity is preserved and that technology is used in an additive manner to existing human efforts.', '', 'In my perspective, while automation brings undeniable benefits in terms of productivity, it is equally important to consider the human impact of replacing people with machines. While machines may excel in certain tasks, they lack qualities such as emotional intelligence and creativity that are inherent to humans. Striking a balance between human involvement and automation is crucial to preserve our humanity and ensure that technology serves as a complement to, rather than a replacement for, human efforts']",in terms of',,,"[2, 59]","{'t': [791286, 792787], 'l': 11, 'o': [{'o': 'i', 'i': [2, 59], 'a': 'in terms of'}]}",,,
9170,25,225,794.068,editor,o,"['In modern society, intelligent machines have replaced many tasks once performed by humans, raising questions about what is sacrificed in the process of automation. This essay will examine the implications of this paradigm shift and compare my own perspective with a Utilitarian viewpoint.', '', 'In my opinion, while automation brings undeniable benefits in terms of considering productivity, it is equally important to consider the human impact of replacing people with machines. While machines may excel at certain tasks, they are subpar in areas such as emotional inteligence and creativity that are more inherent to humans. It is crucial to have an equilibrium between human involvement and automation to ensure our humanity is preserved and that technology is used in an additive manner to existing human efforts.', '', 'In my perspective, while automation brings undeniable benefits in terms of productivity, it is equally important to consider the human impact of replacing people with machines. While machines may excel in certain tasks, they lack qualities such as emotional intelligence and creativity that are inherent to humans. Striking a balance between human involvement and automation is crucial to preserve our humanity and ensure that technology serves as a complement to, rather than a replacement for, human efforts']",,,,"[2, 83]","{'t': 794068, 'o': [{'o': 'o', 'i': [2, 83]}]}",,,
9171,25,226,794.744,editor,l,"['In modern society, intelligent machines have replaced many tasks once performed by humans, raising questions about what is sacrificed in the process of automation. This essay will examine the implications of this paradigm shift and compare my own perspective with a Utilitarian viewpoint.', '', 'In my opinion, while automation brings undeniable benefits in terms of considering productivity, it is equally important to consider the human impact of replacing people with machines. While machines may excel at certain tasks, they are subpar in areas such as emotional inteligence and creativity that are more inherent to humans. It is crucial to have an equilibrium between human involvement and automation to ensure our humanity is preserved and that technology is used in an additive manner to existing human efforts.', '', 'In my perspective, while automation brings undeniable benefits in terms of productivity, it is equally important to consider the human impact of replacing people with machines. While machines may excel in certain tasks, they lack qualities such as emotional intelligence and creativity that are inherent to humans. Striking a balance between human involvement and automation is crucial to preserve our humanity and ensure that technology serves as a complement to, rather than a replacement for, human efforts']",,,considering ',"[[2, 83], [2, 71]]","{'t': [794252, 794744], 'l': 12, 'o': [{'o': 'l', 'i': [2, 83], 's': [[2, [[82, 71]]]]}]}",,,
9172,25,227,795.275,editor,d,"['In modern society, intelligent machines have replaced many tasks once performed by humans, raising questions about what is sacrificed in the process of automation. This essay will examine the implications of this paradigm shift and compare my own perspective with a Utilitarian viewpoint.', '', 'In my opinion, while automation brings undeniable benefits in terms of productivity, it is equally important to consider the human impact of replacing people with machines. While machines may excel at certain tasks, they are subpar in areas such as emotional inteligence and creativity that are more inherent to humans. It is crucial to have an equilibrium between human involvement and automation to ensure our humanity is preserved and that technology is used in an additive manner to existing human efforts.', '', 'In my perspective, while automation brings undeniable benefits in terms of productivity, it is equally important to consider the human impact of replacing people with machines. While machines may excel in certain tasks, they lack qualities such as emotional intelligence and creativity that are inherent to humans. Striking a balance between human involvement and automation is crucial to preserve our humanity and ensure that technology serves as a complement to, rather than a replacement for, human efforts']",,considering ',,"[[2, 71], [2, 83]]","{'t': 795275, 'o': [{'o': 'd', 'i': [[2, 71], [2, 83]]}]}",,,
9173,25,228,810.361,editor,o,"['In modern society, intelligent machines have replaced many tasks once performed by humans, raising questions about what is sacrificed in the process of automation. This essay will examine the implications of this paradigm shift and compare my own perspective with a Utilitarian viewpoint.', '', 'In my opinion, while automation brings undeniable benefits in terms of productivity, it is equally important to consider the human impact of replacing people with machines. While machines may excel at certain tasks, they are subpar in areas such as emotional inteligence and creativity that are more inherent to humans. It is crucial to have an equilibrium between human involvement and automation to ensure our humanity is preserved and that technology is used in an additive manner to existing human efforts.', '', 'In my perspective, while automation brings undeniable benefits in terms of productivity, it is equally important to consider the human impact of replacing people with machines. While machines may excel in certain tasks, they lack qualities such as emotional intelligence and creativity that are inherent to humans. Striking a balance between human involvement and automation is crucial to preserve our humanity and ensure that technology serves as a complement to, rather than a replacement for, human efforts']",,,,"[2, 231]","{'t': 810361, 'o': [{'o': 'o', 'i': [2, 231]}]}",,,
9174,25,229,811.493,editor,d,"['In modern society, intelligent machines have replaced many tasks once performed by humans, raising questions about what is sacrificed in the process of automation. This essay will examine the implications of this paradigm shift and compare my own perspective with a Utilitarian viewpoint.', '', 'In my opinion, while automation brings undeniable benefits in terms of productivity, it is equally important to consider the human impact of replacing people with machines. While machines may excel at certain tasks, they are subpa in areas such as emotional inteligence and creativity that are more inherent to humans. It is crucial to have an equilibrium between human involvement and automation to ensure our humanity is preserved and that technology is used in an additive manner to existing human efforts.', '', 'In my perspective, while automation brings undeniable benefits in terms of productivity, it is equally important to consider the human impact of replacing people with machines. While machines may excel in certain tasks, they lack qualities such as emotional intelligence and creativity that are inherent to humans. Striking a balance between human involvement and automation is crucial to preserve our humanity and ensure that technology serves as a complement to, rather than a replacement for, human efforts']",,r',,"[[2, 230], [2, 231]]","{'t': 811493, 'o': [{'o': 'd', 'i': [[2, 230], [2, 231]]}]}",,,
9175,25,230,812.925,editor,d,"['In modern society, intelligent machines have replaced many tasks once performed by humans, raising questions about what is sacrificed in the process of automation. This essay will examine the implications of this paradigm shift and compare my own perspective with a Utilitarian viewpoint.', '', 'In my opinion, while automation brings undeniable benefits in terms of productivity, it is equally important to consider the human impact of replacing people with machines. While machines may excel at certain tasks, they  in areas such as emotional inteligence and creativity that are more inherent to humans. It is crucial to have an equilibrium between human involvement and automation to ensure our humanity is preserved and that technology is used in an additive manner to existing human efforts.', '', 'In my perspective, while automation brings undeniable benefits in terms of productivity, it is equally important to consider the human impact of replacing people with machines. While machines may excel in certain tasks, they lack qualities such as emotional intelligence and creativity that are inherent to humans. Striking a balance between human involvement and automation is crucial to preserve our humanity and ensure that technology serves as a complement to, rather than a replacement for, human efforts']",,are subpa',,"[[2, 221], [2, 230]]","{'t': [811672, 812925], 'l': 9, 'o': [{'o': 'd', 'i': [[2, 221], [2, 230]], 'd': [[1, 9]]}]}",,,
9176,25,231,815.677,editor,i,"['In modern society, intelligent machines have replaced many tasks once performed by humans, raising questions about what is sacrificed in the process of automation. This essay will examine the implications of this paradigm shift and compare my own perspective with a Utilitarian viewpoint.', '', 'In my opinion, while automation brings undeniable benefits in terms of productivity, it is equally important to consider the human impact of replacing people with machines. While machines may excel at certain tasks, they lack qualities in areas such as emotional inteligence and creativity that are more inherent to humans. It is crucial to have an equilibrium between human involvement and automation to ensure our humanity is preserved and that technology is used in an additive manner to existing human efforts.', '', 'In my perspective, while automation brings undeniable benefits in terms of productivity, it is equally important to consider the human impact of replacing people with machines. While machines may excel in certain tasks, they lack qualities such as emotional intelligence and creativity that are inherent to humans. Striking a balance between human involvement and automation is crucial to preserve our humanity and ensure that technology serves as a complement to, rather than a replacement for, human efforts']",lack qualities',,,"[2, 221]","{'t': [813340, 815677], 'l': 14, 'o': [{'o': 'i', 'i': [2, 221], 'a': 'lack qualities'}]}",,,
9177,25,232,817.217,editor,o,"['In modern society, intelligent machines have replaced many tasks once performed by humans, raising questions about what is sacrificed in the process of automation. This essay will examine the implications of this paradigm shift and compare my own perspective with a Utilitarian viewpoint.', '', 'In my opinion, while automation brings undeniable benefits in terms of productivity, it is equally important to consider the human impact of replacing people with machines. While machines may excel at certain tasks, they lack qualities in areas such as emotional inteligence and creativity that are more inherent to humans. It is crucial to have an equilibrium between human involvement and automation to ensure our humanity is preserved and that technology is used in an additive manner to existing human efforts.', '', 'In my perspective, while automation brings undeniable benefits in terms of productivity, it is equally important to consider the human impact of replacing people with machines. While machines may excel in certain tasks, they lack qualities such as emotional intelligence and creativity that are inherent to humans. Striking a balance between human involvement and automation is crucial to preserve our humanity and ensure that technology serves as a complement to, rather than a replacement for, human efforts']",,,in ar',"[[2, 236], [2, 241]]","{'t': [816384, 817217], 'l': 6, 'o': [{'o': 'o', 'i': [[2, 236], [2, 241]]}]}",,,
9178,25,233,818.731,editor,o,"['In modern society, intelligent machines have replaced many tasks once performed by humans, raising questions about what is sacrificed in the process of automation. This essay will examine the implications of this paradigm shift and compare my own perspective with a Utilitarian viewpoint.', '', 'In my opinion, while automation brings undeniable benefits in terms of productivity, it is equally important to consider the human impact of replacing people with machines. While machines may excel at certain tasks, they lack qualities in areas such as emotional inteligence and creativity that are more inherent to humans. It is crucial to have an equilibrium between human involvement and automation to ensure our humanity is preserved and that technology is used in an additive manner to existing human efforts.', '', 'In my perspective, while automation brings undeniable benefits in terms of productivity, it is equally important to consider the human impact of replacing people with machines. While machines may excel in certain tasks, they lack qualities such as emotional intelligence and creativity that are inherent to humans. Striking a balance between human involvement and automation is crucial to preserve our humanity and ensure that technology serves as a complement to, rather than a replacement for, human efforts']",,,,"[2, 242]","{'t': 818731, 'o': [{'o': 'o', 'i': [2, 242]}]}",,,
9179,25,234,819.657,editor,o,"['In modern society, intelligent machines have replaced many tasks once performed by humans, raising questions about what is sacrificed in the process of automation. This essay will examine the implications of this paradigm shift and compare my own perspective with a Utilitarian viewpoint.', '', 'In my opinion, while automation brings undeniable benefits in terms of productivity, it is equally important to consider the human impact of replacing people with machines. While machines may excel at certain tasks, they lack qualities in areas such as emotional inteligence and creativity that are more inherent to humans. It is crucial to have an equilibrium between human involvement and automation to ensure our humanity is preserved and that technology is used in an additive manner to existing human efforts.', '', 'In my perspective, while automation brings undeniable benefits in terms of productivity, it is equally important to consider the human impact of replacing people with machines. While machines may excel in certain tasks, they lack qualities such as emotional intelligence and creativity that are inherent to humans. Striking a balance between human involvement and automation is crucial to preserve our humanity and ensure that technology serves as a complement to, rather than a replacement for, human efforts']",,,s s',"[[2, 243], [2, 246]]","{'t': [818974, 819657], 'l': 4, 'o': [{'o': 'o', 'i': [[2, 243], [2, 246]]}]}",,,
9180,25,235,820.007,editor,o,"['In modern society, intelligent machines have replaced many tasks once performed by humans, raising questions about what is sacrificed in the process of automation. This essay will examine the implications of this paradigm shift and compare my own perspective with a Utilitarian viewpoint.', '', 'In my opinion, while automation brings undeniable benefits in terms of productivity, it is equally important to consider the human impact of replacing people with machines. While machines may excel at certain tasks, they lack qualities in areas such as emotional inteligence and creativity that are more inherent to humans. It is crucial to have an equilibrium between human involvement and automation to ensure our humanity is preserved and that technology is used in an additive manner to existing human efforts.', '', 'In my perspective, while automation brings undeniable benefits in terms of productivity, it is equally important to consider the human impact of replacing people with machines. While machines may excel in certain tasks, they lack qualities such as emotional intelligence and creativity that are inherent to humans. Striking a balance between human involvement and automation is crucial to preserve our humanity and ensure that technology serves as a complement to, rather than a replacement for, human efforts']",,,,"[2, 245]","{'t': 820007, 'o': [{'o': 'o', 'i': [2, 245]}]}",,,
9181,25,236,820.239,editor,d,"['In modern society, intelligent machines have replaced many tasks once performed by humans, raising questions about what is sacrificed in the process of automation. This essay will examine the implications of this paradigm shift and compare my own perspective with a Utilitarian viewpoint.', '', 'In my opinion, while automation brings undeniable benefits in terms of productivity, it is equally important to consider the human impact of replacing people with machines. While machines may excel at certain tasks, they lack qualities in areassuch as emotional inteligence and creativity that are more inherent to humans. It is crucial to have an equilibrium between human involvement and automation to ensure our humanity is preserved and that technology is used in an additive manner to existing human efforts.', '', 'In my perspective, while automation brings undeniable benefits in terms of productivity, it is equally important to consider the human impact of replacing people with machines. While machines may excel in certain tasks, they lack qualities such as emotional intelligence and creativity that are inherent to humans. Striking a balance between human involvement and automation is crucial to preserve our humanity and ensure that technology serves as a complement to, rather than a replacement for, human efforts']",,,,"[[2, 244], [2, 245]]","{'t': 820239, 'o': [{'o': 'd', 'i': [[2, 244], [2, 245]]}]}",,,
9182,25,237,821.528,editor,d,"['In modern society, intelligent machines have replaced many tasks once performed by humans, raising questions about what is sacrificed in the process of automation. This essay will examine the implications of this paradigm shift and compare my own perspective with a Utilitarian viewpoint.', '', 'In my opinion, while automation brings undeniable benefits in terms of productivity, it is equally important to consider the human impact of replacing people with machines. While machines may excel at certain tasks, they lack qualities such as emotional inteligence and creativity that are more inherent to humans. It is crucial to have an equilibrium between human involvement and automation to ensure our humanity is preserved and that technology is used in an additive manner to existing human efforts.', '', 'In my perspective, while automation brings undeniable benefits in terms of productivity, it is equally important to consider the human impact of replacing people with machines. While machines may excel in certain tasks, they lack qualities such as emotional intelligence and creativity that are inherent to humans. Striking a balance between human involvement and automation is crucial to preserve our humanity and ensure that technology serves as a complement to, rather than a replacement for, human efforts']",,in areas',,"[[2, 236], [2, 244]]","{'t': [820739, 821528], 'l': 8, 'o': [{'o': 'd', 'i': [[2, 236], [2, 244]], 'd': [[1, 8]]}]}",,,
9183,25,238,825.852,editor,o,"['In modern society, intelligent machines have replaced many tasks once performed by humans, raising questions about what is sacrificed in the process of automation. This essay will examine the implications of this paradigm shift and compare my own perspective with a Utilitarian viewpoint.', '', 'In my opinion, while automation brings undeniable benefits in terms of productivity, it is equally important to consider the human impact of replacing people with machines. While machines may excel at certain tasks, they lack qualities such as emotional inteligence and creativity that are more inherent to humans. It is crucial to have an equilibrium between human involvement and automation to ensure our humanity is preserved and that technology is used in an additive manner to existing human efforts.', '', 'In my perspective, while automation brings undeniable benefits in terms of productivity, it is equally important to consider the human impact of replacing people with machines. While machines may excel in certain tasks, they lack qualities such as emotional intelligence and creativity that are inherent to humans. Striking a balance between human involvement and automation is crucial to preserve our humanity and ensure that technology serves as a complement to, rather than a replacement for, human efforts']",,,,"[2, 294]","{'t': 825852, 'o': [{'o': 'o', 'i': [2, 294]}]}",,,
9184,25,239,826.259,editor,d,"['In modern society, intelligent machines have replaced many tasks once performed by humans, raising questions about what is sacrificed in the process of automation. This essay will examine the implications of this paradigm shift and compare my own perspective with a Utilitarian viewpoint.', '', 'In my opinion, while automation brings undeniable benefits in terms of productivity, it is equally important to consider the human impact of replacing people with machines. While machines may excel at certain tasks, they lack qualities such as emotional inteligence and creativity that are mor inherent to humans. It is crucial to have an equilibrium between human involvement and automation to ensure our humanity is preserved and that technology is used in an additive manner to existing human efforts.', '', 'In my perspective, while automation brings undeniable benefits in terms of productivity, it is equally important to consider the human impact of replacing people with machines. While machines may excel in certain tasks, they lack qualities such as emotional intelligence and creativity that are inherent to humans. Striking a balance between human involvement and automation is crucial to preserve our humanity and ensure that technology serves as a complement to, rather than a replacement for, human efforts']",,e',,"[[2, 293], [2, 294]]","{'t': 826259, 'o': [{'o': 'd', 'i': [[2, 293], [2, 294]]}]}",,,
9185,25,240,826.956,editor,d,"['In modern society, intelligent machines have replaced many tasks once performed by humans, raising questions about what is sacrificed in the process of automation. This essay will examine the implications of this paradigm shift and compare my own perspective with a Utilitarian viewpoint.', '', 'In my opinion, while automation brings undeniable benefits in terms of productivity, it is equally important to consider the human impact of replacing people with machines. While machines may excel at certain tasks, they lack qualities such as emotional inteligence and creativity that are inherent to humans. It is crucial to have an equilibrium between human involvement and automation to ensure our humanity is preserved and that technology is used in an additive manner to existing human efforts.', '', 'In my perspective, while automation brings undeniable benefits in terms of productivity, it is equally important to consider the human impact of replacing people with machines. While machines may excel in certain tasks, they lack qualities such as emotional intelligence and creativity that are inherent to humans. Striking a balance between human involvement and automation is crucial to preserve our humanity and ensure that technology serves as a complement to, rather than a replacement for, human efforts']",,mor',,"[[2, 289], [2, 293]]","{'t': [826424, 826956], 'l': 4, 'o': [{'o': 'd', 'i': [[2, 289], [2, 293]], 'd': [[1, 4]]}]}",,,
9186,25,241,835.86,editor,o,"['In modern society, intelligent machines have replaced many tasks once performed by humans, raising questions about what is sacrificed in the process of automation. This essay will examine the implications of this paradigm shift and compare my own perspective with a Utilitarian viewpoint.', '', 'In my opinion, while automation brings undeniable benefits in terms of productivity, it is equally important to consider the human impact of replacing people with machines. While machines may excel at certain tasks, they lack qualities such as emotional inteligence and creativity that are inherent to humans. It is crucial to have an equilibrium between human involvement and automation to ensure our humanity is preserved and that technology is used in an additive manner to existing human efforts.', '', 'In my perspective, while automation brings undeniable benefits in terms of productivity, it is equally important to consider the human impact of replacing people with machines. While machines may excel in certain tasks, they lack qualities such as emotional intelligence and creativity that are inherent to humans. Striking a balance between human involvement and automation is crucial to preserve our humanity and ensure that technology serves as a complement to, rather than a replacement for, human efforts']",,,,"[2, 346]","{'t': 835860, 'o': [{'o': 'o', 'i': [2, 346]}]}",,,
9187,25,242,836.438,editor,l,"['In modern society, intelligent machines have replaced many tasks once performed by humans, raising questions about what is sacrificed in the process of automation. This essay will examine the implications of this paradigm shift and compare my own perspective with a Utilitarian viewpoint.', '', 'In my opinion, while automation brings undeniable benefits in terms of productivity, it is equally important to consider the human impact of replacing people with machines. While machines may excel at certain tasks, they lack qualities such as emotional inteligence and creativity that are inherent to humans. It is crucial to have an equilibrium between human involvement and automation to ensure our humanity is preserved and that technology is used in an additive manner to existing human efforts.', '', 'In my perspective, while automation brings undeniable benefits in terms of productivity, it is equally important to consider the human impact of replacing people with machines. While machines may excel in certain tasks, they lack qualities such as emotional intelligence and creativity that are inherent to humans. Striking a balance between human involvement and automation is crucial to preserve our humanity and ensure that technology serves as a complement to, rather than a replacement for, human efforts']",,,an equilibrium',"[[2, 346], [2, 331]]","{'t': [836054, 836438], 'l': 14, 'o': [{'o': 'l', 'i': [2, 346], 's': [[2, [[345, 341], [339, 331]]]]}]}",,,
9188,25,243,837.58,editor,o,"['In modern society, intelligent machines have replaced many tasks once performed by humans, raising questions about what is sacrificed in the process of automation. This essay will examine the implications of this paradigm shift and compare my own perspective with a Utilitarian viewpoint.', '', 'In my opinion, while automation brings undeniable benefits in terms of productivity, it is equally important to consider the human impact of replacing people with machines. While machines may excel at certain tasks, they lack qualities such as emotional inteligence and creativity that are inherent to humans. It is crucial to have an equilibrium between human involvement and automation to ensure our humanity is preserved and that technology is used in an additive manner to existing human efforts.', '', 'In my perspective, while automation brings undeniable benefits in terms of productivity, it is equally important to consider the human impact of replacing people with machines. While machines may excel in certain tasks, they lack qualities such as emotional intelligence and creativity that are inherent to humans. Striking a balance between human involvement and automation is crucial to preserve our humanity and ensure that technology serves as a complement to, rather than a replacement for, human efforts']",,,,"[[2, 346], [2, 332]]","{'t': 837580, 'o': [{'o': 'o', 'i': [[2, 346], [2, 332]]}]}",,,
9189,25,244,837.868,editor,o,"['In modern society, intelligent machines have replaced many tasks once performed by humans, raising questions about what is sacrificed in the process of automation. This essay will examine the implications of this paradigm shift and compare my own perspective with a Utilitarian viewpoint.', '', 'In my opinion, while automation brings undeniable benefits in terms of productivity, it is equally important to consider the human impact of replacing people with machines. While machines may excel at certain tasks, they lack qualities such as emotional inteligence and creativity that are inherent to humans. It is crucial to have an equilibrium between human involvement and automation to ensure our humanity is preserved and that technology is used in an additive manner to existing human efforts.', '', 'In my perspective, while automation brings undeniable benefits in terms of productivity, it is equally important to consider the human impact of replacing people with machines. While machines may excel in certain tasks, they lack qualities such as emotional intelligence and creativity that are inherent to humans. Striking a balance between human involvement and automation is crucial to preserve our humanity and ensure that technology serves as a complement to, rather than a replacement for, human efforts']",,,,"[[2, 346], [2, 333]]","{'t': 837868, 'o': [{'o': 'o', 'i': [[2, 346], [2, 333]]}]}",,,
9190,25,245,838.484,editor,d,"['In modern society, intelligent machines have replaced many tasks once performed by humans, raising questions about what is sacrificed in the process of automation. This essay will examine the implications of this paradigm shift and compare my own perspective with a Utilitarian viewpoint.', '', 'In my opinion, while automation brings undeniable benefits in terms of productivity, it is equally important to consider the human impact of replacing people with machines. While machines may excel at certain tasks, they lack qualities such as emotional inteligence and creativity that are inherent to humans. It is crucial to have a between human involvement and automation to ensure our humanity is preserved and that technology is used in an additive manner to existing human efforts.', '', 'In my perspective, while automation brings undeniable benefits in terms of productivity, it is equally important to consider the human impact of replacing people with machines. While machines may excel in certain tasks, they lack qualities such as emotional intelligence and creativity that are inherent to humans. Striking a balance between human involvement and automation is crucial to preserve our humanity and ensure that technology serves as a complement to, rather than a replacement for, human efforts']",,n equilibrium',,"[[2, 333], [2, 346]]","{'t': 838484, 'o': [{'o': 'd', 'i': [[2, 333], [2, 346]]}]}",,,
9191,25,246,839.672,editor,i,"['In modern society, intelligent machines have replaced many tasks once performed by humans, raising questions about what is sacrificed in the process of automation. This essay will examine the implications of this paradigm shift and compare my own perspective with a Utilitarian viewpoint.', '', 'In my opinion, while automation brings undeniable benefits in terms of productivity, it is equally important to consider the human impact of replacing people with machines. While machines may excel at certain tasks, they lack qualities such as emotional inteligence and creativity that are inherent to humans. It is crucial to have a balance between human involvement and automation to ensure our humanity is preserved and that technology is used in an additive manner to existing human efforts.', '', 'In my perspective, while automation brings undeniable benefits in terms of productivity, it is equally important to consider the human impact of replacing people with machines. While machines may excel in certain tasks, they lack qualities such as emotional intelligence and creativity that are inherent to humans. Striking a balance between human involvement and automation is crucial to preserve our humanity and ensure that technology serves as a complement to, rather than a replacement for, human efforts']",balance',,,"[2, 333]","{'t': [838678, 839672], 'l': 8, 'o': [{'o': 'i', 'i': [2, 333], 'a': ' balance'}]}",,,
9192,25,247,863.314,editor,o,"['In modern society, intelligent machines have replaced many tasks once performed by humans, raising questions about what is sacrificed in the process of automation. This essay will examine the implications of this paradigm shift and compare my own perspective with a Utilitarian viewpoint.', '', 'In my opinion, while automation brings undeniable benefits in terms of productivity, it is equally important to consider the human impact of replacing people with machines. While machines may excel at certain tasks, they lack qualities such as emotional inteligence and creativity that are inherent to humans. It is crucial to have a balance between human involvement and automation to ensure our humanity is preserved and that technology is used in an additive manner to existing human efforts.', '', 'In my perspective, while automation brings undeniable benefits in terms of productivity, it is equally important to consider the human impact of replacing people with machines. While machines may excel in certain tasks, they lack qualities such as emotional intelligence and creativity that are inherent to humans. Striking a balance between human involvement and automation is crucial to preserve our humanity and ensure that technology serves as a complement to, rather than a replacement for, human efforts']",,,,"[2, 409]","{'t': 863314, 'o': [{'o': 'o', 'i': [2, 409]}]}",,,
9193,25,248,863.64,editor,l,"['In modern society, intelligent machines have replaced many tasks once performed by humans, raising questions about what is sacrificed in the process of automation. This essay will examine the implications of this paradigm shift and compare my own perspective with a Utilitarian viewpoint.', '', 'In my opinion, while automation brings undeniable benefits in terms of productivity, it is equally important to consider the human impact of replacing people with machines. While machines may excel at certain tasks, they lack qualities such as emotional inteligence and creativity that are inherent to humans. It is crucial to have a balance between human involvement and automation to ensure our humanity is preserved and that technology is used in an additive manner to existing human efforts.', '', 'In my perspective, while automation brings undeniable benefits in terms of productivity, it is equally important to consider the human impact of replacing people with machines. While machines may excel in certain tasks, they lack qualities such as emotional intelligence and creativity that are inherent to humans. Striking a balance between human involvement and automation is crucial to preserve our humanity and ensure that technology serves as a complement to, rather than a replacement for, human efforts']",,,nsure our humanity is ',"[[2, 409], [2, 387]]","{'t': [863473, 863640], 'l': 17, 'o': [{'o': 'l', 'i': [2, 409], 's': [[2, [[408, 405], 402, 400, 398, [396, 387]]]]}]}",,,
9194,25,249,864.113,editor,d,"['In modern society, intelligent machines have replaced many tasks once performed by humans, raising questions about what is sacrificed in the process of automation. This essay will examine the implications of this paradigm shift and compare my own perspective with a Utilitarian viewpoint.', '', 'In my opinion, while automation brings undeniable benefits in terms of productivity, it is equally important to consider the human impact of replacing people with machines. While machines may excel at certain tasks, they lack qualities such as emotional inteligence and creativity that are inherent to humans. It is crucial to have a balance between human involvement and automation to epreserved and that technology is used in an additive manner to existing human efforts.', '', 'In my perspective, while automation brings undeniable benefits in terms of productivity, it is equally important to consider the human impact of replacing people with machines. While machines may excel in certain tasks, they lack qualities such as emotional intelligence and creativity that are inherent to humans. Striking a balance between human involvement and automation is crucial to preserve our humanity and ensure that technology serves as a complement to, rather than a replacement for, human efforts']",,nsure our humanity is ',,"[[2, 387], [2, 409]]","{'t': 864113, 'o': [{'o': 'd', 'i': [[2, 387], [2, 409]]}]}",,,
9195,25,250,864.273,editor,d,"['In modern society, intelligent machines have replaced many tasks once performed by humans, raising questions about what is sacrificed in the process of automation. This essay will examine the implications of this paradigm shift and compare my own perspective with a Utilitarian viewpoint.', '', 'In my opinion, while automation brings undeniable benefits in terms of productivity, it is equally important to consider the human impact of replacing people with machines. While machines may excel at certain tasks, they lack qualities such as emotional inteligence and creativity that are inherent to humans. It is crucial to have a balance between human involvement and automation to preserved and that technology is used in an additive manner to existing human efforts.', '', 'In my perspective, while automation brings undeniable benefits in terms of productivity, it is equally important to consider the human impact of replacing people with machines. While machines may excel in certain tasks, they lack qualities such as emotional intelligence and creativity that are inherent to humans. Striking a balance between human involvement and automation is crucial to preserve our humanity and ensure that technology serves as a complement to, rather than a replacement for, human efforts']",,e',,"[[2, 386], [2, 387]]","{'t': 864273, 'o': [{'o': 'd', 'i': [[2, 386], [2, 387]]}]}",,,
9196,25,251,865.637,editor,o,"['In modern society, intelligent machines have replaced many tasks once performed by humans, raising questions about what is sacrificed in the process of automation. This essay will examine the implications of this paradigm shift and compare my own perspective with a Utilitarian viewpoint.', '', 'In my opinion, while automation brings undeniable benefits in terms of productivity, it is equally important to consider the human impact of replacing people with machines. While machines may excel at certain tasks, they lack qualities such as emotional inteligence and creativity that are inherent to humans. It is crucial to have a balance between human involvement and automation to preserved and that technology is used in an additive manner to existing human efforts.', '', 'In my perspective, while automation brings undeniable benefits in terms of productivity, it is equally important to consider the human impact of replacing people with machines. While machines may excel in certain tasks, they lack qualities such as emotional intelligence and creativity that are inherent to humans. Striking a balance between human involvement and automation is crucial to preserve our humanity and ensure that technology serves as a complement to, rather than a replacement for, human efforts']",,,reserved',"[[2, 387], [2, 395]]","{'t': [864553, 865637], 'l': 9, 'o': [{'o': 'o', 'i': [[2, 387], [2, 395]]}]}",,,
9197,25,252,865.933,editor,d,"['In modern society, intelligent machines have replaced many tasks once performed by humans, raising questions about what is sacrificed in the process of automation. This essay will examine the implications of this paradigm shift and compare my own perspective with a Utilitarian viewpoint.', '', 'In my opinion, while automation brings undeniable benefits in terms of productivity, it is equally important to consider the human impact of replacing people with machines. While machines may excel at certain tasks, they lack qualities such as emotional inteligence and creativity that are inherent to humans. It is crucial to have a balance between human involvement and automation to preserve and that technology is used in an additive manner to existing human efforts.', '', 'In my perspective, while automation brings undeniable benefits in terms of productivity, it is equally important to consider the human impact of replacing people with machines. While machines may excel in certain tasks, they lack qualities such as emotional intelligence and creativity that are inherent to humans. Striking a balance between human involvement and automation is crucial to preserve our humanity and ensure that technology serves as a complement to, rather than a replacement for, human efforts']",,d',,"[[2, 394], [2, 395]]","{'t': 865933, 'o': [{'o': 'd', 'i': [[2, 394], [2, 395]]}]}",,,
9198,25,253,868.05,editor,i,"['In modern society, intelligent machines have replaced many tasks once performed by humans, raising questions about what is sacrificed in the process of automation. This essay will examine the implications of this paradigm shift and compare my own perspective with a Utilitarian viewpoint.', '', 'In my opinion, while automation brings undeniable benefits in terms of productivity, it is equally important to consider the human impact of replacing people with machines. While machines may excel at certain tasks, they lack qualities such as emotional inteligence and creativity that are inherent to humans. It is crucial to have a balance between human involvement and automation to preserve our humanity and that technology is used in an additive manner to existing human efforts.', '', 'In my perspective, while automation brings undeniable benefits in terms of productivity, it is equally important to consider the human impact of replacing people with machines. While machines may excel in certain tasks, they lack qualities such as emotional intelligence and creativity that are inherent to humans. Striking a balance between human involvement and automation is crucial to preserve our humanity and ensure that technology serves as a complement to, rather than a replacement for, human efforts']",our humanity',,,"[2, 394]","{'t': [866522, 868050], 'l': 13, 'o': [{'o': 'i', 'i': [2, 394], 'a': ' our humanity'}]}",,,
9199,25,254,871.793,editor,o,"['In modern society, intelligent machines have replaced many tasks once performed by humans, raising questions about what is sacrificed in the process of automation. This essay will examine the implications of this paradigm shift and compare my own perspective with a Utilitarian viewpoint.', '', 'In my opinion, while automation brings undeniable benefits in terms of productivity, it is equally important to consider the human impact of replacing people with machines. While machines may excel at certain tasks, they lack qualities such as emotional inteligence and creativity that are inherent to humans. It is crucial to have a balance between human involvement and automation to preserve our humanity and that technology is used in an additive manner to existing human efforts.', '', 'In my perspective, while automation brings undeniable benefits in terms of productivity, it is equally important to consider the human impact of replacing people with machines. While machines may excel in certain tasks, they lack qualities such as emotional intelligence and creativity that are inherent to humans. Striking a balance between human involvement and automation is crucial to preserve our humanity and ensure that technology serves as a complement to, rather than a replacement for, human efforts']",,,,"[2, 416]","{'t': 871793, 'o': [{'o': 'o', 'i': [2, 416]}]}",,,
9200,25,255,872.249,editor,d,"['In modern society, intelligent machines have replaced many tasks once performed by humans, raising questions about what is sacrificed in the process of automation. This essay will examine the implications of this paradigm shift and compare my own perspective with a Utilitarian viewpoint.', '', 'In my opinion, while automation brings undeniable benefits in terms of productivity, it is equally important to consider the human impact of replacing people with machines. While machines may excel at certain tasks, they lack qualities such as emotional inteligence and creativity that are inherent to humans. It is crucial to have a balance between human involvement and automation to preserve our humanity and tha technology is used in an additive manner to existing human efforts.', '', 'In my perspective, while automation brings undeniable benefits in terms of productivity, it is equally important to consider the human impact of replacing people with machines. While machines may excel in certain tasks, they lack qualities such as emotional intelligence and creativity that are inherent to humans. Striking a balance between human involvement and automation is crucial to preserve our humanity and ensure that technology serves as a complement to, rather than a replacement for, human efforts']",,t',,"[[2, 415], [2, 416]]","{'t': 872249, 'o': [{'o': 'd', 'i': [[2, 415], [2, 416]]}]}",,,
9201,25,256,872.724,editor,d,"['In modern society, intelligent machines have replaced many tasks once performed by humans, raising questions about what is sacrificed in the process of automation. This essay will examine the implications of this paradigm shift and compare my own perspective with a Utilitarian viewpoint.', '', 'In my opinion, while automation brings undeniable benefits in terms of productivity, it is equally important to consider the human impact of replacing people with machines. While machines may excel at certain tasks, they lack qualities such as emotional inteligence and creativity that are inherent to humans. It is crucial to have a balance between human involvement and automation to preserve our humanity and  technology is used in an additive manner to existing human efforts.', '', 'In my perspective, while automation brings undeniable benefits in terms of productivity, it is equally important to consider the human impact of replacing people with machines. While machines may excel in certain tasks, they lack qualities such as emotional intelligence and creativity that are inherent to humans. Striking a balance between human involvement and automation is crucial to preserve our humanity and ensure that technology serves as a complement to, rather than a replacement for, human efforts']",,tha',,"[[2, 412], [2, 415]]","{'t': [872397, 872724], 'l': 3, 'o': [{'o': 'd', 'i': [[2, 412], [2, 415]], 'd': [[1, 3]]}]}",,,
9202,25,257,873.289,editor,i,"['In modern society, intelligent machines have replaced many tasks once performed by humans, raising questions about what is sacrificed in the process of automation. This essay will examine the implications of this paradigm shift and compare my own perspective with a Utilitarian viewpoint.', '', 'In my opinion, while automation brings undeniable benefits in terms of productivity, it is equally important to consider the human impact of replacing people with machines. While machines may excel at certain tasks, they lack qualities such as emotional inteligence and creativity that are inherent to humans. It is crucial to have a balance between human involvement and automation to preserve our humanity and ensyr technology is used in an additive manner to existing human efforts.', '', 'In my perspective, while automation brings undeniable benefits in terms of productivity, it is equally important to consider the human impact of replacing people with machines. While machines may excel in certain tasks, they lack qualities such as emotional intelligence and creativity that are inherent to humans. Striking a balance between human involvement and automation is crucial to preserve our humanity and ensure that technology serves as a complement to, rather than a replacement for, human efforts']",ensyr',,,"[2, 412]","{'t': [872837, 873289], 'l': 5, 'o': [{'o': 'i', 'i': [2, 412], 'a': 'ensyr'}]}",,,
9203,25,258,873.825,editor,d,"['In modern society, intelligent machines have replaced many tasks once performed by humans, raising questions about what is sacrificed in the process of automation. This essay will examine the implications of this paradigm shift and compare my own perspective with a Utilitarian viewpoint.', '', 'In my opinion, while automation brings undeniable benefits in terms of productivity, it is equally important to consider the human impact of replacing people with machines. While machines may excel at certain tasks, they lack qualities such as emotional inteligence and creativity that are inherent to humans. It is crucial to have a balance between human involvement and automation to preserve our humanity and ens technology is used in an additive manner to existing human efforts.', '', 'In my perspective, while automation brings undeniable benefits in terms of productivity, it is equally important to consider the human impact of replacing people with machines. While machines may excel in certain tasks, they lack qualities such as emotional intelligence and creativity that are inherent to humans. Striking a balance between human involvement and automation is crucial to preserve our humanity and ensure that technology serves as a complement to, rather than a replacement for, human efforts']",,yr',,"[[2, 415], [2, 417]]","{'t': [873694, 873825], 'l': 2, 'o': [{'o': 'd', 'i': [[2, 415], [2, 417]], 'd': [[1, 2]]}]}",,,
9204,25,259,874.177,editor,i,"['In modern society, intelligent machines have replaced many tasks once performed by humans, raising questions about what is sacrificed in the process of automation. This essay will examine the implications of this paradigm shift and compare my own perspective with a Utilitarian viewpoint.', '', 'In my opinion, while automation brings undeniable benefits in terms of productivity, it is equally important to consider the human impact of replacing people with machines. While machines may excel at certain tasks, they lack qualities such as emotional inteligence and creativity that are inherent to humans. It is crucial to have a balance between human involvement and automation to preserve our humanity and ensyr technology is used in an additive manner to existing human efforts.', '', 'In my perspective, while automation brings undeniable benefits in terms of productivity, it is equally important to consider the human impact of replacing people with machines. While machines may excel in certain tasks, they lack qualities such as emotional intelligence and creativity that are inherent to humans. Striking a balance between human involvement and automation is crucial to preserve our humanity and ensure that technology serves as a complement to, rather than a replacement for, human efforts']",yr',,,"[2, 415]","{'t': [874090, 874177], 'l': 2, 'o': [{'o': 'i', 'i': [2, 415], 'a': 'yr'}]}",,,
9205,25,260,874.658,editor,d,"['In modern society, intelligent machines have replaced many tasks once performed by humans, raising questions about what is sacrificed in the process of automation. This essay will examine the implications of this paradigm shift and compare my own perspective with a Utilitarian viewpoint.', '', 'In my opinion, while automation brings undeniable benefits in terms of productivity, it is equally important to consider the human impact of replacing people with machines. While machines may excel at certain tasks, they lack qualities such as emotional inteligence and creativity that are inherent to humans. It is crucial to have a balance between human involvement and automation to preserve our humanity and ens technology is used in an additive manner to existing human efforts.', '', 'In my perspective, while automation brings undeniable benefits in terms of productivity, it is equally important to consider the human impact of replacing people with machines. While machines may excel in certain tasks, they lack qualities such as emotional intelligence and creativity that are inherent to humans. Striking a balance between human involvement and automation is crucial to preserve our humanity and ensure that technology serves as a complement to, rather than a replacement for, human efforts']",,yr',,"[[2, 415], [2, 417]]","{'t': [874521, 874658], 'l': 2, 'o': [{'o': 'd', 'i': [[2, 415], [2, 417]], 'd': [[1, 2]]}]}",,,
9206,25,261,875.158,editor,i,"['In modern society, intelligent machines have replaced many tasks once performed by humans, raising questions about what is sacrificed in the process of automation. This essay will examine the implications of this paradigm shift and compare my own perspective with a Utilitarian viewpoint.', '', 'In my opinion, while automation brings undeniable benefits in terms of productivity, it is equally important to consider the human impact of replacing people with machines. While machines may excel at certain tasks, they lack qualities such as emotional inteligence and creativity that are inherent to humans. It is crucial to have a balance between human involvement and automation to preserve our humanity and ensure technology is used in an additive manner to existing human efforts.', '', 'In my perspective, while automation brings undeniable benefits in terms of productivity, it is equally important to consider the human impact of replacing people with machines. While machines may excel in certain tasks, they lack qualities such as emotional intelligence and creativity that are inherent to humans. Striking a balance between human involvement and automation is crucial to preserve our humanity and ensure that technology serves as a complement to, rather than a replacement for, human efforts']",ure',,,"[2, 415]","{'t': [874884, 875158], 'l': 3, 'o': [{'o': 'i', 'i': [2, 415], 'a': 'ure'}]}",,,
9207,25,262,878.446,editor,o,"['In modern society, intelligent machines have replaced many tasks once performed by humans, raising questions about what is sacrificed in the process of automation. This essay will examine the implications of this paradigm shift and compare my own perspective with a Utilitarian viewpoint.', '', 'In my opinion, while automation brings undeniable benefits in terms of productivity, it is equally important to consider the human impact of replacing people with machines. While machines may excel at certain tasks, they lack qualities such as emotional inteligence and creativity that are inherent to humans. It is crucial to have a balance between human involvement and automation to preserve our humanity and ensure technology is used in an additive manner to existing human efforts.', '', 'In my perspective, while automation brings undeniable benefits in terms of productivity, it is equally important to consider the human impact of replacing people with machines. While machines may excel in certain tasks, they lack qualities such as emotional intelligence and creativity that are inherent to humans. Striking a balance between human involvement and automation is crucial to preserve our humanity and ensure that technology serves as a complement to, rather than a replacement for, human efforts']",,,,"[2, 440]","{'t': 878446, 'o': [{'o': 'o', 'i': [2, 440]}]}",,,
9208,25,263,878.737,editor,l,"['In modern society, intelligent machines have replaced many tasks once performed by humans, raising questions about what is sacrificed in the process of automation. This essay will examine the implications of this paradigm shift and compare my own perspective with a Utilitarian viewpoint.', '', 'In my opinion, while automation brings undeniable benefits in terms of productivity, it is equally important to consider the human impact of replacing people with machines. While machines may excel at certain tasks, they lack qualities such as emotional inteligence and creativity that are inherent to humans. It is crucial to have a balance between human involvement and automation to preserve our humanity and ensure technology is used in an additive manner to existing human efforts.', '', 'In my perspective, while automation brings undeniable benefits in terms of productivity, it is equally important to consider the human impact of replacing people with machines. While machines may excel in certain tasks, they lack qualities such as emotional intelligence and creativity that are inherent to humans. Striking a balance between human involvement and automation is crucial to preserve our humanity and ensure that technology serves as a complement to, rather than a replacement for, human efforts']",,,s used in',"[[2, 440], [2, 431]]","{'t': [878630, 878737], 'l': 8, 'o': [{'o': 'l', 'i': [2, 440], 's': [[2, [[439, 437], [435, 431]]]]}]}",,,
9209,25,264,879.149,editor,d,"['In modern society, intelligent machines have replaced many tasks once performed by humans, raising questions about what is sacrificed in the process of automation. This essay will examine the implications of this paradigm shift and compare my own perspective with a Utilitarian viewpoint.', '', 'In my opinion, while automation brings undeniable benefits in terms of productivity, it is equally important to consider the human impact of replacing people with machines. While machines may excel at certain tasks, they lack qualities such as emotional inteligence and creativity that are inherent to humans. It is crucial to have a balance between human involvement and automation to preserve our humanity and ensure technology i an additive manner to existing human efforts.', '', 'In my perspective, while automation brings undeniable benefits in terms of productivity, it is equally important to consider the human impact of replacing people with machines. While machines may excel in certain tasks, they lack qualities such as emotional intelligence and creativity that are inherent to humans. Striking a balance between human involvement and automation is crucial to preserve our humanity and ensure that technology serves as a complement to, rather than a replacement for, human efforts']",,s used in',,"[[2, 431], [2, 440]]","{'t': 879149, 'o': [{'o': 'd', 'i': [[2, 431], [2, 440]]}]}",,,
9210,25,265,879.313,editor,d,"['In modern society, intelligent machines have replaced many tasks once performed by humans, raising questions about what is sacrificed in the process of automation. This essay will examine the implications of this paradigm shift and compare my own perspective with a Utilitarian viewpoint.', '', 'In my opinion, while automation brings undeniable benefits in terms of productivity, it is equally important to consider the human impact of replacing people with machines. While machines may excel at certain tasks, they lack qualities such as emotional inteligence and creativity that are inherent to humans. It is crucial to have a balance between human involvement and automation to preserve our humanity and ensure technology  an additive manner to existing human efforts.', '', 'In my perspective, while automation brings undeniable benefits in terms of productivity, it is equally important to consider the human impact of replacing people with machines. While machines may excel in certain tasks, they lack qualities such as emotional intelligence and creativity that are inherent to humans. Striking a balance between human involvement and automation is crucial to preserve our humanity and ensure that technology serves as a complement to, rather than a replacement for, human efforts']",,i',,"[[2, 430], [2, 431]]","{'t': 879313, 'o': [{'o': 'd', 'i': [[2, 430], [2, 431]]}]}",,,
9211,25,266,880.287,editor,i,"['In modern society, intelligent machines have replaced many tasks once performed by humans, raising questions about what is sacrificed in the process of automation. This essay will examine the implications of this paradigm shift and compare my own perspective with a Utilitarian viewpoint.', '', 'In my opinion, while automation brings undeniable benefits in terms of productivity, it is equally important to consider the human impact of replacing people with machines. While machines may excel at certain tasks, they lack qualities such as emotional inteligence and creativity that are inherent to humans. It is crucial to have a balance between human involvement and automation to preserve our humanity and ensure technology serves an additive manner to existing human efforts.', '', 'In my perspective, while automation brings undeniable benefits in terms of productivity, it is equally important to consider the human impact of replacing people with machines. While machines may excel in certain tasks, they lack qualities such as emotional intelligence and creativity that are inherent to humans. Striking a balance between human involvement and automation is crucial to preserve our humanity and ensure that technology serves as a complement to, rather than a replacement for, human efforts']",serves',,,"[2, 430]","{'t': [879499, 880287], 'l': 6, 'o': [{'o': 'i', 'i': [2, 430], 'a': 'serves'}]}",,,
9212,25,267,882.255,editor,o,"['In modern society, intelligent machines have replaced many tasks once performed by humans, raising questions about what is sacrificed in the process of automation. This essay will examine the implications of this paradigm shift and compare my own perspective with a Utilitarian viewpoint.', '', 'In my opinion, while automation brings undeniable benefits in terms of productivity, it is equally important to consider the human impact of replacing people with machines. While machines may excel at certain tasks, they lack qualities such as emotional inteligence and creativity that are inherent to humans. It is crucial to have a balance between human involvement and automation to preserve our humanity and ensure technology serves an additive manner to existing human efforts.', '', 'In my perspective, while automation brings undeniable benefits in terms of productivity, it is equally important to consider the human impact of replacing people with machines. While machines may excel in certain tasks, they lack qualities such as emotional intelligence and creativity that are inherent to humans. Striking a balance between human involvement and automation is crucial to preserve our humanity and ensure that technology serves as a complement to, rather than a replacement for, human efforts']",,,,"[2, 439]","{'t': 882255, 'o': [{'o': 'o', 'i': [2, 439]}]}",,,
9213,25,268,882.65,editor,d,"['In modern society, intelligent machines have replaced many tasks once performed by humans, raising questions about what is sacrificed in the process of automation. This essay will examine the implications of this paradigm shift and compare my own perspective with a Utilitarian viewpoint.', '', 'In my opinion, while automation brings undeniable benefits in terms of productivity, it is equally important to consider the human impact of replacing people with machines. While machines may excel at certain tasks, they lack qualities such as emotional inteligence and creativity that are inherent to humans. It is crucial to have a balance between human involvement and automation to preserve our humanity and ensure technology serves a additive manner to existing human efforts.', '', 'In my perspective, while automation brings undeniable benefits in terms of productivity, it is equally important to consider the human impact of replacing people with machines. While machines may excel in certain tasks, they lack qualities such as emotional intelligence and creativity that are inherent to humans. Striking a balance between human involvement and automation is crucial to preserve our humanity and ensure that technology serves as a complement to, rather than a replacement for, human efforts']",,n',,"[[2, 438], [2, 439]]","{'t': 882650, 'o': [{'o': 'd', 'i': [[2, 438], [2, 439]]}]}",,,
9214,25,269,882.806,editor,d,"['In modern society, intelligent machines have replaced many tasks once performed by humans, raising questions about what is sacrificed in the process of automation. This essay will examine the implications of this paradigm shift and compare my own perspective with a Utilitarian viewpoint.', '', 'In my opinion, while automation brings undeniable benefits in terms of productivity, it is equally important to consider the human impact of replacing people with machines. While machines may excel at certain tasks, they lack qualities such as emotional inteligence and creativity that are inherent to humans. It is crucial to have a balance between human involvement and automation to preserve our humanity and ensure technology serves  additive manner to existing human efforts.', '', 'In my perspective, while automation brings undeniable benefits in terms of productivity, it is equally important to consider the human impact of replacing people with machines. While machines may excel in certain tasks, they lack qualities such as emotional intelligence and creativity that are inherent to humans. Striking a balance between human involvement and automation is crucial to preserve our humanity and ensure that technology serves as a complement to, rather than a replacement for, human efforts']",,a',,"[[2, 437], [2, 438]]","{'t': 882806, 'o': [{'o': 'd', 'i': [[2, 437], [2, 438]]}]}",,,
9215,25,270,884.997,editor,i,"['In modern society, intelligent machines have replaced many tasks once performed by humans, raising questions about what is sacrificed in the process of automation. This essay will examine the implications of this paradigm shift and compare my own perspective with a Utilitarian viewpoint.', '', 'In my opinion, while automation brings undeniable benefits in terms of productivity, it is equally important to consider the human impact of replacing people with machines. While machines may excel at certain tasks, they lack qualities such as emotional inteligence and creativity that are inherent to humans. It is crucial to have a balance between human involvement and automation to preserve our humanity and ensure technology serves as a compe additive manner to existing human efforts.', '', 'In my perspective, while automation brings undeniable benefits in terms of productivity, it is equally important to consider the human impact of replacing people with machines. While machines may excel in certain tasks, they lack qualities such as emotional intelligence and creativity that are inherent to humans. Striking a balance between human involvement and automation is crucial to preserve our humanity and ensure that technology serves as a complement to, rather than a replacement for, human efforts']",as a compe',,,"[2, 437]","{'t': [883144, 884997], 'l': 10, 'o': [{'o': 'i', 'i': [2, 437], 'a': 'as a compe'}]}",,,
9216,25,271,885.607,editor,d,"['In modern society, intelligent machines have replaced many tasks once performed by humans, raising questions about what is sacrificed in the process of automation. This essay will examine the implications of this paradigm shift and compare my own perspective with a Utilitarian viewpoint.', '', 'In my opinion, while automation brings undeniable benefits in terms of productivity, it is equally important to consider the human impact of replacing people with machines. While machines may excel at certain tasks, they lack qualities such as emotional inteligence and creativity that are inherent to humans. It is crucial to have a balance between human involvement and automation to preserve our humanity and ensure technology serves as a comp additive manner to existing human efforts.', '', 'In my perspective, while automation brings undeniable benefits in terms of productivity, it is equally important to consider the human impact of replacing people with machines. While machines may excel in certain tasks, they lack qualities such as emotional intelligence and creativity that are inherent to humans. Striking a balance between human involvement and automation is crucial to preserve our humanity and ensure that technology serves as a complement to, rather than a replacement for, human efforts']",,e',,"[[2, 446], [2, 447]]","{'t': 885607, 'o': [{'o': 'd', 'i': [[2, 446], [2, 447]]}]}",,,
9217,25,272,893.285,editor,i,"['In modern society, intelligent machines have replaced many tasks once performed by humans, raising questions about what is sacrificed in the process of automation. This essay will examine the implications of this paradigm shift and compare my own perspective with a Utilitarian viewpoint.', '', 'In my opinion, while automation brings undeniable benefits in terms of productivity, it is equally important to consider the human impact of replacing people with machines. While machines may excel at certain tasks, they lack qualities such as emotional inteligence and creativity that are inherent to humans. It is crucial to have a balance between human involvement and automation to preserve our humanity and ensure technology serves as a complement to, rather than a replacement for human efor additive manner to existing human efforts.', '', 'In my perspective, while automation brings undeniable benefits in terms of productivity, it is equally important to consider the human impact of replacing people with machines. While machines may excel in certain tasks, they lack qualities such as emotional intelligence and creativity that are inherent to humans. Striking a balance between human involvement and automation is crucial to preserve our humanity and ensure that technology serves as a complement to, rather than a replacement for, human efforts']","lement to, rather than a replacement for human efor'",,,"[2, 446]","{'t': [885816, 893285], 'l': 51, 'o': [{'o': 'i', 'i': [2, 446], 'a': 'lement to, rather than a replacement for human efor'}]}",,,
9218,25,273,893.819,editor,d,"['In modern society, intelligent machines have replaced many tasks once performed by humans, raising questions about what is sacrificed in the process of automation. This essay will examine the implications of this paradigm shift and compare my own perspective with a Utilitarian viewpoint.', '', 'In my opinion, while automation brings undeniable benefits in terms of productivity, it is equally important to consider the human impact of replacing people with machines. While machines may excel at certain tasks, they lack qualities such as emotional inteligence and creativity that are inherent to humans. It is crucial to have a balance between human involvement and automation to preserve our humanity and ensure technology serves as a complement to, rather than a replacement for human ef additive manner to existing human efforts.', '', 'In my perspective, while automation brings undeniable benefits in terms of productivity, it is equally important to consider the human impact of replacing people with machines. While machines may excel in certain tasks, they lack qualities such as emotional intelligence and creativity that are inherent to humans. Striking a balance between human involvement and automation is crucial to preserve our humanity and ensure that technology serves as a complement to, rather than a replacement for, human efforts']",,or',,"[[2, 495], [2, 497]]","{'t': [893649, 893819], 'l': 2, 'o': [{'o': 'd', 'i': [[2, 495], [2, 497]], 'd': [[1, 2]]}]}",,,
9219,25,274,894.48,editor,i,"['In modern society, intelligent machines have replaced many tasks once performed by humans, raising questions about what is sacrificed in the process of automation. This essay will examine the implications of this paradigm shift and compare my own perspective with a Utilitarian viewpoint.', '', 'In my opinion, while automation brings undeniable benefits in terms of productivity, it is equally important to consider the human impact of replacing people with machines. While machines may excel at certain tasks, they lack qualities such as emotional inteligence and creativity that are inherent to humans. It is crucial to have a balance between human involvement and automation to preserve our humanity and ensure technology serves as a complement to, rather than a replacement for human efforts additive manner to existing human efforts.', '', 'In my perspective, while automation brings undeniable benefits in terms of productivity, it is equally important to consider the human impact of replacing people with machines. While machines may excel in certain tasks, they lack qualities such as emotional intelligence and creativity that are inherent to humans. Striking a balance between human involvement and automation is crucial to preserve our humanity and ensure that technology serves as a complement to, rather than a replacement for, human efforts']",forts',,,"[2, 495]","{'t': [893918, 894480], 'l': 5, 'o': [{'o': 'i', 'i': [2, 495], 'a': 'forts'}]}",,,
9220,25,275,895.542,editor,o,"['In modern society, intelligent machines have replaced many tasks once performed by humans, raising questions about what is sacrificed in the process of automation. This essay will examine the implications of this paradigm shift and compare my own perspective with a Utilitarian viewpoint.', '', 'In my opinion, while automation brings undeniable benefits in terms of productivity, it is equally important to consider the human impact of replacing people with machines. While machines may excel at certain tasks, they lack qualities such as emotional inteligence and creativity that are inherent to humans. It is crucial to have a balance between human involvement and automation to preserve our humanity and ensure technology serves as a complement to, rather than a replacement for human efforts additive manner to existing human efforts.', '', 'In my perspective, while automation brings undeniable benefits in terms of productivity, it is equally important to consider the human impact of replacing people with machines. While machines may excel in certain tasks, they lack qualities such as emotional intelligence and creativity that are inherent to humans. Striking a balance between human involvement and automation is crucial to preserve our humanity and ensure that technology serves as a complement to, rather than a replacement for, human efforts']",,,,"[2, 543]","{'t': 895542, 'o': [{'o': 'o', 'i': [2, 543]}]}",,,
9221,25,276,896.204,editor,l,"['In modern society, intelligent machines have replaced many tasks once performed by humans, raising questions about what is sacrificed in the process of automation. This essay will examine the implications of this paradigm shift and compare my own perspective with a Utilitarian viewpoint.', '', 'In my opinion, while automation brings undeniable benefits in terms of productivity, it is equally important to consider the human impact of replacing people with machines. While machines may excel at certain tasks, they lack qualities such as emotional inteligence and creativity that are inherent to humans. It is crucial to have a balance between human involvement and automation to preserve our humanity and ensure technology serves as a complement to, rather than a replacement for human efforts additive manner to existing human efforts.', '', 'In my perspective, while automation brings undeniable benefits in terms of productivity, it is equally important to consider the human impact of replacing people with machines. While machines may excel in certain tasks, they lack qualities such as emotional intelligence and creativity that are inherent to humans. Striking a balance between human involvement and automation is crucial to preserve our humanity and ensure that technology serves as a complement to, rather than a replacement for, human efforts']",,,additive manner to existing human efforts.',"[[2, 543], [2, 501]]","{'t': [895797, 896204], 'l': 5, 'o': [{'o': 'l', 'i': [2, 543], 's': [[2, [[501, 503], [502, 501]]]]}]}",,,
9222,25,277,896.604,editor,d,"['In modern society, intelligent machines have replaced many tasks once performed by humans, raising questions about what is sacrificed in the process of automation. This essay will examine the implications of this paradigm shift and compare my own perspective with a Utilitarian viewpoint.', '', 'In my opinion, while automation brings undeniable benefits in terms of productivity, it is equally important to consider the human impact of replacing people with machines. While machines may excel at certain tasks, they lack qualities such as emotional inteligence and creativity that are inherent to humans. It is crucial to have a balance between human involvement and automation to preserve our humanity and ensure technology serves as a complement to, rather than a replacement for human efforts ', '', 'In my perspective, while automation brings undeniable benefits in terms of productivity, it is equally important to consider the human impact of replacing people with machines. While machines may excel in certain tasks, they lack qualities such as emotional intelligence and creativity that are inherent to humans. Striking a balance between human involvement and automation is crucial to preserve our humanity and ensure that technology serves as a complement to, rather than a replacement for, human efforts']",,additive manner to existing human efforts.',,"[[2, 501], [2, 543]]","{'t': 896604, 'o': [{'o': 'd', 'i': [[2, 501], [2, 543]]}]}",,,
9223,25,278,896.774,editor,d,"['In modern society, intelligent machines have replaced many tasks once performed by humans, raising questions about what is sacrificed in the process of automation. This essay will examine the implications of this paradigm shift and compare my own perspective with a Utilitarian viewpoint.', '', 'In my opinion, while automation brings undeniable benefits in terms of productivity, it is equally important to consider the human impact of replacing people with machines. While machines may excel at certain tasks, they lack qualities such as emotional inteligence and creativity that are inherent to humans. It is crucial to have a balance between human involvement and automation to preserve our humanity and ensure technology serves as a complement to, rather than a replacement for human efforts', '', 'In my perspective, while automation brings undeniable benefits in terms of productivity, it is equally important to consider the human impact of replacing people with machines. While machines may excel in certain tasks, they lack qualities such as emotional intelligence and creativity that are inherent to humans. Striking a balance between human involvement and automation is crucial to preserve our humanity and ensure that technology serves as a complement to, rather than a replacement for, human efforts']",,,,"[[2, 500], [2, 501]]","{'t': 896774, 'o': [{'o': 'd', 'i': [[2, 500], [2, 501]]}]}",,,
9224,25,279,897.015,editor,i,"['In modern society, intelligent machines have replaced many tasks once performed by humans, raising questions about what is sacrificed in the process of automation. This essay will examine the implications of this paradigm shift and compare my own perspective with a Utilitarian viewpoint.', '', 'In my opinion, while automation brings undeniable benefits in terms of productivity, it is equally important to consider the human impact of replacing people with machines. While machines may excel at certain tasks, they lack qualities such as emotional inteligence and creativity that are inherent to humans. It is crucial to have a balance between human involvement and automation to preserve our humanity and ensure technology serves as a complement to, rather than a replacement for human efforts.', '', 'In my perspective, while automation brings undeniable benefits in terms of productivity, it is equally important to consider the human impact of replacing people with machines. While machines may excel in certain tasks, they lack qualities such as emotional intelligence and creativity that are inherent to humans. Striking a balance between human involvement and automation is crucial to preserve our humanity and ensure that technology serves as a complement to, rather than a replacement for, human efforts']",.',,,"[2, 500]","{'t': 897015, 'o': [{'o': 'i', 'i': [2, 500], 'a': '.'}]}",,,
9225,25,280,905.217,gpt,y,,,,"serves as a complement to, rather than a replacement for, human efforts.""",,,,,
9226,25,281,910.758,gpt,p,,,,"serves as a complement to, rather than a replacement for, human efforts.""",,,,,
9227,25,282,915.319,gpt,p,,,,"serves as a complement to, rather than a replacement for, human efforts.""",,,,,
9228,25,283,918.024,gpt,gpt_inquiry,,,,"... ""serves as a complement to, rather than a replacement for, human efforts.""""

shouldn't this be: serves as a complement to, rather than a replacement for human efforts.""",,,,,
9229,25,284,919.494,gpt,gpt_response,,,,"Both versions are grammatically correct; however, the inclusion of the comma before ""human efforts"" helps to clarify the parallel structure of the phrase. This use of the serial comma, also known as the Oxford comma, can help prevent confusion, particularly in longer sentences or lists. Therefore, in this case, using the comma is preferred to ensure clarity in the sentence.",,,,,
9230,25,285,932.184,editor,o,"['In modern society, intelligent machines have replaced many tasks once performed by humans, raising questions about what is sacrificed in the process of automation. This essay will examine the implications of this paradigm shift and compare my own perspective with a Utilitarian viewpoint.', '', 'In my opinion, while automation brings undeniable benefits in terms of productivity, it is equally important to consider the human impact of replacing people with machines. While machines may excel at certain tasks, they lack qualities such as emotional inteligence and creativity that are inherent to humans. It is crucial to have a balance between human involvement and automation to preserve our humanity and ensure technology serves as a complement to, rather than a replacement for human efforts.', '', 'In my perspective, while automation brings undeniable benefits in terms of productivity, it is equally important to consider the human impact of replacing people with machines. While machines may excel in certain tasks, they lack qualities such as emotional intelligence and creativity that are inherent to humans. Striking a balance between human involvement and automation is crucial to preserve our humanity and ensure that technology serves as a complement to, rather than a replacement for, human efforts']",,,,"[4, 509]","{'t': 932184, 'o': [{'o': 'o', 'i': [4, 509]}]}",,,
9231,25,286,933.081,editor,i,"['In modern society, intelligent machines have replaced many tasks once performed by humans, raising questions about what is sacrificed in the process of automation. This essay will examine the implications of this paradigm shift and compare my own perspective with a Utilitarian viewpoint.', '', 'In my opinion, while automation brings undeniable benefits in terms of productivity, it is equally important to consider the human impact of replacing people with machines. While machines may excel at certain tasks, they lack qualities such as emotional inteligence and creativity that are inherent to humans. It is crucial to have a balance between human involvement and automation to preserve our humanity and ensure technology serves as a complement to, rather than a replacement for human efforts.', '', 'In my perspective, while automation brings undeniable benefits in terms of productivity, it is equally important to consider the human impact of replacing people with machines. While machines may excel in certain tasks, they lack qualities such as emotional intelligence and creativity that are inherent to humans. Striking a balance between human involvement and automation is crucial to preserve our humanity and ensure that technology serves as a complement to, rather than a replacement for, human efforts.']",.',,,"[4, 509]","{'t': 933081, 'o': [{'o': 'i', 'i': [4, 509], 'a': '.'}]}",,,
9232,25,287,943.254,editor,o,"['In modern society, intelligent machines have replaced many tasks once performed by humans, raising questions about what is sacrificed in the process of automation. This essay will examine the implications of this paradigm shift and compare my own perspective with a Utilitarian viewpoint.', '', 'In my opinion, while automation brings undeniable benefits in terms of productivity, it is equally important to consider the human impact of replacing people with machines. While machines may excel at certain tasks, they lack qualities such as emotional inteligence and creativity that are inherent to humans. It is crucial to have a balance between human involvement and automation to preserve our humanity and ensure technology serves as a complement to, rather than a replacement for human efforts.', '', 'In my perspective, while automation brings undeniable benefits in terms of productivity, it is equally important to consider the human impact of replacing people with machines. While machines may excel in certain tasks, they lack qualities such as emotional intelligence and creativity that are inherent to humans. Striking a balance between human involvement and automation is crucial to preserve our humanity and ensure that technology serves as a complement to, rather than a replacement for, human efforts.']",,,,"[2, 486]","{'t': 943254, 'o': [{'o': 'o', 'i': [2, 486]}]}",,,
9233,25,288,944.229,editor,i,"['In modern society, intelligent machines have replaced many tasks once performed by humans, raising questions about what is sacrificed in the process of automation. This essay will examine the implications of this paradigm shift and compare my own perspective with a Utilitarian viewpoint.', '', 'In my opinion, while automation brings undeniable benefits in terms of productivity, it is equally important to consider the human impact of replacing people with machines. While machines may excel at certain tasks, they lack qualities such as emotional inteligence and creativity that are inherent to humans. It is crucial to have a balance between human involvement and automation to preserve our humanity and ensure technology serves as a complement to, rather than a replacement for, human efforts.', '', 'In my perspective, while automation brings undeniable benefits in terms of productivity, it is equally important to consider the human impact of replacing people with machines. While machines may excel in certain tasks, they lack qualities such as emotional intelligence and creativity that are inherent to humans. Striking a balance between human involvement and automation is crucial to preserve our humanity and ensure that technology serves as a complement to, rather than a replacement for, human efforts.']",",'",,,"[2, 486]","{'t': 944229, 'o': [{'o': 'i', 'i': [2, 486], 'a': ','}]}",,,
9234,25,289,945.128,editor,d,"['In modern society, intelligent machines have replaced many tasks once performed by humans, raising questions about what is sacrificed in the process of automation. This essay will examine the implications of this paradigm shift and compare my own perspective with a Utilitarian viewpoint.', '', 'In my opinion, while automation brings undeniable benefits in terms of productivity, it is equally important to consider the human impact of replacing people with machines. While machines may excel at certain tasks, they lack qualities such as emotional inteligence and creativity that are inherent to humans. It is crucial to have a balance between human involvement and automation to preserve our humanity and ensure technology serves as a complement to, rather than a replacement for human efforts.', '', 'In my perspective, while automation brings undeniable benefits in terms of productivity, it is equally important to consider the human impact of replacing people with machines. While machines may excel in certain tasks, they lack qualities such as emotional intelligence and creativity that are inherent to humans. Striking a balance between human involvement and automation is crucial to preserve our humanity and ensure that technology serves as a complement to, rather than a replacement for, human efforts.']",,",'",,"[[2, 486], [2, 487]]","{'t': 945128, 'o': [{'o': 'd', 'i': [[2, 486], [2, 487]]}]}",,,
9235,25,290,945.752,editor,o,"['In modern society, intelligent machines have replaced many tasks once performed by humans, raising questions about what is sacrificed in the process of automation. This essay will examine the implications of this paradigm shift and compare my own perspective with a Utilitarian viewpoint.', '', 'In my opinion, while automation brings undeniable benefits in terms of productivity, it is equally important to consider the human impact of replacing people with machines. While machines may excel at certain tasks, they lack qualities such as emotional inteligence and creativity that are inherent to humans. It is crucial to have a balance between human involvement and automation to preserve our humanity and ensure technology serves as a complement to, rather than a replacement for human efforts.', '', 'In my perspective, while automation brings undeniable benefits in terms of productivity, it is equally important to consider the human impact of replacing people with machines. While machines may excel in certain tasks, they lack qualities such as emotional intelligence and creativity that are inherent to humans. Striking a balance between human involvement and automation is crucial to preserve our humanity and ensure that technology serves as a complement to, rather than a replacement for, human efforts.']",,,,"[4, 58]","{'t': 945752, 'o': [{'o': 'o', 'i': [4, 58]}]}",,,
9236,25,291,946.559,editor,o,"['In modern society, intelligent machines have replaced many tasks once performed by humans, raising questions about what is sacrificed in the process of automation. This essay will examine the implications of this paradigm shift and compare my own perspective with a Utilitarian viewpoint.', '', 'In my opinion, while automation brings undeniable benefits in terms of productivity, it is equally important to consider the human impact of replacing people with machines. While machines may excel at certain tasks, they lack qualities such as emotional inteligence and creativity that are inherent to humans. It is crucial to have a balance between human involvement and automation to preserve our humanity and ensure technology serves as a complement to, rather than a replacement for human efforts.', '', 'In my perspective, while automation brings undeniable benefits in terms of productivity, it is equally important to consider the human impact of replacing people with machines. While machines may excel in certain tasks, they lack qualities such as emotional intelligence and creativity that are inherent to humans. Striking a balance between human involvement and automation is crucial to preserve our humanity and ensure that technology serves as a complement to, rather than a replacement for, human efforts.']",,,,"[4, 510]","{'t': 946559, 'o': [{'o': 'o', 'i': [4, 510]}]}",,,
9237,25,292,947.48,editor,l,"['In modern society, intelligent machines have replaced many tasks once performed by humans, raising questions about what is sacrificed in the process of automation. This essay will examine the implications of this paradigm shift and compare my own perspective with a Utilitarian viewpoint.', '', 'In my opinion, while automation brings undeniable benefits in terms of productivity, it is equally important to consider the human impact of replacing people with machines. While machines may excel at certain tasks, they lack qualities such as emotional inteligence and creativity that are inherent to humans. It is crucial to have a balance between human involvement and automation to preserve our humanity and ensure technology serves as a complement to, rather than a replacement for human efforts.', '', 'In my perspective, while automation brings undeniable benefits in terms of productivity, it is equally important to consider the human impact of replacing people with machines. While machines may excel in certain tasks, they lack qualities such as emotional intelligence and creativity that are inherent to humans. Striking a balance between human involvement and automation is crucial to preserve our humanity and ensure that technology serves as a complement to, rather than a replacement for, human efforts.']",,,"In my perspective, while automation brings undeniable benefits in terms of productivity, it is equally important to consider the human impact of replacing people with machines. While machines may excel in certain tasks, they lack qualities such as emotional intelligence and creativity that are inherent to humans. Striking a balance between human involvement and automation is crucial to preserve our humanity and ensure that technology serves as a complement to, rather than a replacement for, human efforts.'","[[4, 510], [4, 0]]","{'t': [946723, 947480], 'l': 35, 'o': [{'o': 'l', 'i': [4, 510], 's': [[4, [508, 505, 420, 416, 340, 337, 255, 253, 251, 248, [246, 244], 242, [166, 164], [162, 160], [158, 154], [83, 78], [3, 0]]]]}]}",,,
9238,25,293,959.417,editor,d,"['In modern society, intelligent machines have replaced many tasks once performed by humans, raising questions about what is sacrificed in the process of automation. This essay will examine the implications of this paradigm shift and compare my own perspective with a Utilitarian viewpoint.', '', 'In my opinion, while automation brings undeniable benefits in terms of productivity, it is equally important to consider the human impact of replacing people with machines. While machines may excel at certain tasks, they lack qualities such as emotional inteligence and creativity that are inherent to humans. It is crucial to have a balance between human involvement and automation to preserve our humanity and ensure technology serves as a complement to, rather than a replacement for human efforts.', '', '']",,"In my perspective, while automation brings undeniable benefits in terms of productivity, it is equally important to consider the human impact of replacing people with machines. While machines may excel in certain tasks, they lack qualities such as emotional intelligence and creativity that are inherent to humans. Striking a balance between human involvement and automation is crucial to preserve our humanity and ensure that technology serves as a complement to, rather than a replacement for, human efforts.'",,"[[4, 0], [4, 510]]","{'t': 959417, 'o': [{'o': 'd', 'i': [[4, 0], [4, 510]]}]}",,,
9239,25,294,1019.361,editor,o,"['In modern society, intelligent machines have replaced many tasks once performed by humans, raising questions about what is sacrificed in the process of automation. This essay will examine the implications of this paradigm shift and compare my own perspective with a Utilitarian viewpoint.', '', 'In my opinion, while automation brings undeniable benefits in terms of productivity, it is equally important to consider the human impact of replacing people with machines. While machines may excel at certain tasks, they lack qualities such as emotional inteligence and creativity that are inherent to humans. It is crucial to have a balance between human involvement and automation to preserve our humanity and ensure technology serves as a complement to, rather than a replacement for human efforts.', '', '']",,,,"[2, 0]","{'t': 1019361, 'o': [{'o': 'o', 'i': [2, 0]}]}",,,
9240,25,295,1019.674,editor,l,"['In modern society, intelligent machines have replaced many tasks once performed by humans, raising questions about what is sacrificed in the process of automation. This essay will examine the implications of this paradigm shift and compare my own perspective with a Utilitarian viewpoint.', '', 'In my opinion, while automation brings undeniable benefits in terms of productivity, it is equally important to consider the human impact of replacing people with machines. While machines may excel at certain tasks, they lack qualities such as emotional inteligence and creativity that are inherent to humans. It is crucial to have a balance between human involvement and automation to preserve our humanity and ensure technology serves as a complement to, rather than a replacement for human efforts.', '', '']",,,,"[[2, 0], [2, 0]]","{'t': [1019531, 1019674], 'l': 13, 'o': [{'o': 'l', 'i': [2, 0], 's': [[2, [1, 7, 12, 18, 93, 168, 174, 256, 336, 419, 497]], [3, [0]], [4, [0]]]}]}",,,
9241,25,296,1019.984,editor,y,,,,"In my opinion, while automation brings undeniable benefits in terms of productivity, it is equally important to consider the human impact of replacing people with machines. While machines may excel at certain tasks, they lack qualities such as emotional inteligence and creativity that are inherent to humans. It is crucial to have a balance between human involvement and automation to preserve our humanity and ensure technology serves as a complement to, rather than a replacement for human efforts.

",,,,,
9242,25,297,1023.187,gpt,p,,,,"In my opinion, while automation brings undeniable benefits in terms of productivity, it is equally important to consider the human impact of replacing people with machines. While machines may excel at certain tasks, they lack qualities such as emotional inteligence and creativity that are inherent to humans. It is crucial to have a balance between human involvement and automation to preserve our humanity and ensure technology serves as a complement to, rather than a replacement for human efforts.

",,,,,
9243,25,298,1034.057,essay_prompt,y,,,,"Machines are good at low-skill, repetitive jobs, and at high-speed, extremely precise jobs. In both cases they work better than humans. This efficiency leads to a more prosperous and progressive world for everyone.",,,,,
9244,25,299,1041.281,gpt,p,,,,"Machines are good at low-skill, repetitive jobs, and at high-speed, extremely precise jobs. In both cases they work better than humans. This efficiency leads to a more prosperous and progressive world for everyone.",,,,,
9245,25,300,1044.797,gpt,gpt_inquiry,,,,"Now using my body paragraph, analyze it compared to the Utilitarian framework in a similar length paragraph of its own.

my paragraph:
In my opinion, while automation brings undeniable benefits in terms of productivity, it is equally important to consider the human impact of replacing people with machines. While machines may excel at certain tasks, they lack qualities such as emotional inteligence and creativity that are inherent to humans. It is crucial to have a balance between human involvement and automation to preserve our humanity and ensure technology serves as a complement to, rather than a replacement for human efforts.

utilitarianism:
Machines are good at low-skill, repetitive jobs, and at high-speed, extremely precise jobs. In both cases they work better than humans. This efficiency leads to a more prosperous and progressive world for everyone.
",,,,,
9246,25,301,1049.668,gpt,gpt_response,,,,"The writer's perspective emphasizes the importance of considering the human impact of automation, highlighting the unique qualities that humans possess, such as emotional intelligence and creativity. The writer argues that while machines excel at certain tasks, they lack these essential human qualities, and maintaining a balance between human involvement and automation is critical to preserving our humanity. This perspective suggests that technology should complement human efforts rather than replace them, acknowledging the value of human skills and qualities in the face of automation.

On the other hand, the Utilitarian framework focuses on the efficiency and productivity benefits of machines in performing low-skill, repetitive tasks and high-speed, precise jobs. The Utilitarian view emphasizes that machines outperform humans in these specific areas, leading to a more prosperous and progressive world overall. This perspective prioritizes the economic and practical advantages of automation, suggesting that the efficiency and effectiveness of machines contribute to societal progress and prosperity.

When comparing the writer's perspective to the Utilitarian framework, a contrast emerges between the emphasis on human qualities and the focus on efficiency and productivity. While the writer stresses the significance of preserving humanity and finding a balance between human and automated tasks, the Utilitarian perspective prioritizes the tangible benefits of machines in certain tasks. This comparison highlights the tension between the human impact of automation and its economic advantages, underscoring the complex considerations involved in the debate over the role of machines in society.",,,,,
9247,25,302,1277.497,gpt,gpt_inquiry,,,,Only respond with one paragraph analyzing the two in a comparative format,,,,,
9248,25,303,1280.134,gpt,gpt_response,,,,"The writer's perspective underscores the importance of human qualities such as emotional intelligence and creativity in the face of automation, advocating for a balance between human involvement and technology to preserve our humanity. On the other hand, the Utilitarian framework prioritizes the efficiency and productivity benefits of machines in specific tasks, leading to a more prosperous world overall. While the writer emphasizes the need to maintain human qualities and find a harmonious coexistence between humans and machines, the Utilitarian perspective focuses on the practical advantages of automation. These differing viewpoints highlight the nuanced relationship between human abilities and technological advancements, illustrating the complex considerations involved in balancing the human impact and economic benefits of automation.",,,,,
9249,25,304,1288.5,gpt,y,,,,"The writer's perspective underscores the importance of human qualities such as emotional intelligence and creativity in the face of automation, advocating for a balance between human involvement and technology to preserve our humanity. On the other hand, the Utilitarian framework prioritizes the efficiency and productivity benefits of machines in specific tasks, leading to a more prosperous world overall. While the writer emphasizes the need to maintain human qualities and find a harmonious coexistence between humans and machines, the Utilitarian perspective focuses on the practical advantages of automation. These differing viewpoints highlight the nuanced relationship between human abilities and technological advancements, illustrating the complex considerations involved in balancing the human impact and economic benefits of automation.",,,,,
9250,25,305,1291.913,editor,o,"['In modern society, intelligent machines have replaced many tasks once performed by humans, raising questions about what is sacrificed in the process of automation. This essay will examine the implications of this paradigm shift and compare my own perspective with a Utilitarian viewpoint.', '', 'In my opinion, while automation brings undeniable benefits in terms of productivity, it is equally important to consider the human impact of replacing people with machines. While machines may excel at certain tasks, they lack qualities such as emotional inteligence and creativity that are inherent to humans. It is crucial to have a balance between human involvement and automation to preserve our humanity and ensure technology serves as a complement to, rather than a replacement for human efforts.', '', '']",,,,"[4, 0]","{'t': 1291913, 'o': [{'o': 'o', 'i': [4, 0]}]}",,,
9251,25,306,1292.568,editor,p,"['In modern society, intelligent machines have replaced many tasks once performed by humans, raising questions about what is sacrificed in the process of automation. This essay will examine the implications of this paradigm shift and compare my own perspective with a Utilitarian viewpoint.', '', 'In my opinion, while automation brings undeniable benefits in terms of productivity, it is equally important to consider the human impact of replacing people with machines. While machines may excel at certain tasks, they lack qualities such as emotional inteligence and creativity that are inherent to humans. It is crucial to have a balance between human involvement and automation to preserve our humanity and ensure technology serves as a complement to, rather than a replacement for human efforts.', '', ""The writer's perspective underscores the importance of human qualities such as emotional intelligence and creativity in the face of automation, advocating for a balance between human involvement and technology to preserve our humanity. On the other hand, the Utilitarian framework prioritizes the efficiency and productivity benefits of machines in specific tasks, leading to a more prosperous world overall. While the writer emphasizes the need to maintain human qualities and find a harmonious coexistence between humans and machines, the Utilitarian perspective focuses on the practical advantages of automation. These differing viewpoints highlight the nuanced relationship between human abilities and technological advancements, illustrating the complex considerations involved in balancing the human impact and economic benefits of automation.""]","The writer's perspective underscores the importance of human qualities such as emotional intelligence and creativity in the face of automation, advocating for a balance between human involvement and technology to preserve our humanity. On the other hand, the Utilitarian framework prioritizes the efficiency and productivity benefits of machines in specific tasks, leading to a more prosperous world overall. While the writer emphasizes the need to maintain human qualities and find a harmonious coexistence between humans and machines, the Utilitarian perspective focuses on the practical advantages of automation. These differing viewpoints highlight the nuanced relationship between human abilities and technological advancements, illustrating the complex considerations involved in balancing the human impact and economic benefits of automation.",,,"[4, 0]","{'t': 1292568, 'o': [{'o': 'p', 'i': [4, 0], 'a': [""The writer's perspective underscores the importance of human qualities such as emotional intelligence and creativity in the face of automation, advocating for a balance between human involvement and technology to preserve our humanity. On the other hand, the Utilitarian framework prioritizes the efficiency and productivity benefits of machines in specific tasks, leading to a more prosperous world overall. While the writer emphasizes the need to maintain human qualities and find a harmonious coexistence between humans and machines, the Utilitarian perspective focuses on the practical advantages of automation. These differing viewpoints highlight the nuanced relationship between human abilities and technological advancements, illustrating the complex considerations involved in balancing the human impact and economic benefits of automation.""]}]}",,,
9252,25,307,1292.569,editor,o,"['In modern society, intelligent machines have replaced many tasks once performed by humans, raising questions about what is sacrificed in the process of automation. This essay will examine the implications of this paradigm shift and compare my own perspective with a Utilitarian viewpoint.', '', 'In my opinion, while automation brings undeniable benefits in terms of productivity, it is equally important to consider the human impact of replacing people with machines. While machines may excel at certain tasks, they lack qualities such as emotional inteligence and creativity that are inherent to humans. It is crucial to have a balance between human involvement and automation to preserve our humanity and ensure technology serves as a complement to, rather than a replacement for human efforts.', '', ""The writer's perspective underscores the importance of human qualities such as emotional intelligence and creativity in the face of automation, advocating for a balance between human involvement and technology to preserve our humanity. On the other hand, the Utilitarian framework prioritizes the efficiency and productivity benefits of machines in specific tasks, leading to a more prosperous world overall. While the writer emphasizes the need to maintain human qualities and find a harmonious coexistence between humans and machines, the Utilitarian perspective focuses on the practical advantages of automation. These differing viewpoints highlight the nuanced relationship between human abilities and technological advancements, illustrating the complex considerations involved in balancing the human impact and economic benefits of automation.""]",,,,"[4, 849]","{'t': 1292569, 'o': [{'o': 'o', 'i': [4, 849]}]}",,,
9253,25,308,1337.116,gpt,gpt_inquiry,,,,make much more concise than this and give 3 different suggestions,,,,,
9254,25,309,1338.921,gpt,gpt_response,,,,"1. The writer stresses the importance of human qualities like emotional intelligence and creativity in relation to automation, while the Utilitarian perspective prioritizes efficiency and productivity benefits of machines.
2. The writer emphasizes human qualities in contrast to the Utilitarian focus on the economic advantages of automation.
3. The writer advocates for a balance between human involvement and technology, while the Utilitarian viewpoint prioritizes the efficiency and prosperity that machines bring.",,,,,
9255,25,310,1357.551,gpt,gpt_inquiry,,,,still respond in paragraph format with 3 different responses. 3-4 sentences each.,,,,,
9256,25,311,1361.354,gpt,gpt_response,,,,"1. The writer's emphasis on human qualities such as emotional intelligence and creativity highlights the significance of preserving these unique traits amidst automation. In contrast, the Utilitarian perspective places greater importance on the efficiency and productivity that machines offer in specific tasks. This distinction underscores the tension between human-centric values and the practical advantages of automation in driving societal progress.

2. The writer's perspective underscores the value of maintaining human qualities like emotional intelligence and creativity alongside automation. Conversely, the Utilitarian framework prioritizes the efficiency and productivity benefits that machines bring to various tasks. This disparity between perspectives illuminates the complexities involved in balancing the preservation of human attributes with the economic advantages of automation.

3. While the writer emphasizes the need for a balance between human involvement and automation to uphold human qualities, the Utilitarian perspective centers on the benefits of efficiency and prosperity that machines provide. This contrast highlights the varying priorities when considering the impact of automation on society, showcasing the multidimensional nature of the debate surrounding humans and machines.",,,,,
9257,25,312,1374.732,gpt,y,,,,"The writer's emphasis on human qualities such as emotional intelligence and creativity highlights the significance of preserving these unique traits amidst automation. In contrast, the Utilitarian perspective places greater importance on the efficiency and productivity that machines offer in specific tasks. This distinction underscores the tension between human-centric values and the practical advantages of automation in driving societal progress.",,,,,
9258,25,313,1378.725,editor,o,"['In modern society, intelligent machines have replaced many tasks once performed by humans, raising questions about what is sacrificed in the process of automation. This essay will examine the implications of this paradigm shift and compare my own perspective with a Utilitarian viewpoint.', '', 'In my opinion, while automation brings undeniable benefits in terms of productivity, it is equally important to consider the human impact of replacing people with machines. While machines may excel at certain tasks, they lack qualities such as emotional inteligence and creativity that are inherent to humans. It is crucial to have a balance between human involvement and automation to preserve our humanity and ensure technology serves as a complement to, rather than a replacement for human efforts.', '', ""The writer's perspective underscores the importance of human qualities such as emotional intelligence and creativity in the face of automation, advocating for a balance between human involvement and technology to preserve our humanity. On the other hand, the Utilitarian framework prioritizes the efficiency and productivity benefits of machines in specific tasks, leading to a more prosperous world overall. While the writer emphasizes the need to maintain human qualities and find a harmonious coexistence between humans and machines, the Utilitarian perspective focuses on the practical advantages of automation. These differing viewpoints highlight the nuanced relationship between human abilities and technological advancements, illustrating the complex considerations involved in balancing the human impact and economic benefits of automation.""]",,,,"[4, 849]","{'t': 1378725, 'o': [{'o': 'o', 'i': [4, 849]}]}",,,
9259,25,314,1379.532,editor,l,"['In modern society, intelligent machines have replaced many tasks once performed by humans, raising questions about what is sacrificed in the process of automation. This essay will examine the implications of this paradigm shift and compare my own perspective with a Utilitarian viewpoint.', '', 'In my opinion, while automation brings undeniable benefits in terms of productivity, it is equally important to consider the human impact of replacing people with machines. While machines may excel at certain tasks, they lack qualities such as emotional inteligence and creativity that are inherent to humans. It is crucial to have a balance between human involvement and automation to preserve our humanity and ensure technology serves as a complement to, rather than a replacement for human efforts.', '', ""The writer's perspective underscores the importance of human qualities such as emotional intelligence and creativity in the face of automation, advocating for a balance between human involvement and technology to preserve our humanity. On the other hand, the Utilitarian framework prioritizes the efficiency and productivity benefits of machines in specific tasks, leading to a more prosperous world overall. While the writer emphasizes the need to maintain human qualities and find a harmonious coexistence between humans and machines, the Utilitarian perspective focuses on the practical advantages of automation. These differing viewpoints highlight the nuanced relationship between human abilities and technological advancements, illustrating the complex considerations involved in balancing the human impact and economic benefits of automation.""]",,,"The writer's perspective underscores the importance of human qualities such as emotional intelligence and creativity in the face of automation, advocating for a balance between human involvement and technology to preserve our humanity. On the other hand, the Utilitarian framework prioritizes the efficiency and productivity benefits of machines in specific tasks, leading to a more prosperous world overall. While the writer emphasizes the need to maintain human qualities and find a harmonious coexistence between humans and machines, the Utilitarian perspective focuses on the practical advantages of automation. These differing viewpoints highlight the nuanced relationship between human abilities and technological advancements, illustrating the complex considerations involved in balancing the human impact and economic benefits of automation.","[[4, 849], [4, 0]]","{'t': [1378859, 1379532], 'l': 27, 'o': [{'o': 'l', 'i': [4, 849], 's': [[4, [[773, 772], 770, 696, [620, 618], [540, 539], [461, 460], [387, 386], 307, 236, [165, 164], [88, 84], [4, 0]]]]}]}",,,
9260,25,315,1379.954,editor,p,"['In modern society, intelligent machines have replaced many tasks once performed by humans, raising questions about what is sacrificed in the process of automation. This essay will examine the implications of this paradigm shift and compare my own perspective with a Utilitarian viewpoint.', '', 'In my opinion, while automation brings undeniable benefits in terms of productivity, it is equally important to consider the human impact of replacing people with machines. While machines may excel at certain tasks, they lack qualities such as emotional inteligence and creativity that are inherent to humans. It is crucial to have a balance between human involvement and automation to preserve our humanity and ensure technology serves as a complement to, rather than a replacement for human efforts.', '', ""The writer's emphasis on human qualities such as emotional intelligence and creativity highlights the significance of preserving these unique traits amidst automation. In contrast, the Utilitarian perspective places greater importance on the efficiency and productivity that machines offer in specific tasks. This distinction underscores the tension between human-centric values and the practical advantages of automation in driving societal progress.""]","The writer's emphasis on human qualities such as emotional intelligence and creativity highlights the significance of preserving these unique traits amidst automation. In contrast, the Utilitarian perspective places greater importance on the efficiency and productivity that machines offer in specific tasks. This distinction underscores the tension between human-centric values and the practical advantages of automation in driving societal progress.","The writer's perspective underscores the importance of human qualities such as emotional intelligence and creativity in the face of automation, advocating for a balance between human involvement and technology to preserve our humanity. On the other hand, the Utilitarian framework prioritizes the efficiency and productivity benefits of machines in specific tasks, leading to a more prosperous world overall. While the writer emphasizes the need to maintain human qualities and find a harmonious coexistence between humans and machines, the Utilitarian perspective focuses on the practical advantages of automation. These differing viewpoints highlight the nuanced relationship between human abilities and technological advancements, illustrating the complex considerations involved in balancing the human impact and economic benefits of automation.","The writer's perspective underscores the importance of human qualities such as emotional intelligence and creativity in the face of automation, advocating for a balance between human involvement and technology to preserve our humanity. On the other hand, the Utilitarian framework prioritizes the efficiency and productivity benefits of machines in specific tasks, leading to a more prosperous world overall. While the writer emphasizes the need to maintain human qualities and find a harmonious coexistence between humans and machines, the Utilitarian perspective focuses on the practical advantages of automation. These differing viewpoints highlight the nuanced relationship between human abilities and technological advancements, illustrating the complex considerations involved in balancing the human impact and economic benefits of automation.","[[4, 0], [4, 849]]","{'t': 1379954, 'o': [{'o': 'p', 'i': [[4, 0], [4, 849]], 'a': [""The writer's emphasis on human qualities such as emotional intelligence and creativity highlights the significance of preserving these unique traits amidst automation. In contrast, the Utilitarian perspective places greater importance on the efficiency and productivity that machines offer in specific tasks. This distinction underscores the tension between human-centric values and the practical advantages of automation in driving societal progress.""]}]}",,,
9261,25,316,1379.955,editor,o,"['In modern society, intelligent machines have replaced many tasks once performed by humans, raising questions about what is sacrificed in the process of automation. This essay will examine the implications of this paradigm shift and compare my own perspective with a Utilitarian viewpoint.', '', 'In my opinion, while automation brings undeniable benefits in terms of productivity, it is equally important to consider the human impact of replacing people with machines. While machines may excel at certain tasks, they lack qualities such as emotional inteligence and creativity that are inherent to humans. It is crucial to have a balance between human involvement and automation to preserve our humanity and ensure technology serves as a complement to, rather than a replacement for human efforts.', '', ""The writer's emphasis on human qualities such as emotional intelligence and creativity highlights the significance of preserving these unique traits amidst automation. In contrast, the Utilitarian perspective places greater importance on the efficiency and productivity that machines offer in specific tasks. This distinction underscores the tension between human-centric values and the practical advantages of automation in driving societal progress.""]",,,,"[4, 451]","{'t': 1379955, 'o': [{'o': 'o', 'i': [4, 451]}]}",,,
9262,25,317,1397.05,editor,o,"['In modern society, intelligent machines have replaced many tasks once performed by humans, raising questions about what is sacrificed in the process of automation. This essay will examine the implications of this paradigm shift and compare my own perspective with a Utilitarian viewpoint.', '', 'In my opinion, while automation brings undeniable benefits in terms of productivity, it is equally important to consider the human impact of replacing people with machines. While machines may excel at certain tasks, they lack qualities such as emotional inteligence and creativity that are inherent to humans. It is crucial to have a balance between human involvement and automation to preserve our humanity and ensure technology serves as a complement to, rather than a replacement for human efforts.', '', ""The writer's emphasis on human qualities such as emotional intelligence and creativity highlights the significance of preserving these unique traits amidst automation. In contrast, the Utilitarian perspective places greater importance on the efficiency and productivity that machines offer in specific tasks. This distinction underscores the tension between human-centric values and the practical advantages of automation in driving societal progress.""]",,,,"[4, 141]","{'t': 1397050, 'o': [{'o': 'o', 'i': [4, 141]}]}",,,
9263,25,318,1397.978,editor,l,"['In modern society, intelligent machines have replaced many tasks once performed by humans, raising questions about what is sacrificed in the process of automation. This essay will examine the implications of this paradigm shift and compare my own perspective with a Utilitarian viewpoint.', '', 'In my opinion, while automation brings undeniable benefits in terms of productivity, it is equally important to consider the human impact of replacing people with machines. While machines may excel at certain tasks, they lack qualities such as emotional inteligence and creativity that are inherent to humans. It is crucial to have a balance between human involvement and automation to preserve our humanity and ensure technology serves as a complement to, rather than a replacement for human efforts.', '', ""The writer's emphasis on human qualities such as emotional intelligence and creativity highlights the significance of preserving these unique traits amidst automation. In contrast, the Utilitarian perspective places greater importance on the efficiency and productivity that machines offer in specific tasks. This distinction underscores the tension between human-centric values and the practical advantages of automation in driving societal progress.""]",,,ese unique',"[[4, 141], [4, 131]]","{'t': [1397325, 1397978], 'l': 10, 'o': [{'o': 'l', 'i': [4, 141], 's': [[4, [[140, 131]]]]}]}",,,
9264,25,319,1398.404,editor,d,"['In modern society, intelligent machines have replaced many tasks once performed by humans, raising questions about what is sacrificed in the process of automation. This essay will examine the implications of this paradigm shift and compare my own perspective with a Utilitarian viewpoint.', '', 'In my opinion, while automation brings undeniable benefits in terms of productivity, it is equally important to consider the human impact of replacing people with machines. While machines may excel at certain tasks, they lack qualities such as emotional inteligence and creativity that are inherent to humans. It is crucial to have a balance between human involvement and automation to preserve our humanity and ensure technology serves as a complement to, rather than a replacement for human efforts.', '', ""The writer's emphasis on human qualities such as emotional intelligence and creativity highlights the significance of preserving th traits amidst automation. In contrast, the Utilitarian perspective places greater importance on the efficiency and productivity that machines offer in specific tasks. This distinction underscores the tension between human-centric values and the practical advantages of automation in driving societal progress.""]",,ese unique',,"[[4, 131], [4, 141]]","{'t': 1398404, 'o': [{'o': 'd', 'i': [[4, 131], [4, 141]]}]}",,,
9265,25,320,1398.852,editor,d,"['In modern society, intelligent machines have replaced many tasks once performed by humans, raising questions about what is sacrificed in the process of automation. This essay will examine the implications of this paradigm shift and compare my own perspective with a Utilitarian viewpoint.', '', 'In my opinion, while automation brings undeniable benefits in terms of productivity, it is equally important to consider the human impact of replacing people with machines. While machines may excel at certain tasks, they lack qualities such as emotional inteligence and creativity that are inherent to humans. It is crucial to have a balance between human involvement and automation to preserve our humanity and ensure technology serves as a complement to, rather than a replacement for human efforts.', '', ""The writer's emphasis on human qualities such as emotional intelligence and creativity highlights the significance of preserving  traits amidst automation. In contrast, the Utilitarian perspective places greater importance on the efficiency and productivity that machines offer in specific tasks. This distinction underscores the tension between human-centric values and the practical advantages of automation in driving societal progress.""]",,th',,"[[4, 129], [4, 131]]","{'t': [1398614, 1398852], 'l': 2, 'o': [{'o': 'd', 'i': [[4, 129], [4, 131]], 'd': [[1, 2]]}]}",,,
9266,25,321,1399.952,editor,i,"['In modern society, intelligent machines have replaced many tasks once performed by humans, raising questions about what is sacrificed in the process of automation. This essay will examine the implications of this paradigm shift and compare my own perspective with a Utilitarian viewpoint.', '', 'In my opinion, while automation brings undeniable benefits in terms of productivity, it is equally important to consider the human impact of replacing people with machines. While machines may excel at certain tasks, they lack qualities such as emotional inteligence and creativity that are inherent to humans. It is crucial to have a balance between human involvement and automation to preserve our humanity and ensure technology serves as a complement to, rather than a replacement for human efforts.', '', ""The writer's emphasis on human qualities such as emotional intelligence and creativity highlights the significance of preserving human traits amidst automation. In contrast, the Utilitarian perspective places greater importance on the efficiency and productivity that machines offer in specific tasks. This distinction underscores the tension between human-centric values and the practical advantages of automation in driving societal progress.""]",human',,,"[4, 129]","{'t': [1399322, 1399952], 'l': 5, 'o': [{'o': 'i', 'i': [4, 129], 'a': 'human'}]}",,,
9267,25,322,1402.149,editor,d,"['In modern society, intelligent machines have replaced many tasks once performed by humans, raising questions about what is sacrificed in the process of automation. This essay will examine the implications of this paradigm shift and compare my own perspective with a Utilitarian viewpoint.', '', 'In my opinion, while automation brings undeniable benefits in terms of productivity, it is equally important to consider the human impact of replacing people with machines. While machines may excel at certain tasks, they lack qualities such as emotional inteligence and creativity that are inherent to humans. It is crucial to have a balance between human involvement and automation to preserve our humanity and ensure technology serves as a complement to, rather than a replacement for human efforts.', '', ""The writer's emphasis on human qualities such as emotional intelligence and creativity highlights the significance of preserving huma traits amidst automation. In contrast, the Utilitarian perspective places greater importance on the efficiency and productivity that machines offer in specific tasks. This distinction underscores the tension between human-centric values and the practical advantages of automation in driving societal progress.""]",,n',,"[[4, 133], [4, 134]]","{'t': 1402149, 'o': [{'o': 'd', 'i': [[4, 133], [4, 134]]}]}",,,
9268,25,323,1402.872,editor,d,"['In modern society, intelligent machines have replaced many tasks once performed by humans, raising questions about what is sacrificed in the process of automation. This essay will examine the implications of this paradigm shift and compare my own perspective with a Utilitarian viewpoint.', '', 'In my opinion, while automation brings undeniable benefits in terms of productivity, it is equally important to consider the human impact of replacing people with machines. While machines may excel at certain tasks, they lack qualities such as emotional inteligence and creativity that are inherent to humans. It is crucial to have a balance between human involvement and automation to preserve our humanity and ensure technology serves as a complement to, rather than a replacement for human efforts.', '', ""The writer's emphasis on human qualities such as emotional intelligence and creativity highlights the significance of preserving  traits amidst automation. In contrast, the Utilitarian perspective places greater importance on the efficiency and productivity that machines offer in specific tasks. This distinction underscores the tension between human-centric values and the practical advantages of automation in driving societal progress.""]",,huma',,"[[4, 129], [4, 133]]","{'t': [1402357, 1402872], 'l': 4, 'o': [{'o': 'd', 'i': [[4, 129], [4, 133]], 'd': [[1, 4]]}]}",,,
9269,25,324,1406.071,editor,d,"['In modern society, intelligent machines have replaced many tasks once performed by humans, raising questions about what is sacrificed in the process of automation. This essay will examine the implications of this paradigm shift and compare my own perspective with a Utilitarian viewpoint.', '', 'In my opinion, while automation brings undeniable benefits in terms of productivity, it is equally important to consider the human impact of replacing people with machines. While machines may excel at certain tasks, they lack qualities such as emotional inteligence and creativity that are inherent to humans. It is crucial to have a balance between human involvement and automation to preserve our humanity and ensure technology serves as a complement to, rather than a replacement for human efforts.', '', ""The writer's emphasis on human qualities such as emotional intelligence and creativity highlights the significance of preserving traits amidst automation. In contrast, the Utilitarian perspective places greater importance on the efficiency and productivity that machines offer in specific tasks. This distinction underscores the tension between human-centric values and the practical advantages of automation in driving societal progress.""]",,,,"[[4, 128], [4, 129]]","{'t': 1406071, 'o': [{'o': 'd', 'i': [[4, 128], [4, 129]]}]}",,,
9270,25,325,1408.898,editor,i,"['In modern society, intelligent machines have replaced many tasks once performed by humans, raising questions about what is sacrificed in the process of automation. This essay will examine the implications of this paradigm shift and compare my own perspective with a Utilitarian viewpoint.', '', 'In my opinion, while automation brings undeniable benefits in terms of productivity, it is equally important to consider the human impact of replacing people with machines. While machines may excel at certain tasks, they lack qualities such as emotional inteligence and creativity that are inherent to humans. It is crucial to have a balance between human involvement and automation to preserve our humanity and ensure technology serves as a complement to, rather than a replacement for human efforts.', '', ""The writer's emphasis on human qualities such as emotional intelligence and creativity highlights the significance of preserving human ass traits amidst automation. In contrast, the Utilitarian perspective places greater importance on the efficiency and productivity that machines offer in specific tasks. This distinction underscores the tension between human-centric values and the practical advantages of automation in driving societal progress.""]",human ass',,,"[4, 128]","{'t': [1406578, 1408898], 'l': 10, 'o': [{'o': 'i', 'i': [4, 128], 'a': ' human ass'}]}",,,
9271,25,326,1411.901,editor,i,"['In modern society, intelligent machines have replaced many tasks once performed by humans, raising questions about what is sacrificed in the process of automation. This essay will examine the implications of this paradigm shift and compare my own perspective with a Utilitarian viewpoint.', '', 'In my opinion, while automation brings undeniable benefits in terms of productivity, it is equally important to consider the human impact of replacing people with machines. While machines may excel at certain tasks, they lack qualities such as emotional inteligence and creativity that are inherent to humans. It is crucial to have a balance between human involvement and automation to preserve our humanity and ensure technology serves as a complement to, rather than a replacement for human efforts.', '', ""The writer's emphasis on human qualities such as emotional intelligence and creativity highlights the significance of preserving human asso traits amidst automation. In contrast, the Utilitarian perspective places greater importance on the efficiency and productivity that machines offer in specific tasks. This distinction underscores the tension between human-centric values and the practical advantages of automation in driving societal progress.""]",o',,,"[4, 138]","{'t': 1411901, 'o': [{'o': 'i', 'i': [4, 138], 'a': 'o'}]}",,,
9272,25,327,1412.778,editor,i,"['In modern society, intelligent machines have replaced many tasks once performed by humans, raising questions about what is sacrificed in the process of automation. This essay will examine the implications of this paradigm shift and compare my own perspective with a Utilitarian viewpoint.', '', 'In my opinion, while automation brings undeniable benefits in terms of productivity, it is equally important to consider the human impact of replacing people with machines. While machines may excel at certain tasks, they lack qualities such as emotional inteligence and creativity that are inherent to humans. It is crucial to have a balance between human involvement and automation to preserve our humanity and ensure technology serves as a complement to, rather than a replacement for human efforts.', '', ""The writer's emphasis on human qualities such as emotional intelligence and creativity highlights the significance of preserving human associated traits amidst automation. In contrast, the Utilitarian perspective places greater importance on the efficiency and productivity that machines offer in specific tasks. This distinction underscores the tension between human-centric values and the practical advantages of automation in driving societal progress.""]",ciated',,,"[4, 139]","{'t': [1412049, 1412778], 'l': 6, 'o': [{'o': 'i', 'i': [4, 139], 'a': 'ciated'}]}",,,
9273,25,328,1414.537,editor,o,"['In modern society, intelligent machines have replaced many tasks once performed by humans, raising questions about what is sacrificed in the process of automation. This essay will examine the implications of this paradigm shift and compare my own perspective with a Utilitarian viewpoint.', '', 'In my opinion, while automation brings undeniable benefits in terms of productivity, it is equally important to consider the human impact of replacing people with machines. While machines may excel at certain tasks, they lack qualities such as emotional inteligence and creativity that are inherent to humans. It is crucial to have a balance between human involvement and automation to preserve our humanity and ensure technology serves as a complement to, rather than a replacement for human efforts.', '', ""The writer's emphasis on human qualities such as emotional intelligence and creativity highlights the significance of preserving human associated traits amidst automation. In contrast, the Utilitarian perspective places greater importance on the efficiency and productivity that machines offer in specific tasks. This distinction underscores the tension between human-centric values and the practical advantages of automation in driving societal progress.""]",,,,"[4, 21]","{'t': 1414537, 'o': [{'o': 'o', 'i': [4, 21]}]}",,,
9274,25,329,1415.45,editor,l,"['In modern society, intelligent machines have replaced many tasks once performed by humans, raising questions about what is sacrificed in the process of automation. This essay will examine the implications of this paradigm shift and compare my own perspective with a Utilitarian viewpoint.', '', 'In my opinion, while automation brings undeniable benefits in terms of productivity, it is equally important to consider the human impact of replacing people with machines. While machines may excel at certain tasks, they lack qualities such as emotional inteligence and creativity that are inherent to humans. It is crucial to have a balance between human involvement and automation to preserve our humanity and ensure technology serves as a complement to, rather than a replacement for human efforts.', '', ""The writer's emphasis on human qualities such as emotional intelligence and creativity highlights the significance of preserving human associated traits amidst automation. In contrast, the Utilitarian perspective places greater importance on the efficiency and productivity that machines offer in specific tasks. This distinction underscores the tension between human-centric values and the practical advantages of automation in driving societal progress.""]",,,on human qualities such as emotional intelligence and creativity highlights the sign',"[[4, 21], [4, 106]]","{'t': [1414748, 1415450], 'l': 12, 'o': [{'o': 'l', 'i': [4, 21], 's': [[4, [[22, 31], [107, 106]]]]}]}",,,
9275,25,330,1416.417,editor,o,"['In modern society, intelligent machines have replaced many tasks once performed by humans, raising questions about what is sacrificed in the process of automation. This essay will examine the implications of this paradigm shift and compare my own perspective with a Utilitarian viewpoint.', '', 'In my opinion, while automation brings undeniable benefits in terms of productivity, it is equally important to consider the human impact of replacing people with machines. While machines may excel at certain tasks, they lack qualities such as emotional inteligence and creativity that are inherent to humans. It is crucial to have a balance between human involvement and automation to preserve our humanity and ensure technology serves as a complement to, rather than a replacement for human efforts.', '', ""The writer's emphasis on human qualities such as emotional intelligence and creativity highlights the significance of preserving human associated traits amidst automation. In contrast, the Utilitarian perspective places greater importance on the efficiency and productivity that machines offer in specific tasks. This distinction underscores the tension between human-centric values and the practical advantages of automation in driving societal progress.""]",,,on human qualities such as emotional intelligence and creativity highlights the signi',"[[4, 21], [4, 107]]","{'t': 1416417, 'o': [{'o': 'o', 'i': [[4, 21], [4, 107]]}]}",,,
9276,25,331,1419.404,editor,l,"['In modern society, intelligent machines have replaced many tasks once performed by humans, raising questions about what is sacrificed in the process of automation. This essay will examine the implications of this paradigm shift and compare my own perspective with a Utilitarian viewpoint.', '', 'In my opinion, while automation brings undeniable benefits in terms of productivity, it is equally important to consider the human impact of replacing people with machines. While machines may excel at certain tasks, they lack qualities such as emotional inteligence and creativity that are inherent to humans. It is crucial to have a balance between human involvement and automation to preserve our humanity and ensure technology serves as a complement to, rather than a replacement for human efforts.', '', ""The writer's emphasis on human qualities such as emotional intelligence and creativity highlights the significance of preserving human associated traits amidst automation. In contrast, the Utilitarian perspective places greater importance on the efficiency and productivity that machines offer in specific tasks. This distinction underscores the tension between human-centric values and the practical advantages of automation in driving societal progress.""]",,,on human qualities such as emotional intelligence and creativity ',"[[4, 21], [4, 87]]","{'t': [1416422, 1419404], 'l': 70, 'o': [{'o': 'l', 'i': [4, 21], 's': [[4, [108, 110, 114, 118, 123, 127, 55, 58, 62, [64, 65], 67, [69, 73], [72, 67], [65, 63], [58, 57], 52, 125, 123, [120, 109], 107, [105, 103], [101, 100], [99, 102], [101, 87], [86, 87]]]]}]}",,,
9277,25,332,1421.029,editor,d,"['In modern society, intelligent machines have replaced many tasks once performed by humans, raising questions about what is sacrificed in the process of automation. This essay will examine the implications of this paradigm shift and compare my own perspective with a Utilitarian viewpoint.', '', 'In my opinion, while automation brings undeniable benefits in terms of productivity, it is equally important to consider the human impact of replacing people with machines. While machines may excel at certain tasks, they lack qualities such as emotional inteligence and creativity that are inherent to humans. It is crucial to have a balance between human involvement and automation to preserve our humanity and ensure technology serves as a complement to, rather than a replacement for human efforts.', '', ""The writer's emphasishighlights the significance of preserving human associated traits amidst automation. In contrast, the Utilitarian perspective places greater importance on the efficiency and productivity that machines offer in specific tasks. This distinction underscores the tension between human-centric values and the practical advantages of automation in driving societal progress.""]",,on human qualities such as emotional intelligence and creativity ',,"[[4, 21], [4, 87]]","{'t': 1421029, 'o': [{'o': 'd', 'i': [[4, 21], [4, 87]]}]}",,,
9278,25,333,1422.946,editor,d,"['In modern society, intelligent machines have replaced many tasks once performed by humans, raising questions about what is sacrificed in the process of automation. This essay will examine the implications of this paradigm shift and compare my own perspective with a Utilitarian viewpoint.', '', 'In my opinion, while automation brings undeniable benefits in terms of productivity, it is equally important to consider the human impact of replacing people with machines. While machines may excel at certain tasks, they lack qualities such as emotional inteligence and creativity that are inherent to humans. It is crucial to have a balance between human involvement and automation to preserve our humanity and ensure technology serves as a complement to, rather than a replacement for human efforts.', '', ""The writer's highlights the significance of preserving human associated traits amidst automation. In contrast, the Utilitarian perspective places greater importance on the efficiency and productivity that machines offer in specific tasks. This distinction underscores the tension between human-centric values and the practical advantages of automation in driving societal progress.""]",,emphasis',,"[[4, 13], [4, 21]]","{'t': [1421650, 1422946], 'l': 8, 'o': [{'o': 'd', 'i': [[4, 13], [4, 21]], 'd': [[1, 8]]}]}",,,
9279,25,334,1428.628,editor,o,"['In modern society, intelligent machines have replaced many tasks once performed by humans, raising questions about what is sacrificed in the process of automation. This essay will examine the implications of this paradigm shift and compare my own perspective with a Utilitarian viewpoint.', '', 'In my opinion, while automation brings undeniable benefits in terms of productivity, it is equally important to consider the human impact of replacing people with machines. While machines may excel at certain tasks, they lack qualities such as emotional inteligence and creativity that are inherent to humans. It is crucial to have a balance between human involvement and automation to preserve our humanity and ensure technology serves as a complement to, rather than a replacement for human efforts.', '', ""The writer's highlights the significance of preserving human associated traits amidst automation. In contrast, the Utilitarian perspective places greater importance on the efficiency and productivity that machines offer in specific tasks. This distinction underscores the tension between human-centric values and the practical advantages of automation in driving societal progress.""]",,,,"[4, 86]","{'t': 1428628, 'o': [{'o': 'o', 'i': [4, 86]}]}",,,
9280,25,335,1431.158,editor,i,"['In modern society, intelligent machines have replaced many tasks once performed by humans, raising questions about what is sacrificed in the process of automation. This essay will examine the implications of this paradigm shift and compare my own perspective with a Utilitarian viewpoint.', '', 'In my opinion, while automation brings undeniable benefits in terms of productivity, it is equally important to consider the human impact of replacing people with machines. While machines may excel at certain tasks, they lack qualities such as emotional inteligence and creativity that are inherent to humans. It is crucial to have a balance between human involvement and automation to preserve our humanity and ensure technology serves as a complement to, rather than a replacement for human efforts.', '', ""The writer's highlights the significance of preserving human associated traits amidst tautomation. In contrast, the Utilitarian perspective places greater importance on the efficiency and productivity that machines offer in specific tasks. This distinction underscores the tension between human-centric values and the practical advantages of automation in driving societal progress.""]",t',,,"[4, 86]","{'t': 1431158, 'o': [{'o': 'i', 'i': [4, 86], 'a': 't'}]}",,,
9281,25,336,1432.084,editor,i,"['In modern society, intelligent machines have replaced many tasks once performed by humans, raising questions about what is sacrificed in the process of automation. This essay will examine the implications of this paradigm shift and compare my own perspective with a Utilitarian viewpoint.', '', 'In my opinion, while automation brings undeniable benefits in terms of productivity, it is equally important to consider the human impact of replacing people with machines. While machines may excel at certain tasks, they lack qualities such as emotional inteligence and creativity that are inherent to humans. It is crucial to have a balance between human involvement and automation to preserve our humanity and ensure technology serves as a complement to, rather than a replacement for human efforts.', '', ""The writer's highlights the significance of preserving human associated traits amidst the rise automation. In contrast, the Utilitarian perspective places greater importance on the efficiency and productivity that machines offer in specific tasks. This distinction underscores the tension between human-centric values and the practical advantages of automation in driving societal progress.""]",he rise ',,,"[4, 87]","{'t': [1431249, 1432084], 'l': 8, 'o': [{'o': 'i', 'i': [4, 87], 'a': 'he rise '}]}",,,
9282,25,337,1433.777,editor,i,"['In modern society, intelligent machines have replaced many tasks once performed by humans, raising questions about what is sacrificed in the process of automation. This essay will examine the implications of this paradigm shift and compare my own perspective with a Utilitarian viewpoint.', '', 'In my opinion, while automation brings undeniable benefits in terms of productivity, it is equally important to consider the human impact of replacing people with machines. While machines may excel at certain tasks, they lack qualities such as emotional inteligence and creativity that are inherent to humans. It is crucial to have a balance between human involvement and automation to preserve our humanity and ensure technology serves as a complement to, rather than a replacement for human efforts.', '', ""The writer's highlights the significance of preserving human associated traits amidst the rise iautomation. In contrast, the Utilitarian perspective places greater importance on the efficiency and productivity that machines offer in specific tasks. This distinction underscores the tension between human-centric values and the practical advantages of automation in driving societal progress.""]",i',,,"[4, 95]","{'t': 1433777, 'o': [{'o': 'i', 'i': [4, 95], 'a': 'i'}]}",,,
9283,25,338,1434.107,editor,i,"['In modern society, intelligent machines have replaced many tasks once performed by humans, raising questions about what is sacrificed in the process of automation. This essay will examine the implications of this paradigm shift and compare my own perspective with a Utilitarian viewpoint.', '', 'In my opinion, while automation brings undeniable benefits in terms of productivity, it is equally important to consider the human impact of replacing people with machines. While machines may excel at certain tasks, they lack qualities such as emotional inteligence and creativity that are inherent to humans. It is crucial to have a balance between human involvement and automation to preserve our humanity and ensure technology serves as a complement to, rather than a replacement for human efforts.', '', ""The writer's highlights the significance of preserving human associated traits amidst the rise in automation. In contrast, the Utilitarian perspective places greater importance on the efficiency and productivity that machines offer in specific tasks. This distinction underscores the tension between human-centric values and the practical advantages of automation in driving societal progress.""]",n ',,,"[4, 96]","{'t': [1434023, 1434107], 'l': 2, 'o': [{'o': 'i', 'i': [4, 96], 'a': 'n '}]}",,,
9284,25,339,1439.46,editor,o,"['In modern society, intelligent machines have replaced many tasks once performed by humans, raising questions about what is sacrificed in the process of automation. This essay will examine the implications of this paradigm shift and compare my own perspective with a Utilitarian viewpoint.', '', 'In my opinion, while automation brings undeniable benefits in terms of productivity, it is equally important to consider the human impact of replacing people with machines. While machines may excel at certain tasks, they lack qualities such as emotional inteligence and creativity that are inherent to humans. It is crucial to have a balance between human involvement and automation to preserve our humanity and ensure technology serves as a complement to, rather than a replacement for human efforts.', '', ""The writer's highlights the significance of preserving human associated traits amidst the rise in automation. In contrast, the Utilitarian perspective places greater importance on the efficiency and productivity that machines offer in specific tasks. This distinction underscores the tension between human-centric values and the practical advantages of automation in driving societal progress.""]",,,,"[4, 121]","{'t': 1439460, 'o': [{'o': 'o', 'i': [4, 121]}]}",,,
9285,25,340,1439.76,editor,l,"['In modern society, intelligent machines have replaced many tasks once performed by humans, raising questions about what is sacrificed in the process of automation. This essay will examine the implications of this paradigm shift and compare my own perspective with a Utilitarian viewpoint.', '', 'In my opinion, while automation brings undeniable benefits in terms of productivity, it is equally important to consider the human impact of replacing people with machines. While machines may excel at certain tasks, they lack qualities such as emotional inteligence and creativity that are inherent to humans. It is crucial to have a balance between human involvement and automation to preserve our humanity and ensure technology serves as a complement to, rather than a replacement for human efforts.', '', ""The writer's highlights the significance of preserving human associated traits amidst the rise in automation. In contrast, the Utilitarian perspective places greater importance on the efficiency and productivity that machines offer in specific tasks. This distinction underscores the tension between human-centric values and the practical advantages of automation in driving societal progress.""]",,,contrast',"[[4, 121], [4, 113]]","{'t': [1439652, 1439760], 'l': 8, 'o': [{'o': 'l', 'i': [4, 121], 's': [[4, [[120, 113]]]]}]}",,,
9286,25,341,1440.147,editor,d,"['In modern society, intelligent machines have replaced many tasks once performed by humans, raising questions about what is sacrificed in the process of automation. This essay will examine the implications of this paradigm shift and compare my own perspective with a Utilitarian viewpoint.', '', 'In my opinion, while automation brings undeniable benefits in terms of productivity, it is equally important to consider the human impact of replacing people with machines. While machines may excel at certain tasks, they lack qualities such as emotional inteligence and creativity that are inherent to humans. It is crucial to have a balance between human involvement and automation to preserve our humanity and ensure technology serves as a complement to, rather than a replacement for human efforts.', '', ""The writer's highlights the significance of preserving human associated traits amidst the rise in automation. In , the Utilitarian perspective places greater importance on the efficiency and productivity that machines offer in specific tasks. This distinction underscores the tension between human-centric values and the practical advantages of automation in driving societal progress.""]",,contrast',,"[[4, 113], [4, 121]]","{'t': 1440147, 'o': [{'o': 'd', 'i': [[4, 113], [4, 121]]}]}",,,
9287,25,342,1440.711,editor,d,"['In modern society, intelligent machines have replaced many tasks once performed by humans, raising questions about what is sacrificed in the process of automation. This essay will examine the implications of this paradigm shift and compare my own perspective with a Utilitarian viewpoint.', '', 'In my opinion, while automation brings undeniable benefits in terms of productivity, it is equally important to consider the human impact of replacing people with machines. While machines may excel at certain tasks, they lack qualities such as emotional inteligence and creativity that are inherent to humans. It is crucial to have a balance between human involvement and automation to preserve our humanity and ensure technology serves as a complement to, rather than a replacement for human efforts.', '', ""The writer's highlights the significance of preserving human associated traits amidst the rise in automation. , the Utilitarian perspective places greater importance on the efficiency and productivity that machines offer in specific tasks. This distinction underscores the tension between human-centric values and the practical advantages of automation in driving societal progress.""]",,In ',,"[[4, 110], [4, 113]]","{'t': [1440351, 1440711], 'l': 3, 'o': [{'o': 'd', 'i': [[4, 110], [4, 113]], 'd': [[1, 3]]}]}",,,
9288,25,343,1442.901,editor,i,"['In modern society, intelligent machines have replaced many tasks once performed by humans, raising questions about what is sacrificed in the process of automation. This essay will examine the implications of this paradigm shift and compare my own perspective with a Utilitarian viewpoint.', '', 'In my opinion, while automation brings undeniable benefits in terms of productivity, it is equally important to consider the human impact of replacing people with machines. While machines may excel at certain tasks, they lack qualities such as emotional inteligence and creativity that are inherent to humans. It is crucial to have a balance between human involvement and automation to preserve our humanity and ensure technology serves as a complement to, rather than a replacement for human efforts.', '', ""The writer's highlights the significance of preserving human associated traits amidst the rise in automation. On the other hand, the Utilitarian perspective places greater importance on the efficiency and productivity that machines offer in specific tasks. This distinction underscores the tension between human-centric values and the practical advantages of automation in driving societal progress.""]",On the other hand',,,"[4, 110]","{'t': [1441167, 1442901], 'l': 17, 'o': [{'o': 'i', 'i': [4, 110], 'a': 'On the other hand'}]}",,,
9289,25,344,1456.584,editor,o,"['In modern society, intelligent machines have replaced many tasks once performed by humans, raising questions about what is sacrificed in the process of automation. This essay will examine the implications of this paradigm shift and compare my own perspective with a Utilitarian viewpoint.', '', 'In my opinion, while automation brings undeniable benefits in terms of productivity, it is equally important to consider the human impact of replacing people with machines. While machines may excel at certain tasks, they lack qualities such as emotional inteligence and creativity that are inherent to humans. It is crucial to have a balance between human involvement and automation to preserve our humanity and ensure technology serves as a complement to, rather than a replacement for human efforts.', '', ""The writer's highlights the significance of preserving human associated traits amidst the rise in automation. On the other hand, the Utilitarian perspective places greater importance on the efficiency and productivity that machines offer in specific tasks. This distinction underscores the tension between human-centric values and the practical advantages of automation in driving societal progress.""]",,,,"[4, 171]","{'t': 1456584, 'o': [{'o': 'o', 'i': [4, 171]}]}",,,
9290,25,345,1458.712,editor,o,"['In modern society, intelligent machines have replaced many tasks once performed by humans, raising questions about what is sacrificed in the process of automation. This essay will examine the implications of this paradigm shift and compare my own perspective with a Utilitarian viewpoint.', '', 'In my opinion, while automation brings undeniable benefits in terms of productivity, it is equally important to consider the human impact of replacing people with machines. While machines may excel at certain tasks, they lack qualities such as emotional inteligence and creativity that are inherent to humans. It is crucial to have a balance between human involvement and automation to preserve our humanity and ensure technology serves as a complement to, rather than a replacement for human efforts.', '', ""The writer's highlights the significance of preserving human associated traits amidst the rise in automation. On the other hand, the Utilitarian perspective places greater importance on the efficiency and productivity that machines offer in specific tasks. This distinction underscores the tension between human-centric values and the practical advantages of automation in driving societal progress.""]",,,,"[4, 171]","{'t': 1458712, 'o': [{'o': 'o', 'i': [4, 171]}]}",,,
9291,25,346,1459.072,editor,l,"['In modern society, intelligent machines have replaced many tasks once performed by humans, raising questions about what is sacrificed in the process of automation. This essay will examine the implications of this paradigm shift and compare my own perspective with a Utilitarian viewpoint.', '', 'In my opinion, while automation brings undeniable benefits in terms of productivity, it is equally important to consider the human impact of replacing people with machines. While machines may excel at certain tasks, they lack qualities such as emotional inteligence and creativity that are inherent to humans. It is crucial to have a balance between human involvement and automation to preserve our humanity and ensure technology serves as a complement to, rather than a replacement for human efforts.', '', ""The writer's highlights the significance of preserving human associated traits amidst the rise in automation. On the other hand, the Utilitarian perspective places greater importance on the efficiency and productivity that machines offer in specific tasks. This distinction underscores the tension between human-centric values and the practical advantages of automation in driving societal progress.""]",,,ces greater',"[[4, 171], [4, 160]]","{'t': [1458924, 1459072], 'l': 10, 'o': [{'o': 'l', 'i': [4, 171], 's': [[4, [[170, 168], [166, 160]]]]}]}",,,
9292,25,347,1459.649,editor,o,"['In modern society, intelligent machines have replaced many tasks once performed by humans, raising questions about what is sacrificed in the process of automation. This essay will examine the implications of this paradigm shift and compare my own perspective with a Utilitarian viewpoint.', '', 'In my opinion, while automation brings undeniable benefits in terms of productivity, it is equally important to consider the human impact of replacing people with machines. While machines may excel at certain tasks, they lack qualities such as emotional inteligence and creativity that are inherent to humans. It is crucial to have a balance between human involvement and automation to preserve our humanity and ensure technology serves as a complement to, rather than a replacement for human efforts.', '', ""The writer's highlights the significance of preserving human associated traits amidst the rise in automation. On the other hand, the Utilitarian perspective places greater importance on the efficiency and productivity that machines offer in specific tasks. This distinction underscores the tension between human-centric values and the practical advantages of automation in driving societal progress.""]",,,,"[4, 172]","{'t': 1459649, 'o': [{'o': 'o', 'i': [4, 172]}]}",,,
9293,25,348,1460.502,editor,o,"['In modern society, intelligent machines have replaced many tasks once performed by humans, raising questions about what is sacrificed in the process of automation. This essay will examine the implications of this paradigm shift and compare my own perspective with a Utilitarian viewpoint.', '', 'In my opinion, while automation brings undeniable benefits in terms of productivity, it is equally important to consider the human impact of replacing people with machines. While machines may excel at certain tasks, they lack qualities such as emotional inteligence and creativity that are inherent to humans. It is crucial to have a balance between human involvement and automation to preserve our humanity and ensure technology serves as a complement to, rather than a replacement for human efforts.', '', ""The writer's highlights the significance of preserving human associated traits amidst the rise in automation. On the other hand, the Utilitarian perspective places greater importance on the efficiency and productivity that machines offer in specific tasks. This distinction underscores the tension between human-centric values and the practical advantages of automation in driving societal progress.""]",,,,"[4, 182]","{'t': 1460502, 'o': [{'o': 'o', 'i': [4, 182]}]}",,,
9294,25,349,1461.185,editor,l,"['In modern society, intelligent machines have replaced many tasks once performed by humans, raising questions about what is sacrificed in the process of automation. This essay will examine the implications of this paradigm shift and compare my own perspective with a Utilitarian viewpoint.', '', 'In my opinion, while automation brings undeniable benefits in terms of productivity, it is equally important to consider the human impact of replacing people with machines. While machines may excel at certain tasks, they lack qualities such as emotional inteligence and creativity that are inherent to humans. It is crucial to have a balance between human involvement and automation to preserve our humanity and ensure technology serves as a complement to, rather than a replacement for human efforts.', '', ""The writer's highlights the significance of preserving human associated traits amidst the rise in automation. On the other hand, the Utilitarian perspective places greater importance on the efficiency and productivity that machines offer in specific tasks. This distinction underscores the tension between human-centric values and the practical advantages of automation in driving societal progress.""]",,,places greater importance',"[[4, 182], [4, 157]]","{'t': [1460670, 1461185], 'l': 22, 'o': [{'o': 'l', 'i': [4, 182], 's': [[4, [[181, 180], 178, [176, 174], [172, 157]]]]}]}",,,
9295,25,350,1461.887,editor,d_i,"['In modern society, intelligent machines have replaced many tasks once performed by humans, raising questions about what is sacrificed in the process of automation. This essay will examine the implications of this paradigm shift and compare my own perspective with a Utilitarian viewpoint.', '', 'In my opinion, while automation brings undeniable benefits in terms of productivity, it is equally important to consider the human impact of replacing people with machines. While machines may excel at certain tasks, they lack qualities such as emotional inteligence and creativity that are inherent to humans. It is crucial to have a balance between human involvement and automation to preserve our humanity and ensure technology serves as a complement to, rather than a replacement for human efforts.', '', ""The writer's highlights the significance of preserving human associated traits amidst the rise in automation. On the other hand, the Utilitarian perspective w on the efficiency and productivity that machines offer in specific tasks. This distinction underscores the tension between human-centric values and the practical advantages of automation in driving societal progress.""]",w',places greater importance',places greater importance',"[[4, 157], [4, 182]]","{'t': 1461887, 'o': [{'o': 'i', 'i': [[4, 157], [4, 182]], 'a': 'w'}]}",,,
9296,25,351,1464.222,editor,i,"['In modern society, intelligent machines have replaced many tasks once performed by humans, raising questions about what is sacrificed in the process of automation. This essay will examine the implications of this paradigm shift and compare my own perspective with a Utilitarian viewpoint.', '', 'In my opinion, while automation brings undeniable benefits in terms of productivity, it is equally important to consider the human impact of replacing people with machines. While machines may excel at certain tasks, they lack qualities such as emotional inteligence and creativity that are inherent to humans. It is crucial to have a balance between human involvement and automation to preserve our humanity and ensure technology serves as a complement to, rather than a replacement for human efforts.', '', ""The writer's highlights the significance of preserving human associated traits amidst the rise in automation. On the other hand, the Utilitarian perspective weights universal on the efficiency and productivity that machines offer in specific tasks. This distinction underscores the tension between human-centric values and the practical advantages of automation in driving societal progress.""]",eights universal',,,"[4, 158]","{'t': [1462055, 1464222], 'l': 16, 'o': [{'o': 'i', 'i': [4, 158], 'a': 'eights universal'}]}",,,
9297,25,352,1465.632,editor,o,"['In modern society, intelligent machines have replaced many tasks once performed by humans, raising questions about what is sacrificed in the process of automation. This essay will examine the implications of this paradigm shift and compare my own perspective with a Utilitarian viewpoint.', '', 'In my opinion, while automation brings undeniable benefits in terms of productivity, it is equally important to consider the human impact of replacing people with machines. While machines may excel at certain tasks, they lack qualities such as emotional inteligence and creativity that are inherent to humans. It is crucial to have a balance between human involvement and automation to preserve our humanity and ensure technology serves as a complement to, rather than a replacement for human efforts.', '', ""The writer's highlights the significance of preserving human associated traits amidst the rise in automation. On the other hand, the Utilitarian perspective weights universal on the efficiency and productivity that machines offer in specific tasks. This distinction underscores the tension between human-centric values and the practical advantages of automation in driving societal progress.""]",,,,"[4, 175]","{'t': 1465632, 'o': [{'o': 'o', 'i': [4, 175]}]}",,,
9298,25,353,1466.632,editor,o,"['In modern society, intelligent machines have replaced many tasks once performed by humans, raising questions about what is sacrificed in the process of automation. This essay will examine the implications of this paradigm shift and compare my own perspective with a Utilitarian viewpoint.', '', 'In my opinion, while automation brings undeniable benefits in terms of productivity, it is equally important to consider the human impact of replacing people with machines. While machines may excel at certain tasks, they lack qualities such as emotional inteligence and creativity that are inherent to humans. It is crucial to have a balance between human involvement and automation to preserve our humanity and ensure technology serves as a complement to, rather than a replacement for human efforts.', '', ""The writer's highlights the significance of preserving human associated traits amidst the rise in automation. On the other hand, the Utilitarian perspective weights universal on the efficiency and productivity that machines offer in specific tasks. This distinction underscores the tension between human-centric values and the practical advantages of automation in driving societal progress.""]",,,n the ',"[[4, 176], [4, 182]]","{'t': [1466132, 1466632], 'l': 7, 'o': [{'o': 'o', 'i': [[4, 176], [4, 182]]}]}",,,
9299,25,354,1467.102,editor,d,"['In modern society, intelligent machines have replaced many tasks once performed by humans, raising questions about what is sacrificed in the process of automation. This essay will examine the implications of this paradigm shift and compare my own perspective with a Utilitarian viewpoint.', '', 'In my opinion, while automation brings undeniable benefits in terms of productivity, it is equally important to consider the human impact of replacing people with machines. While machines may excel at certain tasks, they lack qualities such as emotional inteligence and creativity that are inherent to humans. It is crucial to have a balance between human involvement and automation to preserve our humanity and ensure technology serves as a complement to, rather than a replacement for human efforts.', '', ""The writer's highlights the significance of preserving human associated traits amidst the rise in automation. On the other hand, the Utilitarian perspective weights universal on theefficiency and productivity that machines offer in specific tasks. This distinction underscores the tension between human-centric values and the practical advantages of automation in driving societal progress.""]",,,,"[[4, 181], [4, 182]]","{'t': 1467102, 'o': [{'o': 'd', 'i': [[4, 181], [4, 182]]}]}",,,
9300,25,355,1468.691,editor,d,"['In modern society, intelligent machines have replaced many tasks once performed by humans, raising questions about what is sacrificed in the process of automation. This essay will examine the implications of this paradigm shift and compare my own perspective with a Utilitarian viewpoint.', '', 'In my opinion, while automation brings undeniable benefits in terms of productivity, it is equally important to consider the human impact of replacing people with machines. While machines may excel at certain tasks, they lack qualities such as emotional inteligence and creativity that are inherent to humans. It is crucial to have a balance between human involvement and automation to preserve our humanity and ensure technology serves as a complement to, rather than a replacement for human efforts.', '', ""The writer's highlights the significance of preserving human associated traits amidst the rise in automation. On the other hand, the Utilitarian perspective weights unefficiency and productivity that machines offer in specific tasks. This distinction underscores the tension between human-centric values and the practical advantages of automation in driving societal progress.""]",,iversal on the',,"[[4, 167], [4, 181]]","{'t': [1467603, 1468691], 'l': 14, 'o': [{'o': 'd', 'i': [[4, 167], [4, 181]], 'd': [[1, 14]]}]}",,,
9301,25,356,1470.221,editor,d,"['In modern society, intelligent machines have replaced many tasks once performed by humans, raising questions about what is sacrificed in the process of automation. This essay will examine the implications of this paradigm shift and compare my own perspective with a Utilitarian viewpoint.', '', 'In my opinion, while automation brings undeniable benefits in terms of productivity, it is equally important to consider the human impact of replacing people with machines. While machines may excel at certain tasks, they lack qualities such as emotional inteligence and creativity that are inherent to humans. It is crucial to have a balance between human involvement and automation to preserve our humanity and ensure technology serves as a complement to, rather than a replacement for human efforts.', '', ""The writer's highlights the significance of preserving human associated traits amidst the rise in automation. On the other hand, the Utilitarian perspective weights uefficiency and productivity that machines offer in specific tasks. This distinction underscores the tension between human-centric values and the practical advantages of automation in driving societal progress.""]",,n',,"[[4, 166], [4, 167]]","{'t': 1470221, 'o': [{'o': 'd', 'i': [[4, 166], [4, 167]]}]}",,,
9302,25,357,1470.465,editor,d,"['In modern society, intelligent machines have replaced many tasks once performed by humans, raising questions about what is sacrificed in the process of automation. This essay will examine the implications of this paradigm shift and compare my own perspective with a Utilitarian viewpoint.', '', 'In my opinion, while automation brings undeniable benefits in terms of productivity, it is equally important to consider the human impact of replacing people with machines. While machines may excel at certain tasks, they lack qualities such as emotional inteligence and creativity that are inherent to humans. It is crucial to have a balance between human involvement and automation to preserve our humanity and ensure technology serves as a complement to, rather than a replacement for human efforts.', '', ""The writer's highlights the significance of preserving human associated traits amidst the rise in automation. On the other hand, the Utilitarian perspective weights efficiency and productivity that machines offer in specific tasks. This distinction underscores the tension between human-centric values and the practical advantages of automation in driving societal progress.""]",,u',,"[[4, 165], [4, 166]]","{'t': 1470465, 'o': [{'o': 'd', 'i': [[4, 165], [4, 166]]}]}",,,
9303,25,358,1474.352,editor,i,"['In modern society, intelligent machines have replaced many tasks once performed by humans, raising questions about what is sacrificed in the process of automation. This essay will examine the implications of this paradigm shift and compare my own perspective with a Utilitarian viewpoint.', '', 'In my opinion, while automation brings undeniable benefits in terms of productivity, it is equally important to consider the human impact of replacing people with machines. While machines may excel at certain tasks, they lack qualities such as emotional inteligence and creativity that are inherent to humans. It is crucial to have a balance between human involvement and automation to preserve our humanity and ensure technology serves as a complement to, rather than a replacement for human efforts.', '', ""The writer's highlights the significance of preserving human associated traits amidst the rise in automation. On the other hand, the Utilitarian perspective weights the impact that increaseefficiency and productivity that machines offer in specific tasks. This distinction underscores the tension between human-centric values and the practical advantages of automation in driving societal progress.""]",the impact that increase',,,"[4, 165]","{'t': [1470685, 1474352], 'l': 24, 'o': [{'o': 'i', 'i': [4, 165], 'a': 'the impact that increase'}]}",,,
9304,25,359,1476.03,editor,i,"['In modern society, intelligent machines have replaced many tasks once performed by humans, raising questions about what is sacrificed in the process of automation. This essay will examine the implications of this paradigm shift and compare my own perspective with a Utilitarian viewpoint.', '', 'In my opinion, while automation brings undeniable benefits in terms of productivity, it is equally important to consider the human impact of replacing people with machines. While machines may excel at certain tasks, they lack qualities such as emotional inteligence and creativity that are inherent to humans. It is crucial to have a balance between human involvement and automation to preserve our humanity and ensure technology serves as a complement to, rather than a replacement for human efforts.', '', ""The writer's highlights the significance of preserving human associated traits amidst the rise in automation. On the other hand, the Utilitarian perspective weights the impact that increasedefficiency and productivity that machines offer in specific tasks. This distinction underscores the tension between human-centric values and the practical advantages of automation in driving societal progress.""]",d',,,"[4, 189]","{'t': 1476030, 'o': [{'o': 'i', 'i': [4, 189], 'a': 'd'}]}",,,
9305,25,360,1476.119,editor,i,"['In modern society, intelligent machines have replaced many tasks once performed by humans, raising questions about what is sacrificed in the process of automation. This essay will examine the implications of this paradigm shift and compare my own perspective with a Utilitarian viewpoint.', '', 'In my opinion, while automation brings undeniable benefits in terms of productivity, it is equally important to consider the human impact of replacing people with machines. While machines may excel at certain tasks, they lack qualities such as emotional inteligence and creativity that are inherent to humans. It is crucial to have a balance between human involvement and automation to preserve our humanity and ensure technology serves as a complement to, rather than a replacement for human efforts.', '', ""The writer's highlights the significance of preserving human associated traits amidst the rise in automation. On the other hand, the Utilitarian perspective weights the impact that increased efficiency and productivity that machines offer in specific tasks. This distinction underscores the tension between human-centric values and the practical advantages of automation in driving societal progress.""]",,,,"[4, 190]","{'t': 1476119, 'o': [{'o': 'i', 'i': [4, 190], 'a': ' '}]}",,,
9306,25,361,1477.49,editor,o,"['In modern society, intelligent machines have replaced many tasks once performed by humans, raising questions about what is sacrificed in the process of automation. This essay will examine the implications of this paradigm shift and compare my own perspective with a Utilitarian viewpoint.', '', 'In my opinion, while automation brings undeniable benefits in terms of productivity, it is equally important to consider the human impact of replacing people with machines. While machines may excel at certain tasks, they lack qualities such as emotional inteligence and creativity that are inherent to humans. It is crucial to have a balance between human involvement and automation to preserve our humanity and ensure technology serves as a complement to, rather than a replacement for human efforts.', '', ""The writer's highlights the significance of preserving human associated traits amidst the rise in automation. On the other hand, the Utilitarian perspective weights the impact that increased efficiency and productivity that machines offer in specific tasks. This distinction underscores the tension between human-centric values and the practical advantages of automation in driving societal progress.""]",,,,"[4, 169]","{'t': 1477490, 'o': [{'o': 'o', 'i': [4, 169]}]}",,,
9307,25,362,1478.175,editor,i,"['In modern society, intelligent machines have replaced many tasks once performed by humans, raising questions about what is sacrificed in the process of automation. This essay will examine the implications of this paradigm shift and compare my own perspective with a Utilitarian viewpoint.', '', 'In my opinion, while automation brings undeniable benefits in terms of productivity, it is equally important to consider the human impact of replacing people with machines. While machines may excel at certain tasks, they lack qualities such as emotional inteligence and creativity that are inherent to humans. It is crucial to have a balance between human involvement and automation to preserve our humanity and ensure technology serves as a complement to, rather than a replacement for human efforts.', '', ""The writer's highlights the significance of preserving human associated traits amidst the rise in automation. On the other hand, the Utilitarian perspective weights the bimpact that increased efficiency and productivity that machines offer in specific tasks. This distinction underscores the tension between human-centric values and the practical advantages of automation in driving societal progress.""]",b',,,"[4, 169]","{'t': 1478175, 'o': [{'o': 'i', 'i': [4, 169], 'a': 'b'}]}",,,
9308,25,363,1480.626,editor,i,"['In modern society, intelligent machines have replaced many tasks once performed by humans, raising questions about what is sacrificed in the process of automation. This essay will examine the implications of this paradigm shift and compare my own perspective with a Utilitarian viewpoint.', '', 'In my opinion, while automation brings undeniable benefits in terms of productivity, it is equally important to consider the human impact of replacing people with machines. While machines may excel at certain tasks, they lack qualities such as emotional inteligence and creativity that are inherent to humans. It is crucial to have a balance between human involvement and automation to preserve our humanity and ensure technology serves as a complement to, rather than a replacement for human efforts.', '', ""The writer's highlights the significance of preserving human associated traits amidst the rise in automation. On the other hand, the Utilitarian perspective weights the beneficial impact that increased efficiency and productivity that machines offer in specific tasks. This distinction underscores the tension between human-centric values and the practical advantages of automation in driving societal progress.""]",eneficial ',,,"[4, 170]","{'t': [1478252, 1480626], 'l': 10, 'o': [{'o': 'i', 'i': [4, 170], 'a': 'eneficial '}]}",,,
9309,25,364,1485.302,editor,o,"['In modern society, intelligent machines have replaced many tasks once performed by humans, raising questions about what is sacrificed in the process of automation. This essay will examine the implications of this paradigm shift and compare my own perspective with a Utilitarian viewpoint.', '', 'In my opinion, while automation brings undeniable benefits in terms of productivity, it is equally important to consider the human impact of replacing people with machines. While machines may excel at certain tasks, they lack qualities such as emotional inteligence and creativity that are inherent to humans. It is crucial to have a balance between human involvement and automation to preserve our humanity and ensure technology serves as a complement to, rather than a replacement for human efforts.', '', ""The writer's highlights the significance of preserving human associated traits amidst the rise in automation. On the other hand, the Utilitarian perspective weights the beneficial impact that increased efficiency and productivity that machines offer in specific tasks. This distinction underscores the tension between human-centric values and the practical advantages of automation in driving societal progress.""]",,,,"[4, 230]","{'t': 1485302, 'o': [{'o': 'o', 'i': [4, 230]}]}",,,
9310,25,365,1486.97,editor,l,"['In modern society, intelligent machines have replaced many tasks once performed by humans, raising questions about what is sacrificed in the process of automation. This essay will examine the implications of this paradigm shift and compare my own perspective with a Utilitarian viewpoint.', '', 'In my opinion, while automation brings undeniable benefits in terms of productivity, it is equally important to consider the human impact of replacing people with machines. While machines may excel at certain tasks, they lack qualities such as emotional inteligence and creativity that are inherent to humans. It is crucial to have a balance between human involvement and automation to preserve our humanity and ensure technology serves as a complement to, rather than a replacement for human efforts.', '', ""The writer's highlights the significance of preserving human associated traits amidst the rise in automation. On the other hand, the Utilitarian perspective weights the beneficial impact that increased efficiency and productivity that machines offer in specific tasks. This distinction underscores the tension between human-centric values and the practical advantages of automation in driving societal progress.""]",,,that machines offer in specific tasks',"[[4, 230], [4, 267]]","{'t': [1485449, 1486970], 'l': 44, 'o': [{'o': 'l', 'i': [4, 230], 's': [[4, [[231, 235], [310, 309], [307, 305], [303, 302], [300, 299], 297, 295, 293, 289, [287, 286], 284, 279, 276, [195, 194], [192, 183], [182, 184], [262, 267]]]]}]}",,,
9311,25,366,1487.612,editor,d,"['In modern society, intelligent machines have replaced many tasks once performed by humans, raising questions about what is sacrificed in the process of automation. This essay will examine the implications of this paradigm shift and compare my own perspective with a Utilitarian viewpoint.', '', 'In my opinion, while automation brings undeniable benefits in terms of productivity, it is equally important to consider the human impact of replacing people with machines. While machines may excel at certain tasks, they lack qualities such as emotional inteligence and creativity that are inherent to humans. It is crucial to have a balance between human involvement and automation to preserve our humanity and ensure technology serves as a complement to, rather than a replacement for human efforts.', '', ""The writer's highlights the significance of preserving human associated traits amidst the rise in automation. On the other hand, the Utilitarian perspective weights the beneficial impact that increased efficiency and productivity . This distinction underscores the tension between human-centric values and the practical advantages of automation in driving societal progress.""]",,that machines offer in specific tasks',,"[[4, 230], [4, 267]]","{'t': 1487612, 'o': [{'o': 'd', 'i': [[4, 230], [4, 267]]}]}",,,
9312,25,367,1489.077,editor,i,"['In modern society, intelligent machines have replaced many tasks once performed by humans, raising questions about what is sacrificed in the process of automation. This essay will examine the implications of this paradigm shift and compare my own perspective with a Utilitarian viewpoint.', '', 'In my opinion, while automation brings undeniable benefits in terms of productivity, it is equally important to consider the human impact of replacing people with machines. While machines may excel at certain tasks, they lack qualities such as emotional inteligence and creativity that are inherent to humans. It is crucial to have a balance between human involvement and automation to preserve our humanity and ensure technology serves as a complement to, rather than a replacement for human efforts.', '', ""The writer's highlights the significance of preserving human associated traits amidst the rise in automation. On the other hand, the Utilitarian perspective weights the beneficial impact that increased efficiency and productivity o. This distinction underscores the tension between human-centric values and the practical advantages of automation in driving societal progress.""]",o',,,"[4, 230]","{'t': 1489077, 'o': [{'o': 'i', 'i': [4, 230], 'a': 'o'}]}",,,
9313,25,368,1491.073,editor,d,"['In modern society, intelligent machines have replaced many tasks once performed by humans, raising questions about what is sacrificed in the process of automation. This essay will examine the implications of this paradigm shift and compare my own perspective with a Utilitarian viewpoint.', '', 'In my opinion, while automation brings undeniable benefits in terms of productivity, it is equally important to consider the human impact of replacing people with machines. While machines may excel at certain tasks, they lack qualities such as emotional inteligence and creativity that are inherent to humans. It is crucial to have a balance between human involvement and automation to preserve our humanity and ensure technology serves as a complement to, rather than a replacement for human efforts.', '', ""The writer's highlights the significance of preserving human associated traits amidst the rise in automation. On the other hand, the Utilitarian perspective weights the beneficial impact that increased efficiency and productivity . This distinction underscores the tension between human-centric values and the practical advantages of automation in driving societal progress.""]",,o',,"[[4, 230], [4, 231]]","{'t': 1491073, 'o': [{'o': 'd', 'i': [[4, 230], [4, 231]]}]}",,,
9314,25,369,1499.777,editor,i,"['In modern society, intelligent machines have replaced many tasks once performed by humans, raising questions about what is sacrificed in the process of automation. This essay will examine the implications of this paradigm shift and compare my own perspective with a Utilitarian viewpoint.', '', 'In my opinion, while automation brings undeniable benefits in terms of productivity, it is equally important to consider the human impact of replacing people with machines. While machines may excel at certain tasks, they lack qualities such as emotional inteligence and creativity that are inherent to humans. It is crucial to have a balance between human involvement and automation to preserve our humanity and ensure technology serves as a complement to, rather than a replacement for human efforts.', '', ""The writer's highlights the significance of preserving human associated traits amidst the rise in automation. On the other hand, the Utilitarian perspective weights the beneficial impact that increased efficiency and productivity h. This distinction underscores the tension between human-centric values and the practical advantages of automation in driving societal progress.""]",h',,,"[4, 230]","{'t': 1499777, 'o': [{'o': 'i', 'i': [4, 230], 'a': 'h'}]}",,,
9315,25,370,1500.803,editor,i,"['In modern society, intelligent machines have replaced many tasks once performed by humans, raising questions about what is sacrificed in the process of automation. This essay will examine the implications of this paradigm shift and compare my own perspective with a Utilitarian viewpoint.', '', 'In my opinion, while automation brings undeniable benefits in terms of productivity, it is equally important to consider the human impact of replacing people with machines. While machines may excel at certain tasks, they lack qualities such as emotional inteligence and creativity that are inherent to humans. It is crucial to have a balance between human involvement and automation to preserve our humanity and ensure technology serves as a complement to, rather than a replacement for human efforts.', '', ""The writer's highlights the significance of preserving human associated traits amidst the rise in automation. On the other hand, the Utilitarian perspective weights the beneficial impact that increased efficiency and productivity have . This distinction underscores the tension between human-centric values and the practical advantages of automation in driving societal progress.""]",ave ',,,"[4, 231]","{'t': [1499975, 1500803], 'l': 4, 'o': [{'o': 'i', 'i': [4, 231], 'a': 'ave '}]}",,,
9316,25,371,1505.675,editor,d,"['In modern society, intelligent machines have replaced many tasks once performed by humans, raising questions about what is sacrificed in the process of automation. This essay will examine the implications of this paradigm shift and compare my own perspective with a Utilitarian viewpoint.', '', 'In my opinion, while automation brings undeniable benefits in terms of productivity, it is equally important to consider the human impact of replacing people with machines. While machines may excel at certain tasks, they lack qualities such as emotional inteligence and creativity that are inherent to humans. It is crucial to have a balance between human involvement and automation to preserve our humanity and ensure technology serves as a complement to, rather than a replacement for human efforts.', '', ""The writer's highlights the significance of preserving human associated traits amidst the rise in automation. On the other hand, the Utilitarian perspective weights the beneficial impact that increased efficiency and productivity hav. This distinction underscores the tension between human-centric values and the practical advantages of automation in driving societal progress.""]",,e ',,"[[4, 233], [4, 235]]","{'t': [1502765, 1505675], 'l': 2, 'o': [{'o': 'd', 'i': [[4, 233], [4, 235]], 'd': [[1, 2]]}]}",,,
9317,25,372,1506.427,editor,d,"['In modern society, intelligent machines have replaced many tasks once performed by humans, raising questions about what is sacrificed in the process of automation. This essay will examine the implications of this paradigm shift and compare my own perspective with a Utilitarian viewpoint.', '', 'In my opinion, while automation brings undeniable benefits in terms of productivity, it is equally important to consider the human impact of replacing people with machines. While machines may excel at certain tasks, they lack qualities such as emotional inteligence and creativity that are inherent to humans. It is crucial to have a balance between human involvement and automation to preserve our humanity and ensure technology serves as a complement to, rather than a replacement for human efforts.', '', ""The writer's highlights the significance of preserving human associated traits amidst the rise in automation. On the other hand, the Utilitarian perspective weights the beneficial impact that increased efficiency and productivity . This distinction underscores the tension between human-centric values and the practical advantages of automation in driving societal progress.""]",,hav',,"[[4, 230], [4, 233]]","{'t': [1505858, 1506427], 'l': 3, 'o': [{'o': 'd', 'i': [[4, 230], [4, 233]], 'd': [[1, 3]]}]}",,,
9318,25,373,1510.832,editor,i,"['In modern society, intelligent machines have replaced many tasks once performed by humans, raising questions about what is sacrificed in the process of automation. This essay will examine the implications of this paradigm shift and compare my own perspective with a Utilitarian viewpoint.', '', 'In my opinion, while automation brings undeniable benefits in terms of productivity, it is equally important to consider the human impact of replacing people with machines. While machines may excel at certain tasks, they lack qualities such as emotional inteligence and creativity that are inherent to humans. It is crucial to have a balance between human involvement and automation to preserve our humanity and ensure technology serves as a complement to, rather than a replacement for human efforts.', '', ""The writer's highlights the significance of preserving human associated traits amidst the rise in automation. On the other hand, the Utilitarian perspective weights the beneficial impact that increased efficiency and productivity from machines has on society. This distinction underscores the tension between human-centric values and the practical advantages of automation in driving societal progress.""]",from machines has on society',,,"[4, 230]","{'t': [1506524, 1510832], 'l': 28, 'o': [{'o': 'i', 'i': [4, 230], 'a': 'from machines has on society'}]}",,,
9319,25,374,1522.761,editor,o,"['In modern society, intelligent machines have replaced many tasks once performed by humans, raising questions about what is sacrificed in the process of automation. This essay will examine the implications of this paradigm shift and compare my own perspective with a Utilitarian viewpoint.', '', 'In my opinion, while automation brings undeniable benefits in terms of productivity, it is equally important to consider the human impact of replacing people with machines. While machines may excel at certain tasks, they lack qualities such as emotional inteligence and creativity that are inherent to humans. It is crucial to have a balance between human involvement and automation to preserve our humanity and ensure technology serves as a complement to, rather than a replacement for human efforts.', '', ""The writer's highlights the significance of preserving human associated traits amidst the rise in automation. On the other hand, the Utilitarian perspective weights the beneficial impact that increased efficiency and productivity from machines has on society. This distinction underscores the tension between human-centric values and the practical advantages of automation in driving societal progress.""]",,,,"[4, 264]","{'t': 1522761, 'o': [{'o': 'o', 'i': [4, 264]}]}",,,
9320,25,375,1524.306,editor,o,"['In modern society, intelligent machines have replaced many tasks once performed by humans, raising questions about what is sacrificed in the process of automation. This essay will examine the implications of this paradigm shift and compare my own perspective with a Utilitarian viewpoint.', '', 'In my opinion, while automation brings undeniable benefits in terms of productivity, it is equally important to consider the human impact of replacing people with machines. While machines may excel at certain tasks, they lack qualities such as emotional inteligence and creativity that are inherent to humans. It is crucial to have a balance between human involvement and automation to preserve our humanity and ensure technology serves as a complement to, rather than a replacement for human efforts.', '', ""The writer's highlights the significance of preserving human associated traits amidst the rise in automation. On the other hand, the Utilitarian perspective weights the beneficial impact that increased efficiency and productivity from machines has on society. This distinction underscores the tension between human-centric values and the practical advantages of automation in driving societal progress.""]",,,,"[4, 287]","{'t': 1524306, 'o': [{'o': 'o', 'i': [4, 287]}]}",,,
9321,25,376,1525.543,editor,l,"['In modern society, intelligent machines have replaced many tasks once performed by humans, raising questions about what is sacrificed in the process of automation. This essay will examine the implications of this paradigm shift and compare my own perspective with a Utilitarian viewpoint.', '', 'In my opinion, while automation brings undeniable benefits in terms of productivity, it is equally important to consider the human impact of replacing people with machines. While machines may excel at certain tasks, they lack qualities such as emotional inteligence and creativity that are inherent to humans. It is crucial to have a balance between human involvement and automation to preserve our humanity and ensure technology serves as a complement to, rather than a replacement for human efforts.', '', ""The writer's highlights the significance of preserving human associated traits amidst the rise in automation. On the other hand, the Utilitarian perspective weights the beneficial impact that increased efficiency and productivity from machines has on society. This distinction underscores the tension between human-centric values and the practical advantages of automation in driving societal progress.""]",,,derscores',"[[4, 288], [4, 279]]","{'t': [1524857, 1525543], 'l': 10, 'o': [{'o': 'l', 'i': [4, 288], 's': [[4, [[288, 279]]]]}]}",,,
9322,25,377,1527.271,editor,d,"['In modern society, intelligent machines have replaced many tasks once performed by humans, raising questions about what is sacrificed in the process of automation. This essay will examine the implications of this paradigm shift and compare my own perspective with a Utilitarian viewpoint.', '', 'In my opinion, while automation brings undeniable benefits in terms of productivity, it is equally important to consider the human impact of replacing people with machines. While machines may excel at certain tasks, they lack qualities such as emotional inteligence and creativity that are inherent to humans. It is crucial to have a balance between human involvement and automation to preserve our humanity and ensure technology serves as a complement to, rather than a replacement for human efforts.', '', ""The writer's highlights the significance of preserving human associated traits amidst the rise in automation. On the other hand, the Utilitarian perspective weights the beneficial impact that increased efficiency and productivity from machines has on society. This distinction un the tension between human-centric values and the practical advantages of automation in driving societal progress.""]",,derscores',,"[[4, 279], [4, 288]]","{'t': 1527271, 'o': [{'o': 'd', 'i': [[4, 279], [4, 288]]}]}",,,
9323,25,378,1528.028,editor,d,"['In modern society, intelligent machines have replaced many tasks once performed by humans, raising questions about what is sacrificed in the process of automation. This essay will examine the implications of this paradigm shift and compare my own perspective with a Utilitarian viewpoint.', '', 'In my opinion, while automation brings undeniable benefits in terms of productivity, it is equally important to consider the human impact of replacing people with machines. While machines may excel at certain tasks, they lack qualities such as emotional inteligence and creativity that are inherent to humans. It is crucial to have a balance between human involvement and automation to preserve our humanity and ensure technology serves as a complement to, rather than a replacement for human efforts.', '', ""The writer's highlights the significance of preserving human associated traits amidst the rise in automation. On the other hand, the Utilitarian perspective weights the beneficial impact that increased efficiency and productivity from machines has on society. This distinction  the tension between human-centric values and the practical advantages of automation in driving societal progress.""]",,un',,"[[4, 277], [4, 279]]","{'t': [1527836, 1528028], 'l': 2, 'o': [{'o': 'd', 'i': [[4, 277], [4, 279]], 'd': [[1, 2]]}]}",,,
9324,25,379,1533.676,editor,i,"['In modern society, intelligent machines have replaced many tasks once performed by humans, raising questions about what is sacrificed in the process of automation. This essay will examine the implications of this paradigm shift and compare my own perspective with a Utilitarian viewpoint.', '', 'In my opinion, while automation brings undeniable benefits in terms of productivity, it is equally important to consider the human impact of replacing people with machines. While machines may excel at certain tasks, they lack qualities such as emotional inteligence and creativity that are inherent to humans. It is crucial to have a balance between human involvement and automation to preserve our humanity and ensure technology serves as a complement to, rather than a replacement for human efforts.', '', ""The writer's highlights the significance of preserving human associated traits amidst the rise in automation. On the other hand, the Utilitarian perspective weights the beneficial impact that increased efficiency and productivity from machines has on society. This distinction e the tension between human-centric values and the practical advantages of automation in driving societal progress.""]",e',,,"[4, 277]","{'t': 1533676, 'o': [{'o': 'i', 'i': [4, 277], 'a': 'e'}]}",,,
9325,25,380,1534.27,editor,d,"['In modern society, intelligent machines have replaced many tasks once performed by humans, raising questions about what is sacrificed in the process of automation. This essay will examine the implications of this paradigm shift and compare my own perspective with a Utilitarian viewpoint.', '', 'In my opinion, while automation brings undeniable benefits in terms of productivity, it is equally important to consider the human impact of replacing people with machines. While machines may excel at certain tasks, they lack qualities such as emotional inteligence and creativity that are inherent to humans. It is crucial to have a balance between human involvement and automation to preserve our humanity and ensure technology serves as a complement to, rather than a replacement for human efforts.', '', ""The writer's highlights the significance of preserving human associated traits amidst the rise in automation. On the other hand, the Utilitarian perspective weights the beneficial impact that increased efficiency and productivity from machines has on society. This distinction  the tension between human-centric values and the practical advantages of automation in driving societal progress.""]",,e',,"[[4, 277], [4, 278]]","{'t': 1534270, 'o': [{'o': 'd', 'i': [[4, 277], [4, 278]]}]}",,,
9326,25,381,1535.587,editor,i,"['In modern society, intelligent machines have replaced many tasks once performed by humans, raising questions about what is sacrificed in the process of automation. This essay will examine the implications of this paradigm shift and compare my own perspective with a Utilitarian viewpoint.', '', 'In my opinion, while automation brings undeniable benefits in terms of productivity, it is equally important to consider the human impact of replacing people with machines. While machines may excel at certain tasks, they lack qualities such as emotional inteligence and creativity that are inherent to humans. It is crucial to have a balance between human involvement and automation to preserve our humanity and ensure technology serves as a complement to, rather than a replacement for human efforts.', '', ""The writer's highlights the significance of preserving human associated traits amidst the rise in automation. On the other hand, the Utilitarian perspective weights the beneficial impact that increased efficiency and productivity from machines has on society. This distinction amplifies the tension between human-centric values and the practical advantages of automation in driving societal progress.""]",amplifies',,,"[4, 277]","{'t': [1534483, 1535587], 'l': 9, 'o': [{'o': 'i', 'i': [4, 277], 'a': 'amplifies'}]}",,,
9327,25,382,1545.618,editor,o,"['In modern society, intelligent machines have replaced many tasks once performed by humans, raising questions about what is sacrificed in the process of automation. This essay will examine the implications of this paradigm shift and compare my own perspective with a Utilitarian viewpoint.', '', 'In my opinion, while automation brings undeniable benefits in terms of productivity, it is equally important to consider the human impact of replacing people with machines. While machines may excel at certain tasks, they lack qualities such as emotional inteligence and creativity that are inherent to humans. It is crucial to have a balance between human involvement and automation to preserve our humanity and ensure technology serves as a complement to, rather than a replacement for human efforts.', '', ""The writer's highlights the significance of preserving human associated traits amidst the rise in automation. On the other hand, the Utilitarian perspective weights the beneficial impact that increased efficiency and productivity from machines has on society. This distinction amplifies the tension between human-centric values and the practical advantages of automation in driving societal progress.""]",,,,"[4, 260]","{'t': 1545618, 'o': [{'o': 'o', 'i': [4, 260]}]}",,,
9328,25,383,1549.36,editor,i,"['In modern society, intelligent machines have replaced many tasks once performed by humans, raising questions about what is sacrificed in the process of automation. This essay will examine the implications of this paradigm shift and compare my own perspective with a Utilitarian viewpoint.', '', 'In my opinion, while automation brings undeniable benefits in terms of productivity, it is equally important to consider the human impact of replacing people with machines. While machines may excel at certain tasks, they lack qualities such as emotional inteligence and creativity that are inherent to humans. It is crucial to have a balance between human involvement and automation to preserve our humanity and ensure technology serves as a complement to, rather than a replacement for human efforts.', '', ""The writer's highlights the significance of preserving human associated traits amidst the rise in automation. On the other hand, the Utilitarian perspective weights the beneficial impact that increased efficiency and productivity from machines has on society. TThis distinction amplifies the tension between human-centric values and the practical advantages of automation in driving societal progress.""]",T',,,"[4, 260]","{'t': 1549360, 'o': [{'o': 'i', 'i': [4, 260], 'a': 'T'}]}",,,
9329,25,384,1550.979,editor,i,"['In modern society, intelligent machines have replaced many tasks once performed by humans, raising questions about what is sacrificed in the process of automation. This essay will examine the implications of this paradigm shift and compare my own perspective with a Utilitarian viewpoint.', '', 'In my opinion, while automation brings undeniable benefits in terms of productivity, it is equally important to consider the human impact of replacing people with machines. While machines may excel at certain tasks, they lack qualities such as emotional inteligence and creativity that are inherent to humans. It is crucial to have a balance between human involvement and automation to preserve our humanity and ensure technology serves as a complement to, rather than a replacement for human efforts.', '', ""The writer's highlights the significance of preserving human associated traits amidst the rise in automation. On the other hand, the Utilitarian perspective weights the beneficial impact that increased efficiency and productivity from machines has on society. The UThis distinction amplifies the tension between human-centric values and the practical advantages of automation in driving societal progress.""]",he U',,,"[4, 261]","{'t': [1550356, 1550979], 'l': 4, 'o': [{'o': 'i', 'i': [4, 261], 'a': 'he U'}]}",,,
9330,25,385,1552.409,editor,d,"['In modern society, intelligent machines have replaced many tasks once performed by humans, raising questions about what is sacrificed in the process of automation. This essay will examine the implications of this paradigm shift and compare my own perspective with a Utilitarian viewpoint.', '', 'In my opinion, while automation brings undeniable benefits in terms of productivity, it is equally important to consider the human impact of replacing people with machines. While machines may excel at certain tasks, they lack qualities such as emotional inteligence and creativity that are inherent to humans. It is crucial to have a balance between human involvement and automation to preserve our humanity and ensure technology serves as a complement to, rather than a replacement for human efforts.', '', ""The writer's highlights the significance of preserving human associated traits amidst the rise in automation. On the other hand, the Utilitarian perspective weights the beneficial impact that increased efficiency and productivity from machines has on society. The This distinction amplifies the tension between human-centric values and the practical advantages of automation in driving societal progress.""]",,U',,"[[4, 264], [4, 265]]","{'t': 1552409, 'o': [{'o': 'd', 'i': [[4, 264], [4, 265]]}]}",,,
9331,25,386,1553.274,editor,d,"['In modern society, intelligent machines have replaced many tasks once performed by humans, raising questions about what is sacrificed in the process of automation. This essay will examine the implications of this paradigm shift and compare my own perspective with a Utilitarian viewpoint.', '', 'In my opinion, while automation brings undeniable benefits in terms of productivity, it is equally important to consider the human impact of replacing people with machines. While machines may excel at certain tasks, they lack qualities such as emotional inteligence and creativity that are inherent to humans. It is crucial to have a balance between human involvement and automation to preserve our humanity and ensure technology serves as a complement to, rather than a replacement for human efforts.', '', ""The writer's highlights the significance of preserving human associated traits amidst the rise in automation. On the other hand, the Utilitarian perspective weights the beneficial impact that increased efficiency and productivity from machines has on society.This distinction amplifies the tension between human-centric values and the practical advantages of automation in driving societal progress.""]",,The ',,"[[4, 259], [4, 264]]","{'t': [1552580, 1553274], 'l': 5, 'o': [{'o': 'd', 'i': [[4, 259], [4, 264]], 'd': [[1, 5]]}]}",,,
9332,25,387,1554.822,editor,i,"['In modern society, intelligent machines have replaced many tasks once performed by humans, raising questions about what is sacrificed in the process of automation. This essay will examine the implications of this paradigm shift and compare my own perspective with a Utilitarian viewpoint.', '', 'In my opinion, while automation brings undeniable benefits in terms of productivity, it is equally important to consider the human impact of replacing people with machines. While machines may excel at certain tasks, they lack qualities such as emotional inteligence and creativity that are inherent to humans. It is crucial to have a balance between human involvement and automation to preserve our humanity and ensure technology serves as a complement to, rather than a replacement for human efforts.', '', ""The writer's highlights the significance of preserving human associated traits amidst the rise in automation. On the other hand, the Utilitarian perspective weights the beneficial impact that increased efficiency and productivity from machines has on society. UtilitiThis distinction amplifies the tension between human-centric values and the practical advantages of automation in driving societal progress.""]",Utiliti',,,"[4, 259]","{'t': [1553663, 1554822], 'l': 8, 'o': [{'o': 'i', 'i': [4, 259], 'a': ' Utiliti'}]}",,,
9333,25,388,1555.314,editor,d,"['In modern society, intelligent machines have replaced many tasks once performed by humans, raising questions about what is sacrificed in the process of automation. This essay will examine the implications of this paradigm shift and compare my own perspective with a Utilitarian viewpoint.', '', 'In my opinion, while automation brings undeniable benefits in terms of productivity, it is equally important to consider the human impact of replacing people with machines. While machines may excel at certain tasks, they lack qualities such as emotional inteligence and creativity that are inherent to humans. It is crucial to have a balance between human involvement and automation to preserve our humanity and ensure technology serves as a complement to, rather than a replacement for human efforts.', '', ""The writer's highlights the significance of preserving human associated traits amidst the rise in automation. On the other hand, the Utilitarian perspective weights the beneficial impact that increased efficiency and productivity from machines has on society. UtilitThis distinction amplifies the tension between human-centric values and the practical advantages of automation in driving societal progress.""]",,i',,"[[4, 266], [4, 267]]","{'t': 1555314, 'o': [{'o': 'd', 'i': [[4, 266], [4, 267]]}]}",,,
9334,25,389,1556.746,editor,i,"['In modern society, intelligent machines have replaced many tasks once performed by humans, raising questions about what is sacrificed in the process of automation. This essay will examine the implications of this paradigm shift and compare my own perspective with a Utilitarian viewpoint.', '', 'In my opinion, while automation brings undeniable benefits in terms of productivity, it is equally important to consider the human impact of replacing people with machines. While machines may excel at certain tasks, they lack qualities such as emotional inteligence and creativity that are inherent to humans. It is crucial to have a balance between human involvement and automation to preserve our humanity and ensure technology serves as a complement to, rather than a replacement for human efforts.', '', ""The writer's highlights the significance of preserving human associated traits amidst the rise in automation. On the other hand, the Utilitarian perspective weights the beneficial impact that increased efficiency and productivity from machines has on society. Utilitarianism This distinction amplifies the tension between human-centric values and the practical advantages of automation in driving societal progress.""]",arianism ',,,"[4, 266]","{'t': [1555490, 1556746], 'l': 9, 'o': [{'o': 'i', 'i': [4, 266], 'a': 'arianism '}]}",,,
9335,25,390,1558.814,editor,i,"['In modern society, intelligent machines have replaced many tasks once performed by humans, raising questions about what is sacrificed in the process of automation. This essay will examine the implications of this paradigm shift and compare my own perspective with a Utilitarian viewpoint.', '', 'In my opinion, while automation brings undeniable benefits in terms of productivity, it is equally important to consider the human impact of replacing people with machines. While machines may excel at certain tasks, they lack qualities such as emotional inteligence and creativity that are inherent to humans. It is crucial to have a balance between human involvement and automation to preserve our humanity and ensure technology serves as a complement to, rather than a replacement for human efforts.', '', ""The writer's highlights the significance of preserving human associated traits amidst the rise in automation. On the other hand, the Utilitarian perspective weights the beneficial impact that increased efficiency and productivity from machines has on society. Utilitarianism cThis distinction amplifies the tension between human-centric values and the practical advantages of automation in driving societal progress.""]",c',,,"[4, 275]","{'t': 1558814, 'o': [{'o': 'i', 'i': [4, 275], 'a': 'c'}]}",,,
9336,25,391,1559.108,editor,i,"['In modern society, intelligent machines have replaced many tasks once performed by humans, raising questions about what is sacrificed in the process of automation. This essay will examine the implications of this paradigm shift and compare my own perspective with a Utilitarian viewpoint.', '', 'In my opinion, while automation brings undeniable benefits in terms of productivity, it is equally important to consider the human impact of replacing people with machines. While machines may excel at certain tasks, they lack qualities such as emotional inteligence and creativity that are inherent to humans. It is crucial to have a balance between human involvement and automation to preserve our humanity and ensure technology serves as a complement to, rather than a replacement for human efforts.', '', ""The writer's highlights the significance of preserving human associated traits amidst the rise in automation. On the other hand, the Utilitarian perspective weights the beneficial impact that increased efficiency and productivity from machines has on society. Utilitarianism canThis distinction amplifies the tension between human-centric values and the practical advantages of automation in driving societal progress.""]",an',,,"[4, 276]","{'t': [1559056, 1559108], 'l': 2, 'o': [{'o': 'i', 'i': [4, 276], 'a': 'an'}]}",,,
9337,25,392,1561.363,editor,d,"['In modern society, intelligent machines have replaced many tasks once performed by humans, raising questions about what is sacrificed in the process of automation. This essay will examine the implications of this paradigm shift and compare my own perspective with a Utilitarian viewpoint.', '', 'In my opinion, while automation brings undeniable benefits in terms of productivity, it is equally important to consider the human impact of replacing people with machines. While machines may excel at certain tasks, they lack qualities such as emotional inteligence and creativity that are inherent to humans. It is crucial to have a balance between human involvement and automation to preserve our humanity and ensure technology serves as a complement to, rather than a replacement for human efforts.', '', ""The writer's highlights the significance of preserving human associated traits amidst the rise in automation. On the other hand, the Utilitarian perspective weights the beneficial impact that increased efficiency and productivity from machines has on society. Utilitarianism caThis distinction amplifies the tension between human-centric values and the practical advantages of automation in driving societal progress.""]",,n',,"[[4, 277], [4, 278]]","{'t': 1561363, 'o': [{'o': 'd', 'i': [[4, 277], [4, 278]]}]}",,,
9338,25,393,1561.773,editor,d,"['In modern society, intelligent machines have replaced many tasks once performed by humans, raising questions about what is sacrificed in the process of automation. This essay will examine the implications of this paradigm shift and compare my own perspective with a Utilitarian viewpoint.', '', 'In my opinion, while automation brings undeniable benefits in terms of productivity, it is equally important to consider the human impact of replacing people with machines. While machines may excel at certain tasks, they lack qualities such as emotional inteligence and creativity that are inherent to humans. It is crucial to have a balance between human involvement and automation to preserve our humanity and ensure technology serves as a complement to, rather than a replacement for human efforts.', '', ""The writer's highlights the significance of preserving human associated traits amidst the rise in automation. On the other hand, the Utilitarian perspective weights the beneficial impact that increased efficiency and productivity from machines has on society. Utilitarianism This distinction amplifies the tension between human-centric values and the practical advantages of automation in driving societal progress.""]",,ca',,"[[4, 275], [4, 277]]","{'t': [1561585, 1561773], 'l': 2, 'o': [{'o': 'd', 'i': [[4, 275], [4, 277]], 'd': [[1, 2]]}]}",,,
9339,25,394,1563.603,editor,i,"['In modern society, intelligent machines have replaced many tasks once performed by humans, raising questions about what is sacrificed in the process of automation. This essay will examine the implications of this paradigm shift and compare my own perspective with a Utilitarian viewpoint.', '', 'In my opinion, while automation brings undeniable benefits in terms of productivity, it is equally important to consider the human impact of replacing people with machines. While machines may excel at certain tasks, they lack qualities such as emotional inteligence and creativity that are inherent to humans. It is crucial to have a balance between human involvement and automation to preserve our humanity and ensure technology serves as a complement to, rather than a replacement for human efforts.', '', ""The writer's highlights the significance of preserving human associated traits amidst the rise in automation. On the other hand, the Utilitarian perspective weights the beneficial impact that increased efficiency and productivity from machines has on society. Utilitarianism is ofrenThis distinction amplifies the tension between human-centric values and the practical advantages of automation in driving societal progress.""]",is ofren',,,"[4, 275]","{'t': [1562758, 1563603], 'l': 8, 'o': [{'o': 'i', 'i': [4, 275], 'a': 'is ofren'}]}",,,
9340,25,395,1564.387,editor,d,"['In modern society, intelligent machines have replaced many tasks once performed by humans, raising questions about what is sacrificed in the process of automation. This essay will examine the implications of this paradigm shift and compare my own perspective with a Utilitarian viewpoint.', '', 'In my opinion, while automation brings undeniable benefits in terms of productivity, it is equally important to consider the human impact of replacing people with machines. While machines may excel at certain tasks, they lack qualities such as emotional inteligence and creativity that are inherent to humans. It is crucial to have a balance between human involvement and automation to preserve our humanity and ensure technology serves as a complement to, rather than a replacement for human efforts.', '', ""The writer's highlights the significance of preserving human associated traits amidst the rise in automation. On the other hand, the Utilitarian perspective weights the beneficial impact that increased efficiency and productivity from machines has on society. Utilitarianism is ofThis distinction amplifies the tension between human-centric values and the practical advantages of automation in driving societal progress.""]",,ren',,"[[4, 280], [4, 283]]","{'t': [1564028, 1564387], 'l': 3, 'o': [{'o': 'd', 'i': [[4, 280], [4, 283]], 'd': [[1, 3]]}]}",,,
9341,25,396,1565.261,editor,i,"['In modern society, intelligent machines have replaced many tasks once performed by humans, raising questions about what is sacrificed in the process of automation. This essay will examine the implications of this paradigm shift and compare my own perspective with a Utilitarian viewpoint.', '', 'In my opinion, while automation brings undeniable benefits in terms of productivity, it is equally important to consider the human impact of replacing people with machines. While machines may excel at certain tasks, they lack qualities such as emotional inteligence and creativity that are inherent to humans. It is crucial to have a balance between human involvement and automation to preserve our humanity and ensure technology serves as a complement to, rather than a replacement for human efforts.', '', ""The writer's highlights the significance of preserving human associated traits amidst the rise in automation. On the other hand, the Utilitarian perspective weights the beneficial impact that increased efficiency and productivity from machines has on society. Utilitarianism is often soThis distinction amplifies the tension between human-centric values and the practical advantages of automation in driving societal progress.""]",ten so',,,"[4, 280]","{'t': [1564551, 1565261], 'l': 6, 'o': [{'o': 'i', 'i': [4, 280], 'a': 'ten so'}]}",,,
9342,25,397,1565.793,editor,d,"['In modern society, intelligent machines have replaced many tasks once performed by humans, raising questions about what is sacrificed in the process of automation. This essay will examine the implications of this paradigm shift and compare my own perspective with a Utilitarian viewpoint.', '', 'In my opinion, while automation brings undeniable benefits in terms of productivity, it is equally important to consider the human impact of replacing people with machines. While machines may excel at certain tasks, they lack qualities such as emotional inteligence and creativity that are inherent to humans. It is crucial to have a balance between human involvement and automation to preserve our humanity and ensure technology serves as a complement to, rather than a replacement for human efforts.', '', ""The writer's highlights the significance of preserving human associated traits amidst the rise in automation. On the other hand, the Utilitarian perspective weights the beneficial impact that increased efficiency and productivity from machines has on society. Utilitarianism is often This distinction amplifies the tension between human-centric values and the practical advantages of automation in driving societal progress.""]",,so',,"[[4, 284], [4, 286]]","{'t': [1565630, 1565793], 'l': 2, 'o': [{'o': 'd', 'i': [[4, 284], [4, 286]], 'd': [[1, 2]]}]}",,,
9343,25,398,1569.522,editor,i,"['In modern society, intelligent machines have replaced many tasks once performed by humans, raising questions about what is sacrificed in the process of automation. This essay will examine the implications of this paradigm shift and compare my own perspective with a Utilitarian viewpoint.', '', 'In my opinion, while automation brings undeniable benefits in terms of productivity, it is equally important to consider the human impact of replacing people with machines. While machines may excel at certain tasks, they lack qualities such as emotional inteligence and creativity that are inherent to humans. It is crucial to have a balance between human involvement and automation to preserve our humanity and ensure technology serves as a complement to, rather than a replacement for human efforts.', '', ""The writer's highlights the significance of preserving human associated traits amidst the rise in automation. On the other hand, the Utilitarian perspective weights the beneficial impact that increased efficiency and productivity from machines has on society. Utilitarianism is often associated with measuring tThis distinction amplifies the tension between human-centric values and the practical advantages of automation in driving societal progress.""]",associated with measuring t',,,"[4, 284]","{'t': [1565894, 1569522], 'l': 27, 'o': [{'o': 'i', 'i': [4, 284], 'a': 'associated with measuring t'}]}",,,
9344,25,399,1571.062,editor,d,"['In modern society, intelligent machines have replaced many tasks once performed by humans, raising questions about what is sacrificed in the process of automation. This essay will examine the implications of this paradigm shift and compare my own perspective with a Utilitarian viewpoint.', '', 'In my opinion, while automation brings undeniable benefits in terms of productivity, it is equally important to consider the human impact of replacing people with machines. While machines may excel at certain tasks, they lack qualities such as emotional inteligence and creativity that are inherent to humans. It is crucial to have a balance between human involvement and automation to preserve our humanity and ensure technology serves as a complement to, rather than a replacement for human efforts.', '', ""The writer's highlights the significance of preserving human associated traits amidst the rise in automation. On the other hand, the Utilitarian perspective weights the beneficial impact that increased efficiency and productivity from machines has on society. Utilitarianism is often associated with measuring This distinction amplifies the tension between human-centric values and the practical advantages of automation in driving societal progress.""]",,t',,"[[4, 310], [4, 311]]","{'t': 1571062, 'o': [{'o': 'd', 'i': [[4, 310], [4, 311]]}]}",,,
9345,25,400,1572.692,editor,d,"['In modern society, intelligent machines have replaced many tasks once performed by humans, raising questions about what is sacrificed in the process of automation. This essay will examine the implications of this paradigm shift and compare my own perspective with a Utilitarian viewpoint.', '', 'In my opinion, while automation brings undeniable benefits in terms of productivity, it is equally important to consider the human impact of replacing people with machines. While machines may excel at certain tasks, they lack qualities such as emotional inteligence and creativity that are inherent to humans. It is crucial to have a balance between human involvement and automation to preserve our humanity and ensure technology serves as a complement to, rather than a replacement for human efforts.', '', ""The writer's highlights the significance of preserving human associated traits amidst the rise in automation. On the other hand, the Utilitarian perspective weights the beneficial impact that increased efficiency and productivity from machines has on society. Utilitarianism is often associated with This distinction amplifies the tension between human-centric values and the practical advantages of automation in driving societal progress.""]",,measuring ',,"[[4, 300], [4, 310]]","{'t': [1571570, 1572692], 'l': 10, 'o': [{'o': 'd', 'i': [[4, 300], [4, 310]], 'd': [[1, 10]]}]}",,,
9346,25,401,1579.909,editor,i,"['In modern society, intelligent machines have replaced many tasks once performed by humans, raising questions about what is sacrificed in the process of automation. This essay will examine the implications of this paradigm shift and compare my own perspective with a Utilitarian viewpoint.', '', 'In my opinion, while automation brings undeniable benefits in terms of productivity, it is equally important to consider the human impact of replacing people with machines. While machines may excel at certain tasks, they lack qualities such as emotional inteligence and creativity that are inherent to humans. It is crucial to have a balance between human involvement and automation to preserve our humanity and ensure technology serves as a complement to, rather than a replacement for human efforts.', '', ""The writer's highlights the significance of preserving human associated traits amidst the rise in automation. On the other hand, the Utilitarian perspective weights the beneficial impact that increased efficiency and productivity from machines has on society. Utilitarianism is often associated with making ethical decisions based on the greater goodThis distinction amplifies the tension between human-centric values and the practical advantages of automation in driving societal progress.""]",making ethical decisions based on the greater good',,,"[4, 300]","{'t': [1572911, 1579909], 'l': 50, 'o': [{'o': 'i', 'i': [4, 300], 'a': 'making ethical decisions based on the greater good'}]}",,,
9347,25,402,1583.539,editor,i,"['In modern society, intelligent machines have replaced many tasks once performed by humans, raising questions about what is sacrificed in the process of automation. This essay will examine the implications of this paradigm shift and compare my own perspective with a Utilitarian viewpoint.', '', 'In my opinion, while automation brings undeniable benefits in terms of productivity, it is equally important to consider the human impact of replacing people with machines. While machines may excel at certain tasks, they lack qualities such as emotional inteligence and creativity that are inherent to humans. It is crucial to have a balance between human involvement and automation to preserve our humanity and ensure technology serves as a complement to, rather than a replacement for human efforts.', '', ""The writer's highlights the significance of preserving human associated traits amidst the rise in automation. On the other hand, the Utilitarian perspective weights the beneficial impact that increased efficiency and productivity from machines has on society. Utilitarianism is often associated with making ethical decisions based on the greater good,This distinction amplifies the tension between human-centric values and the practical advantages of automation in driving societal progress.""]",",'",,,"[4, 350]","{'t': 1583539, 'o': [{'o': 'i', 'i': [4, 350], 'a': ','}]}",,,
9348,25,403,1587.918,editor,i,"['In modern society, intelligent machines have replaced many tasks once performed by humans, raising questions about what is sacrificed in the process of automation. This essay will examine the implications of this paradigm shift and compare my own perspective with a Utilitarian viewpoint.', '', 'In my opinion, while automation brings undeniable benefits in terms of productivity, it is equally important to consider the human impact of replacing people with machines. While machines may excel at certain tasks, they lack qualities such as emotional inteligence and creativity that are inherent to humans. It is crucial to have a balance between human involvement and automation to preserve our humanity and ensure technology serves as a complement to, rather than a replacement for human efforts.', '', ""The writer's highlights the significance of preserving human associated traits amidst the rise in automation. On the other hand, the Utilitarian perspective weights the beneficial impact that increased efficiency and productivity from machines has on society. Utilitarianism is often associated with making ethical decisions based on the greater good, which in this case would be This distinction amplifies the tension between human-centric values and the practical advantages of automation in driving societal progress.""]",which in this case would be ',,,"[4, 351]","{'t': [1583668, 1587918], 'l': 29, 'o': [{'o': 'i', 'i': [4, 351], 'a': ' which in this case would be '}]}",,,
9349,25,404,1589.221,editor,i,"['In modern society, intelligent machines have replaced many tasks once performed by humans, raising questions about what is sacrificed in the process of automation. This essay will examine the implications of this paradigm shift and compare my own perspective with a Utilitarian viewpoint.', '', 'In my opinion, while automation brings undeniable benefits in terms of productivity, it is equally important to consider the human impact of replacing people with machines. While machines may excel at certain tasks, they lack qualities such as emotional inteligence and creativity that are inherent to humans. It is crucial to have a balance between human involvement and automation to preserve our humanity and ensure technology serves as a complement to, rather than a replacement for human efforts.', '', ""The writer's highlights the significance of preserving human associated traits amidst the rise in automation. On the other hand, the Utilitarian perspective weights the beneficial impact that increased efficiency and productivity from machines has on society. Utilitarianism is often associated with making ethical decisions based on the greater good, which in this case would be sThis distinction amplifies the tension between human-centric values and the practical advantages of automation in driving societal progress.""]",s',,,"[4, 380]","{'t': 1589221, 'o': [{'o': 'i', 'i': [4, 380], 'a': 's'}]}",,,
9350,25,405,1593.193,editor,i,"['In modern society, intelligent machines have replaced many tasks once performed by humans, raising questions about what is sacrificed in the process of automation. This essay will examine the implications of this paradigm shift and compare my own perspective with a Utilitarian viewpoint.', '', 'In my opinion, while automation brings undeniable benefits in terms of productivity, it is equally important to consider the human impact of replacing people with machines. While machines may excel at certain tasks, they lack qualities such as emotional inteligence and creativity that are inherent to humans. It is crucial to have a balance between human involvement and automation to preserve our humanity and ensure technology serves as a complement to, rather than a replacement for human efforts.', '', ""The writer's highlights the significance of preserving human associated traits amidst the rise in automation. On the other hand, the Utilitarian perspective weights the beneficial impact that increased efficiency and productivity from machines has on society. Utilitarianism is often associated with making ethical decisions based on the greater good, which in this case would be society at large. This distinction amplifies the tension between human-centric values and the practical advantages of automation in driving societal progress.""]",ociety at large. ',,,"[4, 381]","{'t': [1589339, 1593193], 'l': 17, 'o': [{'o': 'i', 'i': [4, 381], 'a': 'ociety at large. '}]}",,,
9351,25,406,1595.536,editor,o,"['In modern society, intelligent machines have replaced many tasks once performed by humans, raising questions about what is sacrificed in the process of automation. This essay will examine the implications of this paradigm shift and compare my own perspective with a Utilitarian viewpoint.', '', 'In my opinion, while automation brings undeniable benefits in terms of productivity, it is equally important to consider the human impact of replacing people with machines. While machines may excel at certain tasks, they lack qualities such as emotional inteligence and creativity that are inherent to humans. It is crucial to have a balance between human involvement and automation to preserve our humanity and ensure technology serves as a complement to, rather than a replacement for human efforts.', '', ""The writer's highlights the significance of preserving human associated traits amidst the rise in automation. On the other hand, the Utilitarian perspective weights the beneficial impact that increased efficiency and productivity from machines has on society. Utilitarianism is often associated with making ethical decisions based on the greater good, which in this case would be society at large. This distinction amplifies the tension between human-centric values and the practical advantages of automation in driving societal progress.""]",,,,"[4, 379]","{'t': 1595536, 'o': [{'o': 'o', 'i': [4, 379]}]}",,,
9352,25,407,1596.354,editor,i,"['In modern society, intelligent machines have replaced many tasks once performed by humans, raising questions about what is sacrificed in the process of automation. This essay will examine the implications of this paradigm shift and compare my own perspective with a Utilitarian viewpoint.', '', 'In my opinion, while automation brings undeniable benefits in terms of productivity, it is equally important to consider the human impact of replacing people with machines. While machines may excel at certain tasks, they lack qualities such as emotional inteligence and creativity that are inherent to humans. It is crucial to have a balance between human involvement and automation to preserve our humanity and ensure technology serves as a complement to, rather than a replacement for human efforts.', '', ""The writer's highlights the significance of preserving human associated traits amidst the rise in automation. On the other hand, the Utilitarian perspective weights the beneficial impact that increased efficiency and productivity from machines has on society. Utilitarianism is often associated with making ethical decisions based on the greater good, which in this case would be  society at large. This distinction amplifies the tension between human-centric values and the practical advantages of automation in driving societal progress.""]",,,,"[4, 379]","{'t': 1596354, 'o': [{'o': 'i', 'i': [4, 379], 'a': ' '}]}",,,
9353,25,408,1598.062,editor,i,"['In modern society, intelligent machines have replaced many tasks once performed by humans, raising questions about what is sacrificed in the process of automation. This essay will examine the implications of this paradigm shift and compare my own perspective with a Utilitarian viewpoint.', '', 'In my opinion, while automation brings undeniable benefits in terms of productivity, it is equally important to consider the human impact of replacing people with machines. While machines may excel at certain tasks, they lack qualities such as emotional inteligence and creativity that are inherent to humans. It is crucial to have a balance between human involvement and automation to preserve our humanity and ensure technology serves as a complement to, rather than a replacement for human efforts.', '', ""The writer's highlights the significance of preserving human associated traits amidst the rise in automation. On the other hand, the Utilitarian perspective weights the beneficial impact that increased efficiency and productivity from machines has on society. Utilitarianism is often associated with making ethical decisions based on the greater good, which in this case would be the impact on society at large. This distinction amplifies the tension between human-centric values and the practical advantages of automation in driving societal progress.""]",the impact on',,,"[4, 380]","{'t': [1596403, 1598062], 'l': 13, 'o': [{'o': 'i', 'i': [4, 380], 'a': 'the impact on'}]}",,,
9354,25,409,1604.422,editor,o,"['In modern society, intelligent machines have replaced many tasks once performed by humans, raising questions about what is sacrificed in the process of automation. This essay will examine the implications of this paradigm shift and compare my own perspective with a Utilitarian viewpoint.', '', 'In my opinion, while automation brings undeniable benefits in terms of productivity, it is equally important to consider the human impact of replacing people with machines. While machines may excel at certain tasks, they lack qualities such as emotional inteligence and creativity that are inherent to humans. It is crucial to have a balance between human involvement and automation to preserve our humanity and ensure technology serves as a complement to, rather than a replacement for human efforts.', '', ""The writer's highlights the significance of preserving human associated traits amidst the rise in automation. On the other hand, the Utilitarian perspective weights the beneficial impact that increased efficiency and productivity from machines has on society. Utilitarianism is often associated with making ethical decisions based on the greater good, which in this case would be the impact on society at large. This distinction amplifies the tension between human-centric values and the practical advantages of automation in driving societal progress.""]",,,,"[4, 443]","{'t': 1604422, 'o': [{'o': 'o', 'i': [4, 443]}]}",,,
9355,25,410,1605.184,editor,i,"['In modern society, intelligent machines have replaced many tasks once performed by humans, raising questions about what is sacrificed in the process of automation. This essay will examine the implications of this paradigm shift and compare my own perspective with a Utilitarian viewpoint.', '', 'In my opinion, while automation brings undeniable benefits in terms of productivity, it is equally important to consider the human impact of replacing people with machines. While machines may excel at certain tasks, they lack qualities such as emotional inteligence and creativity that are inherent to humans. It is crucial to have a balance between human involvement and automation to preserve our humanity and ensure technology serves as a complement to, rather than a replacement for human efforts.', '', ""The writer's highlights the significance of preserving human associated traits amidst the rise in automation. On the other hand, the Utilitarian perspective weights the beneficial impact that increased efficiency and productivity from machines has on society. Utilitarianism is often associated with making ethical decisions based on the greater good, which in this case would be the impact on society at large. This distinction amplifies the etension between human-centric values and the practical advantages of automation in driving societal progress.""]",e',,,"[4, 443]","{'t': 1605184, 'o': [{'o': 'i', 'i': [4, 443], 'a': 'e'}]}",,,
9356,25,411,1606.223,editor,i,"['In modern society, intelligent machines have replaced many tasks once performed by humans, raising questions about what is sacrificed in the process of automation. This essay will examine the implications of this paradigm shift and compare my own perspective with a Utilitarian viewpoint.', '', 'In my opinion, while automation brings undeniable benefits in terms of productivity, it is equally important to consider the human impact of replacing people with machines. While machines may excel at certain tasks, they lack qualities such as emotional inteligence and creativity that are inherent to humans. It is crucial to have a balance between human involvement and automation to preserve our humanity and ensure technology serves as a complement to, rather than a replacement for human efforts.', '', ""The writer's highlights the significance of preserving human associated traits amidst the rise in automation. On the other hand, the Utilitarian perspective weights the beneficial impact that increased efficiency and productivity from machines has on society. Utilitarianism is often associated with making ethical decisions based on the greater good, which in this case would be the impact on society at large. This distinction amplifies the ethical tension between human-centric values and the practical advantages of automation in driving societal progress.""]",thical ',,,"[4, 444]","{'t': [1605449, 1606223], 'l': 7, 'o': [{'o': 'i', 'i': [4, 444], 'a': 'thical '}]}",,,
9357,25,412,1607.94,editor,o,"['In modern society, intelligent machines have replaced many tasks once performed by humans, raising questions about what is sacrificed in the process of automation. This essay will examine the implications of this paradigm shift and compare my own perspective with a Utilitarian viewpoint.', '', 'In my opinion, while automation brings undeniable benefits in terms of productivity, it is equally important to consider the human impact of replacing people with machines. While machines may excel at certain tasks, they lack qualities such as emotional inteligence and creativity that are inherent to humans. It is crucial to have a balance between human involvement and automation to preserve our humanity and ensure technology serves as a complement to, rather than a replacement for human efforts.', '', ""The writer's highlights the significance of preserving human associated traits amidst the rise in automation. On the other hand, the Utilitarian perspective weights the beneficial impact that increased efficiency and productivity from machines has on society. Utilitarianism is often associated with making ethical decisions based on the greater good, which in this case would be the impact on society at large. This distinction amplifies the ethical tension between human-centric values and the practical advantages of automation in driving societal progress.""]",,,,"[4, 560]","{'t': 1607940, 'o': [{'o': 'o', 'i': [4, 560]}]}",,,
9358,25,413,1608.378,editor,l,"['In modern society, intelligent machines have replaced many tasks once performed by humans, raising questions about what is sacrificed in the process of automation. This essay will examine the implications of this paradigm shift and compare my own perspective with a Utilitarian viewpoint.', '', 'In my opinion, while automation brings undeniable benefits in terms of productivity, it is equally important to consider the human impact of replacing people with machines. While machines may excel at certain tasks, they lack qualities such as emotional inteligence and creativity that are inherent to humans. It is crucial to have a balance between human involvement and automation to preserve our humanity and ensure technology serves as a complement to, rather than a replacement for human efforts.', '', ""The writer's highlights the significance of preserving human associated traits amidst the rise in automation. On the other hand, the Utilitarian perspective weights the beneficial impact that increased efficiency and productivity from machines has on society. Utilitarianism is often associated with making ethical decisions based on the greater good, which in this case would be the impact on society at large. This distinction amplifies the ethical tension between human-centric values and the practical advantages of automation in driving societal progress.""]",,,"The writer's highlights the significance of preserving human associated traits amidst the rise in automation. On the other hand, the Utilitarian perspective weights the beneficial impact that increased efficiency and productivity from machines has on society. Utilitarianism is often associated with making ethical decisions based on the greater good, which in this case would be the impact on society at large. This distinction amplifies the ethical tension between human-centric values and the practical advantages of automation in driving societal progress.","[[4, 560], [4, 0]]","{'t': [1608103, 1608378], 'l': 13, 'o': [{'o': 'l', 'i': [4, 560], 's': [[4, [491, 488, 329, 170, 168, 166, [85, 82], [2, 0]]]]}]}",,,
9359,25,414,1608.769,editor,y,,,,"The writer's highlights the significance of preserving human associated traits amidst the rise in automation. On the other hand, the Utilitarian perspective weights the beneficial impact that increased efficiency and productivity from machines has on society. Utilitarianism is often associated with making ethical decisions based on the greater good, which in this case would be the impact on society at large. This distinction amplifies the ethical tension between human-centric values and the practical advantages of automation in driving societal progress.",,,,,
9360,25,415,1616.536,gpt,p,,,,"The writer's highlights the significance of preserving human associated traits amidst the rise in automation. On the other hand, the Utilitarian perspective weights the beneficial impact that increased efficiency and productivity from machines has on society. Utilitarianism is often associated with making ethical decisions based on the greater good, which in this case would be the impact on society at large. This distinction amplifies the ethical tension between human-centric values and the practical advantages of automation in driving societal progress.",,,,,
9361,25,416,1627.081,gpt,y,,,,Is there anything you would rephrase to make it more grammatically correct and flow better?,,,,,
9362,25,417,1630.955,gpt,p,,,,Is there anything you would rephrase to make it more grammatically correct and flow better?,,,,,
9363,25,418,1634.028,editor,o,"['In modern society, intelligent machines have replaced many tasks once performed by humans, raising questions about what is sacrificed in the process of automation. This essay will examine the implications of this paradigm shift and compare my own perspective with a Utilitarian viewpoint.', '', 'In my opinion, while automation brings undeniable benefits in terms of productivity, it is equally important to consider the human impact of replacing people with machines. While machines may excel at certain tasks, they lack qualities such as emotional inteligence and creativity that are inherent to humans. It is crucial to have a balance between human involvement and automation to preserve our humanity and ensure technology serves as a complement to, rather than a replacement for human efforts.', '', ""The writer's highlights the significance of preserving human associated traits amidst the rise in automation. On the other hand, the Utilitarian perspective weights the beneficial impact that increased efficiency and productivity from machines has on society. Utilitarianism is often associated with making ethical decisions based on the greater good, which in this case would be the impact on society at large. This distinction amplifies the ethical tension between human-centric values and the practical advantages of automation in driving societal progress.""]",,,,"[4, 255]","{'t': 1634028, 'o': [{'o': 'o', 'i': [4, 255]}]}",,,
9364,25,419,1635.194,editor,o,"['In modern society, intelligent machines have replaced many tasks once performed by humans, raising questions about what is sacrificed in the process of automation. This essay will examine the implications of this paradigm shift and compare my own perspective with a Utilitarian viewpoint.', '', 'In my opinion, while automation brings undeniable benefits in terms of productivity, it is equally important to consider the human impact of replacing people with machines. While machines may excel at certain tasks, they lack qualities such as emotional inteligence and creativity that are inherent to humans. It is crucial to have a balance between human involvement and automation to preserve our humanity and ensure technology serves as a complement to, rather than a replacement for human efforts.', '', ""The writer's highlights the significance of preserving human associated traits amidst the rise in automation. On the other hand, the Utilitarian perspective weights the beneficial impact that increased efficiency and productivity from machines has on society. Utilitarianism is often associated with making ethical decisions based on the greater good, which in this case would be the impact on society at large. This distinction amplifies the ethical tension between human-centric values and the practical advantages of automation in driving societal progress.""]",,,,"[4, 11]","{'t': 1635194, 'o': [{'o': 'o', 'i': [4, 11]}]}",,,
9365,25,420,1637.373,editor,d,"['In modern society, intelligent machines have replaced many tasks once performed by humans, raising questions about what is sacrificed in the process of automation. This essay will examine the implications of this paradigm shift and compare my own perspective with a Utilitarian viewpoint.', '', 'In my opinion, while automation brings undeniable benefits in terms of productivity, it is equally important to consider the human impact of replacing people with machines. While machines may excel at certain tasks, they lack qualities such as emotional inteligence and creativity that are inherent to humans. It is crucial to have a balance between human involvement and automation to preserve our humanity and ensure technology serves as a complement to, rather than a replacement for human efforts.', '', 'The writers highlights the significance of preserving human associated traits amidst the rise in automation. On the other hand, the Utilitarian perspective weights the beneficial impact that increased efficiency and productivity from machines has on society. Utilitarianism is often associated with making ethical decisions based on the greater good, which in this case would be the impact on society at large. This distinction amplifies the ethical tension between human-centric values and the practical advantages of automation in driving societal progress.']",,,,"[[4, 10], [4, 11]]","{'t': 1637373, 'o': [{'o': 'd', 'i': [[4, 10], [4, 11]]}]}",,,
9366,25,421,1638.214,editor,o,"['In modern society, intelligent machines have replaced many tasks once performed by humans, raising questions about what is sacrificed in the process of automation. This essay will examine the implications of this paradigm shift and compare my own perspective with a Utilitarian viewpoint.', '', 'In my opinion, while automation brings undeniable benefits in terms of productivity, it is equally important to consider the human impact of replacing people with machines. While machines may excel at certain tasks, they lack qualities such as emotional inteligence and creativity that are inherent to humans. It is crucial to have a balance between human involvement and automation to preserve our humanity and ensure technology serves as a complement to, rather than a replacement for human efforts.', '', 'The writers highlights the significance of preserving human associated traits amidst the rise in automation. On the other hand, the Utilitarian perspective weights the beneficial impact that increased efficiency and productivity from machines has on society. Utilitarianism is often associated with making ethical decisions based on the greater good, which in this case would be the impact on society at large. This distinction amplifies the ethical tension between human-centric values and the practical advantages of automation in driving societal progress.']",,,,"[4, 11]","{'t': 1638214, 'o': [{'o': 'o', 'i': [4, 11]}]}",,,
9367,25,422,1638.479,editor,d,"['In modern society, intelligent machines have replaced many tasks once performed by humans, raising questions about what is sacrificed in the process of automation. This essay will examine the implications of this paradigm shift and compare my own perspective with a Utilitarian viewpoint.', '', 'In my opinion, while automation brings undeniable benefits in terms of productivity, it is equally important to consider the human impact of replacing people with machines. While machines may excel at certain tasks, they lack qualities such as emotional inteligence and creativity that are inherent to humans. It is crucial to have a balance between human involvement and automation to preserve our humanity and ensure technology serves as a complement to, rather than a replacement for human efforts.', '', 'The writer highlights the significance of preserving human associated traits amidst the rise in automation. On the other hand, the Utilitarian perspective weights the beneficial impact that increased efficiency and productivity from machines has on society. Utilitarianism is often associated with making ethical decisions based on the greater good, which in this case would be the impact on society at large. This distinction amplifies the ethical tension between human-centric values and the practical advantages of automation in driving societal progress.']",,s',,"[[4, 10], [4, 11]]","{'t': 1638479, 'o': [{'o': 'd', 'i': [[4, 10], [4, 11]]}]}",,,
9368,25,423,1649.425,gpt,gpt_inquiry,,,,"Is there anything you would rephrase to make it more grammatically correct and flow better?

The writer highlights the significance of preserving human associated traits amidst the rise in automation. On the other hand, the Utilitarian perspective weights the beneficial impact that increased efficiency and productivity from machines has on society. Utilitarianism is often associated with making ethical decisions based on the greater good, which in this case would be the impact on society at large. This distinction amplifies the ethical tension between human-centric values and the practical advantages of automation in driving societal progress.",,,,,
9369,25,424,1651.338,gpt,gpt_response,,,,"The writer emphasizes the importance of preserving human qualities amid the increasing automation. Conversely, the Utilitarian perspective emphasizes the positive impact of heightened efficiency and productivity brought by machines on society. Utilitarianism is typically linked to making ethical decisions based on the greater good, focusing on the impact on society as a whole. This distinction underscores the ethical tension between human-centered values and the practical benefits of automation in advancing societal progress.",,,,,
9370,25,425,1660.707,gpt,y,,,,"The writer emphasizes the importance of preserving human qualities amid the increasing automation. Conversely, the Utilitarian perspective emphasizes the positive impact of heightened efficiency and productivity brought by machines on society. Utilitarianism is typically linked to making ethical decisions based on the greater good, focusing on the impact on society as a whole. This distinction underscores the ethical tension between human-centered values and the practical benefits of automation in advancing societal progress.",,,,,
9371,25,426,1660.901,gpt,y,,,,"The writer emphasizes the importance of preserving human qualities amid the increasing automation. Conversely, the Utilitarian perspective emphasizes the positive impact of heightened efficiency and productivity brought by machines on society. Utilitarianism is typically linked to making ethical decisions based on the greater good, focusing on the impact on society as a whole. This distinction underscores the ethical tension between human-centered values and the practical benefits of automation in advancing societal progress.",,,,,
9372,25,427,1665.356,editor,o,"['In modern society, intelligent machines have replaced many tasks once performed by humans, raising questions about what is sacrificed in the process of automation. This essay will examine the implications of this paradigm shift and compare my own perspective with a Utilitarian viewpoint.', '', 'In my opinion, while automation brings undeniable benefits in terms of productivity, it is equally important to consider the human impact of replacing people with machines. While machines may excel at certain tasks, they lack qualities such as emotional inteligence and creativity that are inherent to humans. It is crucial to have a balance between human involvement and automation to preserve our humanity and ensure technology serves as a complement to, rather than a replacement for human efforts.', '', 'The writer highlights the significance of preserving human associated traits amidst the rise in automation. On the other hand, the Utilitarian perspective weights the beneficial impact that increased efficiency and productivity from machines has on society. Utilitarianism is often associated with making ethical decisions based on the greater good, which in this case would be the impact on society at large. This distinction amplifies the ethical tension between human-centric values and the practical advantages of automation in driving societal progress.']",,,,"[2, 463]","{'t': 1665356, 'o': [{'o': 'o', 'i': [2, 463]}]}",,,
9373,25,428,1666.281,editor,o,"['In modern society, intelligent machines have replaced many tasks once performed by humans, raising questions about what is sacrificed in the process of automation. This essay will examine the implications of this paradigm shift and compare my own perspective with a Utilitarian viewpoint.', '', 'In my opinion, while automation brings undeniable benefits in terms of productivity, it is equally important to consider the human impact of replacing people with machines. While machines may excel at certain tasks, they lack qualities such as emotional inteligence and creativity that are inherent to humans. It is crucial to have a balance between human involvement and automation to preserve our humanity and ensure technology serves as a complement to, rather than a replacement for human efforts.', '', 'The writer highlights the significance of preserving human associated traits amidst the rise in automation. On the other hand, the Utilitarian perspective weights the beneficial impact that increased efficiency and productivity from machines has on society. Utilitarianism is often associated with making ethical decisions based on the greater good, which in this case would be the impact on society at large. This distinction amplifies the ethical tension between human-centric values and the practical advantages of automation in driving societal progress.']",,,,"[4, 558]","{'t': 1666281, 'o': [{'o': 'o', 'i': [4, 558]}]}",,,
9374,25,429,1666.596,editor,i,"['In modern society, intelligent machines have replaced many tasks once performed by humans, raising questions about what is sacrificed in the process of automation. This essay will examine the implications of this paradigm shift and compare my own perspective with a Utilitarian viewpoint.', '', 'In my opinion, while automation brings undeniable benefits in terms of productivity, it is equally important to consider the human impact of replacing people with machines. While machines may excel at certain tasks, they lack qualities such as emotional inteligence and creativity that are inherent to humans. It is crucial to have a balance between human involvement and automation to preserve our humanity and ensure technology serves as a complement to, rather than a replacement for human efforts.', '', 'The writer highlights the significance of preserving human associated traits amidst the rise in automation. On the other hand, the Utilitarian perspective weights the beneficial impact that increased efficiency and productivity from machines has on society. Utilitarianism is often associated with making ethical decisions based on the greater good, which in this case would be the impact on society at large. This distinction amplifies the ethical tension between human-centric values and the practical advantages of automation in driving societal progress.', '']",\n',,,"[4, 558]","{'t': 1666596, 'o': [{'o': 'i', 'i': [4, 558], 'a': '\n'}]}",,,
9375,25,430,1666.738,editor,i,"['In modern society, intelligent machines have replaced many tasks once performed by humans, raising questions about what is sacrificed in the process of automation. This essay will examine the implications of this paradigm shift and compare my own perspective with a Utilitarian viewpoint.', '', 'In my opinion, while automation brings undeniable benefits in terms of productivity, it is equally important to consider the human impact of replacing people with machines. While machines may excel at certain tasks, they lack qualities such as emotional inteligence and creativity that are inherent to humans. It is crucial to have a balance between human involvement and automation to preserve our humanity and ensure technology serves as a complement to, rather than a replacement for human efforts.', '', 'The writer highlights the significance of preserving human associated traits amidst the rise in automation. On the other hand, the Utilitarian perspective weights the beneficial impact that increased efficiency and productivity from machines has on society. Utilitarianism is often associated with making ethical decisions based on the greater good, which in this case would be the impact on society at large. This distinction amplifies the ethical tension between human-centric values and the practical advantages of automation in driving societal progress.', '', '']",\n',,,"[5, 0]","{'t': 1666738, 'o': [{'o': 'i', 'i': [5, 0], 'a': '\n'}]}",,,
9376,25,431,1667.007,editor,p,"['In modern society, intelligent machines have replaced many tasks once performed by humans, raising questions about what is sacrificed in the process of automation. This essay will examine the implications of this paradigm shift and compare my own perspective with a Utilitarian viewpoint.', '', 'In my opinion, while automation brings undeniable benefits in terms of productivity, it is equally important to consider the human impact of replacing people with machines. While machines may excel at certain tasks, they lack qualities such as emotional inteligence and creativity that are inherent to humans. It is crucial to have a balance between human involvement and automation to preserve our humanity and ensure technology serves as a complement to, rather than a replacement for human efforts.', '', 'The writer highlights the significance of preserving human associated traits amidst the rise in automation. On the other hand, the Utilitarian perspective weights the beneficial impact that increased efficiency and productivity from machines has on society. Utilitarianism is often associated with making ethical decisions based on the greater good, which in this case would be the impact on society at large. This distinction amplifies the ethical tension between human-centric values and the practical advantages of automation in driving societal progress.', '', 'The writer emphasizes the importance of preserving human qualities amid the increasing automation. Conversely, the Utilitarian perspective emphasizes the positive impact of heightened efficiency and productivity brought by machines on society. Utilitarianism is typically linked to making ethical decisions based on the greater good, focusing on the impact on society as a whole. This distinction underscores the ethical tension between human-centered values and the practical benefits of automation in advancing societal progress.']","The writer emphasizes the importance of preserving human qualities amid the increasing automation. Conversely, the Utilitarian perspective emphasizes the positive impact of heightened efficiency and productivity brought by machines on society. Utilitarianism is typically linked to making ethical decisions based on the greater good, focusing on the impact on society as a whole. This distinction underscores the ethical tension between human-centered values and the practical benefits of automation in advancing societal progress.'",,,"[6, 0]","{'t': 1667007, 'o': [{'o': 'p', 'i': [6, 0], 'a': ['The writer emphasizes the importance of preserving human qualities amid the increasing automation. Conversely, the Utilitarian perspective emphasizes the positive impact of heightened efficiency and productivity brought by machines on society. Utilitarianism is typically linked to making ethical decisions based on the greater good, focusing on the impact on society as a whole. This distinction underscores the ethical tension between human-centered values and the practical benefits of automation in advancing societal progress.']}]}",,,
9377,25,432,1667.008,editor,o,"['In modern society, intelligent machines have replaced many tasks once performed by humans, raising questions about what is sacrificed in the process of automation. This essay will examine the implications of this paradigm shift and compare my own perspective with a Utilitarian viewpoint.', '', 'In my opinion, while automation brings undeniable benefits in terms of productivity, it is equally important to consider the human impact of replacing people with machines. While machines may excel at certain tasks, they lack qualities such as emotional inteligence and creativity that are inherent to humans. It is crucial to have a balance between human involvement and automation to preserve our humanity and ensure technology serves as a complement to, rather than a replacement for human efforts.', '', 'The writer highlights the significance of preserving human associated traits amidst the rise in automation. On the other hand, the Utilitarian perspective weights the beneficial impact that increased efficiency and productivity from machines has on society. Utilitarianism is often associated with making ethical decisions based on the greater good, which in this case would be the impact on society at large. This distinction amplifies the ethical tension between human-centric values and the practical advantages of automation in driving societal progress.', '', 'The writer emphasizes the importance of preserving human qualities amid the increasing automation. Conversely, the Utilitarian perspective emphasizes the positive impact of heightened efficiency and productivity brought by machines on society. Utilitarianism is typically linked to making ethical decisions based on the greater good, focusing on the impact on society as a whole. This distinction underscores the ethical tension between human-centered values and the practical benefits of automation in advancing societal progress.']",,,,"[6, 531]","{'t': 1667008, 'o': [{'o': 'o', 'i': [6, 531]}]}",,,
9378,25,433,1668.976,editor,o,"['In modern society, intelligent machines have replaced many tasks once performed by humans, raising questions about what is sacrificed in the process of automation. This essay will examine the implications of this paradigm shift and compare my own perspective with a Utilitarian viewpoint.', '', 'In my opinion, while automation brings undeniable benefits in terms of productivity, it is equally important to consider the human impact of replacing people with machines. While machines may excel at certain tasks, they lack qualities such as emotional inteligence and creativity that are inherent to humans. It is crucial to have a balance between human involvement and automation to preserve our humanity and ensure technology serves as a complement to, rather than a replacement for human efforts.', '', 'The writer highlights the significance of preserving human associated traits amidst the rise in automation. On the other hand, the Utilitarian perspective weights the beneficial impact that increased efficiency and productivity from machines has on society. Utilitarianism is often associated with making ethical decisions based on the greater good, which in this case would be the impact on society at large. This distinction amplifies the ethical tension between human-centric values and the practical advantages of automation in driving societal progress.', '', 'The writer emphasizes the importance of preserving human qualities amid the increasing automation. Conversely, the Utilitarian perspective emphasizes the positive impact of heightened efficiency and productivity brought by machines on society. Utilitarianism is typically linked to making ethical decisions based on the greater good, focusing on the impact on society as a whole. This distinction underscores the ethical tension between human-centered values and the practical benefits of automation in advancing societal progress.']",,,,"[4, 20]","{'t': 1668976, 'o': [{'o': 'o', 'i': [4, 20]}]}",,,
9379,25,434,1669.25,editor,l,"['In modern society, intelligent machines have replaced many tasks once performed by humans, raising questions about what is sacrificed in the process of automation. This essay will examine the implications of this paradigm shift and compare my own perspective with a Utilitarian viewpoint.', '', 'In my opinion, while automation brings undeniable benefits in terms of productivity, it is equally important to consider the human impact of replacing people with machines. While machines may excel at certain tasks, they lack qualities such as emotional inteligence and creativity that are inherent to humans. It is crucial to have a balance between human involvement and automation to preserve our humanity and ensure technology serves as a complement to, rather than a replacement for human efforts.', '', 'The writer highlights the significance of preserving human associated traits amidst the rise in automation. On the other hand, the Utilitarian perspective weights the beneficial impact that increased efficiency and productivity from machines has on society. Utilitarianism is often associated with making ethical decisions based on the greater good, which in this case would be the impact on society at large. This distinction amplifies the ethical tension between human-centric values and the practical advantages of automation in driving societal progress.', '', 'The writer emphasizes the importance of preserving human qualities amid the increasing automation. Conversely, the Utilitarian perspective emphasizes the positive impact of heightened efficiency and productivity brought by machines on society. Utilitarianism is typically linked to making ethical decisions based on the greater good, focusing on the impact on society as a whole. This distinction underscores the ethical tension between human-centered values and the practical benefits of automation in advancing societal progress.']",,,hlight',"[[4, 20], [4, 14]]","{'t': [1669160, 1669250], 'l': 6, 'o': [{'o': 'l', 'i': [4, 20], 's': [[4, [[19, 14]]]]}]}",,,
9380,25,435,1669.699,editor,d,"['In modern society, intelligent machines have replaced many tasks once performed by humans, raising questions about what is sacrificed in the process of automation. This essay will examine the implications of this paradigm shift and compare my own perspective with a Utilitarian viewpoint.', '', 'In my opinion, while automation brings undeniable benefits in terms of productivity, it is equally important to consider the human impact of replacing people with machines. While machines may excel at certain tasks, they lack qualities such as emotional inteligence and creativity that are inherent to humans. It is crucial to have a balance between human involvement and automation to preserve our humanity and ensure technology serves as a complement to, rather than a replacement for human efforts.', '', 'The writer higs the significance of preserving human associated traits amidst the rise in automation. On the other hand, the Utilitarian perspective weights the beneficial impact that increased efficiency and productivity from machines has on society. Utilitarianism is often associated with making ethical decisions based on the greater good, which in this case would be the impact on society at large. This distinction amplifies the ethical tension between human-centric values and the practical advantages of automation in driving societal progress.', '', 'The writer emphasizes the importance of preserving human qualities amid the increasing automation. Conversely, the Utilitarian perspective emphasizes the positive impact of heightened efficiency and productivity brought by machines on society. Utilitarianism is typically linked to making ethical decisions based on the greater good, focusing on the impact on society as a whole. This distinction underscores the ethical tension between human-centered values and the practical benefits of automation in advancing societal progress.']",,hlight',,"[[4, 14], [4, 20]]","{'t': 1669699, 'o': [{'o': 'd', 'i': [[4, 14], [4, 20]]}]}",,,
9381,25,436,1670.036,editor,d,"['In modern society, intelligent machines have replaced many tasks once performed by humans, raising questions about what is sacrificed in the process of automation. This essay will examine the implications of this paradigm shift and compare my own perspective with a Utilitarian viewpoint.', '', 'In my opinion, while automation brings undeniable benefits in terms of productivity, it is equally important to consider the human impact of replacing people with machines. While machines may excel at certain tasks, they lack qualities such as emotional inteligence and creativity that are inherent to humans. It is crucial to have a balance between human involvement and automation to preserve our humanity and ensure technology serves as a complement to, rather than a replacement for human efforts.', '', 'The writer hs the significance of preserving human associated traits amidst the rise in automation. On the other hand, the Utilitarian perspective weights the beneficial impact that increased efficiency and productivity from machines has on society. Utilitarianism is often associated with making ethical decisions based on the greater good, which in this case would be the impact on society at large. This distinction amplifies the ethical tension between human-centric values and the practical advantages of automation in driving societal progress.', '', 'The writer emphasizes the importance of preserving human qualities amid the increasing automation. Conversely, the Utilitarian perspective emphasizes the positive impact of heightened efficiency and productivity brought by machines on society. Utilitarianism is typically linked to making ethical decisions based on the greater good, focusing on the impact on society as a whole. This distinction underscores the ethical tension between human-centered values and the practical benefits of automation in advancing societal progress.']",,ig',,"[[4, 12], [4, 14]]","{'t': [1669864, 1670036], 'l': 2, 'o': [{'o': 'd', 'i': [[4, 12], [4, 14]], 'd': [[1, 2]]}]}",,,
9382,25,437,1670.389,editor,o,"['In modern society, intelligent machines have replaced many tasks once performed by humans, raising questions about what is sacrificed in the process of automation. This essay will examine the implications of this paradigm shift and compare my own perspective with a Utilitarian viewpoint.', '', 'In my opinion, while automation brings undeniable benefits in terms of productivity, it is equally important to consider the human impact of replacing people with machines. While machines may excel at certain tasks, they lack qualities such as emotional inteligence and creativity that are inherent to humans. It is crucial to have a balance between human involvement and automation to preserve our humanity and ensure technology serves as a complement to, rather than a replacement for human efforts.', '', 'The writer hs the significance of preserving human associated traits amidst the rise in automation. On the other hand, the Utilitarian perspective weights the beneficial impact that increased efficiency and productivity from machines has on society. Utilitarianism is often associated with making ethical decisions based on the greater good, which in this case would be the impact on society at large. This distinction amplifies the ethical tension between human-centric values and the practical advantages of automation in driving societal progress.', '', 'The writer emphasizes the importance of preserving human qualities amid the increasing automation. Conversely, the Utilitarian perspective emphasizes the positive impact of heightened efficiency and productivity brought by machines on society. Utilitarianism is typically linked to making ethical decisions based on the greater good, focusing on the impact on society as a whole. This distinction underscores the ethical tension between human-centered values and the practical benefits of automation in advancing societal progress.']",,,,"[4, 13]","{'t': 1670389, 'o': [{'o': 'o', 'i': [4, 13]}]}",,,
9383,25,438,1670.888,editor,d,"['In modern society, intelligent machines have replaced many tasks once performed by humans, raising questions about what is sacrificed in the process of automation. This essay will examine the implications of this paradigm shift and compare my own perspective with a Utilitarian viewpoint.', '', 'In my opinion, while automation brings undeniable benefits in terms of productivity, it is equally important to consider the human impact of replacing people with machines. While machines may excel at certain tasks, they lack qualities such as emotional inteligence and creativity that are inherent to humans. It is crucial to have a balance between human involvement and automation to preserve our humanity and ensure technology serves as a complement to, rather than a replacement for human efforts.', '', 'The writer  the significance of preserving human associated traits amidst the rise in automation. On the other hand, the Utilitarian perspective weights the beneficial impact that increased efficiency and productivity from machines has on society. Utilitarianism is often associated with making ethical decisions based on the greater good, which in this case would be the impact on society at large. This distinction amplifies the ethical tension between human-centric values and the practical advantages of automation in driving societal progress.', '', 'The writer emphasizes the importance of preserving human qualities amid the increasing automation. Conversely, the Utilitarian perspective emphasizes the positive impact of heightened efficiency and productivity brought by machines on society. Utilitarianism is typically linked to making ethical decisions based on the greater good, focusing on the impact on society as a whole. This distinction underscores the ethical tension between human-centered values and the practical benefits of automation in advancing societal progress.']",,hs',,"[[4, 11], [4, 13]]","{'t': [1670701, 1670888], 'l': 2, 'o': [{'o': 'd', 'i': [[4, 11], [4, 13]], 'd': [[1, 2]]}]}",,,
9384,25,439,1672.529,editor,i,"['In modern society, intelligent machines have replaced many tasks once performed by humans, raising questions about what is sacrificed in the process of automation. This essay will examine the implications of this paradigm shift and compare my own perspective with a Utilitarian viewpoint.', '', 'In my opinion, while automation brings undeniable benefits in terms of productivity, it is equally important to consider the human impact of replacing people with machines. While machines may excel at certain tasks, they lack qualities such as emotional inteligence and creativity that are inherent to humans. It is crucial to have a balance between human involvement and automation to preserve our humanity and ensure technology serves as a complement to, rather than a replacement for human efforts.', '', 'The writer emphasizes the significance of preserving human associated traits amidst the rise in automation. On the other hand, the Utilitarian perspective weights the beneficial impact that increased efficiency and productivity from machines has on society. Utilitarianism is often associated with making ethical decisions based on the greater good, which in this case would be the impact on society at large. This distinction amplifies the ethical tension between human-centric values and the practical advantages of automation in driving societal progress.', '', 'The writer emphasizes the importance of preserving human qualities amid the increasing automation. Conversely, the Utilitarian perspective emphasizes the positive impact of heightened efficiency and productivity brought by machines on society. Utilitarianism is typically linked to making ethical decisions based on the greater good, focusing on the impact on society as a whole. This distinction underscores the ethical tension between human-centered values and the practical benefits of automation in advancing societal progress.']",emphasizes',,,"[4, 11]","{'t': [1671069, 1672529], 'l': 10, 'o': [{'o': 'i', 'i': [4, 11], 'a': 'emphasizes'}]}",,,
9385,25,440,1674.872,editor,o,"['In modern society, intelligent machines have replaced many tasks once performed by humans, raising questions about what is sacrificed in the process of automation. This essay will examine the implications of this paradigm shift and compare my own perspective with a Utilitarian viewpoint.', '', 'In my opinion, while automation brings undeniable benefits in terms of productivity, it is equally important to consider the human impact of replacing people with machines. While machines may excel at certain tasks, they lack qualities such as emotional inteligence and creativity that are inherent to humans. It is crucial to have a balance between human involvement and automation to preserve our humanity and ensure technology serves as a complement to, rather than a replacement for human efforts.', '', 'The writer emphasizes the significance of preserving human associated traits amidst the rise in automation. On the other hand, the Utilitarian perspective weights the beneficial impact that increased efficiency and productivity from machines has on society. Utilitarianism is often associated with making ethical decisions based on the greater good, which in this case would be the impact on society at large. This distinction amplifies the ethical tension between human-centric values and the practical advantages of automation in driving societal progress.', '', 'The writer emphasizes the importance of preserving human qualities amid the increasing automation. Conversely, the Utilitarian perspective emphasizes the positive impact of heightened efficiency and productivity brought by machines on society. Utilitarianism is typically linked to making ethical decisions based on the greater good, focusing on the impact on society as a whole. This distinction underscores the ethical tension between human-centered values and the practical benefits of automation in advancing societal progress.']",,,,"[4, 39]","{'t': 1674872, 'o': [{'o': 'o', 'i': [4, 39]}]}",,,
9386,25,441,1675.212,editor,l,"['In modern society, intelligent machines have replaced many tasks once performed by humans, raising questions about what is sacrificed in the process of automation. This essay will examine the implications of this paradigm shift and compare my own perspective with a Utilitarian viewpoint.', '', 'In my opinion, while automation brings undeniable benefits in terms of productivity, it is equally important to consider the human impact of replacing people with machines. While machines may excel at certain tasks, they lack qualities such as emotional inteligence and creativity that are inherent to humans. It is crucial to have a balance between human involvement and automation to preserve our humanity and ensure technology serves as a complement to, rather than a replacement for human efforts.', '', 'The writer emphasizes the significance of preserving human associated traits amidst the rise in automation. On the other hand, the Utilitarian perspective weights the beneficial impact that increased efficiency and productivity from machines has on society. Utilitarianism is often associated with making ethical decisions based on the greater good, which in this case would be the impact on society at large. This distinction amplifies the ethical tension between human-centric values and the practical advantages of automation in driving societal progress.', '', 'The writer emphasizes the importance of preserving human qualities amid the increasing automation. Conversely, the Utilitarian perspective emphasizes the positive impact of heightened efficiency and productivity brought by machines on society. Utilitarianism is typically linked to making ethical decisions based on the greater good, focusing on the impact on society as a whole. This distinction underscores the ethical tension between human-centered values and the practical benefits of automation in advancing societal progress.']",,,gnificance ',"[[4, 39], [4, 28]]","{'t': [1675059, 1675212], 'l': 11, 'o': [{'o': 'l', 'i': [4, 39], 's': [[4, [[38, 28]]]]}]}",,,
9387,25,442,1675.664,editor,d,"['In modern society, intelligent machines have replaced many tasks once performed by humans, raising questions about what is sacrificed in the process of automation. This essay will examine the implications of this paradigm shift and compare my own perspective with a Utilitarian viewpoint.', '', 'In my opinion, while automation brings undeniable benefits in terms of productivity, it is equally important to consider the human impact of replacing people with machines. While machines may excel at certain tasks, they lack qualities such as emotional inteligence and creativity that are inherent to humans. It is crucial to have a balance between human involvement and automation to preserve our humanity and ensure technology serves as a complement to, rather than a replacement for human efforts.', '', 'The writer emphasizes the siof preserving human associated traits amidst the rise in automation. On the other hand, the Utilitarian perspective weights the beneficial impact that increased efficiency and productivity from machines has on society. Utilitarianism is often associated with making ethical decisions based on the greater good, which in this case would be the impact on society at large. This distinction amplifies the ethical tension between human-centric values and the practical advantages of automation in driving societal progress.', '', 'The writer emphasizes the importance of preserving human qualities amid the increasing automation. Conversely, the Utilitarian perspective emphasizes the positive impact of heightened efficiency and productivity brought by machines on society. Utilitarianism is typically linked to making ethical decisions based on the greater good, focusing on the impact on society as a whole. This distinction underscores the ethical tension between human-centered values and the practical benefits of automation in advancing societal progress.']",,gnificance ',,"[[4, 28], [4, 39]]","{'t': 1675664, 'o': [{'o': 'd', 'i': [[4, 28], [4, 39]]}]}",,,
9388,25,443,1676.278,editor,d,"['In modern society, intelligent machines have replaced many tasks once performed by humans, raising questions about what is sacrificed in the process of automation. This essay will examine the implications of this paradigm shift and compare my own perspective with a Utilitarian viewpoint.', '', 'In my opinion, while automation brings undeniable benefits in terms of productivity, it is equally important to consider the human impact of replacing people with machines. While machines may excel at certain tasks, they lack qualities such as emotional inteligence and creativity that are inherent to humans. It is crucial to have a balance between human involvement and automation to preserve our humanity and ensure technology serves as a complement to, rather than a replacement for human efforts.', '', 'The writer emphasizes the of preserving human associated traits amidst the rise in automation. On the other hand, the Utilitarian perspective weights the beneficial impact that increased efficiency and productivity from machines has on society. Utilitarianism is often associated with making ethical decisions based on the greater good, which in this case would be the impact on society at large. This distinction amplifies the ethical tension between human-centric values and the practical advantages of automation in driving societal progress.', '', 'The writer emphasizes the importance of preserving human qualities amid the increasing automation. Conversely, the Utilitarian perspective emphasizes the positive impact of heightened efficiency and productivity brought by machines on society. Utilitarianism is typically linked to making ethical decisions based on the greater good, focusing on the impact on society as a whole. This distinction underscores the ethical tension between human-centered values and the practical benefits of automation in advancing societal progress.']",,si',,"[[4, 26], [4, 28]]","{'t': [1675831, 1676278], 'l': 2, 'o': [{'o': 'd', 'i': [[4, 26], [4, 28]], 'd': [[1, 2]]}]}",,,
9389,25,444,1677.806,editor,i,"['In modern society, intelligent machines have replaced many tasks once performed by humans, raising questions about what is sacrificed in the process of automation. This essay will examine the implications of this paradigm shift and compare my own perspective with a Utilitarian viewpoint.', '', 'In my opinion, while automation brings undeniable benefits in terms of productivity, it is equally important to consider the human impact of replacing people with machines. While machines may excel at certain tasks, they lack qualities such as emotional inteligence and creativity that are inherent to humans. It is crucial to have a balance between human involvement and automation to preserve our humanity and ensure technology serves as a complement to, rather than a replacement for human efforts.', '', 'The writer emphasizes the importance of preserving human associated traits amidst the rise in automation. On the other hand, the Utilitarian perspective weights the beneficial impact that increased efficiency and productivity from machines has on society. Utilitarianism is often associated with making ethical decisions based on the greater good, which in this case would be the impact on society at large. This distinction amplifies the ethical tension between human-centric values and the practical advantages of automation in driving societal progress.', '', 'The writer emphasizes the importance of preserving human qualities amid the increasing automation. Conversely, the Utilitarian perspective emphasizes the positive impact of heightened efficiency and productivity brought by machines on society. Utilitarianism is typically linked to making ethical decisions based on the greater good, focusing on the impact on society as a whole. This distinction underscores the ethical tension between human-centered values and the practical benefits of automation in advancing societal progress.']",importance ',,,"[4, 26]","{'t': [1676531, 1677806], 'l': 11, 'o': [{'o': 'i', 'i': [4, 26], 'a': 'importance '}]}",,,
9390,25,445,1681.153,editor,o,"['In modern society, intelligent machines have replaced many tasks once performed by humans, raising questions about what is sacrificed in the process of automation. This essay will examine the implications of this paradigm shift and compare my own perspective with a Utilitarian viewpoint.', '', 'In my opinion, while automation brings undeniable benefits in terms of productivity, it is equally important to consider the human impact of replacing people with machines. While machines may excel at certain tasks, they lack qualities such as emotional inteligence and creativity that are inherent to humans. It is crucial to have a balance between human involvement and automation to preserve our humanity and ensure technology serves as a complement to, rather than a replacement for human efforts.', '', 'The writer emphasizes the importance of preserving human associated traits amidst the rise in automation. On the other hand, the Utilitarian perspective weights the beneficial impact that increased efficiency and productivity from machines has on society. Utilitarianism is often associated with making ethical decisions based on the greater good, which in this case would be the impact on society at large. This distinction amplifies the ethical tension between human-centric values and the practical advantages of automation in driving societal progress.', '', 'The writer emphasizes the importance of preserving human qualities amid the increasing automation. Conversely, the Utilitarian perspective emphasizes the positive impact of heightened efficiency and productivity brought by machines on society. Utilitarianism is typically linked to making ethical decisions based on the greater good, focusing on the impact on society as a whole. This distinction underscores the ethical tension between human-centered values and the practical benefits of automation in advancing societal progress.']",,,,"[4, 74]","{'t': 1681153, 'o': [{'o': 'o', 'i': [4, 74]}]}",,,
9391,25,446,1681.513,editor,l,"['In modern society, intelligent machines have replaced many tasks once performed by humans, raising questions about what is sacrificed in the process of automation. This essay will examine the implications of this paradigm shift and compare my own perspective with a Utilitarian viewpoint.', '', 'In my opinion, while automation brings undeniable benefits in terms of productivity, it is equally important to consider the human impact of replacing people with machines. While machines may excel at certain tasks, they lack qualities such as emotional inteligence and creativity that are inherent to humans. It is crucial to have a balance between human involvement and automation to preserve our humanity and ensure technology serves as a complement to, rather than a replacement for human efforts.', '', 'The writer emphasizes the importance of preserving human associated traits amidst the rise in automation. On the other hand, the Utilitarian perspective weights the beneficial impact that increased efficiency and productivity from machines has on society. Utilitarianism is often associated with making ethical decisions based on the greater good, which in this case would be the impact on society at large. This distinction amplifies the ethical tension between human-centric values and the practical advantages of automation in driving societal progress.', '', 'The writer emphasizes the importance of preserving human qualities amid the increasing automation. Conversely, the Utilitarian perspective emphasizes the positive impact of heightened efficiency and productivity brought by machines on society. Utilitarianism is typically linked to making ethical decisions based on the greater good, focusing on the impact on society as a whole. This distinction underscores the ethical tension between human-centered values and the practical benefits of automation in advancing societal progress.']",,,sociated traits',"[[4, 74], [4, 59]]","{'t': [1681324, 1681513], 'l': 14, 'o': [{'o': 'l', 'i': [4, 74], 's': [[4, [[73, 69], [67, 59]]]]}]}",,,
9392,25,447,1682.043,editor,d,"['In modern society, intelligent machines have replaced many tasks once performed by humans, raising questions about what is sacrificed in the process of automation. This essay will examine the implications of this paradigm shift and compare my own perspective with a Utilitarian viewpoint.', '', 'In my opinion, while automation brings undeniable benefits in terms of productivity, it is equally important to consider the human impact of replacing people with machines. While machines may excel at certain tasks, they lack qualities such as emotional inteligence and creativity that are inherent to humans. It is crucial to have a balance between human involvement and automation to preserve our humanity and ensure technology serves as a complement to, rather than a replacement for human efforts.', '', 'The writer emphasizes the importance of preserving human as amidst the rise in automation. On the other hand, the Utilitarian perspective weights the beneficial impact that increased efficiency and productivity from machines has on society. Utilitarianism is often associated with making ethical decisions based on the greater good, which in this case would be the impact on society at large. This distinction amplifies the ethical tension between human-centric values and the practical advantages of automation in driving societal progress.', '', 'The writer emphasizes the importance of preserving human qualities amid the increasing automation. Conversely, the Utilitarian perspective emphasizes the positive impact of heightened efficiency and productivity brought by machines on society. Utilitarianism is typically linked to making ethical decisions based on the greater good, focusing on the impact on society as a whole. This distinction underscores the ethical tension between human-centered values and the practical benefits of automation in advancing societal progress.']",,sociated traits',,"[[4, 59], [4, 74]]","{'t': 1682043, 'o': [{'o': 'd', 'i': [[4, 59], [4, 74]]}]}",,,
9393,25,448,1682.365,editor,d,"['In modern society, intelligent machines have replaced many tasks once performed by humans, raising questions about what is sacrificed in the process of automation. This essay will examine the implications of this paradigm shift and compare my own perspective with a Utilitarian viewpoint.', '', 'In my opinion, while automation brings undeniable benefits in terms of productivity, it is equally important to consider the human impact of replacing people with machines. While machines may excel at certain tasks, they lack qualities such as emotional inteligence and creativity that are inherent to humans. It is crucial to have a balance between human involvement and automation to preserve our humanity and ensure technology serves as a complement to, rather than a replacement for human efforts.', '', 'The writer emphasizes the importance of preserving human  amidst the rise in automation. On the other hand, the Utilitarian perspective weights the beneficial impact that increased efficiency and productivity from machines has on society. Utilitarianism is often associated with making ethical decisions based on the greater good, which in this case would be the impact on society at large. This distinction amplifies the ethical tension between human-centric values and the practical advantages of automation in driving societal progress.', '', 'The writer emphasizes the importance of preserving human qualities amid the increasing automation. Conversely, the Utilitarian perspective emphasizes the positive impact of heightened efficiency and productivity brought by machines on society. Utilitarianism is typically linked to making ethical decisions based on the greater good, focusing on the impact on society as a whole. This distinction underscores the ethical tension between human-centered values and the practical benefits of automation in advancing societal progress.']",,as',,"[[4, 57], [4, 59]]","{'t': [1682215, 1682365], 'l': 2, 'o': [{'o': 'd', 'i': [[4, 57], [4, 59]], 'd': [[1, 2]]}]}",,,
9394,25,449,1683.805,editor,i,"['In modern society, intelligent machines have replaced many tasks once performed by humans, raising questions about what is sacrificed in the process of automation. This essay will examine the implications of this paradigm shift and compare my own perspective with a Utilitarian viewpoint.', '', 'In my opinion, while automation brings undeniable benefits in terms of productivity, it is equally important to consider the human impact of replacing people with machines. While machines may excel at certain tasks, they lack qualities such as emotional inteligence and creativity that are inherent to humans. It is crucial to have a balance between human involvement and automation to preserve our humanity and ensure technology serves as a complement to, rather than a replacement for human efforts.', '', 'The writer emphasizes the importance of preserving human qualities amidst the rise in automation. On the other hand, the Utilitarian perspective weights the beneficial impact that increased efficiency and productivity from machines has on society. Utilitarianism is often associated with making ethical decisions based on the greater good, which in this case would be the impact on society at large. This distinction amplifies the ethical tension between human-centric values and the practical advantages of automation in driving societal progress.', '', 'The writer emphasizes the importance of preserving human qualities amid the increasing automation. Conversely, the Utilitarian perspective emphasizes the positive impact of heightened efficiency and productivity brought by machines on society. Utilitarianism is typically linked to making ethical decisions based on the greater good, focusing on the impact on society as a whole. This distinction underscores the ethical tension between human-centered values and the practical benefits of automation in advancing societal progress.']",qualities',,,"[4, 57]","{'t': [1682489, 1683805], 'l': 9, 'o': [{'o': 'i', 'i': [4, 57], 'a': 'qualities'}]}",,,
9395,25,450,1686.465,editor,o,"['In modern society, intelligent machines have replaced many tasks once performed by humans, raising questions about what is sacrificed in the process of automation. This essay will examine the implications of this paradigm shift and compare my own perspective with a Utilitarian viewpoint.', '', 'In my opinion, while automation brings undeniable benefits in terms of productivity, it is equally important to consider the human impact of replacing people with machines. While machines may excel at certain tasks, they lack qualities such as emotional inteligence and creativity that are inherent to humans. It is crucial to have a balance between human involvement and automation to preserve our humanity and ensure technology serves as a complement to, rather than a replacement for human efforts.', '', 'The writer emphasizes the importance of preserving human qualities amidst the rise in automation. On the other hand, the Utilitarian perspective weights the beneficial impact that increased efficiency and productivity from machines has on society. Utilitarianism is often associated with making ethical decisions based on the greater good, which in this case would be the impact on society at large. This distinction amplifies the ethical tension between human-centric values and the practical advantages of automation in driving societal progress.', '', 'The writer emphasizes the importance of preserving human qualities amid the increasing automation. Conversely, the Utilitarian perspective emphasizes the positive impact of heightened efficiency and productivity brought by machines on society. Utilitarianism is typically linked to making ethical decisions based on the greater good, focusing on the impact on society as a whole. This distinction underscores the ethical tension between human-centered values and the practical benefits of automation in advancing societal progress.']",,,,"[4, 73]","{'t': 1686465, 'o': [{'o': 'o', 'i': [4, 73]}]}",,,
9396,25,451,1686.967,editor,d,"['In modern society, intelligent machines have replaced many tasks once performed by humans, raising questions about what is sacrificed in the process of automation. This essay will examine the implications of this paradigm shift and compare my own perspective with a Utilitarian viewpoint.', '', 'In my opinion, while automation brings undeniable benefits in terms of productivity, it is equally important to consider the human impact of replacing people with machines. While machines may excel at certain tasks, they lack qualities such as emotional inteligence and creativity that are inherent to humans. It is crucial to have a balance between human involvement and automation to preserve our humanity and ensure technology serves as a complement to, rather than a replacement for human efforts.', '', 'The writer emphasizes the importance of preserving human qualities amids the rise in automation. On the other hand, the Utilitarian perspective weights the beneficial impact that increased efficiency and productivity from machines has on society. Utilitarianism is often associated with making ethical decisions based on the greater good, which in this case would be the impact on society at large. This distinction amplifies the ethical tension between human-centric values and the practical advantages of automation in driving societal progress.', '', 'The writer emphasizes the importance of preserving human qualities amid the increasing automation. Conversely, the Utilitarian perspective emphasizes the positive impact of heightened efficiency and productivity brought by machines on society. Utilitarianism is typically linked to making ethical decisions based on the greater good, focusing on the impact on society as a whole. This distinction underscores the ethical tension between human-centered values and the practical benefits of automation in advancing societal progress.']",,t',,"[[4, 72], [4, 73]]","{'t': 1686967, 'o': [{'o': 'd', 'i': [[4, 72], [4, 73]]}]}",,,
9397,25,452,1687.142,editor,d,"['In modern society, intelligent machines have replaced many tasks once performed by humans, raising questions about what is sacrificed in the process of automation. This essay will examine the implications of this paradigm shift and compare my own perspective with a Utilitarian viewpoint.', '', 'In my opinion, while automation brings undeniable benefits in terms of productivity, it is equally important to consider the human impact of replacing people with machines. While machines may excel at certain tasks, they lack qualities such as emotional inteligence and creativity that are inherent to humans. It is crucial to have a balance between human involvement and automation to preserve our humanity and ensure technology serves as a complement to, rather than a replacement for human efforts.', '', 'The writer emphasizes the importance of preserving human qualities amid the rise in automation. On the other hand, the Utilitarian perspective weights the beneficial impact that increased efficiency and productivity from machines has on society. Utilitarianism is often associated with making ethical decisions based on the greater good, which in this case would be the impact on society at large. This distinction amplifies the ethical tension between human-centric values and the practical advantages of automation in driving societal progress.', '', 'The writer emphasizes the importance of preserving human qualities amid the increasing automation. Conversely, the Utilitarian perspective emphasizes the positive impact of heightened efficiency and productivity brought by machines on society. Utilitarianism is typically linked to making ethical decisions based on the greater good, focusing on the impact on society as a whole. This distinction underscores the ethical tension between human-centered values and the practical benefits of automation in advancing societal progress.']",,s',,"[[4, 71], [4, 72]]","{'t': 1687142, 'o': [{'o': 'd', 'i': [[4, 71], [4, 72]]}]}",,,
9398,25,453,1691.212,editor,o,"['In modern society, intelligent machines have replaced many tasks once performed by humans, raising questions about what is sacrificed in the process of automation. This essay will examine the implications of this paradigm shift and compare my own perspective with a Utilitarian viewpoint.', '', 'In my opinion, while automation brings undeniable benefits in terms of productivity, it is equally important to consider the human impact of replacing people with machines. While machines may excel at certain tasks, they lack qualities such as emotional inteligence and creativity that are inherent to humans. It is crucial to have a balance between human involvement and automation to preserve our humanity and ensure technology serves as a complement to, rather than a replacement for human efforts.', '', 'The writer emphasizes the importance of preserving human qualities amid the rise in automation. On the other hand, the Utilitarian perspective weights the beneficial impact that increased efficiency and productivity from machines has on society. Utilitarianism is often associated with making ethical decisions based on the greater good, which in this case would be the impact on society at large. This distinction amplifies the ethical tension between human-centric values and the practical advantages of automation in driving societal progress.', '', 'The writer emphasizes the importance of preserving human qualities amid the increasing automation. Conversely, the Utilitarian perspective emphasizes the positive impact of heightened efficiency and productivity brought by machines on society. Utilitarianism is typically linked to making ethical decisions based on the greater good, focusing on the impact on society as a whole. This distinction underscores the ethical tension between human-centered values and the practical benefits of automation in advancing societal progress.']",,,,"[4, 81]","{'t': 1691212, 'o': [{'o': 'o', 'i': [4, 81]}]}",,,
9399,25,454,1691.702,editor,d,"['In modern society, intelligent machines have replaced many tasks once performed by humans, raising questions about what is sacrificed in the process of automation. This essay will examine the implications of this paradigm shift and compare my own perspective with a Utilitarian viewpoint.', '', 'In my opinion, while automation brings undeniable benefits in terms of productivity, it is equally important to consider the human impact of replacing people with machines. While machines may excel at certain tasks, they lack qualities such as emotional inteligence and creativity that are inherent to humans. It is crucial to have a balance between human involvement and automation to preserve our humanity and ensure technology serves as a complement to, rather than a replacement for human efforts.', '', 'The writer emphasizes the importance of preserving human qualities amid the risein automation. On the other hand, the Utilitarian perspective weights the beneficial impact that increased efficiency and productivity from machines has on society. Utilitarianism is often associated with making ethical decisions based on the greater good, which in this case would be the impact on society at large. This distinction amplifies the ethical tension between human-centric values and the practical advantages of automation in driving societal progress.', '', 'The writer emphasizes the importance of preserving human qualities amid the increasing automation. Conversely, the Utilitarian perspective emphasizes the positive impact of heightened efficiency and productivity brought by machines on society. Utilitarianism is typically linked to making ethical decisions based on the greater good, focusing on the impact on society as a whole. This distinction underscores the ethical tension between human-centered values and the practical benefits of automation in advancing societal progress.']",,,,"[[4, 80], [4, 81]]","{'t': 1691702, 'o': [{'o': 'd', 'i': [[4, 80], [4, 81]]}]}",,,
9400,25,455,1692.408,editor,d,"['In modern society, intelligent machines have replaced many tasks once performed by humans, raising questions about what is sacrificed in the process of automation. This essay will examine the implications of this paradigm shift and compare my own perspective with a Utilitarian viewpoint.', '', 'In my opinion, while automation brings undeniable benefits in terms of productivity, it is equally important to consider the human impact of replacing people with machines. While machines may excel at certain tasks, they lack qualities such as emotional inteligence and creativity that are inherent to humans. It is crucial to have a balance between human involvement and automation to preserve our humanity and ensure technology serves as a complement to, rather than a replacement for human efforts.', '', 'The writer emphasizes the importance of preserving human qualities amid the in automation. On the other hand, the Utilitarian perspective weights the beneficial impact that increased efficiency and productivity from machines has on society. Utilitarianism is often associated with making ethical decisions based on the greater good, which in this case would be the impact on society at large. This distinction amplifies the ethical tension between human-centric values and the practical advantages of automation in driving societal progress.', '', 'The writer emphasizes the importance of preserving human qualities amid the increasing automation. Conversely, the Utilitarian perspective emphasizes the positive impact of heightened efficiency and productivity brought by machines on society. Utilitarianism is typically linked to making ethical decisions based on the greater good, focusing on the impact on society as a whole. This distinction underscores the ethical tension between human-centered values and the practical benefits of automation in advancing societal progress.']",,rise',,"[[4, 76], [4, 80]]","{'t': [1691871, 1692408], 'l': 4, 'o': [{'o': 'd', 'i': [[4, 76], [4, 80]], 'd': [[1, 4]]}]}",,,
9401,25,456,1693.583,editor,o,"['In modern society, intelligent machines have replaced many tasks once performed by humans, raising questions about what is sacrificed in the process of automation. This essay will examine the implications of this paradigm shift and compare my own perspective with a Utilitarian viewpoint.', '', 'In my opinion, while automation brings undeniable benefits in terms of productivity, it is equally important to consider the human impact of replacing people with machines. While machines may excel at certain tasks, they lack qualities such as emotional inteligence and creativity that are inherent to humans. It is crucial to have a balance between human involvement and automation to preserve our humanity and ensure technology serves as a complement to, rather than a replacement for human efforts.', '', 'The writer emphasizes the importance of preserving human qualities amid the in automation. On the other hand, the Utilitarian perspective weights the beneficial impact that increased efficiency and productivity from machines has on society. Utilitarianism is often associated with making ethical decisions based on the greater good, which in this case would be the impact on society at large. This distinction amplifies the ethical tension between human-centric values and the practical advantages of automation in driving societal progress.', '', 'The writer emphasizes the importance of preserving human qualities amid the increasing automation. Conversely, the Utilitarian perspective emphasizes the positive impact of heightened efficiency and productivity brought by machines on society. Utilitarianism is typically linked to making ethical decisions based on the greater good, focusing on the impact on society as a whole. This distinction underscores the ethical tension between human-centered values and the practical benefits of automation in advancing societal progress.']",,,,"[4, 77]","{'t': 1693583, 'o': [{'o': 'o', 'i': [4, 77]}]}",,,
9402,25,457,1693.77,editor,o,"['In modern society, intelligent machines have replaced many tasks once performed by humans, raising questions about what is sacrificed in the process of automation. This essay will examine the implications of this paradigm shift and compare my own perspective with a Utilitarian viewpoint.', '', 'In my opinion, while automation brings undeniable benefits in terms of productivity, it is equally important to consider the human impact of replacing people with machines. While machines may excel at certain tasks, they lack qualities such as emotional inteligence and creativity that are inherent to humans. It is crucial to have a balance between human involvement and automation to preserve our humanity and ensure technology serves as a complement to, rather than a replacement for human efforts.', '', 'The writer emphasizes the importance of preserving human qualities amid the in automation. On the other hand, the Utilitarian perspective weights the beneficial impact that increased efficiency and productivity from machines has on society. Utilitarianism is often associated with making ethical decisions based on the greater good, which in this case would be the impact on society at large. This distinction amplifies the ethical tension between human-centric values and the practical advantages of automation in driving societal progress.', '', 'The writer emphasizes the importance of preserving human qualities amid the increasing automation. Conversely, the Utilitarian perspective emphasizes the positive impact of heightened efficiency and productivity brought by machines on society. Utilitarianism is typically linked to making ethical decisions based on the greater good, focusing on the impact on society as a whole. This distinction underscores the ethical tension between human-centered values and the practical benefits of automation in advancing societal progress.']",,,,"[4, 78]","{'t': 1693770, 'o': [{'o': 'o', 'i': [4, 78]}]}",,,
9403,25,458,1696.325,editor,i,"['In modern society, intelligent machines have replaced many tasks once performed by humans, raising questions about what is sacrificed in the process of automation. This essay will examine the implications of this paradigm shift and compare my own perspective with a Utilitarian viewpoint.', '', 'In my opinion, while automation brings undeniable benefits in terms of productivity, it is equally important to consider the human impact of replacing people with machines. While machines may excel at certain tasks, they lack qualities such as emotional inteligence and creativity that are inherent to humans. It is crucial to have a balance between human involvement and automation to preserve our humanity and ensure technology serves as a complement to, rather than a replacement for human efforts.', '', 'The writer emphasizes the importance of preserving human qualities amid the incr automation. On the other hand, the Utilitarian perspective weights the beneficial impact that increased efficiency and productivity from machines has on society. Utilitarianism is often associated with making ethical decisions based on the greater good, which in this case would be the impact on society at large. This distinction amplifies the ethical tension between human-centric values and the practical advantages of automation in driving societal progress.', '', 'The writer emphasizes the importance of preserving human qualities amid the increasing automation. Conversely, the Utilitarian perspective emphasizes the positive impact of heightened efficiency and productivity brought by machines on society. Utilitarianism is typically linked to making ethical decisions based on the greater good, focusing on the impact on society as a whole. This distinction underscores the ethical tension between human-centered values and the practical benefits of automation in advancing societal progress.']",cr',,,"[4, 78]","{'t': [1694697, 1696325], 'l': 2, 'o': [{'o': 'i', 'i': [4, 78], 'a': 'cr'}]}",,,
9404,25,459,1698.11,editor,i,"['In modern society, intelligent machines have replaced many tasks once performed by humans, raising questions about what is sacrificed in the process of automation. This essay will examine the implications of this paradigm shift and compare my own perspective with a Utilitarian viewpoint.', '', 'In my opinion, while automation brings undeniable benefits in terms of productivity, it is equally important to consider the human impact of replacing people with machines. While machines may excel at certain tasks, they lack qualities such as emotional inteligence and creativity that are inherent to humans. It is crucial to have a balance between human involvement and automation to preserve our humanity and ensure technology serves as a complement to, rather than a replacement for human efforts.', '', 'The writer emphasizes the importance of preserving human qualities amid the increase in automation. On the other hand, the Utilitarian perspective weights the beneficial impact that increased efficiency and productivity from machines has on society. Utilitarianism is often associated with making ethical decisions based on the greater good, which in this case would be the impact on society at large. This distinction amplifies the ethical tension between human-centric values and the practical advantages of automation in driving societal progress.', '', 'The writer emphasizes the importance of preserving human qualities amid the increasing automation. Conversely, the Utilitarian perspective emphasizes the positive impact of heightened efficiency and productivity brought by machines on society. Utilitarianism is typically linked to making ethical decisions based on the greater good, focusing on the impact on society as a whole. This distinction underscores the ethical tension between human-centered values and the practical benefits of automation in advancing societal progress.']",ease in',,,"[4, 80]","{'t': [1696568, 1698110], 'l': 7, 'o': [{'o': 'i', 'i': [4, 80], 'a': 'ease in'}]}",,,
9405,25,460,1707.334,editor,o,"['In modern society, intelligent machines have replaced many tasks once performed by humans, raising questions about what is sacrificed in the process of automation. This essay will examine the implications of this paradigm shift and compare my own perspective with a Utilitarian viewpoint.', '', 'In my opinion, while automation brings undeniable benefits in terms of productivity, it is equally important to consider the human impact of replacing people with machines. While machines may excel at certain tasks, they lack qualities such as emotional inteligence and creativity that are inherent to humans. It is crucial to have a balance between human involvement and automation to preserve our humanity and ensure technology serves as a complement to, rather than a replacement for human efforts.', '', 'The writer emphasizes the importance of preserving human qualities amid the increase in automation. On the other hand, the Utilitarian perspective weights the beneficial impact that increased efficiency and productivity from machines has on society. Utilitarianism is often associated with making ethical decisions based on the greater good, which in this case would be the impact on society at large. This distinction amplifies the ethical tension between human-centric values and the practical advantages of automation in driving societal progress.', '', 'The writer emphasizes the importance of preserving human qualities amid the increasing automation. Conversely, the Utilitarian perspective emphasizes the positive impact of heightened efficiency and productivity brought by machines on society. Utilitarianism is typically linked to making ethical decisions based on the greater good, focusing on the impact on society as a whole. This distinction underscores the ethical tension between human-centered values and the practical benefits of automation in advancing societal progress.']",,,,"[4, 98]","{'t': 1707334, 'o': [{'o': 'o', 'i': [4, 98]}]}",,,
9406,25,461,1711.563,editor,o,"['In modern society, intelligent machines have replaced many tasks once performed by humans, raising questions about what is sacrificed in the process of automation. This essay will examine the implications of this paradigm shift and compare my own perspective with a Utilitarian viewpoint.', '', 'In my opinion, while automation brings undeniable benefits in terms of productivity, it is equally important to consider the human impact of replacing people with machines. While machines may excel at certain tasks, they lack qualities such as emotional inteligence and creativity that are inherent to humans. It is crucial to have a balance between human involvement and automation to preserve our humanity and ensure technology serves as a complement to, rather than a replacement for human efforts.', '', 'The writer emphasizes the importance of preserving human qualities amid the increase in automation. On the other hand, the Utilitarian perspective weights the beneficial impact that increased efficiency and productivity from machines has on society. Utilitarianism is often associated with making ethical decisions based on the greater good, which in this case would be the impact on society at large. This distinction amplifies the ethical tension between human-centric values and the practical advantages of automation in driving societal progress.', '', 'The writer emphasizes the importance of preserving human qualities amid the increasing automation. Conversely, the Utilitarian perspective emphasizes the positive impact of heightened efficiency and productivity brought by machines on society. Utilitarianism is typically linked to making ethical decisions based on the greater good, focusing on the impact on society as a whole. This distinction underscores the ethical tension between human-centered values and the practical benefits of automation in advancing societal progress.']",,,,"[4, 88]","{'t': 1711563, 'o': [{'o': 'o', 'i': [4, 88]}]}",,,
9407,25,462,1712.466,editor,d,"['In modern society, intelligent machines have replaced many tasks once performed by humans, raising questions about what is sacrificed in the process of automation. This essay will examine the implications of this paradigm shift and compare my own perspective with a Utilitarian viewpoint.', '', 'In my opinion, while automation brings undeniable benefits in terms of productivity, it is equally important to consider the human impact of replacing people with machines. While machines may excel at certain tasks, they lack qualities such as emotional inteligence and creativity that are inherent to humans. It is crucial to have a balance between human involvement and automation to preserve our humanity and ensure technology serves as a complement to, rather than a replacement for human efforts.', '', 'The writer emphasizes the importance of preserving human qualities amid the increase inautomation. On the other hand, the Utilitarian perspective weights the beneficial impact that increased efficiency and productivity from machines has on society. Utilitarianism is often associated with making ethical decisions based on the greater good, which in this case would be the impact on society at large. This distinction amplifies the ethical tension between human-centric values and the practical advantages of automation in driving societal progress.', '', 'The writer emphasizes the importance of preserving human qualities amid the increasing automation. Conversely, the Utilitarian perspective emphasizes the positive impact of heightened efficiency and productivity brought by machines on society. Utilitarianism is typically linked to making ethical decisions based on the greater good, focusing on the impact on society as a whole. This distinction underscores the ethical tension between human-centered values and the practical benefits of automation in advancing societal progress.']",,,,"[[4, 87], [4, 88]]","{'t': 1712466, 'o': [{'o': 'd', 'i': [[4, 87], [4, 88]]}]}",,,
9408,25,463,1713.188,editor,d,"['In modern society, intelligent machines have replaced many tasks once performed by humans, raising questions about what is sacrificed in the process of automation. This essay will examine the implications of this paradigm shift and compare my own perspective with a Utilitarian viewpoint.', '', 'In my opinion, while automation brings undeniable benefits in terms of productivity, it is equally important to consider the human impact of replacing people with machines. While machines may excel at certain tasks, they lack qualities such as emotional inteligence and creativity that are inherent to humans. It is crucial to have a balance between human involvement and automation to preserve our humanity and ensure technology serves as a complement to, rather than a replacement for human efforts.', '', 'The writer emphasizes the importance of preserving human qualities amid the increasautomation. On the other hand, the Utilitarian perspective weights the beneficial impact that increased efficiency and productivity from machines has on society. Utilitarianism is often associated with making ethical decisions based on the greater good, which in this case would be the impact on society at large. This distinction amplifies the ethical tension between human-centric values and the practical advantages of automation in driving societal progress.', '', 'The writer emphasizes the importance of preserving human qualities amid the increasing automation. Conversely, the Utilitarian perspective emphasizes the positive impact of heightened efficiency and productivity brought by machines on society. Utilitarianism is typically linked to making ethical decisions based on the greater good, focusing on the impact on society as a whole. This distinction underscores the ethical tension between human-centered values and the practical benefits of automation in advancing societal progress.']",,e in',,"[[4, 83], [4, 87]]","{'t': [1712665, 1713188], 'l': 4, 'o': [{'o': 'd', 'i': [[4, 83], [4, 87]], 'd': [[1, 4]]}]}",,,
9409,25,464,1713.826,editor,i,"['In modern society, intelligent machines have replaced many tasks once performed by humans, raising questions about what is sacrificed in the process of automation. This essay will examine the implications of this paradigm shift and compare my own perspective with a Utilitarian viewpoint.', '', 'In my opinion, while automation brings undeniable benefits in terms of productivity, it is equally important to consider the human impact of replacing people with machines. While machines may excel at certain tasks, they lack qualities such as emotional inteligence and creativity that are inherent to humans. It is crucial to have a balance between human involvement and automation to preserve our humanity and ensure technology serves as a complement to, rather than a replacement for human efforts.', '', 'The writer emphasizes the importance of preserving human qualities amid the increasing automation. On the other hand, the Utilitarian perspective weights the beneficial impact that increased efficiency and productivity from machines has on society. Utilitarianism is often associated with making ethical decisions based on the greater good, which in this case would be the impact on society at large. This distinction amplifies the ethical tension between human-centric values and the practical advantages of automation in driving societal progress.', '', 'The writer emphasizes the importance of preserving human qualities amid the increasing automation. Conversely, the Utilitarian perspective emphasizes the positive impact of heightened efficiency and productivity brought by machines on society. Utilitarianism is typically linked to making ethical decisions based on the greater good, focusing on the impact on society as a whole. This distinction underscores the ethical tension between human-centered values and the practical benefits of automation in advancing societal progress.']",ing ',,,"[4, 83]","{'t': [1713505, 1713826], 'l': 4, 'o': [{'o': 'i', 'i': [4, 83], 'a': 'ing '}]}",,,
9410,25,465,1714.884,editor,o,"['In modern society, intelligent machines have replaced many tasks once performed by humans, raising questions about what is sacrificed in the process of automation. This essay will examine the implications of this paradigm shift and compare my own perspective with a Utilitarian viewpoint.', '', 'In my opinion, while automation brings undeniable benefits in terms of productivity, it is equally important to consider the human impact of replacing people with machines. While machines may excel at certain tasks, they lack qualities such as emotional inteligence and creativity that are inherent to humans. It is crucial to have a balance between human involvement and automation to preserve our humanity and ensure technology serves as a complement to, rather than a replacement for human efforts.', '', 'The writer emphasizes the importance of preserving human qualities amid the increasing automation. On the other hand, the Utilitarian perspective weights the beneficial impact that increased efficiency and productivity from machines has on society. Utilitarianism is often associated with making ethical decisions based on the greater good, which in this case would be the impact on society at large. This distinction amplifies the ethical tension between human-centric values and the practical advantages of automation in driving societal progress.', '', 'The writer emphasizes the importance of preserving human qualities amid the increasing automation. Conversely, the Utilitarian perspective emphasizes the positive impact of heightened efficiency and productivity brought by machines on society. Utilitarianism is typically linked to making ethical decisions based on the greater good, focusing on the impact on society as a whole. This distinction underscores the ethical tension between human-centered values and the practical benefits of automation in advancing societal progress.']",,,,"[4, 96]","{'t': 1714884, 'o': [{'o': 'o', 'i': [4, 96]}]}",,,
9411,25,466,1716.086,editor,i,"['In modern society, intelligent machines have replaced many tasks once performed by humans, raising questions about what is sacrificed in the process of automation. This essay will examine the implications of this paradigm shift and compare my own perspective with a Utilitarian viewpoint.', '', 'In my opinion, while automation brings undeniable benefits in terms of productivity, it is equally important to consider the human impact of replacing people with machines. While machines may excel at certain tasks, they lack qualities such as emotional inteligence and creativity that are inherent to humans. It is crucial to have a balance between human involvement and automation to preserve our humanity and ensure technology serves as a complement to, rather than a replacement for human efforts.', '', 'The writer emphasizes the importance of preserving human qualities amid the increasing automatio n. On the other hand, the Utilitarian perspective weights the beneficial impact that increased efficiency and productivity from machines has on society. Utilitarianism is often associated with making ethical decisions based on the greater good, which in this case would be the impact on society at large. This distinction amplifies the ethical tension between human-centric values and the practical advantages of automation in driving societal progress.', '', 'The writer emphasizes the importance of preserving human qualities amid the increasing automation. Conversely, the Utilitarian perspective emphasizes the positive impact of heightened efficiency and productivity brought by machines on society. Utilitarianism is typically linked to making ethical decisions based on the greater good, focusing on the impact on society as a whole. This distinction underscores the ethical tension between human-centered values and the practical benefits of automation in advancing societal progress.']",,,,"[4, 96]","{'t': 1716086, 'o': [{'o': 'i', 'i': [4, 96], 'a': ' '}]}",,,
9412,25,467,1716.21,editor,i,"['In modern society, intelligent machines have replaced many tasks once performed by humans, raising questions about what is sacrificed in the process of automation. This essay will examine the implications of this paradigm shift and compare my own perspective with a Utilitarian viewpoint.', '', 'In my opinion, while automation brings undeniable benefits in terms of productivity, it is equally important to consider the human impact of replacing people with machines. While machines may excel at certain tasks, they lack qualities such as emotional inteligence and creativity that are inherent to humans. It is crucial to have a balance between human involvement and automation to preserve our humanity and ensure technology serves as a complement to, rather than a replacement for human efforts.', '', 'The writer emphasizes the importance of preserving human qualities amid the increasing automatio in. On the other hand, the Utilitarian perspective weights the beneficial impact that increased efficiency and productivity from machines has on society. Utilitarianism is often associated with making ethical decisions based on the greater good, which in this case would be the impact on society at large. This distinction amplifies the ethical tension between human-centric values and the practical advantages of automation in driving societal progress.', '', 'The writer emphasizes the importance of preserving human qualities amid the increasing automation. Conversely, the Utilitarian perspective emphasizes the positive impact of heightened efficiency and productivity brought by machines on society. Utilitarianism is typically linked to making ethical decisions based on the greater good, focusing on the impact on society as a whole. This distinction underscores the ethical tension between human-centered values and the practical benefits of automation in advancing societal progress.']",i',,,"[4, 97]","{'t': 1716210, 'o': [{'o': 'i', 'i': [4, 97], 'a': 'i'}]}",,,
9413,25,468,1716.866,editor,d,"['In modern society, intelligent machines have replaced many tasks once performed by humans, raising questions about what is sacrificed in the process of automation. This essay will examine the implications of this paradigm shift and compare my own perspective with a Utilitarian viewpoint.', '', 'In my opinion, while automation brings undeniable benefits in terms of productivity, it is equally important to consider the human impact of replacing people with machines. While machines may excel at certain tasks, they lack qualities such as emotional inteligence and creativity that are inherent to humans. It is crucial to have a balance between human involvement and automation to preserve our humanity and ensure technology serves as a complement to, rather than a replacement for human efforts.', '', 'The writer emphasizes the importance of preserving human qualities amid the increasing automatin. On the other hand, the Utilitarian perspective weights the beneficial impact that increased efficiency and productivity from machines has on society. Utilitarianism is often associated with making ethical decisions based on the greater good, which in this case would be the impact on society at large. This distinction amplifies the ethical tension between human-centric values and the practical advantages of automation in driving societal progress.', '', 'The writer emphasizes the importance of preserving human qualities amid the increasing automation. Conversely, the Utilitarian perspective emphasizes the positive impact of heightened efficiency and productivity brought by machines on society. Utilitarianism is typically linked to making ethical decisions based on the greater good, focusing on the impact on society as a whole. This distinction underscores the ethical tension between human-centered values and the practical benefits of automation in advancing societal progress.']",,o i',,"[[4, 95], [4, 98]]","{'t': [1716524, 1716866], 'l': 3, 'o': [{'o': 'd', 'i': [[4, 95], [4, 98]], 'd': [[1, 3]]}]}",,,
9414,25,469,1717.778,editor,i,"['In modern society, intelligent machines have replaced many tasks once performed by humans, raising questions about what is sacrificed in the process of automation. This essay will examine the implications of this paradigm shift and compare my own perspective with a Utilitarian viewpoint.', '', 'In my opinion, while automation brings undeniable benefits in terms of productivity, it is equally important to consider the human impact of replacing people with machines. While machines may excel at certain tasks, they lack qualities such as emotional inteligence and creativity that are inherent to humans. It is crucial to have a balance between human involvement and automation to preserve our humanity and ensure technology serves as a complement to, rather than a replacement for human efforts.', '', 'The writer emphasizes the importance of preserving human qualities amid the increasing automation. On the other hand, the Utilitarian perspective weights the beneficial impact that increased efficiency and productivity from machines has on society. Utilitarianism is often associated with making ethical decisions based on the greater good, which in this case would be the impact on society at large. This distinction amplifies the ethical tension between human-centric values and the practical advantages of automation in driving societal progress.', '', 'The writer emphasizes the importance of preserving human qualities amid the increasing automation. Conversely, the Utilitarian perspective emphasizes the positive impact of heightened efficiency and productivity brought by machines on society. Utilitarianism is typically linked to making ethical decisions based on the greater good, focusing on the impact on society as a whole. This distinction underscores the ethical tension between human-centered values and the practical benefits of automation in advancing societal progress.']",o',,,"[4, 95]","{'t': 1717778, 'o': [{'o': 'i', 'i': [4, 95], 'a': 'o'}]}",,,
9415,25,470,1718.223,editor,o,"['In modern society, intelligent machines have replaced many tasks once performed by humans, raising questions about what is sacrificed in the process of automation. This essay will examine the implications of this paradigm shift and compare my own perspective with a Utilitarian viewpoint.', '', 'In my opinion, while automation brings undeniable benefits in terms of productivity, it is equally important to consider the human impact of replacing people with machines. While machines may excel at certain tasks, they lack qualities such as emotional inteligence and creativity that are inherent to humans. It is crucial to have a balance between human involvement and automation to preserve our humanity and ensure technology serves as a complement to, rather than a replacement for human efforts.', '', 'The writer emphasizes the importance of preserving human qualities amid the increasing automation. On the other hand, the Utilitarian perspective weights the beneficial impact that increased efficiency and productivity from machines has on society. Utilitarianism is often associated with making ethical decisions based on the greater good, which in this case would be the impact on society at large. This distinction amplifies the ethical tension between human-centric values and the practical advantages of automation in driving societal progress.', '', 'The writer emphasizes the importance of preserving human qualities amid the increasing automation. Conversely, the Utilitarian perspective emphasizes the positive impact of heightened efficiency and productivity brought by machines on society. Utilitarianism is typically linked to making ethical decisions based on the greater good, focusing on the impact on society as a whole. This distinction underscores the ethical tension between human-centered values and the practical benefits of automation in advancing societal progress.']",,,.',"[[4, 97], [4, 98]]","{'t': [1718035, 1718223], 'l': 2, 'o': [{'o': 'o', 'i': [[4, 97], [4, 98]]}]}",,,
9416,25,471,1718.77,editor,o,"['In modern society, intelligent machines have replaced many tasks once performed by humans, raising questions about what is sacrificed in the process of automation. This essay will examine the implications of this paradigm shift and compare my own perspective with a Utilitarian viewpoint.', '', 'In my opinion, while automation brings undeniable benefits in terms of productivity, it is equally important to consider the human impact of replacing people with machines. While machines may excel at certain tasks, they lack qualities such as emotional inteligence and creativity that are inherent to humans. It is crucial to have a balance between human involvement and automation to preserve our humanity and ensure technology serves as a complement to, rather than a replacement for human efforts.', '', 'The writer emphasizes the importance of preserving human qualities amid the increasing automation. On the other hand, the Utilitarian perspective weights the beneficial impact that increased efficiency and productivity from machines has on society. Utilitarianism is often associated with making ethical decisions based on the greater good, which in this case would be the impact on society at large. This distinction amplifies the ethical tension between human-centric values and the practical advantages of automation in driving societal progress.', '', 'The writer emphasizes the importance of preserving human qualities amid the increasing automation. Conversely, the Utilitarian perspective emphasizes the positive impact of heightened efficiency and productivity brought by machines on society. Utilitarianism is typically linked to making ethical decisions based on the greater good, focusing on the impact on society as a whole. This distinction underscores the ethical tension between human-centered values and the practical benefits of automation in advancing societal progress.']",,,,"[4, 168]","{'t': 1718770, 'o': [{'o': 'o', 'i': [4, 168]}]}",,,
9417,25,472,1720.023,editor,o,"['In modern society, intelligent machines have replaced many tasks once performed by humans, raising questions about what is sacrificed in the process of automation. This essay will examine the implications of this paradigm shift and compare my own perspective with a Utilitarian viewpoint.', '', 'In my opinion, while automation brings undeniable benefits in terms of productivity, it is equally important to consider the human impact of replacing people with machines. While machines may excel at certain tasks, they lack qualities such as emotional inteligence and creativity that are inherent to humans. It is crucial to have a balance between human involvement and automation to preserve our humanity and ensure technology serves as a complement to, rather than a replacement for human efforts.', '', 'The writer emphasizes the importance of preserving human qualities amid the increasing automation. On the other hand, the Utilitarian perspective weights the beneficial impact that increased efficiency and productivity from machines has on society. Utilitarianism is often associated with making ethical decisions based on the greater good, which in this case would be the impact on society at large. This distinction amplifies the ethical tension between human-centric values and the practical advantages of automation in driving societal progress.', '', 'The writer emphasizes the importance of preserving human qualities amid the increasing automation. Conversely, the Utilitarian perspective emphasizes the positive impact of heightened efficiency and productivity brought by machines on society. Utilitarianism is typically linked to making ethical decisions based on the greater good, focusing on the impact on society as a whole. This distinction underscores the ethical tension between human-centered values and the practical benefits of automation in advancing societal progress.']",,,,"[4, 97]","{'t': 1720023, 'o': [{'o': 'o', 'i': [4, 97]}]}",,,
9418,25,473,1720.666,editor,i,"['In modern society, intelligent machines have replaced many tasks once performed by humans, raising questions about what is sacrificed in the process of automation. This essay will examine the implications of this paradigm shift and compare my own perspective with a Utilitarian viewpoint.', '', 'In my opinion, while automation brings undeniable benefits in terms of productivity, it is equally important to consider the human impact of replacing people with machines. While machines may excel at certain tasks, they lack qualities such as emotional inteligence and creativity that are inherent to humans. It is crucial to have a balance between human involvement and automation to preserve our humanity and ensure technology serves as a complement to, rather than a replacement for human efforts.', '', 'The writer emphasizes the importance of preserving human qualities amid the increasing automation . On the other hand, the Utilitarian perspective weights the beneficial impact that increased efficiency and productivity from machines has on society. Utilitarianism is often associated with making ethical decisions based on the greater good, which in this case would be the impact on society at large. This distinction amplifies the ethical tension between human-centric values and the practical advantages of automation in driving societal progress.', '', 'The writer emphasizes the importance of preserving human qualities amid the increasing automation. Conversely, the Utilitarian perspective emphasizes the positive impact of heightened efficiency and productivity brought by machines on society. Utilitarianism is typically linked to making ethical decisions based on the greater good, focusing on the impact on society as a whole. This distinction underscores the ethical tension between human-centered values and the practical benefits of automation in advancing societal progress.']",,,,"[4, 97]","{'t': 1720666, 'o': [{'o': 'i', 'i': [4, 97], 'a': ' '}]}",,,
9419,25,474,1722.836,editor,i,"['In modern society, intelligent machines have replaced many tasks once performed by humans, raising questions about what is sacrificed in the process of automation. This essay will examine the implications of this paradigm shift and compare my own perspective with a Utilitarian viewpoint.', '', 'In my opinion, while automation brings undeniable benefits in terms of productivity, it is equally important to consider the human impact of replacing people with machines. While machines may excel at certain tasks, they lack qualities such as emotional inteligence and creativity that are inherent to humans. It is crucial to have a balance between human involvement and automation to preserve our humanity and ensure technology serves as a complement to, rather than a replacement for human efforts.', '', 'The writer emphasizes the importance of preserving human qualities amid the increasing automation in modern society. On the other hand, the Utilitarian perspective weights the beneficial impact that increased efficiency and productivity from machines has on society. Utilitarianism is often associated with making ethical decisions based on the greater good, which in this case would be the impact on society at large. This distinction amplifies the ethical tension between human-centric values and the practical advantages of automation in driving societal progress.', '', 'The writer emphasizes the importance of preserving human qualities amid the increasing automation. Conversely, the Utilitarian perspective emphasizes the positive impact of heightened efficiency and productivity brought by machines on society. Utilitarianism is typically linked to making ethical decisions based on the greater good, focusing on the impact on society as a whole. This distinction underscores the ethical tension between human-centered values and the practical benefits of automation in advancing societal progress.']",in modern society',,,"[4, 98]","{'t': [1720787, 1722836], 'l': 17, 'o': [{'o': 'i', 'i': [4, 98], 'a': 'in modern society'}]}",,,
9420,25,475,1726.484,editor,o,"['In modern society, intelligent machines have replaced many tasks once performed by humans, raising questions about what is sacrificed in the process of automation. This essay will examine the implications of this paradigm shift and compare my own perspective with a Utilitarian viewpoint.', '', 'In my opinion, while automation brings undeniable benefits in terms of productivity, it is equally important to consider the human impact of replacing people with machines. While machines may excel at certain tasks, they lack qualities such as emotional inteligence and creativity that are inherent to humans. It is crucial to have a balance between human involvement and automation to preserve our humanity and ensure technology serves as a complement to, rather than a replacement for human efforts.', '', 'The writer emphasizes the importance of preserving human qualities amid the increasing automation in modern society. On the other hand, the Utilitarian perspective weights the beneficial impact that increased efficiency and productivity from machines has on society. Utilitarianism is often associated with making ethical decisions based on the greater good, which in this case would be the impact on society at large. This distinction amplifies the ethical tension between human-centric values and the practical advantages of automation in driving societal progress.', '', 'The writer emphasizes the importance of preserving human qualities amid the increasing automation. Conversely, the Utilitarian perspective emphasizes the positive impact of heightened efficiency and productivity brought by machines on society. Utilitarianism is typically linked to making ethical decisions based on the greater good, focusing on the impact on society as a whole. This distinction underscores the ethical tension between human-centered values and the practical benefits of automation in advancing societal progress.']",,,,"[4, 134]","{'t': 1726484, 'o': [{'o': 'o', 'i': [4, 134]}]}",,,
9421,25,476,1726.807,editor,l,"['In modern society, intelligent machines have replaced many tasks once performed by humans, raising questions about what is sacrificed in the process of automation. This essay will examine the implications of this paradigm shift and compare my own perspective with a Utilitarian viewpoint.', '', 'In my opinion, while automation brings undeniable benefits in terms of productivity, it is equally important to consider the human impact of replacing people with machines. While machines may excel at certain tasks, they lack qualities such as emotional inteligence and creativity that are inherent to humans. It is crucial to have a balance between human involvement and automation to preserve our humanity and ensure technology serves as a complement to, rather than a replacement for human efforts.', '', 'The writer emphasizes the importance of preserving human qualities amid the increasing automation in modern society. On the other hand, the Utilitarian perspective weights the beneficial impact that increased efficiency and productivity from machines has on society. Utilitarianism is often associated with making ethical decisions based on the greater good, which in this case would be the impact on society at large. This distinction amplifies the ethical tension between human-centric values and the practical advantages of automation in driving societal progress.', '', 'The writer emphasizes the importance of preserving human qualities amid the increasing automation. Conversely, the Utilitarian perspective emphasizes the positive impact of heightened efficiency and productivity brought by machines on society. Utilitarianism is typically linked to making ethical decisions based on the greater good, focusing on the impact on society as a whole. This distinction underscores the ethical tension between human-centered values and the practical benefits of automation in advancing societal progress.']",,,e other hand',"[[4, 134], [4, 122]]","{'t': [1726642, 1726807], 'l': 11, 'o': [{'o': 'l', 'i': [4, 134], 's': [[4, [[133, 130], [128, 122]]]]}]}",,,
9422,25,477,1727.141,editor,d,"['In modern society, intelligent machines have replaced many tasks once performed by humans, raising questions about what is sacrificed in the process of automation. This essay will examine the implications of this paradigm shift and compare my own perspective with a Utilitarian viewpoint.', '', 'In my opinion, while automation brings undeniable benefits in terms of productivity, it is equally important to consider the human impact of replacing people with machines. While machines may excel at certain tasks, they lack qualities such as emotional inteligence and creativity that are inherent to humans. It is crucial to have a balance between human involvement and automation to preserve our humanity and ensure technology serves as a complement to, rather than a replacement for human efforts.', '', 'The writer emphasizes the importance of preserving human qualities amid the increasing automation in modern society. On th, the Utilitarian perspective weights the beneficial impact that increased efficiency and productivity from machines has on society. Utilitarianism is often associated with making ethical decisions based on the greater good, which in this case would be the impact on society at large. This distinction amplifies the ethical tension between human-centric values and the practical advantages of automation in driving societal progress.', '', 'The writer emphasizes the importance of preserving human qualities amid the increasing automation. Conversely, the Utilitarian perspective emphasizes the positive impact of heightened efficiency and productivity brought by machines on society. Utilitarianism is typically linked to making ethical decisions based on the greater good, focusing on the impact on society as a whole. This distinction underscores the ethical tension between human-centered values and the practical benefits of automation in advancing societal progress.']",,e other hand',,"[[4, 122], [4, 134]]","{'t': 1727141, 'o': [{'o': 'd', 'i': [[4, 122], [4, 134]]}]}",,,
9423,25,478,1727.968,editor,d,"['In modern society, intelligent machines have replaced many tasks once performed by humans, raising questions about what is sacrificed in the process of automation. This essay will examine the implications of this paradigm shift and compare my own perspective with a Utilitarian viewpoint.', '', 'In my opinion, while automation brings undeniable benefits in terms of productivity, it is equally important to consider the human impact of replacing people with machines. While machines may excel at certain tasks, they lack qualities such as emotional inteligence and creativity that are inherent to humans. It is crucial to have a balance between human involvement and automation to preserve our humanity and ensure technology serves as a complement to, rather than a replacement for human efforts.', '', 'The writer emphasizes the importance of preserving human qualities amid the increasing automation in modern society. , the Utilitarian perspective weights the beneficial impact that increased efficiency and productivity from machines has on society. Utilitarianism is often associated with making ethical decisions based on the greater good, which in this case would be the impact on society at large. This distinction amplifies the ethical tension between human-centric values and the practical advantages of automation in driving societal progress.', '', 'The writer emphasizes the importance of preserving human qualities amid the increasing automation. Conversely, the Utilitarian perspective emphasizes the positive impact of heightened efficiency and productivity brought by machines on society. Utilitarianism is typically linked to making ethical decisions based on the greater good, focusing on the impact on society as a whole. This distinction underscores the ethical tension between human-centered values and the practical benefits of automation in advancing societal progress.']",,On th',,"[[4, 117], [4, 122]]","{'t': [1727293, 1727968], 'l': 5, 'o': [{'o': 'd', 'i': [[4, 117], [4, 122]], 'd': [[1, 5]]}]}",,,
9424,25,479,1730.121,editor,i,"['In modern society, intelligent machines have replaced many tasks once performed by humans, raising questions about what is sacrificed in the process of automation. This essay will examine the implications of this paradigm shift and compare my own perspective with a Utilitarian viewpoint.', '', 'In my opinion, while automation brings undeniable benefits in terms of productivity, it is equally important to consider the human impact of replacing people with machines. While machines may excel at certain tasks, they lack qualities such as emotional inteligence and creativity that are inherent to humans. It is crucial to have a balance between human involvement and automation to preserve our humanity and ensure technology serves as a complement to, rather than a replacement for human efforts.', '', 'The writer emphasizes the importance of preserving human qualities amid the increasing automation in modern society. Conversely, the Utilitarian perspective weights the beneficial impact that increased efficiency and productivity from machines has on society. Utilitarianism is often associated with making ethical decisions based on the greater good, which in this case would be the impact on society at large. This distinction amplifies the ethical tension between human-centric values and the practical advantages of automation in driving societal progress.', '', 'The writer emphasizes the importance of preserving human qualities amid the increasing automation. Conversely, the Utilitarian perspective emphasizes the positive impact of heightened efficiency and productivity brought by machines on society. Utilitarianism is typically linked to making ethical decisions based on the greater good, focusing on the impact on society as a whole. This distinction underscores the ethical tension between human-centered values and the practical benefits of automation in advancing societal progress.']",Conversely',,,"[4, 117]","{'t': [1728203, 1730121], 'l': 10, 'o': [{'o': 'i', 'i': [4, 117], 'a': 'Conversely'}]}",,,
9425,25,480,1736.084,editor,o,"['In modern society, intelligent machines have replaced many tasks once performed by humans, raising questions about what is sacrificed in the process of automation. This essay will examine the implications of this paradigm shift and compare my own perspective with a Utilitarian viewpoint.', '', 'In my opinion, while automation brings undeniable benefits in terms of productivity, it is equally important to consider the human impact of replacing people with machines. While machines may excel at certain tasks, they lack qualities such as emotional inteligence and creativity that are inherent to humans. It is crucial to have a balance between human involvement and automation to preserve our humanity and ensure technology serves as a complement to, rather than a replacement for human efforts.', '', 'The writer emphasizes the importance of preserving human qualities amid the increasing automation in modern society. Conversely, the Utilitarian perspective weights the beneficial impact that increased efficiency and productivity from machines has on society. Utilitarianism is often associated with making ethical decisions based on the greater good, which in this case would be the impact on society at large. This distinction amplifies the ethical tension between human-centric values and the practical advantages of automation in driving societal progress.', '', 'The writer emphasizes the importance of preserving human qualities amid the increasing automation. Conversely, the Utilitarian perspective emphasizes the positive impact of heightened efficiency and productivity brought by machines on society. Utilitarianism is typically linked to making ethical decisions based on the greater good, focusing on the impact on society as a whole. This distinction underscores the ethical tension between human-centered values and the practical benefits of automation in advancing societal progress.']",,,,"[4, 164]","{'t': 1736084, 'o': [{'o': 'o', 'i': [4, 164]}]}",,,
9426,25,481,1737.991,editor,d,"['In modern society, intelligent machines have replaced many tasks once performed by humans, raising questions about what is sacrificed in the process of automation. This essay will examine the implications of this paradigm shift and compare my own perspective with a Utilitarian viewpoint.', '', 'In my opinion, while automation brings undeniable benefits in terms of productivity, it is equally important to consider the human impact of replacing people with machines. While machines may excel at certain tasks, they lack qualities such as emotional inteligence and creativity that are inherent to humans. It is crucial to have a balance between human involvement and automation to preserve our humanity and ensure technology serves as a complement to, rather than a replacement for human efforts.', '', 'The writer emphasizes the importance of preserving human qualities amid the increasing automation in modern society. Conversely, the Utilitarian perspective weight the beneficial impact that increased efficiency and productivity from machines has on society. Utilitarianism is often associated with making ethical decisions based on the greater good, which in this case would be the impact on society at large. This distinction amplifies the ethical tension between human-centric values and the practical advantages of automation in driving societal progress.', '', 'The writer emphasizes the importance of preserving human qualities amid the increasing automation. Conversely, the Utilitarian perspective emphasizes the positive impact of heightened efficiency and productivity brought by machines on society. Utilitarianism is typically linked to making ethical decisions based on the greater good, focusing on the impact on society as a whole. This distinction underscores the ethical tension between human-centered values and the practical benefits of automation in advancing societal progress.']",,s',,"[[4, 163], [4, 164]]","{'t': 1737991, 'o': [{'o': 'd', 'i': [[4, 163], [4, 164]]}]}",,,
9427,25,482,1739.656,editor,d,"['In modern society, intelligent machines have replaced many tasks once performed by humans, raising questions about what is sacrificed in the process of automation. This essay will examine the implications of this paradigm shift and compare my own perspective with a Utilitarian viewpoint.', '', 'In my opinion, while automation brings undeniable benefits in terms of productivity, it is equally important to consider the human impact of replacing people with machines. While machines may excel at certain tasks, they lack qualities such as emotional inteligence and creativity that are inherent to humans. It is crucial to have a balance between human involvement and automation to preserve our humanity and ensure technology serves as a complement to, rather than a replacement for human efforts.', '', 'The writer emphasizes the importance of preserving human qualities amid the increasing automation in modern society. Conversely, the Utilitarian perspective  the beneficial impact that increased efficiency and productivity from machines has on society. Utilitarianism is often associated with making ethical decisions based on the greater good, which in this case would be the impact on society at large. This distinction amplifies the ethical tension between human-centric values and the practical advantages of automation in driving societal progress.', '', 'The writer emphasizes the importance of preserving human qualities amid the increasing automation. Conversely, the Utilitarian perspective emphasizes the positive impact of heightened efficiency and productivity brought by machines on society. Utilitarianism is typically linked to making ethical decisions based on the greater good, focusing on the impact on society as a whole. This distinction underscores the ethical tension between human-centered values and the practical benefits of automation in advancing societal progress.']",,weight',,"[[4, 157], [4, 163]]","{'t': [1738241, 1739656], 'l': 6, 'o': [{'o': 'd', 'i': [[4, 157], [4, 163]], 'd': [[1, 6]]}]}",,,
9428,25,483,1746.252,editor,i,"['In modern society, intelligent machines have replaced many tasks once performed by humans, raising questions about what is sacrificed in the process of automation. This essay will examine the implications of this paradigm shift and compare my own perspective with a Utilitarian viewpoint.', '', 'In my opinion, while automation brings undeniable benefits in terms of productivity, it is equally important to consider the human impact of replacing people with machines. While machines may excel at certain tasks, they lack qualities such as emotional inteligence and creativity that are inherent to humans. It is crucial to have a balance between human involvement and automation to preserve our humanity and ensure technology serves as a complement to, rather than a replacement for human efforts.', '', 'The writer emphasizes the importance of preserving human qualities amid the increasing automation in modern society. Conversely, the Utilitarian perspective w the beneficial impact that increased efficiency and productivity from machines has on society. Utilitarianism is often associated with making ethical decisions based on the greater good, which in this case would be the impact on society at large. This distinction amplifies the ethical tension between human-centric values and the practical advantages of automation in driving societal progress.', '', 'The writer emphasizes the importance of preserving human qualities amid the increasing automation. Conversely, the Utilitarian perspective emphasizes the positive impact of heightened efficiency and productivity brought by machines on society. Utilitarianism is typically linked to making ethical decisions based on the greater good, focusing on the impact on society as a whole. This distinction underscores the ethical tension between human-centered values and the practical benefits of automation in advancing societal progress.']",w',,,"[4, 157]","{'t': 1746252, 'o': [{'o': 'i', 'i': [4, 157], 'a': 'w'}]}",,,
9429,25,484,1746.974,editor,i,"['In modern society, intelligent machines have replaced many tasks once performed by humans, raising questions about what is sacrificed in the process of automation. This essay will examine the implications of this paradigm shift and compare my own perspective with a Utilitarian viewpoint.', '', 'In my opinion, while automation brings undeniable benefits in terms of productivity, it is equally important to consider the human impact of replacing people with machines. While machines may excel at certain tasks, they lack qualities such as emotional inteligence and creativity that are inherent to humans. It is crucial to have a balance between human involvement and automation to preserve our humanity and ensure technology serves as a complement to, rather than a replacement for human efforts.', '', 'The writer emphasizes the importance of preserving human qualities amid the increasing automation in modern society. Conversely, the Utilitarian perspective weighs the beneficial impact that increased efficiency and productivity from machines has on society. Utilitarianism is often associated with making ethical decisions based on the greater good, which in this case would be the impact on society at large. This distinction amplifies the ethical tension between human-centric values and the practical advantages of automation in driving societal progress.', '', 'The writer emphasizes the importance of preserving human qualities amid the increasing automation. Conversely, the Utilitarian perspective emphasizes the positive impact of heightened efficiency and productivity brought by machines on society. Utilitarianism is typically linked to making ethical decisions based on the greater good, focusing on the impact on society as a whole. This distinction underscores the ethical tension between human-centered values and the practical benefits of automation in advancing societal progress.']",eighs',,,"[4, 158]","{'t': [1746432, 1746974], 'l': 5, 'o': [{'o': 'i', 'i': [4, 158], 'a': 'eighs'}]}",,,
9430,25,485,1748.085,editor,d,"['In modern society, intelligent machines have replaced many tasks once performed by humans, raising questions about what is sacrificed in the process of automation. This essay will examine the implications of this paradigm shift and compare my own perspective with a Utilitarian viewpoint.', '', 'In my opinion, while automation brings undeniable benefits in terms of productivity, it is equally important to consider the human impact of replacing people with machines. While machines may excel at certain tasks, they lack qualities such as emotional inteligence and creativity that are inherent to humans. It is crucial to have a balance between human involvement and automation to preserve our humanity and ensure technology serves as a complement to, rather than a replacement for human efforts.', '', 'The writer emphasizes the importance of preserving human qualities amid the increasing automation in modern society. Conversely, the Utilitarian perspective weigh the beneficial impact that increased efficiency and productivity from machines has on society. Utilitarianism is often associated with making ethical decisions based on the greater good, which in this case would be the impact on society at large. This distinction amplifies the ethical tension between human-centric values and the practical advantages of automation in driving societal progress.', '', 'The writer emphasizes the importance of preserving human qualities amid the increasing automation. Conversely, the Utilitarian perspective emphasizes the positive impact of heightened efficiency and productivity brought by machines on society. Utilitarianism is typically linked to making ethical decisions based on the greater good, focusing on the impact on society as a whole. This distinction underscores the ethical tension between human-centered values and the practical benefits of automation in advancing societal progress.']",,s',,"[[4, 162], [4, 163]]","{'t': 1748085, 'o': [{'o': 'd', 'i': [[4, 162], [4, 163]]}]}",,,
9431,25,486,1748.483,editor,i,"['In modern society, intelligent machines have replaced many tasks once performed by humans, raising questions about what is sacrificed in the process of automation. This essay will examine the implications of this paradigm shift and compare my own perspective with a Utilitarian viewpoint.', '', 'In my opinion, while automation brings undeniable benefits in terms of productivity, it is equally important to consider the human impact of replacing people with machines. While machines may excel at certain tasks, they lack qualities such as emotional inteligence and creativity that are inherent to humans. It is crucial to have a balance between human involvement and automation to preserve our humanity and ensure technology serves as a complement to, rather than a replacement for human efforts.', '', 'The writer emphasizes the importance of preserving human qualities amid the increasing automation in modern society. Conversely, the Utilitarian perspective weights the beneficial impact that increased efficiency and productivity from machines has on society. Utilitarianism is often associated with making ethical decisions based on the greater good, which in this case would be the impact on society at large. This distinction amplifies the ethical tension between human-centric values and the practical advantages of automation in driving societal progress.', '', 'The writer emphasizes the importance of preserving human qualities amid the increasing automation. Conversely, the Utilitarian perspective emphasizes the positive impact of heightened efficiency and productivity brought by machines on society. Utilitarianism is typically linked to making ethical decisions based on the greater good, focusing on the impact on society as a whole. This distinction underscores the ethical tension between human-centered values and the practical benefits of automation in advancing societal progress.']",ts',,,"[4, 162]","{'t': [1748212, 1748483], 'l': 2, 'o': [{'o': 'i', 'i': [4, 162], 'a': 'ts'}]}",,,
9432,25,487,1750.388,editor,o,"['In modern society, intelligent machines have replaced many tasks once performed by humans, raising questions about what is sacrificed in the process of automation. This essay will examine the implications of this paradigm shift and compare my own perspective with a Utilitarian viewpoint.', '', 'In my opinion, while automation brings undeniable benefits in terms of productivity, it is equally important to consider the human impact of replacing people with machines. While machines may excel at certain tasks, they lack qualities such as emotional inteligence and creativity that are inherent to humans. It is crucial to have a balance between human involvement and automation to preserve our humanity and ensure technology serves as a complement to, rather than a replacement for human efforts.', '', 'The writer emphasizes the importance of preserving human qualities amid the increasing automation in modern society. Conversely, the Utilitarian perspective weights the beneficial impact that increased efficiency and productivity from machines has on society. Utilitarianism is often associated with making ethical decisions based on the greater good, which in this case would be the impact on society at large. This distinction amplifies the ethical tension between human-centric values and the practical advantages of automation in driving societal progress.', '', 'The writer emphasizes the importance of preserving human qualities amid the increasing automation. Conversely, the Utilitarian perspective emphasizes the positive impact of heightened efficiency and productivity brought by machines on society. Utilitarianism is typically linked to making ethical decisions based on the greater good, focusing on the impact on society as a whole. This distinction underscores the ethical tension between human-centered values and the practical benefits of automation in advancing societal progress.']",,,,"[4, 179]","{'t': 1750388, 'o': [{'o': 'o', 'i': [4, 179]}]}",,,
9433,25,488,1750.872,editor,l,"['In modern society, intelligent machines have replaced many tasks once performed by humans, raising questions about what is sacrificed in the process of automation. This essay will examine the implications of this paradigm shift and compare my own perspective with a Utilitarian viewpoint.', '', 'In my opinion, while automation brings undeniable benefits in terms of productivity, it is equally important to consider the human impact of replacing people with machines. While machines may excel at certain tasks, they lack qualities such as emotional inteligence and creativity that are inherent to humans. It is crucial to have a balance between human involvement and automation to preserve our humanity and ensure technology serves as a complement to, rather than a replacement for human efforts.', '', 'The writer emphasizes the importance of preserving human qualities amid the increasing automation in modern society. Conversely, the Utilitarian perspective weights the beneficial impact that increased efficiency and productivity from machines has on society. Utilitarianism is often associated with making ethical decisions based on the greater good, which in this case would be the impact on society at large. This distinction amplifies the ethical tension between human-centric values and the practical advantages of automation in driving societal progress.', '', 'The writer emphasizes the importance of preserving human qualities amid the increasing automation. Conversely, the Utilitarian perspective emphasizes the positive impact of heightened efficiency and productivity brought by machines on society. Utilitarianism is typically linked to making ethical decisions based on the greater good, focusing on the impact on society as a whole. This distinction underscores the ethical tension between human-centered values and the practical benefits of automation in advancing societal progress.']",,,ficial',"[[4, 179], [4, 173]]","{'t': [1750647, 1750872], 'l': 6, 'o': [{'o': 'l', 'i': [4, 179], 's': [[4, [[178, 173]]]]}]}",,,
9434,25,489,1751.355,editor,d,"['In modern society, intelligent machines have replaced many tasks once performed by humans, raising questions about what is sacrificed in the process of automation. This essay will examine the implications of this paradigm shift and compare my own perspective with a Utilitarian viewpoint.', '', 'In my opinion, while automation brings undeniable benefits in terms of productivity, it is equally important to consider the human impact of replacing people with machines. While machines may excel at certain tasks, they lack qualities such as emotional inteligence and creativity that are inherent to humans. It is crucial to have a balance between human involvement and automation to preserve our humanity and ensure technology serves as a complement to, rather than a replacement for human efforts.', '', 'The writer emphasizes the importance of preserving human qualities amid the increasing automation in modern society. Conversely, the Utilitarian perspective weights the bene impact that increased efficiency and productivity from machines has on society. Utilitarianism is often associated with making ethical decisions based on the greater good, which in this case would be the impact on society at large. This distinction amplifies the ethical tension between human-centric values and the practical advantages of automation in driving societal progress.', '', 'The writer emphasizes the importance of preserving human qualities amid the increasing automation. Conversely, the Utilitarian perspective emphasizes the positive impact of heightened efficiency and productivity brought by machines on society. Utilitarianism is typically linked to making ethical decisions based on the greater good, focusing on the impact on society as a whole. This distinction underscores the ethical tension between human-centered values and the practical benefits of automation in advancing societal progress.']",,ficial',,"[[4, 173], [4, 179]]","{'t': 1751355, 'o': [{'o': 'd', 'i': [[4, 173], [4, 179]]}]}",,,
9435,25,490,1752.024,editor,d,"['In modern society, intelligent machines have replaced many tasks once performed by humans, raising questions about what is sacrificed in the process of automation. This essay will examine the implications of this paradigm shift and compare my own perspective with a Utilitarian viewpoint.', '', 'In my opinion, while automation brings undeniable benefits in terms of productivity, it is equally important to consider the human impact of replacing people with machines. While machines may excel at certain tasks, they lack qualities such as emotional inteligence and creativity that are inherent to humans. It is crucial to have a balance between human involvement and automation to preserve our humanity and ensure technology serves as a complement to, rather than a replacement for human efforts.', '', 'The writer emphasizes the importance of preserving human qualities amid the increasing automation in modern society. Conversely, the Utilitarian perspective weights the  impact that increased efficiency and productivity from machines has on society. Utilitarianism is often associated with making ethical decisions based on the greater good, which in this case would be the impact on society at large. This distinction amplifies the ethical tension between human-centric values and the practical advantages of automation in driving societal progress.', '', 'The writer emphasizes the importance of preserving human qualities amid the increasing automation. Conversely, the Utilitarian perspective emphasizes the positive impact of heightened efficiency and productivity brought by machines on society. Utilitarianism is typically linked to making ethical decisions based on the greater good, focusing on the impact on society as a whole. This distinction underscores the ethical tension between human-centered values and the practical benefits of automation in advancing societal progress.']",,bene',,"[[4, 169], [4, 173]]","{'t': [1751511, 1752024], 'l': 4, 'o': [{'o': 'd', 'i': [[4, 169], [4, 173]], 'd': [[1, 4]]}]}",,,
9436,25,491,1753.817,editor,i,"['In modern society, intelligent machines have replaced many tasks once performed by humans, raising questions about what is sacrificed in the process of automation. This essay will examine the implications of this paradigm shift and compare my own perspective with a Utilitarian viewpoint.', '', 'In my opinion, while automation brings undeniable benefits in terms of productivity, it is equally important to consider the human impact of replacing people with machines. While machines may excel at certain tasks, they lack qualities such as emotional inteligence and creativity that are inherent to humans. It is crucial to have a balance between human involvement and automation to preserve our humanity and ensure technology serves as a complement to, rather than a replacement for human efforts.', '', 'The writer emphasizes the importance of preserving human qualities amid the increasing automation in modern society. Conversely, the Utilitarian perspective weights the positive impact that increased efficiency and productivity from machines has on society. Utilitarianism is often associated with making ethical decisions based on the greater good, which in this case would be the impact on society at large. This distinction amplifies the ethical tension between human-centric values and the practical advantages of automation in driving societal progress.', '', 'The writer emphasizes the importance of preserving human qualities amid the increasing automation. Conversely, the Utilitarian perspective emphasizes the positive impact of heightened efficiency and productivity brought by machines on society. Utilitarianism is typically linked to making ethical decisions based on the greater good, focusing on the impact on society as a whole. This distinction underscores the ethical tension between human-centered values and the practical benefits of automation in advancing societal progress.']",positive',,,"[4, 169]","{'t': [1752709, 1753817], 'l': 8, 'o': [{'o': 'i', 'i': [4, 169], 'a': 'positive'}]}",,,
9437,25,492,1755.838,editor,o,"['In modern society, intelligent machines have replaced many tasks once performed by humans, raising questions about what is sacrificed in the process of automation. This essay will examine the implications of this paradigm shift and compare my own perspective with a Utilitarian viewpoint.', '', 'In my opinion, while automation brings undeniable benefits in terms of productivity, it is equally important to consider the human impact of replacing people with machines. While machines may excel at certain tasks, they lack qualities such as emotional inteligence and creativity that are inherent to humans. It is crucial to have a balance between human involvement and automation to preserve our humanity and ensure technology serves as a complement to, rather than a replacement for human efforts.', '', 'The writer emphasizes the importance of preserving human qualities amid the increasing automation in modern society. Conversely, the Utilitarian perspective weights the positive impact that increased efficiency and productivity from machines has on society. Utilitarianism is often associated with making ethical decisions based on the greater good, which in this case would be the impact on society at large. This distinction amplifies the ethical tension between human-centric values and the practical advantages of automation in driving societal progress.', '', 'The writer emphasizes the importance of preserving human qualities amid the increasing automation. Conversely, the Utilitarian perspective emphasizes the positive impact of heightened efficiency and productivity brought by machines on society. Utilitarianism is typically linked to making ethical decisions based on the greater good, focusing on the impact on society as a whole. This distinction underscores the ethical tension between human-centered values and the practical benefits of automation in advancing societal progress.']",,,,"[4, 199]","{'t': 1755838, 'o': [{'o': 'o', 'i': [4, 199]}]}",,,
9438,25,493,1756.171,editor,l,"['In modern society, intelligent machines have replaced many tasks once performed by humans, raising questions about what is sacrificed in the process of automation. This essay will examine the implications of this paradigm shift and compare my own perspective with a Utilitarian viewpoint.', '', 'In my opinion, while automation brings undeniable benefits in terms of productivity, it is equally important to consider the human impact of replacing people with machines. While machines may excel at certain tasks, they lack qualities such as emotional inteligence and creativity that are inherent to humans. It is crucial to have a balance between human involvement and automation to preserve our humanity and ensure technology serves as a complement to, rather than a replacement for human efforts.', '', 'The writer emphasizes the importance of preserving human qualities amid the increasing automation in modern society. Conversely, the Utilitarian perspective weights the positive impact that increased efficiency and productivity from machines has on society. Utilitarianism is often associated with making ethical decisions based on the greater good, which in this case would be the impact on society at large. This distinction amplifies the ethical tension between human-centric values and the practical advantages of automation in driving societal progress.', '', 'The writer emphasizes the importance of preserving human qualities amid the increasing automation. Conversely, the Utilitarian perspective emphasizes the positive impact of heightened efficiency and productivity brought by machines on society. Utilitarianism is typically linked to making ethical decisions based on the greater good, focusing on the impact on society as a whole. This distinction underscores the ethical tension between human-centered values and the practical benefits of automation in advancing societal progress.']",,,ncreased',"[[4, 199], [4, 191]]","{'t': [1755985, 1756171], 'l': 8, 'o': [{'o': 'l', 'i': [4, 199], 's': [[4, [[198, 191]]]]}]}",,,
9439,25,494,1756.622,editor,d,"['In modern society, intelligent machines have replaced many tasks once performed by humans, raising questions about what is sacrificed in the process of automation. This essay will examine the implications of this paradigm shift and compare my own perspective with a Utilitarian viewpoint.', '', 'In my opinion, while automation brings undeniable benefits in terms of productivity, it is equally important to consider the human impact of replacing people with machines. While machines may excel at certain tasks, they lack qualities such as emotional inteligence and creativity that are inherent to humans. It is crucial to have a balance between human involvement and automation to preserve our humanity and ensure technology serves as a complement to, rather than a replacement for human efforts.', '', 'The writer emphasizes the importance of preserving human qualities amid the increasing automation in modern society. Conversely, the Utilitarian perspective weights the positive impact that i efficiency and productivity from machines has on society. Utilitarianism is often associated with making ethical decisions based on the greater good, which in this case would be the impact on society at large. This distinction amplifies the ethical tension between human-centric values and the practical advantages of automation in driving societal progress.', '', 'The writer emphasizes the importance of preserving human qualities amid the increasing automation. Conversely, the Utilitarian perspective emphasizes the positive impact of heightened efficiency and productivity brought by machines on society. Utilitarianism is typically linked to making ethical decisions based on the greater good, focusing on the impact on society as a whole. This distinction underscores the ethical tension between human-centered values and the practical benefits of automation in advancing societal progress.']",,ncreased',,"[[4, 191], [4, 199]]","{'t': 1756622, 'o': [{'o': 'd', 'i': [[4, 191], [4, 199]]}]}",,,
9440,25,495,1758.134,editor,d,"['In modern society, intelligent machines have replaced many tasks once performed by humans, raising questions about what is sacrificed in the process of automation. This essay will examine the implications of this paradigm shift and compare my own perspective with a Utilitarian viewpoint.', '', 'In my opinion, while automation brings undeniable benefits in terms of productivity, it is equally important to consider the human impact of replacing people with machines. While machines may excel at certain tasks, they lack qualities such as emotional inteligence and creativity that are inherent to humans. It is crucial to have a balance between human involvement and automation to preserve our humanity and ensure technology serves as a complement to, rather than a replacement for human efforts.', '', 'The writer emphasizes the importance of preserving human qualities amid the increasing automation in modern society. Conversely, the Utilitarian perspective weights the positive impact  efficiency and productivity from machines has on society. Utilitarianism is often associated with making ethical decisions based on the greater good, which in this case would be the impact on society at large. This distinction amplifies the ethical tension between human-centric values and the practical advantages of automation in driving societal progress.', '', 'The writer emphasizes the importance of preserving human qualities amid the increasing automation. Conversely, the Utilitarian perspective emphasizes the positive impact of heightened efficiency and productivity brought by machines on society. Utilitarianism is typically linked to making ethical decisions based on the greater good, focusing on the impact on society as a whole. This distinction underscores the ethical tension between human-centered values and the practical benefits of automation in advancing societal progress.']",,that i',,"[[4, 185], [4, 191]]","{'t': [1756818, 1758134], 'l': 6, 'o': [{'o': 'd', 'i': [[4, 185], [4, 191]], 'd': [[1, 6]]}]}",,,
9441,25,496,1761.466,editor,i,"['In modern society, intelligent machines have replaced many tasks once performed by humans, raising questions about what is sacrificed in the process of automation. This essay will examine the implications of this paradigm shift and compare my own perspective with a Utilitarian viewpoint.', '', 'In my opinion, while automation brings undeniable benefits in terms of productivity, it is equally important to consider the human impact of replacing people with machines. While machines may excel at certain tasks, they lack qualities such as emotional inteligence and creativity that are inherent to humans. It is crucial to have a balance between human involvement and automation to preserve our humanity and ensure technology serves as a complement to, rather than a replacement for human efforts.', '', 'The writer emphasizes the importance of preserving human qualities amid the increasing automation in modern society. Conversely, the Utilitarian perspective weights the positive impact of heightened efficiency and productivity from machines has on society. Utilitarianism is often associated with making ethical decisions based on the greater good, which in this case would be the impact on society at large. This distinction amplifies the ethical tension between human-centric values and the practical advantages of automation in driving societal progress.', '', 'The writer emphasizes the importance of preserving human qualities amid the increasing automation. Conversely, the Utilitarian perspective emphasizes the positive impact of heightened efficiency and productivity brought by machines on society. Utilitarianism is typically linked to making ethical decisions based on the greater good, focusing on the impact on society as a whole. This distinction underscores the ethical tension between human-centered values and the practical benefits of automation in advancing societal progress.']",of heightened',,,"[4, 185]","{'t': [1758613, 1761466], 'l': 13, 'o': [{'o': 'i', 'i': [4, 185], 'a': 'of heightened'}]}",,,
9442,25,497,1767.165,editor,o,"['In modern society, intelligent machines have replaced many tasks once performed by humans, raising questions about what is sacrificed in the process of automation. This essay will examine the implications of this paradigm shift and compare my own perspective with a Utilitarian viewpoint.', '', 'In my opinion, while automation brings undeniable benefits in terms of productivity, it is equally important to consider the human impact of replacing people with machines. While machines may excel at certain tasks, they lack qualities such as emotional inteligence and creativity that are inherent to humans. It is crucial to have a balance between human involvement and automation to preserve our humanity and ensure technology serves as a complement to, rather than a replacement for human efforts.', '', 'The writer emphasizes the importance of preserving human qualities amid the increasing automation in modern society. Conversely, the Utilitarian perspective weights the positive impact of heightened efficiency and productivity from machines has on society. Utilitarianism is often associated with making ethical decisions based on the greater good, which in this case would be the impact on society at large. This distinction amplifies the ethical tension between human-centric values and the practical advantages of automation in driving societal progress.', '', 'The writer emphasizes the importance of preserving human qualities amid the increasing automation. Conversely, the Utilitarian perspective emphasizes the positive impact of heightened efficiency and productivity brought by machines on society. Utilitarianism is typically linked to making ethical decisions based on the greater good, focusing on the impact on society as a whole. This distinction underscores the ethical tension between human-centered values and the practical benefits of automation in advancing societal progress.']",,,,"[4, 209]","{'t': 1767165, 'o': [{'o': 'o', 'i': [4, 209]}]}",,,
9443,25,498,1767.436,editor,l,"['In modern society, intelligent machines have replaced many tasks once performed by humans, raising questions about what is sacrificed in the process of automation. This essay will examine the implications of this paradigm shift and compare my own perspective with a Utilitarian viewpoint.', '', 'In my opinion, while automation brings undeniable benefits in terms of productivity, it is equally important to consider the human impact of replacing people with machines. While machines may excel at certain tasks, they lack qualities such as emotional inteligence and creativity that are inherent to humans. It is crucial to have a balance between human involvement and automation to preserve our humanity and ensure technology serves as a complement to, rather than a replacement for human efforts.', '', 'The writer emphasizes the importance of preserving human qualities amid the increasing automation in modern society. Conversely, the Utilitarian perspective weights the positive impact of heightened efficiency and productivity from machines has on society. Utilitarianism is often associated with making ethical decisions based on the greater good, which in this case would be the impact on society at large. This distinction amplifies the ethical tension between human-centric values and the practical advantages of automation in driving societal progress.', '', 'The writer emphasizes the importance of preserving human qualities amid the increasing automation. Conversely, the Utilitarian perspective emphasizes the positive impact of heightened efficiency and productivity brought by machines on society. Utilitarianism is typically linked to making ethical decisions based on the greater good, focusing on the impact on society as a whole. This distinction underscores the ethical tension between human-centered values and the practical benefits of automation in advancing societal progress.']",,,and ',"[[4, 209], [4, 214]]","{'t': [1767348, 1767436], 'l': 5, 'o': [{'o': 'l', 'i': [4, 209], 's': [[4, [[210, 214]]]]}]}",,,
9444,25,499,1768.839,editor,d_i,"['In modern society, intelligent machines have replaced many tasks once performed by humans, raising questions about what is sacrificed in the process of automation. This essay will examine the implications of this paradigm shift and compare my own perspective with a Utilitarian viewpoint.', '', 'In my opinion, while automation brings undeniable benefits in terms of productivity, it is equally important to consider the human impact of replacing people with machines. While machines may excel at certain tasks, they lack qualities such as emotional inteligence and creativity that are inherent to humans. It is crucial to have a balance between human involvement and automation to preserve our humanity and ensure technology serves as a complement to, rather than a replacement for human efforts.', '', 'The writer emphasizes the importance of preserving human qualities amid the increasing automation in modern society. Conversely, the Utilitarian perspective weights the positive impact of heightened efficiency productivity from machines has on society. Utilitarianism is often associated with making ethical decisions based on the greater good, which in this case would be the impact on society at large. This distinction amplifies the ethical tension between human-centric values and the practical advantages of automation in driving societal progress.', '', 'The writer emphasizes the importance of preserving human qualities amid the increasing automation. Conversely, the Utilitarian perspective emphasizes the positive impact of heightened efficiency and productivity brought by machines on society. Utilitarianism is typically linked to making ethical decisions based on the greater good, focusing on the impact on society as a whole. This distinction underscores the ethical tension between human-centered values and the practical benefits of automation in advancing societal progress.']",,and ',and ',"[[4, 209], [4, 214]]","{'t': 1768839, 'o': [{'o': 'i', 'i': [[4, 209], [4, 214]], 'a': ' '}]}",,,
9445,25,500,1770.288,editor,i,"['In modern society, intelligent machines have replaced many tasks once performed by humans, raising questions about what is sacrificed in the process of automation. This essay will examine the implications of this paradigm shift and compare my own perspective with a Utilitarian viewpoint.', '', 'In my opinion, while automation brings undeniable benefits in terms of productivity, it is equally important to consider the human impact of replacing people with machines. While machines may excel at certain tasks, they lack qualities such as emotional inteligence and creativity that are inherent to humans. It is crucial to have a balance between human involvement and automation to preserve our humanity and ensure technology serves as a complement to, rather than a replacement for human efforts.', '', 'The writer emphasizes the importance of preserving human qualities amid the increasing automation in modern society. Conversely, the Utilitarian perspective weights the positive impact of heightened efficiency which productivity from machines has on society. Utilitarianism is often associated with making ethical decisions based on the greater good, which in this case would be the impact on society at large. This distinction amplifies the ethical tension between human-centric values and the practical advantages of automation in driving societal progress.', '', 'The writer emphasizes the importance of preserving human qualities amid the increasing automation. Conversely, the Utilitarian perspective emphasizes the positive impact of heightened efficiency and productivity brought by machines on society. Utilitarianism is typically linked to making ethical decisions based on the greater good, focusing on the impact on society as a whole. This distinction underscores the ethical tension between human-centered values and the practical benefits of automation in advancing societal progress.']",which ',,,"[4, 210]","{'t': [1769682, 1770288], 'l': 6, 'o': [{'o': 'i', 'i': [4, 210], 'a': 'which '}]}",,,
9446,25,501,1772.17,editor,d,"['In modern society, intelligent machines have replaced many tasks once performed by humans, raising questions about what is sacrificed in the process of automation. This essay will examine the implications of this paradigm shift and compare my own perspective with a Utilitarian viewpoint.', '', 'In my opinion, while automation brings undeniable benefits in terms of productivity, it is equally important to consider the human impact of replacing people with machines. While machines may excel at certain tasks, they lack qualities such as emotional inteligence and creativity that are inherent to humans. It is crucial to have a balance between human involvement and automation to preserve our humanity and ensure technology serves as a complement to, rather than a replacement for human efforts.', '', 'The writer emphasizes the importance of preserving human qualities amid the increasing automation in modern society. Conversely, the Utilitarian perspective weights the positive impact of heightened efficiency whichproductivity from machines has on society. Utilitarianism is often associated with making ethical decisions based on the greater good, which in this case would be the impact on society at large. This distinction amplifies the ethical tension between human-centric values and the practical advantages of automation in driving societal progress.', '', 'The writer emphasizes the importance of preserving human qualities amid the increasing automation. Conversely, the Utilitarian perspective emphasizes the positive impact of heightened efficiency and productivity brought by machines on society. Utilitarianism is typically linked to making ethical decisions based on the greater good, focusing on the impact on society as a whole. This distinction underscores the ethical tension between human-centered values and the practical benefits of automation in advancing societal progress.']",,,,"[[4, 215], [4, 216]]","{'t': 1772170, 'o': [{'o': 'd', 'i': [[4, 215], [4, 216]]}]}",,,
9447,25,502,1773.513,editor,d,"['In modern society, intelligent machines have replaced many tasks once performed by humans, raising questions about what is sacrificed in the process of automation. This essay will examine the implications of this paradigm shift and compare my own perspective with a Utilitarian viewpoint.', '', 'In my opinion, while automation brings undeniable benefits in terms of productivity, it is equally important to consider the human impact of replacing people with machines. While machines may excel at certain tasks, they lack qualities such as emotional inteligence and creativity that are inherent to humans. It is crucial to have a balance between human involvement and automation to preserve our humanity and ensure technology serves as a complement to, rather than a replacement for human efforts.', '', 'The writer emphasizes the importance of preserving human qualities amid the increasing automation in modern society. Conversely, the Utilitarian perspective weights the positive impact of heightened efficiency productivity from machines has on society. Utilitarianism is often associated with making ethical decisions based on the greater good, which in this case would be the impact on society at large. This distinction amplifies the ethical tension between human-centric values and the practical advantages of automation in driving societal progress.', '', 'The writer emphasizes the importance of preserving human qualities amid the increasing automation. Conversely, the Utilitarian perspective emphasizes the positive impact of heightened efficiency and productivity brought by machines on society. Utilitarianism is typically linked to making ethical decisions based on the greater good, focusing on the impact on society as a whole. This distinction underscores the ethical tension between human-centered values and the practical benefits of automation in advancing societal progress.']",,which',,"[[4, 210], [4, 215]]","{'t': [1772382, 1773513], 'l': 5, 'o': [{'o': 'd', 'i': [[4, 210], [4, 215]], 'd': [[1, 5]]}]}",,,
9448,25,503,1774.413,editor,i,"['In modern society, intelligent machines have replaced many tasks once performed by humans, raising questions about what is sacrificed in the process of automation. This essay will examine the implications of this paradigm shift and compare my own perspective with a Utilitarian viewpoint.', '', 'In my opinion, while automation brings undeniable benefits in terms of productivity, it is equally important to consider the human impact of replacing people with machines. While machines may excel at certain tasks, they lack qualities such as emotional inteligence and creativity that are inherent to humans. It is crucial to have a balance between human involvement and automation to preserve our humanity and ensure technology serves as a complement to, rather than a replacement for human efforts.', '', 'The writer emphasizes the importance of preserving human qualities amid the increasing automation in modern society. Conversely, the Utilitarian perspective weights the positive impact of heightened efficiency and productivity from machines has on society. Utilitarianism is often associated with making ethical decisions based on the greater good, which in this case would be the impact on society at large. This distinction amplifies the ethical tension between human-centric values and the practical advantages of automation in driving societal progress.', '', 'The writer emphasizes the importance of preserving human qualities amid the increasing automation. Conversely, the Utilitarian perspective emphasizes the positive impact of heightened efficiency and productivity brought by machines on society. Utilitarianism is typically linked to making ethical decisions based on the greater good, focusing on the impact on society as a whole. This distinction underscores the ethical tension between human-centered values and the practical benefits of automation in advancing societal progress.']",and ',,,"[4, 210]","{'t': [1774122, 1774413], 'l': 4, 'o': [{'o': 'i', 'i': [4, 210], 'a': 'and '}]}",,,
9449,25,504,1777.344,editor,o,"['In modern society, intelligent machines have replaced many tasks once performed by humans, raising questions about what is sacrificed in the process of automation. This essay will examine the implications of this paradigm shift and compare my own perspective with a Utilitarian viewpoint.', '', 'In my opinion, while automation brings undeniable benefits in terms of productivity, it is equally important to consider the human impact of replacing people with machines. While machines may excel at certain tasks, they lack qualities such as emotional inteligence and creativity that are inherent to humans. It is crucial to have a balance between human involvement and automation to preserve our humanity and ensure technology serves as a complement to, rather than a replacement for human efforts.', '', 'The writer emphasizes the importance of preserving human qualities amid the increasing automation in modern society. Conversely, the Utilitarian perspective weights the positive impact of heightened efficiency and productivity from machines has on society. Utilitarianism is often associated with making ethical decisions based on the greater good, which in this case would be the impact on society at large. This distinction amplifies the ethical tension between human-centric values and the practical advantages of automation in driving societal progress.', '', 'The writer emphasizes the importance of preserving human qualities amid the increasing automation. Conversely, the Utilitarian perspective emphasizes the positive impact of heightened efficiency and productivity brought by machines on society. Utilitarianism is typically linked to making ethical decisions based on the greater good, focusing on the impact on society as a whole. This distinction underscores the ethical tension between human-centered values and the practical benefits of automation in advancing societal progress.']",,,,"[4, 231]","{'t': 1777344, 'o': [{'o': 'o', 'i': [4, 231]}]}",,,
9450,25,505,1778.835,editor,d,"['In modern society, intelligent machines have replaced many tasks once performed by humans, raising questions about what is sacrificed in the process of automation. This essay will examine the implications of this paradigm shift and compare my own perspective with a Utilitarian viewpoint.', '', 'In my opinion, while automation brings undeniable benefits in terms of productivity, it is equally important to consider the human impact of replacing people with machines. While machines may excel at certain tasks, they lack qualities such as emotional inteligence and creativity that are inherent to humans. It is crucial to have a balance between human involvement and automation to preserve our humanity and ensure technology serves as a complement to, rather than a replacement for human efforts.', '', 'The writer emphasizes the importance of preserving human qualities amid the increasing automation in modern society. Conversely, the Utilitarian perspective weights the positive impact of heightened efficiency and productivity fro machines has on society. Utilitarianism is often associated with making ethical decisions based on the greater good, which in this case would be the impact on society at large. This distinction amplifies the ethical tension between human-centric values and the practical advantages of automation in driving societal progress.', '', 'The writer emphasizes the importance of preserving human qualities amid the increasing automation. Conversely, the Utilitarian perspective emphasizes the positive impact of heightened efficiency and productivity brought by machines on society. Utilitarianism is typically linked to making ethical decisions based on the greater good, focusing on the impact on society as a whole. This distinction underscores the ethical tension between human-centered values and the practical benefits of automation in advancing societal progress.']",,m',,"[[4, 230], [4, 231]]","{'t': 1778835, 'o': [{'o': 'd', 'i': [[4, 230], [4, 231]]}]}",,,
9451,25,506,1779.404,editor,d,"['In modern society, intelligent machines have replaced many tasks once performed by humans, raising questions about what is sacrificed in the process of automation. This essay will examine the implications of this paradigm shift and compare my own perspective with a Utilitarian viewpoint.', '', 'In my opinion, while automation brings undeniable benefits in terms of productivity, it is equally important to consider the human impact of replacing people with machines. While machines may excel at certain tasks, they lack qualities such as emotional inteligence and creativity that are inherent to humans. It is crucial to have a balance between human involvement and automation to preserve our humanity and ensure technology serves as a complement to, rather than a replacement for human efforts.', '', 'The writer emphasizes the importance of preserving human qualities amid the increasing automation in modern society. Conversely, the Utilitarian perspective weights the positive impact of heightened efficiency and productivity  machines has on society. Utilitarianism is often associated with making ethical decisions based on the greater good, which in this case would be the impact on society at large. This distinction amplifies the ethical tension between human-centric values and the practical advantages of automation in driving societal progress.', '', 'The writer emphasizes the importance of preserving human qualities amid the increasing automation. Conversely, the Utilitarian perspective emphasizes the positive impact of heightened efficiency and productivity brought by machines on society. Utilitarianism is typically linked to making ethical decisions based on the greater good, focusing on the impact on society as a whole. This distinction underscores the ethical tension between human-centered values and the practical benefits of automation in advancing societal progress.']",,fro',,"[[4, 227], [4, 230]]","{'t': [1779030, 1779404], 'l': 3, 'o': [{'o': 'd', 'i': [[4, 227], [4, 230]], 'd': [[1, 3]]}]}",,,
9452,25,507,1780.232,editor,i,"['In modern society, intelligent machines have replaced many tasks once performed by humans, raising questions about what is sacrificed in the process of automation. This essay will examine the implications of this paradigm shift and compare my own perspective with a Utilitarian viewpoint.', '', 'In my opinion, while automation brings undeniable benefits in terms of productivity, it is equally important to consider the human impact of replacing people with machines. While machines may excel at certain tasks, they lack qualities such as emotional inteligence and creativity that are inherent to humans. It is crucial to have a balance between human involvement and automation to preserve our humanity and ensure technology serves as a complement to, rather than a replacement for human efforts.', '', 'The writer emphasizes the importance of preserving human qualities amid the increasing automation in modern society. Conversely, the Utilitarian perspective weights the positive impact of heightened efficiency and productivity whi machines has on society. Utilitarianism is often associated with making ethical decisions based on the greater good, which in this case would be the impact on society at large. This distinction amplifies the ethical tension between human-centric values and the practical advantages of automation in driving societal progress.', '', 'The writer emphasizes the importance of preserving human qualities amid the increasing automation. Conversely, the Utilitarian perspective emphasizes the positive impact of heightened efficiency and productivity brought by machines on society. Utilitarianism is typically linked to making ethical decisions based on the greater good, focusing on the impact on society as a whole. This distinction underscores the ethical tension between human-centered values and the practical benefits of automation in advancing societal progress.']",whi',,,"[4, 227]","{'t': [1779911, 1780232], 'l': 3, 'o': [{'o': 'i', 'i': [4, 227], 'a': 'whi'}]}",,,
9453,25,508,1785.308,editor,i,"['In modern society, intelligent machines have replaced many tasks once performed by humans, raising questions about what is sacrificed in the process of automation. This essay will examine the implications of this paradigm shift and compare my own perspective with a Utilitarian viewpoint.', '', 'In my opinion, while automation brings undeniable benefits in terms of productivity, it is equally important to consider the human impact of replacing people with machines. While machines may excel at certain tasks, they lack qualities such as emotional inteligence and creativity that are inherent to humans. It is crucial to have a balance between human involvement and automation to preserve our humanity and ensure technology serves as a complement to, rather than a replacement for human efforts.', '', 'The writer emphasizes the importance of preserving human qualities amid the increasing automation in modern society. Conversely, the Utilitarian perspective weights the positive impact of heightened efficiency and productivity whic machines has on society. Utilitarianism is often associated with making ethical decisions based on the greater good, which in this case would be the impact on society at large. This distinction amplifies the ethical tension between human-centric values and the practical advantages of automation in driving societal progress.', '', 'The writer emphasizes the importance of preserving human qualities amid the increasing automation. Conversely, the Utilitarian perspective emphasizes the positive impact of heightened efficiency and productivity brought by machines on society. Utilitarianism is typically linked to making ethical decisions based on the greater good, focusing on the impact on society as a whole. This distinction underscores the ethical tension between human-centered values and the practical benefits of automation in advancing societal progress.']",c',,,"[4, 230]","{'t': 1785308, 'o': [{'o': 'i', 'i': [4, 230], 'a': 'c'}]}",,,
9454,25,509,1787.277,editor,i,"['In modern society, intelligent machines have replaced many tasks once performed by humans, raising questions about what is sacrificed in the process of automation. This essay will examine the implications of this paradigm shift and compare my own perspective with a Utilitarian viewpoint.', '', 'In my opinion, while automation brings undeniable benefits in terms of productivity, it is equally important to consider the human impact of replacing people with machines. While machines may excel at certain tasks, they lack qualities such as emotional inteligence and creativity that are inherent to humans. It is crucial to have a balance between human involvement and automation to preserve our humanity and ensure technology serves as a complement to, rather than a replacement for human efforts.', '', 'The writer emphasizes the importance of preserving human qualities amid the increasing automation in modern society. Conversely, the Utilitarian perspective weights the positive impact of heightened efficiency and productivity which results machines has on society. Utilitarianism is often associated with making ethical decisions based on the greater good, which in this case would be the impact on society at large. This distinction amplifies the ethical tension between human-centric values and the practical advantages of automation in driving societal progress.', '', 'The writer emphasizes the importance of preserving human qualities amid the increasing automation. Conversely, the Utilitarian perspective emphasizes the positive impact of heightened efficiency and productivity brought by machines on society. Utilitarianism is typically linked to making ethical decisions based on the greater good, focusing on the impact on society as a whole. This distinction underscores the ethical tension between human-centered values and the practical benefits of automation in advancing societal progress.']",h results',,,"[4, 231]","{'t': [1785389, 1787277], 'l': 9, 'o': [{'o': 'i', 'i': [4, 231], 'a': 'h results'}]}",,,
9455,25,510,1802.454,editor,i,"['In modern society, intelligent machines have replaced many tasks once performed by humans, raising questions about what is sacrificed in the process of automation. This essay will examine the implications of this paradigm shift and compare my own perspective with a Utilitarian viewpoint.', '', 'In my opinion, while automation brings undeniable benefits in terms of productivity, it is equally important to consider the human impact of replacing people with machines. While machines may excel at certain tasks, they lack qualities such as emotional inteligence and creativity that are inherent to humans. It is crucial to have a balance between human involvement and automation to preserve our humanity and ensure technology serves as a complement to, rather than a replacement for human efforts.', '', 'The writer emphasizes the importance of preserving human qualities amid the increasing automation in modern society. Conversely, the Utilitarian perspective weights the positive impact of heightened efficiency and productivity which results f machines has on society. Utilitarianism is often associated with making ethical decisions based on the greater good, which in this case would be the impact on society at large. This distinction amplifies the ethical tension between human-centric values and the practical advantages of automation in driving societal progress.', '', 'The writer emphasizes the importance of preserving human qualities amid the increasing automation. Conversely, the Utilitarian perspective emphasizes the positive impact of heightened efficiency and productivity brought by machines on society. Utilitarianism is typically linked to making ethical decisions based on the greater good, focusing on the impact on society as a whole. This distinction underscores the ethical tension between human-centered values and the practical benefits of automation in advancing societal progress.']",f',,,"[4, 240]","{'t': [1800636, 1802454], 'l': 2, 'o': [{'o': 'i', 'i': [4, 240], 'a': ' f'}]}",,,
9456,25,511,1802.858,editor,i,"['In modern society, intelligent machines have replaced many tasks once performed by humans, raising questions about what is sacrificed in the process of automation. This essay will examine the implications of this paradigm shift and compare my own perspective with a Utilitarian viewpoint.', '', 'In my opinion, while automation brings undeniable benefits in terms of productivity, it is equally important to consider the human impact of replacing people with machines. While machines may excel at certain tasks, they lack qualities such as emotional inteligence and creativity that are inherent to humans. It is crucial to have a balance between human involvement and automation to preserve our humanity and ensure technology serves as a complement to, rather than a replacement for human efforts.', '', 'The writer emphasizes the importance of preserving human qualities amid the increasing automation in modern society. Conversely, the Utilitarian perspective weights the positive impact of heightened efficiency and productivity which results from machines has on society. Utilitarianism is often associated with making ethical decisions based on the greater good, which in this case would be the impact on society at large. This distinction amplifies the ethical tension between human-centric values and the practical advantages of automation in driving societal progress.', '', 'The writer emphasizes the importance of preserving human qualities amid the increasing automation. Conversely, the Utilitarian perspective emphasizes the positive impact of heightened efficiency and productivity brought by machines on society. Utilitarianism is typically linked to making ethical decisions based on the greater good, focusing on the impact on society as a whole. This distinction underscores the ethical tension between human-centered values and the practical benefits of automation in advancing societal progress.']",rom',,,"[4, 242]","{'t': [1802589, 1802858], 'l': 3, 'o': [{'o': 'i', 'i': [4, 242], 'a': 'rom'}]}",,,
9457,25,512,1804.447,editor,o,"['In modern society, intelligent machines have replaced many tasks once performed by humans, raising questions about what is sacrificed in the process of automation. This essay will examine the implications of this paradigm shift and compare my own perspective with a Utilitarian viewpoint.', '', 'In my opinion, while automation brings undeniable benefits in terms of productivity, it is equally important to consider the human impact of replacing people with machines. While machines may excel at certain tasks, they lack qualities such as emotional inteligence and creativity that are inherent to humans. It is crucial to have a balance between human involvement and automation to preserve our humanity and ensure technology serves as a complement to, rather than a replacement for human efforts.', '', 'The writer emphasizes the importance of preserving human qualities amid the increasing automation in modern society. Conversely, the Utilitarian perspective weights the positive impact of heightened efficiency and productivity which results from machines has on society. Utilitarianism is often associated with making ethical decisions based on the greater good, which in this case would be the impact on society at large. This distinction amplifies the ethical tension between human-centric values and the practical advantages of automation in driving societal progress.', '', 'The writer emphasizes the importance of preserving human qualities amid the increasing automation. Conversely, the Utilitarian perspective emphasizes the positive impact of heightened efficiency and productivity brought by machines on society. Utilitarianism is typically linked to making ethical decisions based on the greater good, focusing on the impact on society as a whole. This distinction underscores the ethical tension between human-centered values and the practical benefits of automation in advancing societal progress.']",,,mach',"[[4, 246], [4, 250]]","{'t': [1803380, 1804447], 'l': 5, 'o': [{'o': 'o', 'i': [[4, 246], [4, 250]]}]}",,,
9458,25,513,1808.958,editor,o,"['In modern society, intelligent machines have replaced many tasks once performed by humans, raising questions about what is sacrificed in the process of automation. This essay will examine the implications of this paradigm shift and compare my own perspective with a Utilitarian viewpoint.', '', 'In my opinion, while automation brings undeniable benefits in terms of productivity, it is equally important to consider the human impact of replacing people with machines. While machines may excel at certain tasks, they lack qualities such as emotional inteligence and creativity that are inherent to humans. It is crucial to have a balance between human involvement and automation to preserve our humanity and ensure technology serves as a complement to, rather than a replacement for human efforts.', '', 'The writer emphasizes the importance of preserving human qualities amid the increasing automation in modern society. Conversely, the Utilitarian perspective weights the positive impact of heightened efficiency and productivity which results from machines has on society. Utilitarianism is often associated with making ethical decisions based on the greater good, which in this case would be the impact on society at large. This distinction amplifies the ethical tension between human-centric values and the practical advantages of automation in driving societal progress.', '', 'The writer emphasizes the importance of preserving human qualities amid the increasing automation. Conversely, the Utilitarian perspective emphasizes the positive impact of heightened efficiency and productivity brought by machines on society. Utilitarianism is typically linked to making ethical decisions based on the greater good, focusing on the impact on society as a whole. This distinction underscores the ethical tension between human-centered values and the practical benefits of automation in advancing societal progress.']",,,,"[[4, 249], [4, 233]]","{'t': [1805169, 1808958], 'l': 17, 'o': [{'o': 'o', 'i': [[4, 249], [4, 233]]}]}",,,
9459,25,514,1809.252,editor,d,"['In modern society, intelligent machines have replaced many tasks once performed by humans, raising questions about what is sacrificed in the process of automation. This essay will examine the implications of this paradigm shift and compare my own perspective with a Utilitarian viewpoint.', '', 'In my opinion, while automation brings undeniable benefits in terms of productivity, it is equally important to consider the human impact of replacing people with machines. While machines may excel at certain tasks, they lack qualities such as emotional inteligence and creativity that are inherent to humans. It is crucial to have a balance between human involvement and automation to preserve our humanity and ensure technology serves as a complement to, rather than a replacement for human efforts.', '', 'The writer emphasizes the importance of preserving human qualities amid the increasing automation in modern society. Conversely, the Utilitarian perspective weights the positive impact of heightened efficiency and productivity whichresults from machines has on society. Utilitarianism is often associated with making ethical decisions based on the greater good, which in this case would be the impact on society at large. This distinction amplifies the ethical tension between human-centric values and the practical advantages of automation in driving societal progress.', '', 'The writer emphasizes the importance of preserving human qualities amid the increasing automation. Conversely, the Utilitarian perspective emphasizes the positive impact of heightened efficiency and productivity brought by machines on society. Utilitarianism is typically linked to making ethical decisions based on the greater good, focusing on the impact on society as a whole. This distinction underscores the ethical tension between human-centered values and the practical benefits of automation in advancing societal progress.']",,,,"[[4, 232], [4, 233]]","{'t': 1809252, 'o': [{'o': 'd', 'i': [[4, 232], [4, 233]]}]}",,,
9460,25,515,1810.162,editor,d,"['In modern society, intelligent machines have replaced many tasks once performed by humans, raising questions about what is sacrificed in the process of automation. This essay will examine the implications of this paradigm shift and compare my own perspective with a Utilitarian viewpoint.', '', 'In my opinion, while automation brings undeniable benefits in terms of productivity, it is equally important to consider the human impact of replacing people with machines. While machines may excel at certain tasks, they lack qualities such as emotional inteligence and creativity that are inherent to humans. It is crucial to have a balance between human involvement and automation to preserve our humanity and ensure technology serves as a complement to, rather than a replacement for human efforts.', '', 'The writer emphasizes the importance of preserving human qualities amid the increasing automation in modern society. Conversely, the Utilitarian perspective weights the positive impact of heightened efficiency and productivity results from machines has on society. Utilitarianism is often associated with making ethical decisions based on the greater good, which in this case would be the impact on society at large. This distinction amplifies the ethical tension between human-centric values and the practical advantages of automation in driving societal progress.', '', 'The writer emphasizes the importance of preserving human qualities amid the increasing automation. Conversely, the Utilitarian perspective emphasizes the positive impact of heightened efficiency and productivity brought by machines on society. Utilitarianism is typically linked to making ethical decisions based on the greater good, focusing on the impact on society as a whole. This distinction underscores the ethical tension between human-centered values and the practical benefits of automation in advancing societal progress.']",,which',,"[[4, 227], [4, 232]]","{'t': [1809419, 1810162], 'l': 5, 'o': [{'o': 'd', 'i': [[4, 227], [4, 232]], 'd': [[1, 5]]}]}",,,
9461,25,516,1811.455,editor,o,"['In modern society, intelligent machines have replaced many tasks once performed by humans, raising questions about what is sacrificed in the process of automation. This essay will examine the implications of this paradigm shift and compare my own perspective with a Utilitarian viewpoint.', '', 'In my opinion, while automation brings undeniable benefits in terms of productivity, it is equally important to consider the human impact of replacing people with machines. While machines may excel at certain tasks, they lack qualities such as emotional inteligence and creativity that are inherent to humans. It is crucial to have a balance between human involvement and automation to preserve our humanity and ensure technology serves as a complement to, rather than a replacement for human efforts.', '', 'The writer emphasizes the importance of preserving human qualities amid the increasing automation in modern society. Conversely, the Utilitarian perspective weights the positive impact of heightened efficiency and productivity results from machines has on society. Utilitarianism is often associated with making ethical decisions based on the greater good, which in this case would be the impact on society at large. This distinction amplifies the ethical tension between human-centric values and the practical advantages of automation in driving societal progress.', '', 'The writer emphasizes the importance of preserving human qualities amid the increasing automation. Conversely, the Utilitarian perspective emphasizes the positive impact of heightened efficiency and productivity brought by machines on society. Utilitarianism is typically linked to making ethical decisions based on the greater good, focusing on the impact on society as a whole. This distinction underscores the ethical tension between human-centered values and the practical benefits of automation in advancing societal progress.']",,,esults',"[[4, 228], [4, 234]]","{'t': [1810375, 1811455], 'l': 7, 'o': [{'o': 'o', 'i': [[4, 228], [4, 234]]}]}",,,
9462,25,517,1811.72,editor,d,"['In modern society, intelligent machines have replaced many tasks once performed by humans, raising questions about what is sacrificed in the process of automation. This essay will examine the implications of this paradigm shift and compare my own perspective with a Utilitarian viewpoint.', '', 'In my opinion, while automation brings undeniable benefits in terms of productivity, it is equally important to consider the human impact of replacing people with machines. While machines may excel at certain tasks, they lack qualities such as emotional inteligence and creativity that are inherent to humans. It is crucial to have a balance between human involvement and automation to preserve our humanity and ensure technology serves as a complement to, rather than a replacement for human efforts.', '', 'The writer emphasizes the importance of preserving human qualities amid the increasing automation in modern society. Conversely, the Utilitarian perspective weights the positive impact of heightened efficiency and productivity result from machines has on society. Utilitarianism is often associated with making ethical decisions based on the greater good, which in this case would be the impact on society at large. This distinction amplifies the ethical tension between human-centric values and the practical advantages of automation in driving societal progress.', '', 'The writer emphasizes the importance of preserving human qualities amid the increasing automation. Conversely, the Utilitarian perspective emphasizes the positive impact of heightened efficiency and productivity brought by machines on society. Utilitarianism is typically linked to making ethical decisions based on the greater good, focusing on the impact on society as a whole. This distinction underscores the ethical tension between human-centered values and the practical benefits of automation in advancing societal progress.']",,s',,"[[4, 233], [4, 234]]","{'t': 1811720, 'o': [{'o': 'd', 'i': [[4, 233], [4, 234]]}]}",,,
9463,25,518,1812.164,editor,i,"['In modern society, intelligent machines have replaced many tasks once performed by humans, raising questions about what is sacrificed in the process of automation. This essay will examine the implications of this paradigm shift and compare my own perspective with a Utilitarian viewpoint.', '', 'In my opinion, while automation brings undeniable benefits in terms of productivity, it is equally important to consider the human impact of replacing people with machines. While machines may excel at certain tasks, they lack qualities such as emotional inteligence and creativity that are inherent to humans. It is crucial to have a balance between human involvement and automation to preserve our humanity and ensure technology serves as a complement to, rather than a replacement for human efforts.', '', 'The writer emphasizes the importance of preserving human qualities amid the increasing automation in modern society. Conversely, the Utilitarian perspective weights the positive impact of heightened efficiency and productivity resulting from machines has on society. Utilitarianism is often associated with making ethical decisions based on the greater good, which in this case would be the impact on society at large. This distinction amplifies the ethical tension between human-centric values and the practical advantages of automation in driving societal progress.', '', 'The writer emphasizes the importance of preserving human qualities amid the increasing automation. Conversely, the Utilitarian perspective emphasizes the positive impact of heightened efficiency and productivity brought by machines on society. Utilitarianism is typically linked to making ethical decisions based on the greater good, focusing on the impact on society as a whole. This distinction underscores the ethical tension between human-centered values and the practical benefits of automation in advancing societal progress.']",ing',,,"[4, 233]","{'t': [1811955, 1812164], 'l': 3, 'o': [{'o': 'i', 'i': [4, 233], 'a': 'ing'}]}",,,
9464,25,519,1815.457,editor,o,"['In modern society, intelligent machines have replaced many tasks once performed by humans, raising questions about what is sacrificed in the process of automation. This essay will examine the implications of this paradigm shift and compare my own perspective with a Utilitarian viewpoint.', '', 'In my opinion, while automation brings undeniable benefits in terms of productivity, it is equally important to consider the human impact of replacing people with machines. While machines may excel at certain tasks, they lack qualities such as emotional inteligence and creativity that are inherent to humans. It is crucial to have a balance between human involvement and automation to preserve our humanity and ensure technology serves as a complement to, rather than a replacement for human efforts.', '', 'The writer emphasizes the importance of preserving human qualities amid the increasing automation in modern society. Conversely, the Utilitarian perspective weights the positive impact of heightened efficiency and productivity resulting from machines has on society. Utilitarianism is often associated with making ethical decisions based on the greater good, which in this case would be the impact on society at large. This distinction amplifies the ethical tension between human-centric values and the practical advantages of automation in driving societal progress.', '', 'The writer emphasizes the importance of preserving human qualities amid the increasing automation. Conversely, the Utilitarian perspective emphasizes the positive impact of heightened efficiency and productivity brought by machines on society. Utilitarianism is typically linked to making ethical decisions based on the greater good, focusing on the impact on society as a whole. This distinction underscores the ethical tension between human-centered values and the practical benefits of automation in advancing societal progress.']",,,,"[[4, 266], [4, 265]]","{'t': [1813414, 1815457], 'l': 2, 'o': [{'o': 'o', 'i': [[4, 266], [4, 265]]}]}",,,
9465,25,520,1816.875,editor,l,"['In modern society, intelligent machines have replaced many tasks once performed by humans, raising questions about what is sacrificed in the process of automation. This essay will examine the implications of this paradigm shift and compare my own perspective with a Utilitarian viewpoint.', '', 'In my opinion, while automation brings undeniable benefits in terms of productivity, it is equally important to consider the human impact of replacing people with machines. While machines may excel at certain tasks, they lack qualities such as emotional inteligence and creativity that are inherent to humans. It is crucial to have a balance between human involvement and automation to preserve our humanity and ensure technology serves as a complement to, rather than a replacement for human efforts.', '', 'The writer emphasizes the importance of preserving human qualities amid the increasing automation in modern society. Conversely, the Utilitarian perspective weights the positive impact of heightened efficiency and productivity resulting from machines has on society. Utilitarianism is often associated with making ethical decisions based on the greater good, which in this case would be the impact on society at large. This distinction amplifies the ethical tension between human-centric values and the practical advantages of automation in driving societal progress.', '', 'The writer emphasizes the importance of preserving human qualities amid the increasing automation. Conversely, the Utilitarian perspective emphasizes the positive impact of heightened efficiency and productivity brought by machines on society. Utilitarianism is typically linked to making ethical decisions based on the greater good, focusing on the impact on society as a whole. This distinction underscores the ethical tension between human-centered values and the practical benefits of automation in advancing societal progress.']",,,has on society',"[[4, 265], [4, 251]]","{'t': [1816218, 1816875], 'l': 14, 'o': [{'o': 'l', 'i': [4, 265], 's': [[4, [[264, 251]]]]}]}",,,
9466,25,521,1817.95,editor,d,"['In modern society, intelligent machines have replaced many tasks once performed by humans, raising questions about what is sacrificed in the process of automation. This essay will examine the implications of this paradigm shift and compare my own perspective with a Utilitarian viewpoint.', '', 'In my opinion, while automation brings undeniable benefits in terms of productivity, it is equally important to consider the human impact of replacing people with machines. While machines may excel at certain tasks, they lack qualities such as emotional inteligence and creativity that are inherent to humans. It is crucial to have a balance between human involvement and automation to preserve our humanity and ensure technology serves as a complement to, rather than a replacement for human efforts.', '', 'The writer emphasizes the importance of preserving human qualities amid the increasing automation in modern society. Conversely, the Utilitarian perspective weights the positive impact of heightened efficiency and productivity resulting from machines . Utilitarianism is often associated with making ethical decisions based on the greater good, which in this case would be the impact on society at large. This distinction amplifies the ethical tension between human-centric values and the practical advantages of automation in driving societal progress.', '', 'The writer emphasizes the importance of preserving human qualities amid the increasing automation. Conversely, the Utilitarian perspective emphasizes the positive impact of heightened efficiency and productivity brought by machines on society. Utilitarianism is typically linked to making ethical decisions based on the greater good, focusing on the impact on society as a whole. This distinction underscores the ethical tension between human-centered values and the practical benefits of automation in advancing societal progress.']",,has on society',,"[[4, 251], [4, 265]]","{'t': 1817950, 'o': [{'o': 'd', 'i': [[4, 251], [4, 265]]}]}",,,
9467,25,522,1818.334,editor,d,"['In modern society, intelligent machines have replaced many tasks once performed by humans, raising questions about what is sacrificed in the process of automation. This essay will examine the implications of this paradigm shift and compare my own perspective with a Utilitarian viewpoint.', '', 'In my opinion, while automation brings undeniable benefits in terms of productivity, it is equally important to consider the human impact of replacing people with machines. While machines may excel at certain tasks, they lack qualities such as emotional inteligence and creativity that are inherent to humans. It is crucial to have a balance between human involvement and automation to preserve our humanity and ensure technology serves as a complement to, rather than a replacement for human efforts.', '', 'The writer emphasizes the importance of preserving human qualities amid the increasing automation in modern society. Conversely, the Utilitarian perspective weights the positive impact of heightened efficiency and productivity resulting from machine. Utilitarianism is often associated with making ethical decisions based on the greater good, which in this case would be the impact on society at large. This distinction amplifies the ethical tension between human-centric values and the practical advantages of automation in driving societal progress.', '', 'The writer emphasizes the importance of preserving human qualities amid the increasing automation. Conversely, the Utilitarian perspective emphasizes the positive impact of heightened efficiency and productivity brought by machines on society. Utilitarianism is typically linked to making ethical decisions based on the greater good, focusing on the impact on society as a whole. This distinction underscores the ethical tension between human-centered values and the practical benefits of automation in advancing societal progress.']",,s ',,"[[4, 249], [4, 251]]","{'t': [1818146, 1818334], 'l': 2, 'o': [{'o': 'd', 'i': [[4, 249], [4, 251]], 'd': [[1, 2]]}]}",,,
9468,25,523,1819.178,editor,i,"['In modern society, intelligent machines have replaced many tasks once performed by humans, raising questions about what is sacrificed in the process of automation. This essay will examine the implications of this paradigm shift and compare my own perspective with a Utilitarian viewpoint.', '', 'In my opinion, while automation brings undeniable benefits in terms of productivity, it is equally important to consider the human impact of replacing people with machines. While machines may excel at certain tasks, they lack qualities such as emotional inteligence and creativity that are inherent to humans. It is crucial to have a balance between human involvement and automation to preserve our humanity and ensure technology serves as a complement to, rather than a replacement for human efforts.', '', 'The writer emphasizes the importance of preserving human qualities amid the increasing automation in modern society. Conversely, the Utilitarian perspective weights the positive impact of heightened efficiency and productivity resulting from machines. Utilitarianism is often associated with making ethical decisions based on the greater good, which in this case would be the impact on society at large. This distinction amplifies the ethical tension between human-centric values and the practical advantages of automation in driving societal progress.', '', 'The writer emphasizes the importance of preserving human qualities amid the increasing automation. Conversely, the Utilitarian perspective emphasizes the positive impact of heightened efficiency and productivity brought by machines on society. Utilitarianism is typically linked to making ethical decisions based on the greater good, focusing on the impact on society as a whole. This distinction underscores the ethical tension between human-centered values and the practical benefits of automation in advancing societal progress.']",s',,,"[4, 249]","{'t': 1819178, 'o': [{'o': 'i', 'i': [4, 249], 'a': 's'}]}",,,
9469,25,524,1820.156,editor,o,"['In modern society, intelligent machines have replaced many tasks once performed by humans, raising questions about what is sacrificed in the process of automation. This essay will examine the implications of this paradigm shift and compare my own perspective with a Utilitarian viewpoint.', '', 'In my opinion, while automation brings undeniable benefits in terms of productivity, it is equally important to consider the human impact of replacing people with machines. While machines may excel at certain tasks, they lack qualities such as emotional inteligence and creativity that are inherent to humans. It is crucial to have a balance between human involvement and automation to preserve our humanity and ensure technology serves as a complement to, rather than a replacement for human efforts.', '', 'The writer emphasizes the importance of preserving human qualities amid the increasing automation in modern society. Conversely, the Utilitarian perspective weights the positive impact of heightened efficiency and productivity resulting from machines. Utilitarianism is often associated with making ethical decisions based on the greater good, which in this case would be the impact on society at large. This distinction amplifies the ethical tension between human-centric values and the practical advantages of automation in driving societal progress.', '', 'The writer emphasizes the importance of preserving human qualities amid the increasing automation. Conversely, the Utilitarian perspective emphasizes the positive impact of heightened efficiency and productivity brought by machines on society. Utilitarianism is typically linked to making ethical decisions based on the greater good, focusing on the impact on society as a whole. This distinction underscores the ethical tension between human-centered values and the practical benefits of automation in advancing societal progress.']",,,,"[4, 185]","{'t': 1820156, 'o': [{'o': 'o', 'i': [4, 185]}]}",,,
9470,25,525,1821.466,editor,i,"['In modern society, intelligent machines have replaced many tasks once performed by humans, raising questions about what is sacrificed in the process of automation. This essay will examine the implications of this paradigm shift and compare my own perspective with a Utilitarian viewpoint.', '', 'In my opinion, while automation brings undeniable benefits in terms of productivity, it is equally important to consider the human impact of replacing people with machines. While machines may excel at certain tasks, they lack qualities such as emotional inteligence and creativity that are inherent to humans. It is crucial to have a balance between human involvement and automation to preserve our humanity and ensure technology serves as a complement to, rather than a replacement for human efforts.', '', 'The writer emphasizes the importance of preserving human qualities amid the increasing automation in modern society. Conversely, the Utilitarian perspective weights the positive impact oof heightened efficiency and productivity resulting from machines. Utilitarianism is often associated with making ethical decisions based on the greater good, which in this case would be the impact on society at large. This distinction amplifies the ethical tension between human-centric values and the practical advantages of automation in driving societal progress.', '', 'The writer emphasizes the importance of preserving human qualities amid the increasing automation. Conversely, the Utilitarian perspective emphasizes the positive impact of heightened efficiency and productivity brought by machines on society. Utilitarianism is typically linked to making ethical decisions based on the greater good, focusing on the impact on society as a whole. This distinction underscores the ethical tension between human-centered values and the practical benefits of automation in advancing societal progress.']",o',,,"[4, 185]","{'t': 1821466, 'o': [{'o': 'i', 'i': [4, 185], 'a': 'o'}]}",,,
9471,25,526,1821.85,editor,i,"['In modern society, intelligent machines have replaced many tasks once performed by humans, raising questions about what is sacrificed in the process of automation. This essay will examine the implications of this paradigm shift and compare my own perspective with a Utilitarian viewpoint.', '', 'In my opinion, while automation brings undeniable benefits in terms of productivity, it is equally important to consider the human impact of replacing people with machines. While machines may excel at certain tasks, they lack qualities such as emotional inteligence and creativity that are inherent to humans. It is crucial to have a balance between human involvement and automation to preserve our humanity and ensure technology serves as a complement to, rather than a replacement for human efforts.', '', 'The writer emphasizes the importance of preserving human qualities amid the increasing automation in modern society. Conversely, the Utilitarian perspective weights the positive impact on of heightened efficiency and productivity resulting from machines. Utilitarianism is often associated with making ethical decisions based on the greater good, which in this case would be the impact on society at large. This distinction amplifies the ethical tension between human-centric values and the practical advantages of automation in driving societal progress.', '', 'The writer emphasizes the importance of preserving human qualities amid the increasing automation. Conversely, the Utilitarian perspective emphasizes the positive impact of heightened efficiency and productivity brought by machines on society. Utilitarianism is typically linked to making ethical decisions based on the greater good, focusing on the impact on society as a whole. This distinction underscores the ethical tension between human-centered values and the practical benefits of automation in advancing societal progress.']",n ',,,"[4, 186]","{'t': [1821707, 1821850], 'l': 2, 'o': [{'o': 'i', 'i': [4, 186], 'a': 'n '}]}",,,
9472,25,527,1823.05,editor,i,"['In modern society, intelligent machines have replaced many tasks once performed by humans, raising questions about what is sacrificed in the process of automation. This essay will examine the implications of this paradigm shift and compare my own perspective with a Utilitarian viewpoint.', '', 'In my opinion, while automation brings undeniable benefits in terms of productivity, it is equally important to consider the human impact of replacing people with machines. While machines may excel at certain tasks, they lack qualities such as emotional inteligence and creativity that are inherent to humans. It is crucial to have a balance between human involvement and automation to preserve our humanity and ensure technology serves as a complement to, rather than a replacement for human efforts.', '', 'The writer emphasizes the importance of preserving human qualities amid the increasing automation in modern society. Conversely, the Utilitarian perspective weights the positive impact on sof heightened efficiency and productivity resulting from machines. Utilitarianism is often associated with making ethical decisions based on the greater good, which in this case would be the impact on society at large. This distinction amplifies the ethical tension between human-centric values and the practical advantages of automation in driving societal progress.', '', 'The writer emphasizes the importance of preserving human qualities amid the increasing automation. Conversely, the Utilitarian perspective emphasizes the positive impact of heightened efficiency and productivity brought by machines on society. Utilitarianism is typically linked to making ethical decisions based on the greater good, focusing on the impact on society as a whole. This distinction underscores the ethical tension between human-centered values and the practical benefits of automation in advancing societal progress.']",s',,,"[4, 188]","{'t': 1823050, 'o': [{'o': 'i', 'i': [4, 188], 'a': 's'}]}",,,
9473,25,528,1824.058,editor,i,"['In modern society, intelligent machines have replaced many tasks once performed by humans, raising questions about what is sacrificed in the process of automation. This essay will examine the implications of this paradigm shift and compare my own perspective with a Utilitarian viewpoint.', '', 'In my opinion, while automation brings undeniable benefits in terms of productivity, it is equally important to consider the human impact of replacing people with machines. While machines may excel at certain tasks, they lack qualities such as emotional inteligence and creativity that are inherent to humans. It is crucial to have a balance between human involvement and automation to preserve our humanity and ensure technology serves as a complement to, rather than a replacement for human efforts.', '', 'The writer emphasizes the importance of preserving human qualities amid the increasing automation in modern society. Conversely, the Utilitarian perspective weights the positive impact on society of heightened efficiency and productivity resulting from machines. Utilitarianism is often associated with making ethical decisions based on the greater good, which in this case would be the impact on society at large. This distinction amplifies the ethical tension between human-centric values and the practical advantages of automation in driving societal progress.', '', 'The writer emphasizes the importance of preserving human qualities amid the increasing automation. Conversely, the Utilitarian perspective emphasizes the positive impact of heightened efficiency and productivity brought by machines on society. Utilitarianism is typically linked to making ethical decisions based on the greater good, focusing on the impact on society as a whole. This distinction underscores the ethical tension between human-centered values and the practical benefits of automation in advancing societal progress.']",ociety ',,,"[4, 189]","{'t': [1823232, 1824058], 'l': 7, 'o': [{'o': 'i', 'i': [4, 189], 'a': 'ociety '}]}",,,
9474,25,529,1833.36,editor,o,"['In modern society, intelligent machines have replaced many tasks once performed by humans, raising questions about what is sacrificed in the process of automation. This essay will examine the implications of this paradigm shift and compare my own perspective with a Utilitarian viewpoint.', '', 'In my opinion, while automation brings undeniable benefits in terms of productivity, it is equally important to consider the human impact of replacing people with machines. While machines may excel at certain tasks, they lack qualities such as emotional inteligence and creativity that are inherent to humans. It is crucial to have a balance between human involvement and automation to preserve our humanity and ensure technology serves as a complement to, rather than a replacement for human efforts.', '', 'The writer emphasizes the importance of preserving human qualities amid the increasing automation in modern society. Conversely, the Utilitarian perspective weights the positive impact on society of heightened efficiency and productivity resulting from machines. Utilitarianism is often associated with making ethical decisions based on the greater good, which in this case would be the impact on society at large. This distinction amplifies the ethical tension between human-centric values and the practical advantages of automation in driving societal progress.', '', 'The writer emphasizes the importance of preserving human qualities amid the increasing automation. Conversely, the Utilitarian perspective emphasizes the positive impact of heightened efficiency and productivity brought by machines on society. Utilitarianism is typically linked to making ethical decisions based on the greater good, focusing on the impact on society as a whole. This distinction underscores the ethical tension between human-centered values and the practical benefits of automation in advancing societal progress.']",,,,"[4, 117]","{'t': 1833360, 'o': [{'o': 'o', 'i': [4, 117]}]}",,,
9475,25,530,1834.221,editor,l,"['In modern society, intelligent machines have replaced many tasks once performed by humans, raising questions about what is sacrificed in the process of automation. This essay will examine the implications of this paradigm shift and compare my own perspective with a Utilitarian viewpoint.', '', 'In my opinion, while automation brings undeniable benefits in terms of productivity, it is equally important to consider the human impact of replacing people with machines. While machines may excel at certain tasks, they lack qualities such as emotional inteligence and creativity that are inherent to humans. It is crucial to have a balance between human involvement and automation to preserve our humanity and ensure technology serves as a complement to, rather than a replacement for human efforts.', '', 'The writer emphasizes the importance of preserving human qualities amid the increasing automation in modern society. Conversely, the Utilitarian perspective weights the positive impact on society of heightened efficiency and productivity resulting from machines. Utilitarianism is often associated with making ethical decisions based on the greater good, which in this case would be the impact on society at large. This distinction amplifies the ethical tension between human-centric values and the practical advantages of automation in driving societal progress.', '', 'The writer emphasizes the importance of preserving human qualities amid the increasing automation. Conversely, the Utilitarian perspective emphasizes the positive impact of heightened efficiency and productivity brought by machines on society. Utilitarianism is typically linked to making ethical decisions based on the greater good, focusing on the impact on society as a whole. This distinction underscores the ethical tension between human-centered values and the practical benefits of automation in advancing societal progress.']",,,"Conversely, the Utilitarian perspective weights the positive impact on society of heightened efficiency and productivity resulting from machines.'","[[4, 117], [4, 262]]","{'t': [1833562, 1834221], 'l': 5, 'o': [{'o': 'l', 'i': [4, 117], 's': [[4, [118, [187, 188], 187, 262]]]}]}",,,
9476,25,531,1834.723,editor,y,,,,"Conversely, the Utilitarian perspective weights the positive impact on society of heightened efficiency and productivity resulting from machines.",,,,,
9477,25,532,1841.565,gpt,p,,,,"Conversely, the Utilitarian perspective weights the positive impact on society of heightened efficiency and productivity resulting from machines.",,,,,
9478,25,533,1841.802,gpt,gpt_inquiry,,,,"clean up this sentence:
Conversely, the Utilitarian perspective weights the positive impact on society of heightened efficiency and productivity resulting from machines.",,,,,
9479,25,534,1842.667,gpt,gpt_response,,,,"Conversely, the Utilitarian perspective emphasizes the positive impact on society stemming from increased efficiency and productivity brought by machines.",,,,,
9480,25,535,1845.226,gpt,y,,,,"Conversely, the Utilitarian perspective emphasizes the positive impact on society stemming from increased efficiency and productivity brought by machines.",,,,,
9481,25,536,1848.314,editor,o,"['In modern society, intelligent machines have replaced many tasks once performed by humans, raising questions about what is sacrificed in the process of automation. This essay will examine the implications of this paradigm shift and compare my own perspective with a Utilitarian viewpoint.', '', 'In my opinion, while automation brings undeniable benefits in terms of productivity, it is equally important to consider the human impact of replacing people with machines. While machines may excel at certain tasks, they lack qualities such as emotional inteligence and creativity that are inherent to humans. It is crucial to have a balance between human involvement and automation to preserve our humanity and ensure technology serves as a complement to, rather than a replacement for human efforts.', '', 'The writer emphasizes the importance of preserving human qualities amid the increasing automation in modern society. Conversely, the Utilitarian perspective weights the positive impact on society of heightened efficiency and productivity resulting from machines. Utilitarianism is often associated with making ethical decisions based on the greater good, which in this case would be the impact on society at large. This distinction amplifies the ethical tension between human-centric values and the practical advantages of automation in driving societal progress.', '', 'The writer emphasizes the importance of preserving human qualities amid the increasing automation. Conversely, the Utilitarian perspective emphasizes the positive impact of heightened efficiency and productivity brought by machines on society. Utilitarianism is typically linked to making ethical decisions based on the greater good, focusing on the impact on society as a whole. This distinction underscores the ethical tension between human-centered values and the practical benefits of automation in advancing societal progress.']",,,,"[4, 197]","{'t': 1848314, 'o': [{'o': 'o', 'i': [4, 197]}]}",,,
9482,25,537,1850.288,editor,l,"['In modern society, intelligent machines have replaced many tasks once performed by humans, raising questions about what is sacrificed in the process of automation. This essay will examine the implications of this paradigm shift and compare my own perspective with a Utilitarian viewpoint.', '', 'In my opinion, while automation brings undeniable benefits in terms of productivity, it is equally important to consider the human impact of replacing people with machines. While machines may excel at certain tasks, they lack qualities such as emotional inteligence and creativity that are inherent to humans. It is crucial to have a balance between human involvement and automation to preserve our humanity and ensure technology serves as a complement to, rather than a replacement for human efforts.', '', 'The writer emphasizes the importance of preserving human qualities amid the increasing automation in modern society. Conversely, the Utilitarian perspective weights the positive impact on society of heightened efficiency and productivity resulting from machines. Utilitarianism is often associated with making ethical decisions based on the greater good, which in this case would be the impact on society at large. This distinction amplifies the ethical tension between human-centric values and the practical advantages of automation in driving societal progress.', '', 'The writer emphasizes the importance of preserving human qualities amid the increasing automation. Conversely, the Utilitarian perspective emphasizes the positive impact of heightened efficiency and productivity brought by machines on society. Utilitarianism is typically linked to making ethical decisions based on the greater good, focusing on the impact on society as a whole. This distinction underscores the ethical tension between human-centered values and the practical benefits of automation in advancing societal progress.']",,,"onversely, the Utilitarian perspective weights the positive impact on society of heightened efficiency and productivity resulting from machines.'","[[4, 118], [4, 262]]","{'t': [1849043, 1850288], 'l': 10, 'o': [{'o': 'l', 'i': [4, 118], 's': [[4, [[118, 119], [188, 186], [262, 261], [260, 262]]]]}]}",,,
9483,25,538,1850.839,editor,p,"['In modern society, intelligent machines have replaced many tasks once performed by humans, raising questions about what is sacrificed in the process of automation. This essay will examine the implications of this paradigm shift and compare my own perspective with a Utilitarian viewpoint.', '', 'In my opinion, while automation brings undeniable benefits in terms of productivity, it is equally important to consider the human impact of replacing people with machines. While machines may excel at certain tasks, they lack qualities such as emotional inteligence and creativity that are inherent to humans. It is crucial to have a balance between human involvement and automation to preserve our humanity and ensure technology serves as a complement to, rather than a replacement for human efforts.', '', 'The writer emphasizes the importance of preserving human qualities amid the increasing automation in modern society. CConversely, the Utilitarian perspective emphasizes the positive impact on society stemming from increased efficiency and productivity brought by machines. Utilitarianism is often associated with making ethical decisions based on the greater good, which in this case would be the impact on society at large. This distinction amplifies the ethical tension between human-centric values and the practical advantages of automation in driving societal progress.', '', 'The writer emphasizes the importance of preserving human qualities amid the increasing automation. Conversely, the Utilitarian perspective emphasizes the positive impact of heightened efficiency and productivity brought by machines on society. Utilitarianism is typically linked to making ethical decisions based on the greater good, focusing on the impact on society as a whole. This distinction underscores the ethical tension between human-centered values and the practical benefits of automation in advancing societal progress.']","Conversely, the Utilitarian perspective emphasizes the positive impact on society stemming from increased efficiency and productivity brought by machines.'","onversely, the Utilitarian perspective weights the positive impact on society of heightened efficiency and productivity resulting from machines.'","onversely, the Utilitarian perspective weights the positive impact on society of heightened efficiency and productivity resulting from machines.'","[[4, 118], [4, 262]]","{'t': 1850839, 'o': [{'o': 'p', 'i': [[4, 118], [4, 262]], 'a': ['Conversely, the Utilitarian perspective emphasizes the positive impact on society stemming from increased efficiency and productivity brought by machines.']}]}",,,
9484,25,539,1850.84,editor,o,"['In modern society, intelligent machines have replaced many tasks once performed by humans, raising questions about what is sacrificed in the process of automation. This essay will examine the implications of this paradigm shift and compare my own perspective with a Utilitarian viewpoint.', '', 'In my opinion, while automation brings undeniable benefits in terms of productivity, it is equally important to consider the human impact of replacing people with machines. While machines may excel at certain tasks, they lack qualities such as emotional inteligence and creativity that are inherent to humans. It is crucial to have a balance between human involvement and automation to preserve our humanity and ensure technology serves as a complement to, rather than a replacement for human efforts.', '', 'The writer emphasizes the importance of preserving human qualities amid the increasing automation in modern society. CConversely, the Utilitarian perspective emphasizes the positive impact on society stemming from increased efficiency and productivity brought by machines. Utilitarianism is often associated with making ethical decisions based on the greater good, which in this case would be the impact on society at large. This distinction amplifies the ethical tension between human-centric values and the practical advantages of automation in driving societal progress.', '', 'The writer emphasizes the importance of preserving human qualities amid the increasing automation. Conversely, the Utilitarian perspective emphasizes the positive impact of heightened efficiency and productivity brought by machines on society. Utilitarianism is typically linked to making ethical decisions based on the greater good, focusing on the impact on society as a whole. This distinction underscores the ethical tension between human-centered values and the practical benefits of automation in advancing societal progress.']",,,,"[4, 272]","{'t': 1850840, 'o': [{'o': 'o', 'i': [4, 272]}]}",,,
9485,25,540,1851.959,editor,o,"['In modern society, intelligent machines have replaced many tasks once performed by humans, raising questions about what is sacrificed in the process of automation. This essay will examine the implications of this paradigm shift and compare my own perspective with a Utilitarian viewpoint.', '', 'In my opinion, while automation brings undeniable benefits in terms of productivity, it is equally important to consider the human impact of replacing people with machines. While machines may excel at certain tasks, they lack qualities such as emotional inteligence and creativity that are inherent to humans. It is crucial to have a balance between human involvement and automation to preserve our humanity and ensure technology serves as a complement to, rather than a replacement for human efforts.', '', 'The writer emphasizes the importance of preserving human qualities amid the increasing automation in modern society. CConversely, the Utilitarian perspective emphasizes the positive impact on society stemming from increased efficiency and productivity brought by machines. Utilitarianism is often associated with making ethical decisions based on the greater good, which in this case would be the impact on society at large. This distinction amplifies the ethical tension between human-centric values and the practical advantages of automation in driving societal progress.', '', 'The writer emphasizes the importance of preserving human qualities amid the increasing automation. Conversely, the Utilitarian perspective emphasizes the positive impact of heightened efficiency and productivity brought by machines on society. Utilitarianism is typically linked to making ethical decisions based on the greater good, focusing on the impact on society as a whole. This distinction underscores the ethical tension between human-centered values and the practical benefits of automation in advancing societal progress.']",,,,"[4, 118]","{'t': 1851959, 'o': [{'o': 'o', 'i': [4, 118]}]}",,,
9486,25,541,1852.437,editor,d,"['In modern society, intelligent machines have replaced many tasks once performed by humans, raising questions about what is sacrificed in the process of automation. This essay will examine the implications of this paradigm shift and compare my own perspective with a Utilitarian viewpoint.', '', 'In my opinion, while automation brings undeniable benefits in terms of productivity, it is equally important to consider the human impact of replacing people with machines. While machines may excel at certain tasks, they lack qualities such as emotional inteligence and creativity that are inherent to humans. It is crucial to have a balance between human involvement and automation to preserve our humanity and ensure technology serves as a complement to, rather than a replacement for human efforts.', '', 'The writer emphasizes the importance of preserving human qualities amid the increasing automation in modern society. Conversely, the Utilitarian perspective emphasizes the positive impact on society stemming from increased efficiency and productivity brought by machines. Utilitarianism is often associated with making ethical decisions based on the greater good, which in this case would be the impact on society at large. This distinction amplifies the ethical tension between human-centric values and the practical advantages of automation in driving societal progress.', '', 'The writer emphasizes the importance of preserving human qualities amid the increasing automation. Conversely, the Utilitarian perspective emphasizes the positive impact of heightened efficiency and productivity brought by machines on society. Utilitarianism is typically linked to making ethical decisions based on the greater good, focusing on the impact on society as a whole. This distinction underscores the ethical tension between human-centered values and the practical benefits of automation in advancing societal progress.']",,C',,"[[4, 117], [4, 118]]","{'t': 1852437, 'o': [{'o': 'd', 'i': [[4, 117], [4, 118]]}]}",,,
9487,25,542,1874.601,editor,o,"['In modern society, intelligent machines have replaced many tasks once performed by humans, raising questions about what is sacrificed in the process of automation. This essay will examine the implications of this paradigm shift and compare my own perspective with a Utilitarian viewpoint.', '', 'In my opinion, while automation brings undeniable benefits in terms of productivity, it is equally important to consider the human impact of replacing people with machines. While machines may excel at certain tasks, they lack qualities such as emotional inteligence and creativity that are inherent to humans. It is crucial to have a balance between human involvement and automation to preserve our humanity and ensure technology serves as a complement to, rather than a replacement for human efforts.', '', 'The writer emphasizes the importance of preserving human qualities amid the increasing automation in modern society. Conversely, the Utilitarian perspective emphasizes the positive impact on society stemming from increased efficiency and productivity brought by machines. Utilitarianism is often associated with making ethical decisions based on the greater good, which in this case would be the impact on society at large. This distinction amplifies the ethical tension between human-centric values and the practical advantages of automation in driving societal progress.', '', 'The writer emphasizes the importance of preserving human qualities amid the increasing automation. Conversely, the Utilitarian perspective emphasizes the positive impact of heightened efficiency and productivity brought by machines on society. Utilitarianism is typically linked to making ethical decisions based on the greater good, focusing on the impact on society as a whole. This distinction underscores the ethical tension between human-centered values and the practical benefits of automation in advancing societal progress.']",,,,"[4, 259]","{'t': 1874601, 'o': [{'o': 'o', 'i': [4, 259]}]}",,,
9488,25,543,1875.585,editor,i,"['In modern society, intelligent machines have replaced many tasks once performed by humans, raising questions about what is sacrificed in the process of automation. This essay will examine the implications of this paradigm shift and compare my own perspective with a Utilitarian viewpoint.', '', 'In my opinion, while automation brings undeniable benefits in terms of productivity, it is equally important to consider the human impact of replacing people with machines. While machines may excel at certain tasks, they lack qualities such as emotional inteligence and creativity that are inherent to humans. It is crucial to have a balance between human involvement and automation to preserve our humanity and ensure technology serves as a complement to, rather than a replacement for human efforts.', '', 'The writer emphasizes the importance of preserving human qualities amid the increasing automation in modern society. Conversely, the Utilitarian perspective emphasizes the positive impact on society stemming from increased efficiency and productivity brought fby machines. Utilitarianism is often associated with making ethical decisions based on the greater good, which in this case would be the impact on society at large. This distinction amplifies the ethical tension between human-centric values and the practical advantages of automation in driving societal progress.', '', 'The writer emphasizes the importance of preserving human qualities amid the increasing automation. Conversely, the Utilitarian perspective emphasizes the positive impact of heightened efficiency and productivity brought by machines on society. Utilitarianism is typically linked to making ethical decisions based on the greater good, focusing on the impact on society as a whole. This distinction underscores the ethical tension between human-centered values and the practical benefits of automation in advancing societal progress.']",f',,,"[4, 259]","{'t': 1875585, 'o': [{'o': 'i', 'i': [4, 259], 'a': 'f'}]}",,,
9489,25,544,1876.232,editor,i,"['In modern society, intelligent machines have replaced many tasks once performed by humans, raising questions about what is sacrificed in the process of automation. This essay will examine the implications of this paradigm shift and compare my own perspective with a Utilitarian viewpoint.', '', 'In my opinion, while automation brings undeniable benefits in terms of productivity, it is equally important to consider the human impact of replacing people with machines. While machines may excel at certain tasks, they lack qualities such as emotional inteligence and creativity that are inherent to humans. It is crucial to have a balance between human involvement and automation to preserve our humanity and ensure technology serves as a complement to, rather than a replacement for human efforts.', '', 'The writer emphasizes the importance of preserving human qualities amid the increasing automation in modern society. Conversely, the Utilitarian perspective emphasizes the positive impact on society stemming from increased efficiency and productivity brought forth by machines. Utilitarianism is often associated with making ethical decisions based on the greater good, which in this case would be the impact on society at large. This distinction amplifies the ethical tension between human-centric values and the practical advantages of automation in driving societal progress.', '', 'The writer emphasizes the importance of preserving human qualities amid the increasing automation. Conversely, the Utilitarian perspective emphasizes the positive impact of heightened efficiency and productivity brought by machines on society. Utilitarianism is typically linked to making ethical decisions based on the greater good, focusing on the impact on society as a whole. This distinction underscores the ethical tension between human-centered values and the practical benefits of automation in advancing societal progress.']",orth ',,,"[4, 260]","{'t': [1875654, 1876232], 'l': 5, 'o': [{'o': 'i', 'i': [4, 260], 'a': 'orth '}]}",,,
9490,25,545,1876.934,editor,o,"['In modern society, intelligent machines have replaced many tasks once performed by humans, raising questions about what is sacrificed in the process of automation. This essay will examine the implications of this paradigm shift and compare my own perspective with a Utilitarian viewpoint.', '', 'In my opinion, while automation brings undeniable benefits in terms of productivity, it is equally important to consider the human impact of replacing people with machines. While machines may excel at certain tasks, they lack qualities such as emotional inteligence and creativity that are inherent to humans. It is crucial to have a balance between human involvement and automation to preserve our humanity and ensure technology serves as a complement to, rather than a replacement for human efforts.', '', 'The writer emphasizes the importance of preserving human qualities amid the increasing automation in modern society. Conversely, the Utilitarian perspective emphasizes the positive impact on society stemming from increased efficiency and productivity brought forth by machines. Utilitarianism is often associated with making ethical decisions based on the greater good, which in this case would be the impact on society at large. This distinction amplifies the ethical tension between human-centric values and the practical advantages of automation in driving societal progress.', '', 'The writer emphasizes the importance of preserving human qualities amid the increasing automation. Conversely, the Utilitarian perspective emphasizes the positive impact of heightened efficiency and productivity brought by machines on society. Utilitarianism is typically linked to making ethical decisions based on the greater good, focusing on the impact on society as a whole. This distinction underscores the ethical tension between human-centered values and the practical benefits of automation in advancing societal progress.']",,,,"[4, 578]","{'t': 1876934, 'o': [{'o': 'o', 'i': [4, 578]}]}",,,
9491,25,546,1883.267,editor,o,"['In modern society, intelligent machines have replaced many tasks once performed by humans, raising questions about what is sacrificed in the process of automation. This essay will examine the implications of this paradigm shift and compare my own perspective with a Utilitarian viewpoint.', '', 'In my opinion, while automation brings undeniable benefits in terms of productivity, it is equally important to consider the human impact of replacing people with machines. While machines may excel at certain tasks, they lack qualities such as emotional inteligence and creativity that are inherent to humans. It is crucial to have a balance between human involvement and automation to preserve our humanity and ensure technology serves as a complement to, rather than a replacement for human efforts.', '', 'The writer emphasizes the importance of preserving human qualities amid the increasing automation in modern society. Conversely, the Utilitarian perspective emphasizes the positive impact on society stemming from increased efficiency and productivity brought forth by machines. Utilitarianism is often associated with making ethical decisions based on the greater good, which in this case would be the impact on society at large. This distinction amplifies the ethical tension between human-centric values and the practical advantages of automation in driving societal progress.', '', 'The writer emphasizes the importance of preserving human qualities amid the increasing automation. Conversely, the Utilitarian perspective emphasizes the positive impact of heightened efficiency and productivity brought by machines on society. Utilitarianism is typically linked to making ethical decisions based on the greater good, focusing on the impact on society as a whole. This distinction underscores the ethical tension between human-centered values and the practical benefits of automation in advancing societal progress.']",,,,"[4, 301]","{'t': 1883267, 'o': [{'o': 'o', 'i': [4, 301]}]}",,,
9492,25,547,1883.892,editor,d,"['In modern society, intelligent machines have replaced many tasks once performed by humans, raising questions about what is sacrificed in the process of automation. This essay will examine the implications of this paradigm shift and compare my own perspective with a Utilitarian viewpoint.', '', 'In my opinion, while automation brings undeniable benefits in terms of productivity, it is equally important to consider the human impact of replacing people with machines. While machines may excel at certain tasks, they lack qualities such as emotional inteligence and creativity that are inherent to humans. It is crucial to have a balance between human involvement and automation to preserve our humanity and ensure technology serves as a complement to, rather than a replacement for human efforts.', '', 'The writer emphasizes the importance of preserving human qualities amid the increasing automation in modern society. Conversely, the Utilitarian perspective emphasizes the positive impact on society stemming from increased efficiency and productivity brought forth by machines. Utilitarianism is ofte associated with making ethical decisions based on the greater good, which in this case would be the impact on society at large. This distinction amplifies the ethical tension between human-centric values and the practical advantages of automation in driving societal progress.', '', 'The writer emphasizes the importance of preserving human qualities amid the increasing automation. Conversely, the Utilitarian perspective emphasizes the positive impact of heightened efficiency and productivity brought by machines on society. Utilitarianism is typically linked to making ethical decisions based on the greater good, focusing on the impact on society as a whole. This distinction underscores the ethical tension between human-centered values and the practical benefits of automation in advancing societal progress.']",,n',,"[[4, 300], [4, 301]]","{'t': 1883892, 'o': [{'o': 'd', 'i': [[4, 300], [4, 301]]}]}",,,
9493,25,548,1884.862,editor,d,"['In modern society, intelligent machines have replaced many tasks once performed by humans, raising questions about what is sacrificed in the process of automation. This essay will examine the implications of this paradigm shift and compare my own perspective with a Utilitarian viewpoint.', '', 'In my opinion, while automation brings undeniable benefits in terms of productivity, it is equally important to consider the human impact of replacing people with machines. While machines may excel at certain tasks, they lack qualities such as emotional inteligence and creativity that are inherent to humans. It is crucial to have a balance between human involvement and automation to preserve our humanity and ensure technology serves as a complement to, rather than a replacement for human efforts.', '', 'The writer emphasizes the importance of preserving human qualities amid the increasing automation in modern society. Conversely, the Utilitarian perspective emphasizes the positive impact on society stemming from increased efficiency and productivity brought forth by machines. Utilitarianism is  associated with making ethical decisions based on the greater good, which in this case would be the impact on society at large. This distinction amplifies the ethical tension between human-centric values and the practical advantages of automation in driving societal progress.', '', 'The writer emphasizes the importance of preserving human qualities amid the increasing automation. Conversely, the Utilitarian perspective emphasizes the positive impact of heightened efficiency and productivity brought by machines on society. Utilitarianism is typically linked to making ethical decisions based on the greater good, focusing on the impact on society as a whole. This distinction underscores the ethical tension between human-centered values and the practical benefits of automation in advancing societal progress.']",,ofte',,"[[4, 296], [4, 300]]","{'t': [1884059, 1884862], 'l': 4, 'o': [{'o': 'd', 'i': [[4, 296], [4, 300]], 'd': [[1, 4]]}]}",,,
9494,25,549,1886.01,editor,i,"['In modern society, intelligent machines have replaced many tasks once performed by humans, raising questions about what is sacrificed in the process of automation. This essay will examine the implications of this paradigm shift and compare my own perspective with a Utilitarian viewpoint.', '', 'In my opinion, while automation brings undeniable benefits in terms of productivity, it is equally important to consider the human impact of replacing people with machines. While machines may excel at certain tasks, they lack qualities such as emotional inteligence and creativity that are inherent to humans. It is crucial to have a balance between human involvement and automation to preserve our humanity and ensure technology serves as a complement to, rather than a replacement for human efforts.', '', 'The writer emphasizes the importance of preserving human qualities amid the increasing automation in modern society. Conversely, the Utilitarian perspective emphasizes the positive impact on society stemming from increased efficiency and productivity brought forth by machines. Utilitarianism is typically associated with making ethical decisions based on the greater good, which in this case would be the impact on society at large. This distinction amplifies the ethical tension between human-centric values and the practical advantages of automation in driving societal progress.', '', 'The writer emphasizes the importance of preserving human qualities amid the increasing automation. Conversely, the Utilitarian perspective emphasizes the positive impact of heightened efficiency and productivity brought by machines on society. Utilitarianism is typically linked to making ethical decisions based on the greater good, focusing on the impact on society as a whole. This distinction underscores the ethical tension between human-centered values and the practical benefits of automation in advancing societal progress.']",typically',,,"[4, 296]","{'t': [1885007, 1886010], 'l': 9, 'o': [{'o': 'i', 'i': [4, 296], 'a': 'typically'}]}",,,
9495,25,550,1887.493,editor,o,"['In modern society, intelligent machines have replaced many tasks once performed by humans, raising questions about what is sacrificed in the process of automation. This essay will examine the implications of this paradigm shift and compare my own perspective with a Utilitarian viewpoint.', '', 'In my opinion, while automation brings undeniable benefits in terms of productivity, it is equally important to consider the human impact of replacing people with machines. While machines may excel at certain tasks, they lack qualities such as emotional inteligence and creativity that are inherent to humans. It is crucial to have a balance between human involvement and automation to preserve our humanity and ensure technology serves as a complement to, rather than a replacement for human efforts.', '', 'The writer emphasizes the importance of preserving human qualities amid the increasing automation in modern society. Conversely, the Utilitarian perspective emphasizes the positive impact on society stemming from increased efficiency and productivity brought forth by machines. Utilitarianism is typically associated with making ethical decisions based on the greater good, which in this case would be the impact on society at large. This distinction amplifies the ethical tension between human-centric values and the practical advantages of automation in driving societal progress.', '', 'The writer emphasizes the importance of preserving human qualities amid the increasing automation. Conversely, the Utilitarian perspective emphasizes the positive impact of heightened efficiency and productivity brought by machines on society. Utilitarianism is typically linked to making ethical decisions based on the greater good, focusing on the impact on society as a whole. This distinction underscores the ethical tension between human-centered values and the practical benefits of automation in advancing societal progress.']",,,associated',"[[4, 306], [4, 316]]","{'t': [1886240, 1887493], 'l': 11, 'o': [{'o': 'o', 'i': [[4, 306], [4, 316]]}]}",,,
9496,25,551,1887.988,editor,d,"['In modern society, intelligent machines have replaced many tasks once performed by humans, raising questions about what is sacrificed in the process of automation. This essay will examine the implications of this paradigm shift and compare my own perspective with a Utilitarian viewpoint.', '', 'In my opinion, while automation brings undeniable benefits in terms of productivity, it is equally important to consider the human impact of replacing people with machines. While machines may excel at certain tasks, they lack qualities such as emotional inteligence and creativity that are inherent to humans. It is crucial to have a balance between human involvement and automation to preserve our humanity and ensure technology serves as a complement to, rather than a replacement for human efforts.', '', 'The writer emphasizes the importance of preserving human qualities amid the increasing automation in modern society. Conversely, the Utilitarian perspective emphasizes the positive impact on society stemming from increased efficiency and productivity brought forth by machines. Utilitarianism is typically associate with making ethical decisions based on the greater good, which in this case would be the impact on society at large. This distinction amplifies the ethical tension between human-centric values and the practical advantages of automation in driving societal progress.', '', 'The writer emphasizes the importance of preserving human qualities amid the increasing automation. Conversely, the Utilitarian perspective emphasizes the positive impact of heightened efficiency and productivity brought by machines on society. Utilitarianism is typically linked to making ethical decisions based on the greater good, focusing on the impact on society as a whole. This distinction underscores the ethical tension between human-centered values and the practical benefits of automation in advancing societal progress.']",,d',,"[[4, 315], [4, 316]]","{'t': 1887988, 'o': [{'o': 'd', 'i': [[4, 315], [4, 316]]}]}",,,
9497,25,552,1889.535,editor,d,"['In modern society, intelligent machines have replaced many tasks once performed by humans, raising questions about what is sacrificed in the process of automation. This essay will examine the implications of this paradigm shift and compare my own perspective with a Utilitarian viewpoint.', '', 'In my opinion, while automation brings undeniable benefits in terms of productivity, it is equally important to consider the human impact of replacing people with machines. While machines may excel at certain tasks, they lack qualities such as emotional inteligence and creativity that are inherent to humans. It is crucial to have a balance between human involvement and automation to preserve our humanity and ensure technology serves as a complement to, rather than a replacement for human efforts.', '', 'The writer emphasizes the importance of preserving human qualities amid the increasing automation in modern society. Conversely, the Utilitarian perspective emphasizes the positive impact on society stemming from increased efficiency and productivity brought forth by machines. Utilitarianism is typically  with making ethical decisions based on the greater good, which in this case would be the impact on society at large. This distinction amplifies the ethical tension between human-centric values and the practical advantages of automation in driving societal progress.', '', 'The writer emphasizes the importance of preserving human qualities amid the increasing automation. Conversely, the Utilitarian perspective emphasizes the positive impact of heightened efficiency and productivity brought by machines on society. Utilitarianism is typically linked to making ethical decisions based on the greater good, focusing on the impact on society as a whole. This distinction underscores the ethical tension between human-centered values and the practical benefits of automation in advancing societal progress.']",,associate',,"[[4, 306], [4, 315]]","{'t': [1888141, 1889535], 'l': 9, 'o': [{'o': 'd', 'i': [[4, 306], [4, 315]], 'd': [[1, 9]]}]}",,,
9498,25,553,1890.486,editor,i,"['In modern society, intelligent machines have replaced many tasks once performed by humans, raising questions about what is sacrificed in the process of automation. This essay will examine the implications of this paradigm shift and compare my own perspective with a Utilitarian viewpoint.', '', 'In my opinion, while automation brings undeniable benefits in terms of productivity, it is equally important to consider the human impact of replacing people with machines. While machines may excel at certain tasks, they lack qualities such as emotional inteligence and creativity that are inherent to humans. It is crucial to have a balance between human involvement and automation to preserve our humanity and ensure technology serves as a complement to, rather than a replacement for human efforts.', '', 'The writer emphasizes the importance of preserving human qualities amid the increasing automation in modern society. Conversely, the Utilitarian perspective emphasizes the positive impact on society stemming from increased efficiency and productivity brought forth by machines. Utilitarianism is typically linked with making ethical decisions based on the greater good, which in this case would be the impact on society at large. This distinction amplifies the ethical tension between human-centric values and the practical advantages of automation in driving societal progress.', '', 'The writer emphasizes the importance of preserving human qualities amid the increasing automation. Conversely, the Utilitarian perspective emphasizes the positive impact of heightened efficiency and productivity brought by machines on society. Utilitarianism is typically linked to making ethical decisions based on the greater good, focusing on the impact on society as a whole. This distinction underscores the ethical tension between human-centered values and the practical benefits of automation in advancing societal progress.']",linked',,,"[4, 306]","{'t': [1889744, 1890486], 'l': 6, 'o': [{'o': 'i', 'i': [4, 306], 'a': 'linked'}]}",,,
9499,25,554,1892.08,editor,o,"['In modern society, intelligent machines have replaced many tasks once performed by humans, raising questions about what is sacrificed in the process of automation. This essay will examine the implications of this paradigm shift and compare my own perspective with a Utilitarian viewpoint.', '', 'In my opinion, while automation brings undeniable benefits in terms of productivity, it is equally important to consider the human impact of replacing people with machines. While machines may excel at certain tasks, they lack qualities such as emotional inteligence and creativity that are inherent to humans. It is crucial to have a balance between human involvement and automation to preserve our humanity and ensure technology serves as a complement to, rather than a replacement for human efforts.', '', 'The writer emphasizes the importance of preserving human qualities amid the increasing automation in modern society. Conversely, the Utilitarian perspective emphasizes the positive impact on society stemming from increased efficiency and productivity brought forth by machines. Utilitarianism is typically linked with making ethical decisions based on the greater good, which in this case would be the impact on society at large. This distinction amplifies the ethical tension between human-centric values and the practical advantages of automation in driving societal progress.', '', 'The writer emphasizes the importance of preserving human qualities amid the increasing automation. Conversely, the Utilitarian perspective emphasizes the positive impact of heightened efficiency and productivity brought by machines on society. Utilitarianism is typically linked to making ethical decisions based on the greater good, focusing on the impact on society as a whole. This distinction underscores the ethical tension between human-centered values and the practical benefits of automation in advancing societal progress.']",,,,"[4, 316]","{'t': 1892080, 'o': [{'o': 'o', 'i': [4, 316]}]}",,,
9500,25,555,1892.531,editor,o,"['In modern society, intelligent machines have replaced many tasks once performed by humans, raising questions about what is sacrificed in the process of automation. This essay will examine the implications of this paradigm shift and compare my own perspective with a Utilitarian viewpoint.', '', 'In my opinion, while automation brings undeniable benefits in terms of productivity, it is equally important to consider the human impact of replacing people with machines. While machines may excel at certain tasks, they lack qualities such as emotional inteligence and creativity that are inherent to humans. It is crucial to have a balance between human involvement and automation to preserve our humanity and ensure technology serves as a complement to, rather than a replacement for human efforts.', '', 'The writer emphasizes the importance of preserving human qualities amid the increasing automation in modern society. Conversely, the Utilitarian perspective emphasizes the positive impact on society stemming from increased efficiency and productivity brought forth by machines. Utilitarianism is typically linked with making ethical decisions based on the greater good, which in this case would be the impact on society at large. This distinction amplifies the ethical tension between human-centric values and the practical advantages of automation in driving societal progress.', '', 'The writer emphasizes the importance of preserving human qualities amid the increasing automation. Conversely, the Utilitarian perspective emphasizes the positive impact of heightened efficiency and productivity brought by machines on society. Utilitarianism is typically linked to making ethical decisions based on the greater good, focusing on the impact on society as a whole. This distinction underscores the ethical tension between human-centered values and the practical benefits of automation in advancing societal progress.']",,,,"[4, 317]","{'t': 1892531, 'o': [{'o': 'o', 'i': [4, 317]}]}",,,
9501,25,556,1892.742,editor,d,"['In modern society, intelligent machines have replaced many tasks once performed by humans, raising questions about what is sacrificed in the process of automation. This essay will examine the implications of this paradigm shift and compare my own perspective with a Utilitarian viewpoint.', '', 'In my opinion, while automation brings undeniable benefits in terms of productivity, it is equally important to consider the human impact of replacing people with machines. While machines may excel at certain tasks, they lack qualities such as emotional inteligence and creativity that are inherent to humans. It is crucial to have a balance between human involvement and automation to preserve our humanity and ensure technology serves as a complement to, rather than a replacement for human efforts.', '', 'The writer emphasizes the importance of preserving human qualities amid the increasing automation in modern society. Conversely, the Utilitarian perspective emphasizes the positive impact on society stemming from increased efficiency and productivity brought forth by machines. Utilitarianism is typically linked wit making ethical decisions based on the greater good, which in this case would be the impact on society at large. This distinction amplifies the ethical tension between human-centric values and the practical advantages of automation in driving societal progress.', '', 'The writer emphasizes the importance of preserving human qualities amid the increasing automation. Conversely, the Utilitarian perspective emphasizes the positive impact of heightened efficiency and productivity brought by machines on society. Utilitarianism is typically linked to making ethical decisions based on the greater good, focusing on the impact on society as a whole. This distinction underscores the ethical tension between human-centered values and the practical benefits of automation in advancing societal progress.']",,h',,"[[4, 316], [4, 317]]","{'t': 1892742, 'o': [{'o': 'd', 'i': [[4, 316], [4, 317]]}]}",,,
9502,25,557,1893.231,editor,d,"['In modern society, intelligent machines have replaced many tasks once performed by humans, raising questions about what is sacrificed in the process of automation. This essay will examine the implications of this paradigm shift and compare my own perspective with a Utilitarian viewpoint.', '', 'In my opinion, while automation brings undeniable benefits in terms of productivity, it is equally important to consider the human impact of replacing people with machines. While machines may excel at certain tasks, they lack qualities such as emotional inteligence and creativity that are inherent to humans. It is crucial to have a balance between human involvement and automation to preserve our humanity and ensure technology serves as a complement to, rather than a replacement for human efforts.', '', 'The writer emphasizes the importance of preserving human qualities amid the increasing automation in modern society. Conversely, the Utilitarian perspective emphasizes the positive impact on society stemming from increased efficiency and productivity brought forth by machines. Utilitarianism is typically linked  making ethical decisions based on the greater good, which in this case would be the impact on society at large. This distinction amplifies the ethical tension between human-centric values and the practical advantages of automation in driving societal progress.', '', 'The writer emphasizes the importance of preserving human qualities amid the increasing automation. Conversely, the Utilitarian perspective emphasizes the positive impact of heightened efficiency and productivity brought by machines on society. Utilitarianism is typically linked to making ethical decisions based on the greater good, focusing on the impact on society as a whole. This distinction underscores the ethical tension between human-centered values and the practical benefits of automation in advancing societal progress.']",,wit',,"[[4, 313], [4, 316]]","{'t': [1892921, 1893231], 'l': 3, 'o': [{'o': 'd', 'i': [[4, 313], [4, 316]], 'd': [[1, 3]]}]}",,,
9503,25,558,1893.578,editor,i,"['In modern society, intelligent machines have replaced many tasks once performed by humans, raising questions about what is sacrificed in the process of automation. This essay will examine the implications of this paradigm shift and compare my own perspective with a Utilitarian viewpoint.', '', 'In my opinion, while automation brings undeniable benefits in terms of productivity, it is equally important to consider the human impact of replacing people with machines. While machines may excel at certain tasks, they lack qualities such as emotional inteligence and creativity that are inherent to humans. It is crucial to have a balance between human involvement and automation to preserve our humanity and ensure technology serves as a complement to, rather than a replacement for human efforts.', '', 'The writer emphasizes the importance of preserving human qualities amid the increasing automation in modern society. Conversely, the Utilitarian perspective emphasizes the positive impact on society stemming from increased efficiency and productivity brought forth by machines. Utilitarianism is typically linked to making ethical decisions based on the greater good, which in this case would be the impact on society at large. This distinction amplifies the ethical tension between human-centric values and the practical advantages of automation in driving societal progress.', '', 'The writer emphasizes the importance of preserving human qualities amid the increasing automation. Conversely, the Utilitarian perspective emphasizes the positive impact of heightened efficiency and productivity brought by machines on society. Utilitarianism is typically linked to making ethical decisions based on the greater good, focusing on the impact on society as a whole. This distinction underscores the ethical tension between human-centered values and the practical benefits of automation in advancing societal progress.']",to',,,"[4, 313]","{'t': [1893499, 1893578], 'l': 2, 'o': [{'o': 'i', 'i': [4, 313], 'a': 'to'}]}",,,
9504,25,559,1903.369,editor,o,"['In modern society, intelligent machines have replaced many tasks once performed by humans, raising questions about what is sacrificed in the process of automation. This essay will examine the implications of this paradigm shift and compare my own perspective with a Utilitarian viewpoint.', '', 'In my opinion, while automation brings undeniable benefits in terms of productivity, it is equally important to consider the human impact of replacing people with machines. While machines may excel at certain tasks, they lack qualities such as emotional inteligence and creativity that are inherent to humans. It is crucial to have a balance between human involvement and automation to preserve our humanity and ensure technology serves as a complement to, rather than a replacement for human efforts.', '', 'The writer emphasizes the importance of preserving human qualities amid the increasing automation in modern society. Conversely, the Utilitarian perspective emphasizes the positive impact on society stemming from increased efficiency and productivity brought forth by machines. Utilitarianism is typically linked to making ethical decisions based on the greater good, which in this case would be the impact on society at large. This distinction amplifies the ethical tension between human-centric values and the practical advantages of automation in driving societal progress.', '', 'The writer emphasizes the importance of preserving human qualities amid the increasing automation. Conversely, the Utilitarian perspective emphasizes the positive impact of heightened efficiency and productivity brought by machines on society. Utilitarianism is typically linked to making ethical decisions based on the greater good, focusing on the impact on society as a whole. This distinction underscores the ethical tension between human-centered values and the practical benefits of automation in advancing societal progress.']",,,,"[4, 396]","{'t': 1903369, 'o': [{'o': 'o', 'i': [4, 396]}]}",,,
9505,25,560,1903.682,editor,l,"['In modern society, intelligent machines have replaced many tasks once performed by humans, raising questions about what is sacrificed in the process of automation. This essay will examine the implications of this paradigm shift and compare my own perspective with a Utilitarian viewpoint.', '', 'In my opinion, while automation brings undeniable benefits in terms of productivity, it is equally important to consider the human impact of replacing people with machines. While machines may excel at certain tasks, they lack qualities such as emotional inteligence and creativity that are inherent to humans. It is crucial to have a balance between human involvement and automation to preserve our humanity and ensure technology serves as a complement to, rather than a replacement for human efforts.', '', 'The writer emphasizes the importance of preserving human qualities amid the increasing automation in modern society. Conversely, the Utilitarian perspective emphasizes the positive impact on society stemming from increased efficiency and productivity brought forth by machines. Utilitarianism is typically linked to making ethical decisions based on the greater good, which in this case would be the impact on society at large. This distinction amplifies the ethical tension between human-centric values and the practical advantages of automation in driving societal progress.', '', 'The writer emphasizes the importance of preserving human qualities amid the increasing automation. Conversely, the Utilitarian perspective emphasizes the positive impact of heightened efficiency and productivity brought by machines on society. Utilitarianism is typically linked to making ethical decisions based on the greater good, focusing on the impact on society as a whole. This distinction underscores the ethical tension between human-centered values and the practical benefits of automation in advancing societal progress.']",,,in this case would be ',"[[4, 396], [4, 373]]","{'t': [1903516, 1903682], 'l': 15, 'o': [{'o': 'l', 'i': [4, 396], 's': [[4, [395, [393, 392], 388, 386, 384, 382, [380, 373]]]]}]}",,,
9506,25,561,1904.304,editor,d,"['In modern society, intelligent machines have replaced many tasks once performed by humans, raising questions about what is sacrificed in the process of automation. This essay will examine the implications of this paradigm shift and compare my own perspective with a Utilitarian viewpoint.', '', 'In my opinion, while automation brings undeniable benefits in terms of productivity, it is equally important to consider the human impact of replacing people with machines. While machines may excel at certain tasks, they lack qualities such as emotional inteligence and creativity that are inherent to humans. It is crucial to have a balance between human involvement and automation to preserve our humanity and ensure technology serves as a complement to, rather than a replacement for human efforts.', '', 'The writer emphasizes the importance of preserving human qualities amid the increasing automation in modern society. Conversely, the Utilitarian perspective emphasizes the positive impact on society stemming from increased efficiency and productivity brought forth by machines. Utilitarianism is typically linked to making ethical decisions based on the greater good, whichthe impact on society at large. This distinction amplifies the ethical tension between human-centric values and the practical advantages of automation in driving societal progress.', '', 'The writer emphasizes the importance of preserving human qualities amid the increasing automation. Conversely, the Utilitarian perspective emphasizes the positive impact of heightened efficiency and productivity brought by machines on society. Utilitarianism is typically linked to making ethical decisions based on the greater good, focusing on the impact on society as a whole. This distinction underscores the ethical tension between human-centered values and the practical benefits of automation in advancing societal progress.']",,in this case would be ',,"[[4, 373], [4, 396]]","{'t': 1904304, 'o': [{'o': 'd', 'i': [[4, 373], [4, 396]]}]}",,,
9507,25,562,1905.139,editor,d,"['In modern society, intelligent machines have replaced many tasks once performed by humans, raising questions about what is sacrificed in the process of automation. This essay will examine the implications of this paradigm shift and compare my own perspective with a Utilitarian viewpoint.', '', 'In my opinion, while automation brings undeniable benefits in terms of productivity, it is equally important to consider the human impact of replacing people with machines. While machines may excel at certain tasks, they lack qualities such as emotional inteligence and creativity that are inherent to humans. It is crucial to have a balance between human involvement and automation to preserve our humanity and ensure technology serves as a complement to, rather than a replacement for human efforts.', '', 'The writer emphasizes the importance of preserving human qualities amid the increasing automation in modern society. Conversely, the Utilitarian perspective emphasizes the positive impact on society stemming from increased efficiency and productivity brought forth by machines. Utilitarianism is typically linked to making ethical decisions based on the greater good, the impact on society at large. This distinction amplifies the ethical tension between human-centric values and the practical advantages of automation in driving societal progress.', '', 'The writer emphasizes the importance of preserving human qualities amid the increasing automation. Conversely, the Utilitarian perspective emphasizes the positive impact of heightened efficiency and productivity brought by machines on society. Utilitarianism is typically linked to making ethical decisions based on the greater good, focusing on the impact on society as a whole. This distinction underscores the ethical tension between human-centered values and the practical benefits of automation in advancing societal progress.']",,which',,"[[4, 368], [4, 373]]","{'t': [1904483, 1905139], 'l': 5, 'o': [{'o': 'd', 'i': [[4, 368], [4, 373]], 'd': [[1, 5]]}]}",,,
9508,25,563,1906.793,editor,i,"['In modern society, intelligent machines have replaced many tasks once performed by humans, raising questions about what is sacrificed in the process of automation. This essay will examine the implications of this paradigm shift and compare my own perspective with a Utilitarian viewpoint.', '', 'In my opinion, while automation brings undeniable benefits in terms of productivity, it is equally important to consider the human impact of replacing people with machines. While machines may excel at certain tasks, they lack qualities such as emotional inteligence and creativity that are inherent to humans. It is crucial to have a balance between human involvement and automation to preserve our humanity and ensure technology serves as a complement to, rather than a replacement for human efforts.', '', 'The writer emphasizes the importance of preserving human qualities amid the increasing automation in modern society. Conversely, the Utilitarian perspective emphasizes the positive impact on society stemming from increased efficiency and productivity brought forth by machines. Utilitarianism is typically linked to making ethical decisions based on the greater good, focusing on the impact on society at large. This distinction amplifies the ethical tension between human-centric values and the practical advantages of automation in driving societal progress.', '', 'The writer emphasizes the importance of preserving human qualities amid the increasing automation. Conversely, the Utilitarian perspective emphasizes the positive impact of heightened efficiency and productivity brought by machines on society. Utilitarianism is typically linked to making ethical decisions based on the greater good, focusing on the impact on society as a whole. This distinction underscores the ethical tension between human-centered values and the practical benefits of automation in advancing societal progress.']",focusing on ',,,"[4, 368]","{'t': [1905514, 1906793], 'l': 12, 'o': [{'o': 'i', 'i': [4, 368], 'a': 'focusing on '}]}",,,
9509,25,564,1914.5,editor,o,"['In modern society, intelligent machines have replaced many tasks once performed by humans, raising questions about what is sacrificed in the process of automation. This essay will examine the implications of this paradigm shift and compare my own perspective with a Utilitarian viewpoint.', '', 'In my opinion, while automation brings undeniable benefits in terms of productivity, it is equally important to consider the human impact of replacing people with machines. While machines may excel at certain tasks, they lack qualities such as emotional inteligence and creativity that are inherent to humans. It is crucial to have a balance between human involvement and automation to preserve our humanity and ensure technology serves as a complement to, rather than a replacement for human efforts.', '', 'The writer emphasizes the importance of preserving human qualities amid the increasing automation in modern society. Conversely, the Utilitarian perspective emphasizes the positive impact on society stemming from increased efficiency and productivity brought forth by machines. Utilitarianism is typically linked to making ethical decisions based on the greater good, focusing on the impact on society at large. This distinction amplifies the ethical tension between human-centric values and the practical advantages of automation in driving societal progress.', '', 'The writer emphasizes the importance of preserving human qualities amid the increasing automation. Conversely, the Utilitarian perspective emphasizes the positive impact of heightened efficiency and productivity brought by machines on society. Utilitarianism is typically linked to making ethical decisions based on the greater good, focusing on the impact on society as a whole. This distinction underscores the ethical tension between human-centered values and the practical benefits of automation in advancing societal progress.']",,,,"[4, 404]","{'t': 1914500, 'o': [{'o': 'o', 'i': [4, 404]}]}",,,
9510,25,565,1914.869,editor,d,"['In modern society, intelligent machines have replaced many tasks once performed by humans, raising questions about what is sacrificed in the process of automation. This essay will examine the implications of this paradigm shift and compare my own perspective with a Utilitarian viewpoint.', '', 'In my opinion, while automation brings undeniable benefits in terms of productivity, it is equally important to consider the human impact of replacing people with machines. While machines may excel at certain tasks, they lack qualities such as emotional inteligence and creativity that are inherent to humans. It is crucial to have a balance between human involvement and automation to preserve our humanity and ensure technology serves as a complement to, rather than a replacement for human efforts.', '', 'The writer emphasizes the importance of preserving human qualities amid the increasing automation in modern society. Conversely, the Utilitarian perspective emphasizes the positive impact on society stemming from increased efficiency and productivity brought forth by machines. Utilitarianism is typically linked to making ethical decisions based on the greater good, focusing on the impact on society a large. This distinction amplifies the ethical tension between human-centric values and the practical advantages of automation in driving societal progress.', '', 'The writer emphasizes the importance of preserving human qualities amid the increasing automation. Conversely, the Utilitarian perspective emphasizes the positive impact of heightened efficiency and productivity brought by machines on society. Utilitarianism is typically linked to making ethical decisions based on the greater good, focusing on the impact on society as a whole. This distinction underscores the ethical tension between human-centered values and the practical benefits of automation in advancing societal progress.']",,t',,"[[4, 403], [4, 404]]","{'t': 1914869, 'o': [{'o': 'd', 'i': [[4, 403], [4, 404]]}]}",,,
9511,25,566,1915.243,editor,i,"['In modern society, intelligent machines have replaced many tasks once performed by humans, raising questions about what is sacrificed in the process of automation. This essay will examine the implications of this paradigm shift and compare my own perspective with a Utilitarian viewpoint.', '', 'In my opinion, while automation brings undeniable benefits in terms of productivity, it is equally important to consider the human impact of replacing people with machines. While machines may excel at certain tasks, they lack qualities such as emotional inteligence and creativity that are inherent to humans. It is crucial to have a balance between human involvement and automation to preserve our humanity and ensure technology serves as a complement to, rather than a replacement for human efforts.', '', 'The writer emphasizes the importance of preserving human qualities amid the increasing automation in modern society. Conversely, the Utilitarian perspective emphasizes the positive impact on society stemming from increased efficiency and productivity brought forth by machines. Utilitarianism is typically linked to making ethical decisions based on the greater good, focusing on the impact on society as a large. This distinction amplifies the ethical tension between human-centric values and the practical advantages of automation in driving societal progress.', '', 'The writer emphasizes the importance of preserving human qualities amid the increasing automation. Conversely, the Utilitarian perspective emphasizes the positive impact of heightened efficiency and productivity brought by machines on society. Utilitarianism is typically linked to making ethical decisions based on the greater good, focusing on the impact on society as a whole. This distinction underscores the ethical tension between human-centered values and the practical benefits of automation in advancing societal progress.']",s a',,,"[4, 403]","{'t': [1914938, 1915243], 'l': 3, 'o': [{'o': 'i', 'i': [4, 403], 'a': 's a'}]}",,,
9512,25,567,1916.721,editor,i,"['In modern society, intelligent machines have replaced many tasks once performed by humans, raising questions about what is sacrificed in the process of automation. This essay will examine the implications of this paradigm shift and compare my own perspective with a Utilitarian viewpoint.', '', 'In my opinion, while automation brings undeniable benefits in terms of productivity, it is equally important to consider the human impact of replacing people with machines. While machines may excel at certain tasks, they lack qualities such as emotional inteligence and creativity that are inherent to humans. It is crucial to have a balance between human involvement and automation to preserve our humanity and ensure technology serves as a complement to, rather than a replacement for human efforts.', '', 'The writer emphasizes the importance of preserving human qualities amid the increasing automation in modern society. Conversely, the Utilitarian perspective emphasizes the positive impact on society stemming from increased efficiency and productivity brought forth by machines. Utilitarianism is typically linked to making ethical decisions based on the greater good, focusing on the impact on society as aa large. This distinction amplifies the ethical tension between human-centric values and the practical advantages of automation in driving societal progress.', '', 'The writer emphasizes the importance of preserving human qualities amid the increasing automation. Conversely, the Utilitarian perspective emphasizes the positive impact of heightened efficiency and productivity brought by machines on society. Utilitarianism is typically linked to making ethical decisions based on the greater good, focusing on the impact on society as a whole. This distinction underscores the ethical tension between human-centered values and the practical benefits of automation in advancing societal progress.']",a',,,"[4, 406]","{'t': 1916721, 'o': [{'o': 'i', 'i': [4, 406], 'a': 'a'}]}",,,
9513,25,568,1916.863,editor,i,"['In modern society, intelligent machines have replaced many tasks once performed by humans, raising questions about what is sacrificed in the process of automation. This essay will examine the implications of this paradigm shift and compare my own perspective with a Utilitarian viewpoint.', '', 'In my opinion, while automation brings undeniable benefits in terms of productivity, it is equally important to consider the human impact of replacing people with machines. While machines may excel at certain tasks, they lack qualities such as emotional inteligence and creativity that are inherent to humans. It is crucial to have a balance between human involvement and automation to preserve our humanity and ensure technology serves as a complement to, rather than a replacement for human efforts.', '', 'The writer emphasizes the importance of preserving human qualities amid the increasing automation in modern society. Conversely, the Utilitarian perspective emphasizes the positive impact on society stemming from increased efficiency and productivity brought forth by machines. Utilitarianism is typically linked to making ethical decisions based on the greater good, focusing on the impact on society as aa  large. This distinction amplifies the ethical tension between human-centric values and the practical advantages of automation in driving societal progress.', '', 'The writer emphasizes the importance of preserving human qualities amid the increasing automation. Conversely, the Utilitarian perspective emphasizes the positive impact of heightened efficiency and productivity brought by machines on society. Utilitarianism is typically linked to making ethical decisions based on the greater good, focusing on the impact on society as a whole. This distinction underscores the ethical tension between human-centered values and the practical benefits of automation in advancing societal progress.']",,,,"[4, 407]","{'t': 1916863, 'o': [{'o': 'i', 'i': [4, 407], 'a': ' '}]}",,,
9514,25,569,1917.347,editor,d,"['In modern society, intelligent machines have replaced many tasks once performed by humans, raising questions about what is sacrificed in the process of automation. This essay will examine the implications of this paradigm shift and compare my own perspective with a Utilitarian viewpoint.', '', 'In my opinion, while automation brings undeniable benefits in terms of productivity, it is equally important to consider the human impact of replacing people with machines. While machines may excel at certain tasks, they lack qualities such as emotional inteligence and creativity that are inherent to humans. It is crucial to have a balance between human involvement and automation to preserve our humanity and ensure technology serves as a complement to, rather than a replacement for human efforts.', '', 'The writer emphasizes the importance of preserving human qualities amid the increasing automation in modern society. Conversely, the Utilitarian perspective emphasizes the positive impact on society stemming from increased efficiency and productivity brought forth by machines. Utilitarianism is typically linked to making ethical decisions based on the greater good, focusing on the impact on society as a large. This distinction amplifies the ethical tension between human-centric values and the practical advantages of automation in driving societal progress.', '', 'The writer emphasizes the importance of preserving human qualities amid the increasing automation. Conversely, the Utilitarian perspective emphasizes the positive impact of heightened efficiency and productivity brought by machines on society. Utilitarianism is typically linked to making ethical decisions based on the greater good, focusing on the impact on society as a whole. This distinction underscores the ethical tension between human-centered values and the practical benefits of automation in advancing societal progress.']",,a ',,"[[4, 406], [4, 408]]","{'t': [1917189, 1917347], 'l': 2, 'o': [{'o': 'd', 'i': [[4, 406], [4, 408]], 'd': [[1, 2]]}]}",,,
9515,25,570,1918.503,editor,o,"['In modern society, intelligent machines have replaced many tasks once performed by humans, raising questions about what is sacrificed in the process of automation. This essay will examine the implications of this paradigm shift and compare my own perspective with a Utilitarian viewpoint.', '', 'In my opinion, while automation brings undeniable benefits in terms of productivity, it is equally important to consider the human impact of replacing people with machines. While machines may excel at certain tasks, they lack qualities such as emotional inteligence and creativity that are inherent to humans. It is crucial to have a balance between human involvement and automation to preserve our humanity and ensure technology serves as a complement to, rather than a replacement for human efforts.', '', 'The writer emphasizes the importance of preserving human qualities amid the increasing automation in modern society. Conversely, the Utilitarian perspective emphasizes the positive impact on society stemming from increased efficiency and productivity brought forth by machines. Utilitarianism is typically linked to making ethical decisions based on the greater good, focusing on the impact on society as a large. This distinction amplifies the ethical tension between human-centric values and the practical advantages of automation in driving societal progress.', '', 'The writer emphasizes the importance of preserving human qualities amid the increasing automation. Conversely, the Utilitarian perspective emphasizes the positive impact of heightened efficiency and productivity brought by machines on society. Utilitarianism is typically linked to making ethical decisions based on the greater good, focusing on the impact on society as a whole. This distinction underscores the ethical tension between human-centered values and the practical benefits of automation in advancing societal progress.']",,,,"[4, 407]","{'t': 1918503, 'o': [{'o': 'o', 'i': [4, 407]}]}",,,
9516,25,571,1919.445,editor,o,"['In modern society, intelligent machines have replaced many tasks once performed by humans, raising questions about what is sacrificed in the process of automation. This essay will examine the implications of this paradigm shift and compare my own perspective with a Utilitarian viewpoint.', '', 'In my opinion, while automation brings undeniable benefits in terms of productivity, it is equally important to consider the human impact of replacing people with machines. While machines may excel at certain tasks, they lack qualities such as emotional inteligence and creativity that are inherent to humans. It is crucial to have a balance between human involvement and automation to preserve our humanity and ensure technology serves as a complement to, rather than a replacement for human efforts.', '', 'The writer emphasizes the importance of preserving human qualities amid the increasing automation in modern society. Conversely, the Utilitarian perspective emphasizes the positive impact on society stemming from increased efficiency and productivity brought forth by machines. Utilitarianism is typically linked to making ethical decisions based on the greater good, focusing on the impact on society as a large. This distinction amplifies the ethical tension between human-centric values and the practical advantages of automation in driving societal progress.', '', 'The writer emphasizes the importance of preserving human qualities amid the increasing automation. Conversely, the Utilitarian perspective emphasizes the positive impact of heightened efficiency and productivity brought by machines on society. Utilitarianism is typically linked to making ethical decisions based on the greater good, focusing on the impact on society as a whole. This distinction underscores the ethical tension between human-centered values and the practical benefits of automation in advancing societal progress.']",,,arge',"[[4, 408], [4, 412]]","{'t': [1918737, 1919445], 'l': 5, 'o': [{'o': 'o', 'i': [[4, 408], [4, 412]]}]}",,,
9517,25,572,1919.683,editor,d,"['In modern society, intelligent machines have replaced many tasks once performed by humans, raising questions about what is sacrificed in the process of automation. This essay will examine the implications of this paradigm shift and compare my own perspective with a Utilitarian viewpoint.', '', 'In my opinion, while automation brings undeniable benefits in terms of productivity, it is equally important to consider the human impact of replacing people with machines. While machines may excel at certain tasks, they lack qualities such as emotional inteligence and creativity that are inherent to humans. It is crucial to have a balance between human involvement and automation to preserve our humanity and ensure technology serves as a complement to, rather than a replacement for human efforts.', '', 'The writer emphasizes the importance of preserving human qualities amid the increasing automation in modern society. Conversely, the Utilitarian perspective emphasizes the positive impact on society stemming from increased efficiency and productivity brought forth by machines. Utilitarianism is typically linked to making ethical decisions based on the greater good, focusing on the impact on society as a larg. This distinction amplifies the ethical tension between human-centric values and the practical advantages of automation in driving societal progress.', '', 'The writer emphasizes the importance of preserving human qualities amid the increasing automation. Conversely, the Utilitarian perspective emphasizes the positive impact of heightened efficiency and productivity brought by machines on society. Utilitarianism is typically linked to making ethical decisions based on the greater good, focusing on the impact on society as a whole. This distinction underscores the ethical tension between human-centered values and the practical benefits of automation in advancing societal progress.']",,e',,"[[4, 411], [4, 412]]","{'t': 1919683, 'o': [{'o': 'd', 'i': [[4, 411], [4, 412]]}]}",,,
9518,25,573,1920.476,editor,d,"['In modern society, intelligent machines have replaced many tasks once performed by humans, raising questions about what is sacrificed in the process of automation. This essay will examine the implications of this paradigm shift and compare my own perspective with a Utilitarian viewpoint.', '', 'In my opinion, while automation brings undeniable benefits in terms of productivity, it is equally important to consider the human impact of replacing people with machines. While machines may excel at certain tasks, they lack qualities such as emotional inteligence and creativity that are inherent to humans. It is crucial to have a balance between human involvement and automation to preserve our humanity and ensure technology serves as a complement to, rather than a replacement for human efforts.', '', 'The writer emphasizes the importance of preserving human qualities amid the increasing automation in modern society. Conversely, the Utilitarian perspective emphasizes the positive impact on society stemming from increased efficiency and productivity brought forth by machines. Utilitarianism is typically linked to making ethical decisions based on the greater good, focusing on the impact on society as a . This distinction amplifies the ethical tension between human-centric values and the practical advantages of automation in driving societal progress.', '', 'The writer emphasizes the importance of preserving human qualities amid the increasing automation. Conversely, the Utilitarian perspective emphasizes the positive impact of heightened efficiency and productivity brought by machines on society. Utilitarianism is typically linked to making ethical decisions based on the greater good, focusing on the impact on society as a whole. This distinction underscores the ethical tension between human-centered values and the practical benefits of automation in advancing societal progress.']",,larg',,"[[4, 407], [4, 411]]","{'t': [1919857, 1920476], 'l': 4, 'o': [{'o': 'd', 'i': [[4, 407], [4, 411]], 'd': [[1, 4]]}]}",,,
9519,25,574,1921.187,editor,i,"['In modern society, intelligent machines have replaced many tasks once performed by humans, raising questions about what is sacrificed in the process of automation. This essay will examine the implications of this paradigm shift and compare my own perspective with a Utilitarian viewpoint.', '', 'In my opinion, while automation brings undeniable benefits in terms of productivity, it is equally important to consider the human impact of replacing people with machines. While machines may excel at certain tasks, they lack qualities such as emotional inteligence and creativity that are inherent to humans. It is crucial to have a balance between human involvement and automation to preserve our humanity and ensure technology serves as a complement to, rather than a replacement for human efforts.', '', 'The writer emphasizes the importance of preserving human qualities amid the increasing automation in modern society. Conversely, the Utilitarian perspective emphasizes the positive impact on society stemming from increased efficiency and productivity brought forth by machines. Utilitarianism is typically linked to making ethical decisions based on the greater good, focusing on the impact on society as a whole. This distinction amplifies the ethical tension between human-centric values and the practical advantages of automation in driving societal progress.', '', 'The writer emphasizes the importance of preserving human qualities amid the increasing automation. Conversely, the Utilitarian perspective emphasizes the positive impact of heightened efficiency and productivity brought by machines on society. Utilitarianism is typically linked to making ethical decisions based on the greater good, focusing on the impact on society as a whole. This distinction underscores the ethical tension between human-centered values and the practical benefits of automation in advancing societal progress.']",whole',,,"[4, 407]","{'t': [1920659, 1921187], 'l': 5, 'o': [{'o': 'i', 'i': [4, 407], 'a': 'whole'}]}",,,
9520,25,575,1925.153,editor,o,"['In modern society, intelligent machines have replaced many tasks once performed by humans, raising questions about what is sacrificed in the process of automation. This essay will examine the implications of this paradigm shift and compare my own perspective with a Utilitarian viewpoint.', '', 'In my opinion, while automation brings undeniable benefits in terms of productivity, it is equally important to consider the human impact of replacing people with machines. While machines may excel at certain tasks, they lack qualities such as emotional inteligence and creativity that are inherent to humans. It is crucial to have a balance between human involvement and automation to preserve our humanity and ensure technology serves as a complement to, rather than a replacement for human efforts.', '', 'The writer emphasizes the importance of preserving human qualities amid the increasing automation in modern society. Conversely, the Utilitarian perspective emphasizes the positive impact on society stemming from increased efficiency and productivity brought forth by machines. Utilitarianism is typically linked to making ethical decisions based on the greater good, focusing on the impact on society as a whole. This distinction amplifies the ethical tension between human-centric values and the practical advantages of automation in driving societal progress.', '', 'The writer emphasizes the importance of preserving human qualities amid the increasing automation. Conversely, the Utilitarian perspective emphasizes the positive impact of heightened efficiency and productivity brought by machines on society. Utilitarianism is typically linked to making ethical decisions based on the greater good, focusing on the impact on society as a whole. This distinction underscores the ethical tension between human-centered values and the practical benefits of automation in advancing societal progress.']",,,,"[4, 440]","{'t': 1925153, 'o': [{'o': 'o', 'i': [4, 440]}]}",,,
9521,25,576,1925.474,editor,l,"['In modern society, intelligent machines have replaced many tasks once performed by humans, raising questions about what is sacrificed in the process of automation. This essay will examine the implications of this paradigm shift and compare my own perspective with a Utilitarian viewpoint.', '', 'In my opinion, while automation brings undeniable benefits in terms of productivity, it is equally important to consider the human impact of replacing people with machines. While machines may excel at certain tasks, they lack qualities such as emotional inteligence and creativity that are inherent to humans. It is crucial to have a balance between human involvement and automation to preserve our humanity and ensure technology serves as a complement to, rather than a replacement for human efforts.', '', 'The writer emphasizes the importance of preserving human qualities amid the increasing automation in modern society. Conversely, the Utilitarian perspective emphasizes the positive impact on society stemming from increased efficiency and productivity brought forth by machines. Utilitarianism is typically linked to making ethical decisions based on the greater good, focusing on the impact on society as a whole. This distinction amplifies the ethical tension between human-centric values and the practical advantages of automation in driving societal progress.', '', 'The writer emphasizes the importance of preserving human qualities amid the increasing automation. Conversely, the Utilitarian perspective emphasizes the positive impact of heightened efficiency and productivity brought by machines on society. Utilitarianism is typically linked to making ethical decisions based on the greater good, focusing on the impact on society as a whole. This distinction underscores the ethical tension between human-centered values and the practical benefits of automation in advancing societal progress.']",,,ies',"[[4, 440], [4, 437]]","{'t': [1925333, 1925474], 'l': 3, 'o': [{'o': 'l', 'i': [4, 440], 's': [[4, [[439, 437]]]]}]}",,,
9522,25,577,1925.84,editor,d,"['In modern society, intelligent machines have replaced many tasks once performed by humans, raising questions about what is sacrificed in the process of automation. This essay will examine the implications of this paradigm shift and compare my own perspective with a Utilitarian viewpoint.', '', 'In my opinion, while automation brings undeniable benefits in terms of productivity, it is equally important to consider the human impact of replacing people with machines. While machines may excel at certain tasks, they lack qualities such as emotional inteligence and creativity that are inherent to humans. It is crucial to have a balance between human involvement and automation to preserve our humanity and ensure technology serves as a complement to, rather than a replacement for human efforts.', '', 'The writer emphasizes the importance of preserving human qualities amid the increasing automation in modern society. Conversely, the Utilitarian perspective emphasizes the positive impact on society stemming from increased efficiency and productivity brought forth by machines. Utilitarianism is typically linked to making ethical decisions based on the greater good, focusing on the impact on society as a whole. This distinction amplif the ethical tension between human-centric values and the practical advantages of automation in driving societal progress.', '', 'The writer emphasizes the importance of preserving human qualities amid the increasing automation. Conversely, the Utilitarian perspective emphasizes the positive impact of heightened efficiency and productivity brought by machines on society. Utilitarianism is typically linked to making ethical decisions based on the greater good, focusing on the impact on society as a whole. This distinction underscores the ethical tension between human-centered values and the practical benefits of automation in advancing societal progress.']",,ies',,"[[4, 437], [4, 440]]","{'t': 1925840, 'o': [{'o': 'd', 'i': [[4, 437], [4, 440]]}]}",,,
9523,25,578,1927.152,editor,d,"['In modern society, intelligent machines have replaced many tasks once performed by humans, raising questions about what is sacrificed in the process of automation. This essay will examine the implications of this paradigm shift and compare my own perspective with a Utilitarian viewpoint.', '', 'In my opinion, while automation brings undeniable benefits in terms of productivity, it is equally important to consider the human impact of replacing people with machines. While machines may excel at certain tasks, they lack qualities such as emotional inteligence and creativity that are inherent to humans. It is crucial to have a balance between human involvement and automation to preserve our humanity and ensure technology serves as a complement to, rather than a replacement for human efforts.', '', 'The writer emphasizes the importance of preserving human qualities amid the increasing automation in modern society. Conversely, the Utilitarian perspective emphasizes the positive impact on society stemming from increased efficiency and productivity brought forth by machines. Utilitarianism is typically linked to making ethical decisions based on the greater good, focusing on the impact on society as a whole. This distinction  the ethical tension between human-centric values and the practical advantages of automation in driving societal progress.', '', 'The writer emphasizes the importance of preserving human qualities amid the increasing automation. Conversely, the Utilitarian perspective emphasizes the positive impact of heightened efficiency and productivity brought by machines on society. Utilitarianism is typically linked to making ethical decisions based on the greater good, focusing on the impact on society as a whole. This distinction underscores the ethical tension between human-centered values and the practical benefits of automation in advancing societal progress.']",,amplif',,"[[4, 431], [4, 437]]","{'t': [1926013, 1927152], 'l': 6, 'o': [{'o': 'd', 'i': [[4, 431], [4, 437]], 'd': [[1, 6]]}]}",,,
9524,25,579,1928.623,editor,i,"['In modern society, intelligent machines have replaced many tasks once performed by humans, raising questions about what is sacrificed in the process of automation. This essay will examine the implications of this paradigm shift and compare my own perspective with a Utilitarian viewpoint.', '', 'In my opinion, while automation brings undeniable benefits in terms of productivity, it is equally important to consider the human impact of replacing people with machines. While machines may excel at certain tasks, they lack qualities such as emotional inteligence and creativity that are inherent to humans. It is crucial to have a balance between human involvement and automation to preserve our humanity and ensure technology serves as a complement to, rather than a replacement for human efforts.', '', 'The writer emphasizes the importance of preserving human qualities amid the increasing automation in modern society. Conversely, the Utilitarian perspective emphasizes the positive impact on society stemming from increased efficiency and productivity brought forth by machines. Utilitarianism is typically linked to making ethical decisions based on the greater good, focusing on the impact on society as a whole. This distinction highlights the ethical tension between human-centric values and the practical advantages of automation in driving societal progress.', '', 'The writer emphasizes the importance of preserving human qualities amid the increasing automation. Conversely, the Utilitarian perspective emphasizes the positive impact of heightened efficiency and productivity brought by machines on society. Utilitarianism is typically linked to making ethical decisions based on the greater good, focusing on the impact on society as a whole. This distinction underscores the ethical tension between human-centered values and the practical benefits of automation in advancing societal progress.']",highlights',,,"[4, 431]","{'t': [1927400, 1928623], 'l': 10, 'o': [{'o': 'i', 'i': [4, 431], 'a': 'highlights'}]}",,,
9525,25,580,1943.738,editor,o,"['In modern society, intelligent machines have replaced many tasks once performed by humans, raising questions about what is sacrificed in the process of automation. This essay will examine the implications of this paradigm shift and compare my own perspective with a Utilitarian viewpoint.', '', 'In my opinion, while automation brings undeniable benefits in terms of productivity, it is equally important to consider the human impact of replacing people with machines. While machines may excel at certain tasks, they lack qualities such as emotional inteligence and creativity that are inherent to humans. It is crucial to have a balance between human involvement and automation to preserve our humanity and ensure technology serves as a complement to, rather than a replacement for human efforts.', '', 'The writer emphasizes the importance of preserving human qualities amid the increasing automation in modern society. Conversely, the Utilitarian perspective emphasizes the positive impact on society stemming from increased efficiency and productivity brought forth by machines. Utilitarianism is typically linked to making ethical decisions based on the greater good, focusing on the impact on society as a whole. This distinction highlights the ethical tension between human-centric values and the practical advantages of automation in driving societal progress.', '', 'The writer emphasizes the importance of preserving human qualities amid the increasing automation. Conversely, the Utilitarian perspective emphasizes the positive impact of heightened efficiency and productivity brought by machines on society. Utilitarianism is typically linked to making ethical decisions based on the greater good, focusing on the impact on society as a whole. This distinction underscores the ethical tension between human-centered values and the practical benefits of automation in advancing societal progress.']",,,,"[4, 483]","{'t': 1943738, 'o': [{'o': 'o', 'i': [4, 483]}]}",,,
9526,25,581,1944.703,editor,d,"['In modern society, intelligent machines have replaced many tasks once performed by humans, raising questions about what is sacrificed in the process of automation. This essay will examine the implications of this paradigm shift and compare my own perspective with a Utilitarian viewpoint.', '', 'In my opinion, while automation brings undeniable benefits in terms of productivity, it is equally important to consider the human impact of replacing people with machines. While machines may excel at certain tasks, they lack qualities such as emotional inteligence and creativity that are inherent to humans. It is crucial to have a balance between human involvement and automation to preserve our humanity and ensure technology serves as a complement to, rather than a replacement for human efforts.', '', 'The writer emphasizes the importance of preserving human qualities amid the increasing automation in modern society. Conversely, the Utilitarian perspective emphasizes the positive impact on society stemming from increased efficiency and productivity brought forth by machines. Utilitarianism is typically linked to making ethical decisions based on the greater good, focusing on the impact on society as a whole. This distinction highlights the ethical tension between human-centri values and the practical advantages of automation in driving societal progress.', '', 'The writer emphasizes the importance of preserving human qualities amid the increasing automation. Conversely, the Utilitarian perspective emphasizes the positive impact of heightened efficiency and productivity brought by machines on society. Utilitarianism is typically linked to making ethical decisions based on the greater good, focusing on the impact on society as a whole. This distinction underscores the ethical tension between human-centered values and the practical benefits of automation in advancing societal progress.']",,c',,"[[4, 482], [4, 483]]","{'t': 1944703, 'o': [{'o': 'd', 'i': [[4, 482], [4, 483]]}]}",,,
9527,25,582,1945.061,editor,d,"['In modern society, intelligent machines have replaced many tasks once performed by humans, raising questions about what is sacrificed in the process of automation. This essay will examine the implications of this paradigm shift and compare my own perspective with a Utilitarian viewpoint.', '', 'In my opinion, while automation brings undeniable benefits in terms of productivity, it is equally important to consider the human impact of replacing people with machines. While machines may excel at certain tasks, they lack qualities such as emotional inteligence and creativity that are inherent to humans. It is crucial to have a balance between human involvement and automation to preserve our humanity and ensure technology serves as a complement to, rather than a replacement for human efforts.', '', 'The writer emphasizes the importance of preserving human qualities amid the increasing automation in modern society. Conversely, the Utilitarian perspective emphasizes the positive impact on society stemming from increased efficiency and productivity brought forth by machines. Utilitarianism is typically linked to making ethical decisions based on the greater good, focusing on the impact on society as a whole. This distinction highlights the ethical tension between human-cent values and the practical advantages of automation in driving societal progress.', '', 'The writer emphasizes the importance of preserving human qualities amid the increasing automation. Conversely, the Utilitarian perspective emphasizes the positive impact of heightened efficiency and productivity brought by machines on society. Utilitarianism is typically linked to making ethical decisions based on the greater good, focusing on the impact on society as a whole. This distinction underscores the ethical tension between human-centered values and the practical benefits of automation in advancing societal progress.']",,ri',,"[[4, 480], [4, 482]]","{'t': [1944880, 1945061], 'l': 2, 'o': [{'o': 'd', 'i': [[4, 480], [4, 482]], 'd': [[1, 2]]}]}",,,
9528,25,583,1946.056,editor,i,"['In modern society, intelligent machines have replaced many tasks once performed by humans, raising questions about what is sacrificed in the process of automation. This essay will examine the implications of this paradigm shift and compare my own perspective with a Utilitarian viewpoint.', '', 'In my opinion, while automation brings undeniable benefits in terms of productivity, it is equally important to consider the human impact of replacing people with machines. While machines may excel at certain tasks, they lack qualities such as emotional inteligence and creativity that are inherent to humans. It is crucial to have a balance between human involvement and automation to preserve our humanity and ensure technology serves as a complement to, rather than a replacement for human efforts.', '', 'The writer emphasizes the importance of preserving human qualities amid the increasing automation in modern society. Conversely, the Utilitarian perspective emphasizes the positive impact on society stemming from increased efficiency and productivity brought forth by machines. Utilitarianism is typically linked to making ethical decisions based on the greater good, focusing on the impact on society as a whole. This distinction highlights the ethical tension between human-centered values and the practical advantages of automation in driving societal progress.', '', 'The writer emphasizes the importance of preserving human qualities amid the increasing automation. Conversely, the Utilitarian perspective emphasizes the positive impact of heightened efficiency and productivity brought by machines on society. Utilitarianism is typically linked to making ethical decisions based on the greater good, focusing on the impact on society as a whole. This distinction underscores the ethical tension between human-centered values and the practical benefits of automation in advancing societal progress.']",ered',,,"[4, 480]","{'t': [1945544, 1946056], 'l': 4, 'o': [{'o': 'i', 'i': [4, 480], 'a': 'ered'}]}",,,
9529,25,584,1953.922,editor,o,"['In modern society, intelligent machines have replaced many tasks once performed by humans, raising questions about what is sacrificed in the process of automation. This essay will examine the implications of this paradigm shift and compare my own perspective with a Utilitarian viewpoint.', '', 'In my opinion, while automation brings undeniable benefits in terms of productivity, it is equally important to consider the human impact of replacing people with machines. While machines may excel at certain tasks, they lack qualities such as emotional inteligence and creativity that are inherent to humans. It is crucial to have a balance between human involvement and automation to preserve our humanity and ensure technology serves as a complement to, rather than a replacement for human efforts.', '', 'The writer emphasizes the importance of preserving human qualities amid the increasing automation in modern society. Conversely, the Utilitarian perspective emphasizes the positive impact on society stemming from increased efficiency and productivity brought forth by machines. Utilitarianism is typically linked to making ethical decisions based on the greater good, focusing on the impact on society as a whole. This distinction highlights the ethical tension between human-centered values and the practical advantages of automation in driving societal progress.', '', 'The writer emphasizes the importance of preserving human qualities amid the increasing automation. Conversely, the Utilitarian perspective emphasizes the positive impact of heightened efficiency and productivity brought by machines on society. Utilitarianism is typically linked to making ethical decisions based on the greater good, focusing on the impact on society as a whole. This distinction underscores the ethical tension between human-centered values and the practical benefits of automation in advancing societal progress.']",,,,"[4, 520]","{'t': 1953922, 'o': [{'o': 'o', 'i': [4, 520]}]}",,,
9530,25,585,1954.302,editor,l,"['In modern society, intelligent machines have replaced many tasks once performed by humans, raising questions about what is sacrificed in the process of automation. This essay will examine the implications of this paradigm shift and compare my own perspective with a Utilitarian viewpoint.', '', 'In my opinion, while automation brings undeniable benefits in terms of productivity, it is equally important to consider the human impact of replacing people with machines. While machines may excel at certain tasks, they lack qualities such as emotional inteligence and creativity that are inherent to humans. It is crucial to have a balance between human involvement and automation to preserve our humanity and ensure technology serves as a complement to, rather than a replacement for human efforts.', '', 'The writer emphasizes the importance of preserving human qualities amid the increasing automation in modern society. Conversely, the Utilitarian perspective emphasizes the positive impact on society stemming from increased efficiency and productivity brought forth by machines. Utilitarianism is typically linked to making ethical decisions based on the greater good, focusing on the impact on society as a whole. This distinction highlights the ethical tension between human-centered values and the practical advantages of automation in driving societal progress.', '', 'The writer emphasizes the importance of preserving human qualities amid the increasing automation. Conversely, the Utilitarian perspective emphasizes the positive impact of heightened efficiency and productivity brought by machines on society. Utilitarianism is typically linked to making ethical decisions based on the greater good, focusing on the impact on society as a whole. This distinction underscores the ethical tension between human-centered values and the practical benefits of automation in advancing societal progress.']",,,l advantages',"[[4, 520], [4, 508]]","{'t': [1954129, 1954302], 'l': 11, 'o': [{'o': 'l', 'i': [4, 520], 's': [[4, [[519, 517], [515, 508]]]]}]}",,,
9531,25,586,1954.752,editor,d,"['In modern society, intelligent machines have replaced many tasks once performed by humans, raising questions about what is sacrificed in the process of automation. This essay will examine the implications of this paradigm shift and compare my own perspective with a Utilitarian viewpoint.', '', 'In my opinion, while automation brings undeniable benefits in terms of productivity, it is equally important to consider the human impact of replacing people with machines. While machines may excel at certain tasks, they lack qualities such as emotional inteligence and creativity that are inherent to humans. It is crucial to have a balance between human involvement and automation to preserve our humanity and ensure technology serves as a complement to, rather than a replacement for human efforts.', '', 'The writer emphasizes the importance of preserving human qualities amid the increasing automation in modern society. Conversely, the Utilitarian perspective emphasizes the positive impact on society stemming from increased efficiency and productivity brought forth by machines. Utilitarianism is typically linked to making ethical decisions based on the greater good, focusing on the impact on society as a whole. This distinction highlights the ethical tension between human-centered values and the practica of automation in driving societal progress.', '', 'The writer emphasizes the importance of preserving human qualities amid the increasing automation. Conversely, the Utilitarian perspective emphasizes the positive impact of heightened efficiency and productivity brought by machines on society. Utilitarianism is typically linked to making ethical decisions based on the greater good, focusing on the impact on society as a whole. This distinction underscores the ethical tension between human-centered values and the practical benefits of automation in advancing societal progress.']",,l advantages',,"[[4, 508], [4, 520]]","{'t': 1954752, 'o': [{'o': 'd', 'i': [[4, 508], [4, 520]]}]}",,,
9532,25,587,1956.845,editor,i,"['In modern society, intelligent machines have replaced many tasks once performed by humans, raising questions about what is sacrificed in the process of automation. This essay will examine the implications of this paradigm shift and compare my own perspective with a Utilitarian viewpoint.', '', 'In my opinion, while automation brings undeniable benefits in terms of productivity, it is equally important to consider the human impact of replacing people with machines. While machines may excel at certain tasks, they lack qualities such as emotional inteligence and creativity that are inherent to humans. It is crucial to have a balance between human involvement and automation to preserve our humanity and ensure technology serves as a complement to, rather than a replacement for human efforts.', '', 'The writer emphasizes the importance of preserving human qualities amid the increasing automation in modern society. Conversely, the Utilitarian perspective emphasizes the positive impact on society stemming from increased efficiency and productivity brought forth by machines. Utilitarianism is typically linked to making ethical decisions based on the greater good, focusing on the impact on society as a whole. This distinction highlights the ethical tension between human-centered values and the practical benefits of automation in driving societal progress.', '', 'The writer emphasizes the importance of preserving human qualities amid the increasing automation. Conversely, the Utilitarian perspective emphasizes the positive impact of heightened efficiency and productivity brought by machines on society. Utilitarianism is typically linked to making ethical decisions based on the greater good, focusing on the impact on society as a whole. This distinction underscores the ethical tension between human-centered values and the practical benefits of automation in advancing societal progress.']",l benefits',,,"[4, 508]","{'t': [1955313, 1956845], 'l': 10, 'o': [{'o': 'i', 'i': [4, 508], 'a': 'l benefits'}]}",,,
9533,25,588,1961.508,editor,o,"['In modern society, intelligent machines have replaced many tasks once performed by humans, raising questions about what is sacrificed in the process of automation. This essay will examine the implications of this paradigm shift and compare my own perspective with a Utilitarian viewpoint.', '', 'In my opinion, while automation brings undeniable benefits in terms of productivity, it is equally important to consider the human impact of replacing people with machines. While machines may excel at certain tasks, they lack qualities such as emotional inteligence and creativity that are inherent to humans. It is crucial to have a balance between human involvement and automation to preserve our humanity and ensure technology serves as a complement to, rather than a replacement for human efforts.', '', 'The writer emphasizes the importance of preserving human qualities amid the increasing automation in modern society. Conversely, the Utilitarian perspective emphasizes the positive impact on society stemming from increased efficiency and productivity brought forth by machines. Utilitarianism is typically linked to making ethical decisions based on the greater good, focusing on the impact on society as a whole. This distinction highlights the ethical tension between human-centered values and the practical benefits of automation in driving societal progress.', '', 'The writer emphasizes the importance of preserving human qualities amid the increasing automation. Conversely, the Utilitarian perspective emphasizes the positive impact of heightened efficiency and productivity brought by machines on society. Utilitarianism is typically linked to making ethical decisions based on the greater good, focusing on the impact on society as a whole. This distinction underscores the ethical tension between human-centered values and the practical benefits of automation in advancing societal progress.']",,,,"[4, 543]","{'t': 1961508, 'o': [{'o': 'o', 'i': [4, 543]}]}",,,
9534,25,589,1961.932,editor,l,"['In modern society, intelligent machines have replaced many tasks once performed by humans, raising questions about what is sacrificed in the process of automation. This essay will examine the implications of this paradigm shift and compare my own perspective with a Utilitarian viewpoint.', '', 'In my opinion, while automation brings undeniable benefits in terms of productivity, it is equally important to consider the human impact of replacing people with machines. While machines may excel at certain tasks, they lack qualities such as emotional inteligence and creativity that are inherent to humans. It is crucial to have a balance between human involvement and automation to preserve our humanity and ensure technology serves as a complement to, rather than a replacement for human efforts.', '', 'The writer emphasizes the importance of preserving human qualities amid the increasing automation in modern society. Conversely, the Utilitarian perspective emphasizes the positive impact on society stemming from increased efficiency and productivity brought forth by machines. Utilitarianism is typically linked to making ethical decisions based on the greater good, focusing on the impact on society as a whole. This distinction highlights the ethical tension between human-centered values and the practical benefits of automation in driving societal progress.', '', 'The writer emphasizes the importance of preserving human qualities amid the increasing automation. Conversely, the Utilitarian perspective emphasizes the positive impact of heightened efficiency and productivity brought by machines on society. Utilitarianism is typically linked to making ethical decisions based on the greater good, focusing on the impact on society as a whole. This distinction underscores the ethical tension between human-centered values and the practical benefits of automation in advancing societal progress.']",,,driving',"[[4, 543], [4, 535]]","{'t': [1961674, 1961932], 'l': 8, 'o': [{'o': 'l', 'i': [4, 543], 's': [[4, [[542, 535]]]]}]}",,,
9535,25,590,1964.507,editor,o,"['In modern society, intelligent machines have replaced many tasks once performed by humans, raising questions about what is sacrificed in the process of automation. This essay will examine the implications of this paradigm shift and compare my own perspective with a Utilitarian viewpoint.', '', 'In my opinion, while automation brings undeniable benefits in terms of productivity, it is equally important to consider the human impact of replacing people with machines. While machines may excel at certain tasks, they lack qualities such as emotional inteligence and creativity that are inherent to humans. It is crucial to have a balance between human involvement and automation to preserve our humanity and ensure technology serves as a complement to, rather than a replacement for human efforts.', '', 'The writer emphasizes the importance of preserving human qualities amid the increasing automation in modern society. Conversely, the Utilitarian perspective emphasizes the positive impact on society stemming from increased efficiency and productivity brought forth by machines. Utilitarianism is typically linked to making ethical decisions based on the greater good, focusing on the impact on society as a whole. This distinction highlights the ethical tension between human-centered values and the practical benefits of automation in driving societal progress.', '', 'The writer emphasizes the importance of preserving human qualities amid the increasing automation. Conversely, the Utilitarian perspective emphasizes the positive impact of heightened efficiency and productivity brought by machines on society. Utilitarianism is typically linked to making ethical decisions based on the greater good, focusing on the impact on society as a whole. This distinction underscores the ethical tension between human-centered values and the practical benefits of automation in advancing societal progress.']",,,,"[5, 0]","{'t': 1964507, 'o': [{'o': 'o', 'i': [5, 0]}]}",,,
9536,25,591,1965.778,editor,o,"['In modern society, intelligent machines have replaced many tasks once performed by humans, raising questions about what is sacrificed in the process of automation. This essay will examine the implications of this paradigm shift and compare my own perspective with a Utilitarian viewpoint.', '', 'In my opinion, while automation brings undeniable benefits in terms of productivity, it is equally important to consider the human impact of replacing people with machines. While machines may excel at certain tasks, they lack qualities such as emotional inteligence and creativity that are inherent to humans. It is crucial to have a balance between human involvement and automation to preserve our humanity and ensure technology serves as a complement to, rather than a replacement for human efforts.', '', 'The writer emphasizes the importance of preserving human qualities amid the increasing automation in modern society. Conversely, the Utilitarian perspective emphasizes the positive impact on society stemming from increased efficiency and productivity brought forth by machines. Utilitarianism is typically linked to making ethical decisions based on the greater good, focusing on the impact on society as a whole. This distinction highlights the ethical tension between human-centered values and the practical benefits of automation in driving societal progress.', '', 'The writer emphasizes the importance of preserving human qualities amid the increasing automation. Conversely, the Utilitarian perspective emphasizes the positive impact of heightened efficiency and productivity brought by machines on society. Utilitarianism is typically linked to making ethical decisions based on the greater good, focusing on the impact on society as a whole. This distinction underscores the ethical tension between human-centered values and the practical benefits of automation in advancing societal progress.']",,,,"[6, 465]","{'t': 1965778, 'o': [{'o': 'o', 'i': [6, 465]}]}",,,
9537,25,592,1966.094,editor,l,"['In modern society, intelligent machines have replaced many tasks once performed by humans, raising questions about what is sacrificed in the process of automation. This essay will examine the implications of this paradigm shift and compare my own perspective with a Utilitarian viewpoint.', '', 'In my opinion, while automation brings undeniable benefits in terms of productivity, it is equally important to consider the human impact of replacing people with machines. While machines may excel at certain tasks, they lack qualities such as emotional inteligence and creativity that are inherent to humans. It is crucial to have a balance between human involvement and automation to preserve our humanity and ensure technology serves as a complement to, rather than a replacement for human efforts.', '', 'The writer emphasizes the importance of preserving human qualities amid the increasing automation in modern society. Conversely, the Utilitarian perspective emphasizes the positive impact on society stemming from increased efficiency and productivity brought forth by machines. Utilitarianism is typically linked to making ethical decisions based on the greater good, focusing on the impact on society as a whole. This distinction highlights the ethical tension between human-centered values and the practical benefits of automation in driving societal progress.', '', 'The writer emphasizes the importance of preserving human qualities amid the increasing automation. Conversely, the Utilitarian perspective emphasizes the positive impact of heightened efficiency and productivity brought by machines on society. Utilitarianism is typically linked to making ethical decisions based on the greater good, focusing on the impact on society as a whole. This distinction underscores the ethical tension between human-centered values and the practical benefits of automation in advancing societal progress.']",,,"ased on the greater good, focusing on the impact on society as a whole. This distinction underscores the ethical tension between human-centered values and th'","[[6, 465], [6, 308]]","{'t': [1965954, 1966094], 'l': 10, 'o': [{'o': 'l', 'i': [6, 465], 's': [[6, [[464, 462], 391, [389, 386], [309, 308]]]]}]}",,,
9538,25,593,1967.771,editor,l,"['In modern society, intelligent machines have replaced many tasks once performed by humans, raising questions about what is sacrificed in the process of automation. This essay will examine the implications of this paradigm shift and compare my own perspective with a Utilitarian viewpoint.', '', 'In my opinion, while automation brings undeniable benefits in terms of productivity, it is equally important to consider the human impact of replacing people with machines. While machines may excel at certain tasks, they lack qualities such as emotional inteligence and creativity that are inherent to humans. It is crucial to have a balance between human involvement and automation to preserve our humanity and ensure technology serves as a complement to, rather than a replacement for human efforts.', '', 'The writer emphasizes the importance of preserving human qualities amid the increasing automation in modern society. Conversely, the Utilitarian perspective emphasizes the positive impact on society stemming from increased efficiency and productivity brought forth by machines. Utilitarianism is typically linked to making ethical decisions based on the greater good, focusing on the impact on society as a whole. This distinction highlights the ethical tension between human-centered values and the practical benefits of automation in driving societal progress.', '', 'The writer emphasizes the importance of preserving human qualities amid the increasing automation. Conversely, the Utilitarian perspective emphasizes the positive impact of heightened efficiency and productivity brought by machines on society. Utilitarianism is typically linked to making ethical decisions based on the greater good, focusing on the impact on society as a whole. This distinction underscores the ethical tension between human-centered values and the practical benefits of automation in advancing societal progress.']",,,"he writer emphasizes the importance of preserving human qualities amid the increasing automation. Conversely, the Utilitarian perspective emphasizes the positive impact of heightened efficiency and productivity brought by machines on society. Utilitarianism is typically linked to making ethical decisions based on the greater good, focusing on the impact on society as a whole. This distinction underscores the ethical tension between human-centered values and the practical benefits of automation in advancing societal progress.'","[[6, 531], [6, 1]]","{'t': [1966733, 1967771], 'l': 22, 'o': [{'o': 'l', 'i': [6, 531], 's': [[6, [531, [461, 459], [389, 388], [310, 308], [233, 231], [158, 156], [82, 80], [4, 1]]]]}]}",,,
9539,25,594,1968.398,editor,d,"['In modern society, intelligent machines have replaced many tasks once performed by humans, raising questions about what is sacrificed in the process of automation. This essay will examine the implications of this paradigm shift and compare my own perspective with a Utilitarian viewpoint.', '', 'In my opinion, while automation brings undeniable benefits in terms of productivity, it is equally important to consider the human impact of replacing people with machines. While machines may excel at certain tasks, they lack qualities such as emotional inteligence and creativity that are inherent to humans. It is crucial to have a balance between human involvement and automation to preserve our humanity and ensure technology serves as a complement to, rather than a replacement for human efforts.', '', 'The writer emphasizes the importance of preserving human qualities amid the increasing automation in modern society. Conversely, the Utilitarian perspective emphasizes the positive impact on society stemming from increased efficiency and productivity brought forth by machines. Utilitarianism is typically linked to making ethical decisions based on the greater good, focusing on the impact on society as a whole. This distinction highlights the ethical tension between human-centered values and the practical benefits of automation in driving societal progress.', '', 'T']",,"he writer emphasizes the importance of preserving human qualities amid the increasing automation. Conversely, the Utilitarian perspective emphasizes the positive impact of heightened efficiency and productivity brought by machines on society. Utilitarianism is typically linked to making ethical decisions based on the greater good, focusing on the impact on society as a whole. This distinction underscores the ethical tension between human-centered values and the practical benefits of automation in advancing societal progress.'",,"[[6, 1], [6, 531]]","{'t': 1968398, 'o': [{'o': 'd', 'i': [[6, 1], [6, 531]]}]}",,,
9540,25,595,1969.91,editor,d,"['In modern society, intelligent machines have replaced many tasks once performed by humans, raising questions about what is sacrificed in the process of automation. This essay will examine the implications of this paradigm shift and compare my own perspective with a Utilitarian viewpoint.', '', 'In my opinion, while automation brings undeniable benefits in terms of productivity, it is equally important to consider the human impact of replacing people with machines. While machines may excel at certain tasks, they lack qualities such as emotional inteligence and creativity that are inherent to humans. It is crucial to have a balance between human involvement and automation to preserve our humanity and ensure technology serves as a complement to, rather than a replacement for human efforts.', '', 'The writer emphasizes the importance of preserving human qualities amid the increasing automation in modern society. Conversely, the Utilitarian perspective emphasizes the positive impact on society stemming from increased efficiency and productivity brought forth by machines. Utilitarianism is typically linked to making ethical decisions based on the greater good, focusing on the impact on society as a whole. This distinction highlights the ethical tension between human-centered values and the practical benefits of automation in driving societal progress.']",,\n\nT',,"[[4, 562], [6, 1]]","{'t': [1969324, 1969910], 'l': 3, 'o': [{'o': 'd', 'i': [[4, 562], [6, 1]], 'd': [[[4, 562], [5, 0]], [[5, 0], [6, 0]], [1, 1]]}]}",,,
9541,25,596,1972.259,editor,o,"['In modern society, intelligent machines have replaced many tasks once performed by humans, raising questions about what is sacrificed in the process of automation. This essay will examine the implications of this paradigm shift and compare my own perspective with a Utilitarian viewpoint.', '', 'In my opinion, while automation brings undeniable benefits in terms of productivity, it is equally important to consider the human impact of replacing people with machines. While machines may excel at certain tasks, they lack qualities such as emotional inteligence and creativity that are inherent to humans. It is crucial to have a balance between human involvement and automation to preserve our humanity and ensure technology serves as a complement to, rather than a replacement for human efforts.', '', 'The writer emphasizes the importance of preserving human qualities amid the increasing automation in modern society. Conversely, the Utilitarian perspective emphasizes the positive impact on society stemming from increased efficiency and productivity brought forth by machines. Utilitarianism is typically linked to making ethical decisions based on the greater good, focusing on the impact on society as a whole. This distinction highlights the ethical tension between human-centered values and the practical benefits of automation in driving societal progress.']",,,,"[4, 562]","{'t': 1972259, 'o': [{'o': 'o', 'i': [4, 562]}]}",,,
9542,25,597,1972.594,editor,l,"['In modern society, intelligent machines have replaced many tasks once performed by humans, raising questions about what is sacrificed in the process of automation. This essay will examine the implications of this paradigm shift and compare my own perspective with a Utilitarian viewpoint.', '', 'In my opinion, while automation brings undeniable benefits in terms of productivity, it is equally important to consider the human impact of replacing people with machines. While machines may excel at certain tasks, they lack qualities such as emotional inteligence and creativity that are inherent to humans. It is crucial to have a balance between human involvement and automation to preserve our humanity and ensure technology serves as a complement to, rather than a replacement for human efforts.', '', 'The writer emphasizes the importance of preserving human qualities amid the increasing automation in modern society. Conversely, the Utilitarian perspective emphasizes the positive impact on society stemming from increased efficiency and productivity brought forth by machines. Utilitarianism is typically linked to making ethical decisions based on the greater good, focusing on the impact on society as a whole. This distinction highlights the ethical tension between human-centered values and the practical benefits of automation in driving societal progress.']",,,"The writer emphasizes the importance of preserving human qualities amid the increasing automation in modern society. Conversely, the Utilitarian perspective emphasizes the positive impact on society stemming from increased efficiency and productivity brought forth by machines. Utilitarianism is typically linked to making ethical decisions based on the greater good, focusing on the impact on society as a whole. This distinction highlights the ethical tension between human-centered values and the practical benefits of automation in driving societal progress.'","[[4, 562], [4, 0]]","{'t': [1972387, 1972594], 'l': 19, 'o': [{'o': 'l', 'i': [4, 562], 's': [[4, [484, 402, 252, 169, 21]], [2, [304, 228, 151, 80, 8]], [1, [0]], [0, [[235, 234], 155, [76, 75], [5, 4], 0]]]}]}",,,
9543,25,598,1973.05,editor,y,,,,"In modern society, intelligent machines have replaced many tasks once performed by humans, raising questions about what is sacrificed in the process of automation. This essay will examine the implications of this paradigm shift and compare my own perspective with a Utilitarian viewpoint.

In my opinion, while automation brings undeniable benefits in terms of productivity, it is equally important to consider the human impact of replacing people with machines. While machines may excel at certain tasks, they lack qualities such as emotional inteligence and creativity that are inherent to humans. It is crucial to have a balance between human involvement and automation to preserve our humanity and ensure technology serves as a complement to, rather than a replacement for human efforts.

The writer emphasizes the importance of preserving human qualities amid the increasing automation in modern society. Conversely, the Utilitarian perspective emphasizes the positive impact on society stemming from increased efficiency and productivity brought forth by machines. Utilitarianism is typically linked to making ethical decisions based on the greater good, focusing on the impact on society as a whole. This distinction highlights the ethical tension between human-centered values and the practical benefits of automation in driving societal progress.",,,,,
9544,25,599,1988.126,gpt,p,,,,"In modern society, intelligent machines have replaced many tasks once performed by humans, raising questions about what is sacrificed in the process of automation. This essay will examine the implications of this paradigm shift and compare my own perspective with a Utilitarian viewpoint.

In my opinion, while automation brings undeniable benefits in terms of productivity, it is equally important to consider the human impact of replacing people with machines. While machines may excel at certain tasks, they lack qualities such as emotional inteligence and creativity that are inherent to humans. It is crucial to have a balance between human involvement and automation to preserve our humanity and ensure technology serves as a complement to, rather than a replacement for human efforts.

The writer emphasizes the importance of preserving human qualities amid the increasing automation in modern society. Conversely, the Utilitarian perspective emphasizes the positive impact on society stemming from increased efficiency and productivity brought forth by machines. Utilitarianism is typically linked to making ethical decisions based on the greater good, focusing on the impact on society as a whole. This distinction highlights the ethical tension between human-centered values and the practical benefits of automation in driving societal progress.",,,,,
9545,25,600,1988.69,gpt,gpt_inquiry,,,,"write a 2 sentence conclusion for this essay:

In modern society, intelligent machines have replaced many tasks once performed by humans, raising questions about what is sacrificed in the process of automation. This essay will examine the implications of this paradigm shift and compare my own perspective with a Utilitarian viewpoint.

In my opinion, while automation brings undeniable benefits in terms of productivity, it is equally important to consider the human impact of replacing people with machines. While machines may excel at certain tasks, they lack qualities such as emotional inteligence and creativity that are inherent to humans. It is crucial to have a balance between human involvement and automation to preserve our humanity and ensure technology serves as a complement to, rather than a replacement for human efforts.

The writer emphasizes the importance of preserving human qualities amid the increasing automation in modern society. Conversely, the Utilitarian perspective emphasizes the positive impact on society stemming from increased efficiency and productivity brought forth by machines. Utilitarianism is typically linked to making ethical decisions based on the greater good, focusing on the impact on society as a whole. This distinction highlights the ethical tension between human-centered values and the practical benefits of automation in driving societal progress.",,,,,
9546,25,601,1990.529,gpt,gpt_response,,,,"In conclusion, the juxtaposition between the preservation of human qualities in the face of automation and the Utilitarian focus on efficiency and productivity underscores the nuanced debate surrounding the role of machines in society. While automation offers undeniable benefits, maintaining a balance between human involvement and technological advancements remains essential to uphold humanity's intrinsic qualities. This examination of differing perspectives on automation highlights the complex interplay between human values and the practical advantages of automation in shaping societal progress.",,,,,
9547,25,602,2002.024,gpt,gpt_inquiry,,,,Concise. 2 sentences only.,,,,,
9548,25,603,2002.974,gpt,gpt_response,,,,The contrasting perspectives on automation reveal the ongoing debate between human values and technological efficiency. Balancing human qualities with the benefits of automation remains crucial for societal progress.,,,,,
9549,25,604,2024.65,gpt,gpt_inquiry,,,,redo with 3 short sentences,,,,,
9550,25,605,2026.161,gpt,gpt_response,,,,The contrasting viewpoints on automation underscore the tension between human values and technological efficiency. Striking a balance between human qualities and the advantages of automation is crucial for societal advancement. This complex interplay shapes the ongoing debate surrounding the impact of machines in modern society.,,,,,
9551,25,606,2034.719,gpt,y,,,,The contrasting perspectives on automation reveal the ongoing debate between human values and technological efficiency. Balancing human qualities with the benefits of automation remains crucial for societal progress.,,,,,
9552,25,607,2038.858,editor,o,"['In modern society, intelligent machines have replaced many tasks once performed by humans, raising questions about what is sacrificed in the process of automation. This essay will examine the implications of this paradigm shift and compare my own perspective with a Utilitarian viewpoint.', '', 'In my opinion, while automation brings undeniable benefits in terms of productivity, it is equally important to consider the human impact of replacing people with machines. While machines may excel at certain tasks, they lack qualities such as emotional inteligence and creativity that are inherent to humans. It is crucial to have a balance between human involvement and automation to preserve our humanity and ensure technology serves as a complement to, rather than a replacement for human efforts.', '', 'The writer emphasizes the importance of preserving human qualities amid the increasing automation in modern society. Conversely, the Utilitarian perspective emphasizes the positive impact on society stemming from increased efficiency and productivity brought forth by machines. Utilitarianism is typically linked to making ethical decisions based on the greater good, focusing on the impact on society as a whole. This distinction highlights the ethical tension between human-centered values and the practical benefits of automation in driving societal progress.']",,,,"[4, 562]","{'t': 2038858, 'o': [{'o': 'o', 'i': [4, 562]}]}",,,
9553,25,608,2039.627,editor,i,"['In modern society, intelligent machines have replaced many tasks once performed by humans, raising questions about what is sacrificed in the process of automation. This essay will examine the implications of this paradigm shift and compare my own perspective with a Utilitarian viewpoint.', '', 'In my opinion, while automation brings undeniable benefits in terms of productivity, it is equally important to consider the human impact of replacing people with machines. While machines may excel at certain tasks, they lack qualities such as emotional inteligence and creativity that are inherent to humans. It is crucial to have a balance between human involvement and automation to preserve our humanity and ensure technology serves as a complement to, rather than a replacement for human efforts.', '', 'The writer emphasizes the importance of preserving human qualities amid the increasing automation in modern society. Conversely, the Utilitarian perspective emphasizes the positive impact on society stemming from increased efficiency and productivity brought forth by machines. Utilitarianism is typically linked to making ethical decisions based on the greater good, focusing on the impact on society as a whole. This distinction highlights the ethical tension between human-centered values and the practical benefits of automation in driving societal progress.', '']",\n',,,"[4, 562]","{'t': 2039627, 'o': [{'o': 'i', 'i': [4, 562], 'a': '\n'}]}",,,
9554,25,609,2039.779,editor,i,"['In modern society, intelligent machines have replaced many tasks once performed by humans, raising questions about what is sacrificed in the process of automation. This essay will examine the implications of this paradigm shift and compare my own perspective with a Utilitarian viewpoint.', '', 'In my opinion, while automation brings undeniable benefits in terms of productivity, it is equally important to consider the human impact of replacing people with machines. While machines may excel at certain tasks, they lack qualities such as emotional inteligence and creativity that are inherent to humans. It is crucial to have a balance between human involvement and automation to preserve our humanity and ensure technology serves as a complement to, rather than a replacement for human efforts.', '', 'The writer emphasizes the importance of preserving human qualities amid the increasing automation in modern society. Conversely, the Utilitarian perspective emphasizes the positive impact on society stemming from increased efficiency and productivity brought forth by machines. Utilitarianism is typically linked to making ethical decisions based on the greater good, focusing on the impact on society as a whole. This distinction highlights the ethical tension between human-centered values and the practical benefits of automation in driving societal progress.', '', '']",\n',,,"[5, 0]","{'t': 2039779, 'o': [{'o': 'i', 'i': [5, 0], 'a': '\n'}]}",,,
9555,25,610,2039.989,editor,p,"['In modern society, intelligent machines have replaced many tasks once performed by humans, raising questions about what is sacrificed in the process of automation. This essay will examine the implications of this paradigm shift and compare my own perspective with a Utilitarian viewpoint.', '', 'In my opinion, while automation brings undeniable benefits in terms of productivity, it is equally important to consider the human impact of replacing people with machines. While machines may excel at certain tasks, they lack qualities such as emotional inteligence and creativity that are inherent to humans. It is crucial to have a balance between human involvement and automation to preserve our humanity and ensure technology serves as a complement to, rather than a replacement for human efforts.', '', 'The writer emphasizes the importance of preserving human qualities amid the increasing automation in modern society. Conversely, the Utilitarian perspective emphasizes the positive impact on society stemming from increased efficiency and productivity brought forth by machines. Utilitarianism is typically linked to making ethical decisions based on the greater good, focusing on the impact on society as a whole. This distinction highlights the ethical tension between human-centered values and the practical benefits of automation in driving societal progress.', '', 'The contrasting perspectives on automation reveal the ongoing debate between human values and technological efficiency. Balancing human qualities with the benefits of automation remains crucial for societal progress.']",The contrasting perspectives on automation reveal the ongoing debate between human values and technological efficiency. Balancing human qualities with the benefits of automation remains crucial for societal progress.',,,"[6, 0]","{'t': 2039989, 'o': [{'o': 'p', 'i': [6, 0], 'a': ['The contrasting perspectives on automation reveal the ongoing debate between human values and technological efficiency. Balancing human qualities with the benefits of automation remains crucial for societal progress.']}]}",,,
9556,25,611,2039.99,editor,o,"['In modern society, intelligent machines have replaced many tasks once performed by humans, raising questions about what is sacrificed in the process of automation. This essay will examine the implications of this paradigm shift and compare my own perspective with a Utilitarian viewpoint.', '', 'In my opinion, while automation brings undeniable benefits in terms of productivity, it is equally important to consider the human impact of replacing people with machines. While machines may excel at certain tasks, they lack qualities such as emotional inteligence and creativity that are inherent to humans. It is crucial to have a balance between human involvement and automation to preserve our humanity and ensure technology serves as a complement to, rather than a replacement for human efforts.', '', 'The writer emphasizes the importance of preserving human qualities amid the increasing automation in modern society. Conversely, the Utilitarian perspective emphasizes the positive impact on society stemming from increased efficiency and productivity brought forth by machines. Utilitarianism is typically linked to making ethical decisions based on the greater good, focusing on the impact on society as a whole. This distinction highlights the ethical tension between human-centered values and the practical benefits of automation in driving societal progress.', '', 'The contrasting perspectives on automation reveal the ongoing debate between human values and technological efficiency. Balancing human qualities with the benefits of automation remains crucial for societal progress.']",,,,"[6, 216]","{'t': 2039990, 'o': [{'o': 'o', 'i': [6, 216]}]}",,,
9557,25,612,2065.767,editor,o,"['In modern society, intelligent machines have replaced many tasks once performed by humans, raising questions about what is sacrificed in the process of automation. This essay will examine the implications of this paradigm shift and compare my own perspective with a Utilitarian viewpoint.', '', 'In my opinion, while automation brings undeniable benefits in terms of productivity, it is equally important to consider the human impact of replacing people with machines. While machines may excel at certain tasks, they lack qualities such as emotional inteligence and creativity that are inherent to humans. It is crucial to have a balance between human involvement and automation to preserve our humanity and ensure technology serves as a complement to, rather than a replacement for human efforts.', '', 'The writer emphasizes the importance of preserving human qualities amid the increasing automation in modern society. Conversely, the Utilitarian perspective emphasizes the positive impact on society stemming from increased efficiency and productivity brought forth by machines. Utilitarianism is typically linked to making ethical decisions based on the greater good, focusing on the impact on society as a whole. This distinction highlights the ethical tension between human-centered values and the practical benefits of automation in driving societal progress.', '', 'The contrasting perspectives on automation reveal the ongoing debate between human values and technological efficiency. Balancing human qualities with the benefits of automation remains crucial for societal progress.']",,,,"[6, 216]","{'t': 2065767, 'o': [{'o': 'o', 'i': [6, 216]}]}",,,
9558,25,613,2066.298,editor,l,"['In modern society, intelligent machines have replaced many tasks once performed by humans, raising questions about what is sacrificed in the process of automation. This essay will examine the implications of this paradigm shift and compare my own perspective with a Utilitarian viewpoint.', '', 'In my opinion, while automation brings undeniable benefits in terms of productivity, it is equally important to consider the human impact of replacing people with machines. While machines may excel at certain tasks, they lack qualities such as emotional inteligence and creativity that are inherent to humans. It is crucial to have a balance between human involvement and automation to preserve our humanity and ensure technology serves as a complement to, rather than a replacement for human efforts.', '', 'The writer emphasizes the importance of preserving human qualities amid the increasing automation in modern society. Conversely, the Utilitarian perspective emphasizes the positive impact on society stemming from increased efficiency and productivity brought forth by machines. Utilitarianism is typically linked to making ethical decisions based on the greater good, focusing on the impact on society as a whole. This distinction highlights the ethical tension between human-centered values and the practical benefits of automation in driving societal progress.', '', 'The contrasting perspectives on automation reveal the ongoing debate between human values and technological efficiency. Balancing human qualities with the benefits of automation remains crucial for societal progress.']",,,ting perspectives on automation reveal the ongoing debate between human values and technological efficiency. Balancing human qualities with the benefits of automation remains crucial for societal progress.',"[[6, 216], [6, 11]]","{'t': [2065887, 2066298], 'l': 28, 'o': [{'o': 'l', 'i': [6, 216], 's': [[6, [[137, 136], 57]], [5, [0]], [4, [497, 415, 340, 184, 113, 36, 34]], [3, [0]], [2, [469, 393, 391, [312, 311], [236, 234], [158, 156], [85, 82], 11]]]}]}",,,
9559,25,614,2067.378,editor,o,"['In modern society, intelligent machines have replaced many tasks once performed by humans, raising questions about what is sacrificed in the process of automation. This essay will examine the implications of this paradigm shift and compare my own perspective with a Utilitarian viewpoint.', '', 'In my opinion, while automation brings undeniable benefits in terms of productivity, it is equally important to consider the human impact of replacing people with machines. While machines may excel at certain tasks, they lack qualities such as emotional inteligence and creativity that are inherent to humans. It is crucial to have a balance between human involvement and automation to preserve our humanity and ensure technology serves as a complement to, rather than a replacement for human efforts.', '', 'The writer emphasizes the importance of preserving human qualities amid the increasing automation in modern society. Conversely, the Utilitarian perspective emphasizes the positive impact on society stemming from increased efficiency and productivity brought forth by machines. Utilitarianism is typically linked to making ethical decisions based on the greater good, focusing on the impact on society as a whole. This distinction highlights the ethical tension between human-centered values and the practical benefits of automation in driving societal progress.', '', 'The contrasting perspectives on automation reveal the ongoing debate between human values and technological efficiency. Balancing human qualities with the benefits of automation remains crucial for societal progress.']",,,,"[4, 342]","{'t': 2067378, 'o': [{'o': 'o', 'i': [4, 342]}]}",,,
9560,25,615,2068.52,editor,o,"['In modern society, intelligent machines have replaced many tasks once performed by humans, raising questions about what is sacrificed in the process of automation. This essay will examine the implications of this paradigm shift and compare my own perspective with a Utilitarian viewpoint.', '', 'In my opinion, while automation brings undeniable benefits in terms of productivity, it is equally important to consider the human impact of replacing people with machines. While machines may excel at certain tasks, they lack qualities such as emotional inteligence and creativity that are inherent to humans. It is crucial to have a balance between human involvement and automation to preserve our humanity and ensure technology serves as a complement to, rather than a replacement for human efforts.', '', 'The writer emphasizes the importance of preserving human qualities amid the increasing automation in modern society. Conversely, the Utilitarian perspective emphasizes the positive impact on society stemming from increased efficiency and productivity brought forth by machines. Utilitarianism is typically linked to making ethical decisions based on the greater good, focusing on the impact on society as a whole. This distinction highlights the ethical tension between human-centered values and the practical benefits of automation in driving societal progress.', '', 'The contrasting perspectives on automation reveal the ongoing debate between human values and technological efficiency. Balancing human qualities with the benefits of automation remains crucial for societal progress.']",,,,"[6, 216]","{'t': 2068520, 'o': [{'o': 'o', 'i': [6, 216]}]}",,,
9561,25,616,2069.656,editor,l,"['In modern society, intelligent machines have replaced many tasks once performed by humans, raising questions about what is sacrificed in the process of automation. This essay will examine the implications of this paradigm shift and compare my own perspective with a Utilitarian viewpoint.', '', 'In my opinion, while automation brings undeniable benefits in terms of productivity, it is equally important to consider the human impact of replacing people with machines. While machines may excel at certain tasks, they lack qualities such as emotional inteligence and creativity that are inherent to humans. It is crucial to have a balance between human involvement and automation to preserve our humanity and ensure technology serves as a complement to, rather than a replacement for human efforts.', '', 'The writer emphasizes the importance of preserving human qualities amid the increasing automation in modern society. Conversely, the Utilitarian perspective emphasizes the positive impact on society stemming from increased efficiency and productivity brought forth by machines. Utilitarianism is typically linked to making ethical decisions based on the greater good, focusing on the impact on society as a whole. This distinction highlights the ethical tension between human-centered values and the practical benefits of automation in driving societal progress.', '', 'The contrasting perspectives on automation reveal the ongoing debate between human values and technological efficiency. Balancing human qualities with the benefits of automation remains crucial for societal progress.']",,,The contrasting perspectives on automation reveal the ongoing debate between human values and technological efficiency. Balancing human qualities with the benefits of automation remains crucial for societal progress.',"[[6, 216], [6, 0]]","{'t': [2068757, 2069656], 'l': 25, 'o': [{'o': 'l', 'i': [6, 216], 's': [[6, [137, 57]], [5, [0]], [4, [492, 336, 257, 104]], [3, [0]], [2, [460, 380, [300, 299], [223, 222], 220, [144, 142], 71, 0]], [1, [0]], [0, [228, 149, 70, 0]]]}]}",,,
9562,25,617,2070.709,editor,y,,,,"In modern society, intelligent machines have replaced many tasks once performed by humans, raising questions about what is sacrificed in the process of automation. This essay will examine the implications of this paradigm shift and compare my own perspective with a Utilitarian viewpoint.

In my opinion, while automation brings undeniable benefits in terms of productivity, it is equally important to consider the human impact of replacing people with machines. While machines may excel at certain tasks, they lack qualities such as emotional inteligence and creativity that are inherent to humans. It is crucial to have a balance between human involvement and automation to preserve our humanity and ensure technology serves as a complement to, rather than a replacement for human efforts.

The writer emphasizes the importance of preserving human qualities amid the increasing automation in modern society. Conversely, the Utilitarian perspective emphasizes the positive impact on society stemming from increased efficiency and productivity brought forth by machines. Utilitarianism is typically linked to making ethical decisions based on the greater good, focusing on the impact on society as a whole. This distinction highlights the ethical tension between human-centered values and the practical benefits of automation in driving societal progress.

The contrasting perspectives on automation reveal the ongoing debate between human values and technological efficiency. Balancing human qualities with the benefits of automation remains crucial for societal progress.",,,,,
9563,25,618,2090.456,gpt,p,,,,"In modern society, intelligent machines have replaced many tasks once performed by humans, raising questions about what is sacrificed in the process of automation. This essay will examine the implications of this paradigm shift and compare my own perspective with a Utilitarian viewpoint.

In my opinion, while automation brings undeniable benefits in terms of productivity, it is equally important to consider the human impact of replacing people with machines. While machines may excel at certain tasks, they lack qualities such as emotional inteligence and creativity that are inherent to humans. It is crucial to have a balance between human involvement and automation to preserve our humanity and ensure technology serves as a complement to, rather than a replacement for human efforts.

The writer emphasizes the importance of preserving human qualities amid the increasing automation in modern society. Conversely, the Utilitarian perspective emphasizes the positive impact on society stemming from increased efficiency and productivity brought forth by machines. Utilitarianism is typically linked to making ethical decisions based on the greater good, focusing on the impact on society as a whole. This distinction highlights the ethical tension between human-centered values and the practical benefits of automation in driving societal progress.

The contrasting perspectives on automation reveal the ongoing debate between human values and technological efficiency. Balancing human qualities with the benefits of automation remains crucial for societal progress.",,,,,
9564,25,619,2090.875,gpt,gpt_inquiry,,,,"this is the final short essay... is there anything that you would revise for grammar only?

In modern society, intelligent machines have replaced many tasks once performed by humans, raising questions about what is sacrificed in the process of automation. This essay will examine the implications of this paradigm shift and compare my own perspective with a Utilitarian viewpoint.

In my opinion, while automation brings undeniable benefits in terms of productivity, it is equally important to consider the human impact of replacing people with machines. While machines may excel at certain tasks, they lack qualities such as emotional inteligence and creativity that are inherent to humans. It is crucial to have a balance between human involvement and automation to preserve our humanity and ensure technology serves as a complement to, rather than a replacement for human efforts.

The writer emphasizes the importance of preserving human qualities amid the increasing automation in modern society. Conversely, the Utilitarian perspective emphasizes the positive impact on society stemming from increased efficiency and productivity brought forth by machines. Utilitarianism is typically linked to making ethical decisions based on the greater good, focusing on the impact on society as a whole. This distinction highlights the ethical tension between human-centered values and the practical benefits of automation in driving societal progress.

The contrasting perspectives on automation reveal the ongoing debate between human values and technological efficiency. Balancing human qualities with the benefits of automation remains crucial for societal progress.",,,,,
9565,25,620,2095.251,gpt,gpt_response,,,,"In modern society, intelligent machines have replaced many tasks once performed by humans, raising questions about what is sacrificed in the process of automation. This essay will examine the implications of this paradigm shift and compare my own perspective with a Utilitarian viewpoint.

In my opinion, while automation brings undeniable benefits in terms of productivity, it is equally important to consider the human impact of replacing people with machines. While machines may excel at certain tasks, they lack qualities such as emotional intelligence and creativity that are inherent to humans. It is crucial to strike a balance between human involvement and automation to preserve our humanity and ensure technology serves as a complement to, rather than a replacement for human efforts.

The writer emphasizes the importance of preserving human qualities amid the increasing automation in modern society. Conversely, the Utilitarian perspective emphasizes the positive impact on society stemming from increased efficiency and productivity brought forth by machines. Utilitarianism is typically linked to making ethical decisions based on the greater good, focusing on the impact on society as a whole. This distinction highlights the ethical tension between human-centered values and the practical benefits of automation in driving societal progress.

The contrasting perspectives on automation reveal the ongoing debate between human values and technological efficiency. Balancing human qualities with the benefits of automation remains crucial for societal progress.",,,,,
9566,25,621,2101.107,gpt,y,,,,"In modern society, intelligent machines have replaced many tasks once performed by humans, raising questions about what is sacrificed in the process of automation. This essay will examine the implications of this paradigm shift and compare my own perspective with a Utilitarian viewpoint.

In my opinion, while automation brings undeniable benefits in terms of productivity, it is equally important to consider the human impact of replacing people with machines. While machines may excel at certain tasks, they lack qualities such as emotional intelligence and creativity that are inherent to humans. It is crucial to strike a balance between human involvement and automation to preserve our humanity and ensure technology serves as a complement to, rather than a replacement for human efforts.

The writer emphasizes the importance of preserving human qualities amid the increasing automation in modern society. Conversely, the Utilitarian perspective emphasizes the positive impact on society stemming from increased efficiency and productivity brought forth by machines. Utilitarianism is typically linked to making ethical decisions based on the greater good, focusing on the impact on society as a whole. This distinction highlights the ethical tension between human-centered values and the practical benefits of automation in driving societal progress.

The contrasting perspectives on automation reveal the ongoing debate between human values and technological efficiency. Balancing human qualities with the benefits of automation remains crucial for societal progress.",,,,,
9567,25,622,2114.06,gpt,gpt_inquiry,,,,what changes did you make there? only show those.,,,,,
9568,25,623,2115.199,gpt,gpt_response,,,,The changes made were minor edits for clarity and consistency in grammar and punctuation. There were no major revisions to the text.,,,,,
9569,25,624,2211.302,editor,o,"['In modern society, intelligent machines have replaced many tasks once performed by humans, raising questions about what is sacrificed in the process of automation. This essay will examine the implications of this paradigm shift and compare my own perspective with a Utilitarian viewpoint.', '', 'In my opinion, while automation brings undeniable benefits in terms of productivity, it is equally important to consider the human impact of replacing people with machines. While machines may excel at certain tasks, they lack qualities such as emotional inteligence and creativity that are inherent to humans. It is crucial to have a balance between human involvement and automation to preserve our humanity and ensure technology serves as a complement to, rather than a replacement for human efforts.', '', 'The writer emphasizes the importance of preserving human qualities amid the increasing automation in modern society. Conversely, the Utilitarian perspective emphasizes the positive impact on society stemming from increased efficiency and productivity brought forth by machines. Utilitarianism is typically linked to making ethical decisions based on the greater good, focusing on the impact on society as a whole. This distinction highlights the ethical tension between human-centered values and the practical benefits of automation in driving societal progress.', '', 'The contrasting perspectives on automation reveal the ongoing debate between human values and technological efficiency. Balancing human qualities with the benefits of automation remains crucial for societal progress.']",,,,"[2, 56]","{'t': 2211302, 'o': [{'o': 'o', 'i': [2, 56]}]}",,,
