Unnamed: 0,essay_num,op_index,time,op_loc,op_type,current_editor,add,delete,selected_text,cursor_location,recording_obj,Unnamed: 12,Unnamed: 13,Unnamed: 14
16668,49,0,212.026,editor,i,['G'],G',,,"[0, 0]","{'t': 212026, 'o': [{'o': 'i', 'i': [0, 0], 'a': 'G'}]}",,,
16669,49,1,218.016,editor,i,"['Generally, my perspective ali']","enerally, my perspective ali'",,,"[0, 1]","{'t': [212234, 218016], 'l': 28, 'o': [{'o': 'i', 'i': [0, 1], 'a': 'enerally, my perspective ali'}]}",,,
16670,49,2,219.78,editor,d,"['Generally, my perspective ']",,ali',,"[[0, 26], [0, 29]]","{'t': 219780, 'o': [{'o': 'd', 'i': [[0, 26], [0, 29]]}]}",,,
16671,49,3,220.435,editor,d,[''],,"Generally, my perspective '",,"[[0, 0], [0, 26]]","{'t': [219927, 220435], 'l': 4, 'o': [{'o': 'd', 'i': [[0, 0], [0, 26]], 'd': [[9, 1], [2, 1], [3, 1], [12, 1]]}]}",,,
16672,49,4,223.448,editor,i,['With this issue'],With this issue',,,"[0, 0]","{'t': [221063, 223448], 'l': 15, 'o': [{'o': 'i', 'i': [0, 0], 'a': 'With this issue'}]}",,,
16673,49,5,226.037,editor,i,"['With this issue,']",",'",,,"[0, 15]","{'t': 226037, 'o': [{'o': 'i', 'i': [0, 15], 'a': ','}]}",,,
16674,49,6,226.893,editor,i,"['With this issue, my ']",my ',,,"[0, 16]","{'t': [226133, 226893], 'l': 4, 'o': [{'o': 'i', 'i': [0, 16], 'a': ' my '}]}",,,
16675,49,7,228.645,editor,d,[''],,"With this issue, my '",,"[[0, 0], [0, 20]]","{'t': [227489, 228645], 'l': 20, 'o': [{'o': 'd', 'i': [[0, 0], [0, 20]], 'd': [[1, 20]]}]}",,,
16676,49,8,230.571,editor,i,['Automation'],Automation',,,"[0, 0]","{'t': [229164, 230571], 'l': 10, 'o': [{'o': 'i', 'i': [0, 0], 'a': 'Automation'}]}",,,
16677,49,9,232.801,editor,d,['Automatio'],,n',,"[[0, 9], [0, 10]]","{'t': 232801, 'o': [{'o': 'd', 'i': [[0, 9], [0, 10]]}]}",,,
16678,49,10,233.865,editor,d,[''],,Automatio',,"[[0, 0], [0, 9]]","{'t': [232953, 233865], 'l': 9, 'o': [{'o': 'd', 'i': [[0, 0], [0, 9]], 'd': [[1, 9]]}]}",,,
16679,49,11,235.273,editor,i,['A='],A=',,,"[0, 0]","{'t': [234886, 235273], 'l': 2, 'o': [{'o': 'i', 'i': [0, 0], 'a': 'A='}]}",,,
16680,49,12,235.836,editor,d,[''],,A=',,"[[0, 0], [0, 2]]","{'t': [235702, 235836], 'l': 2, 'o': [{'o': 'd', 'i': [[0, 0], [0, 2]], 'd': [[1, 2]]}]}",,,
16681,49,13,236.804,editor,i,['The '],The ',,,"[0, 0]","{'t': [236294, 236804], 'l': 4, 'o': [{'o': 'i', 'i': [0, 0], 'a': 'The '}]}",,,
16682,49,14,238.336,editor,i,['The a'],a',,,"[0, 4]","{'t': 238336, 'o': [{'o': 'i', 'i': [0, 4], 'a': 'a'}]}",,,
16683,49,15,239.419,editor,i,['The advent '],dvent ',,,"[0, 5]","{'t': [238534, 239419], 'l': 6, 'o': [{'o': 'i', 'i': [0, 5], 'a': 'dvent '}]}",,,
16684,49,16,240.332,editor,d,['The '],,advent ',,"[[0, 4], [0, 11]]","{'t': 240332, 'o': [{'o': 'd', 'i': [[0, 4], [0, 11]]}]}",,,
16685,49,17,241.704,editor,i,['The rise in'],rise in',,,"[0, 4]","{'t': [240855, 241704], 'l': 7, 'o': [{'o': 'i', 'i': [0, 4], 'a': 'rise in'}]}",,,
16686,49,18,251.22,editor,i,['The rise in '],,,,"[0, 11]","{'t': 251220, 'o': [{'o': 'i', 'i': [0, 11], 'a': ' '}]}",,,
16687,49,19,251.804,editor,d,['The rise i'],,n ',,"[[0, 10], [0, 12]]","{'t': [251619, 251804], 'l': 2, 'o': [{'o': 'd', 'i': [[0, 10], [0, 12]], 'd': [[1, 2]]}]}",,,
16688,49,20,252.741,editor,i,['The rise inp'],np',,,"[0, 10]","{'t': [252524, 252741], 'l': 2, 'o': [{'o': 'i', 'i': [0, 10], 'a': 'np'}]}",,,
16689,49,21,253.103,editor,d,['The rise in'],,p',,"[[0, 11], [0, 12]]","{'t': 253103, 'o': [{'o': 'd', 'i': [[0, 11], [0, 12]]}]}",,,
16690,49,22,255.493,editor,i,['The rise in popularity of '],popularity of ',,,"[0, 11]","{'t': [253225, 255493], 'l': 15, 'o': [{'o': 'i', 'i': [0, 11], 'a': ' popularity of '}]}",,,
16691,49,23,260.125,editor,o,['The rise in popularity of '],,,The rise in popularity of ',"[[0, 0], [0, 26]]","{'t': 260125, 'o': [{'o': 'o', 'i': [[0, 0], [0, 26]]}]}",,,
16692,49,24,260.321,editor,d,[''],,The rise in popularity of ',,"[[0, 0], [0, 26]]","{'t': 260321, 'o': [{'o': 'd', 'i': [[0, 0], [0, 26]]}]}",,,
16693,49,25,263.184,editor,i,['A'],A',,,"[0, 0]","{'t': 263184, 'o': [{'o': 'i', 'i': [0, 0], 'a': 'A'}]}",,,
16694,49,26,268.745,editor,i,['Automation tools have existed in '],utomation tools have existed in ',,,"[0, 1]","{'t': [263430, 268745], 'l': 32, 'o': [{'o': 'i', 'i': [0, 1], 'a': 'utomation tools have existed in '}]}",,,
16695,49,27,272.549,editor,i,['Automation tools have existed in o'],o',,,"[0, 33]","{'t': 272549, 'o': [{'o': 'i', 'i': [0, 33], 'a': 'o'}]}",,,
16696,49,28,276.639,editor,i,['Automation tools have existed in our world for years now'],ur world for years now',,,"[0, 34]","{'t': [272754, 276639], 'l': 22, 'o': [{'o': 'i', 'i': [0, 34], 'a': 'ur world for years now'}]}",,,
16697,49,29,279.4,editor,i,['Automation tools have existed in our world for years now.'],.',,,"[0, 56]","{'t': 279400, 'o': [{'o': 'i', 'i': [0, 56], 'a': '.'}]}",,,
16698,49,30,280.9,editor,i,['Automation tools have existed in our world for years now. THere'],THere',,,"[0, 57]","{'t': [279504, 280900], 'l': 6, 'o': [{'o': 'i', 'i': [0, 57], 'a': ' THere'}]}",,,
16699,49,31,282.316,editor,d,['Automation tools have existed in our world for years now. '],,THere',,"[[0, 58], [0, 63]]","{'t': [281115, 282316], 'l': 5, 'o': [{'o': 'd', 'i': [[0, 58], [0, 63]], 'd': [[1, 5]]}]}",,,
16700,49,32,284.233,editor,i,['Automation tools have existed in our world for years now. While'],While',,,"[0, 58]","{'t': [283248, 284233], 'l': 5, 'o': [{'o': 'i', 'i': [0, 58], 'a': 'While'}]}",,,
16701,49,33,349.6,editor,d,['Automation tools have existed in our world for years now. Whil'],,e',,"[[0, 62], [0, 63]]","{'t': 349600, 'o': [{'o': 'd', 'i': [[0, 62], [0, 63]]}]}",,,
16702,49,34,350.65,editor,d,['Automation tools have existed in our world for years now. '],,Whil',,"[[0, 58], [0, 62]]","{'t': [350160, 350650], 'l': 4, 'o': [{'o': 'd', 'i': [[0, 58], [0, 62]], 'd': [[1, 4]]}]}",,,
16703,49,35,356.352,editor,i,['Automation tools have existed in our world for years now. T'],T',,,"[0, 58]","{'t': 356352, 'o': [{'o': 'i', 'i': [0, 58], 'a': 'T'}]}",,,
16704,49,36,362.201,editor,i,['Automation tools have existed in our world for years now. This is important to recognize '],his is important to recognize ',,,"[0, 59]","{'t': [356750, 362201], 'l': 30, 'o': [{'o': 'i', 'i': [0, 59], 'a': 'his is important to recognize '}]}",,,
16705,49,37,364.785,editor,i,['Automation tools have existed in our world for years now. This is important to recognize e'],e',,,"[0, 89]","{'t': 364785, 'o': [{'o': 'i', 'i': [0, 89], 'a': 'e'}]}",,,
16706,49,38,366.233,editor,i,['Automation tools have existed in our world for years now. This is important to recognize especil'],specil',,,"[0, 90]","{'t': [365342, 366233], 'l': 6, 'o': [{'o': 'i', 'i': [0, 90], 'a': 'specil'}]}",,,
16707,49,39,366.549,editor,d,['Automation tools have existed in our world for years now. This is important to recognize especi'],,l',,"[[0, 95], [0, 96]]","{'t': 366549, 'o': [{'o': 'd', 'i': [[0, 95], [0, 96]]}]}",,,
16708,49,40,369.685,editor,i,['Automation tools have existed in our world for years now. This is important to recognize especially now as AI tools'],ally now as AI tools',,,"[0, 95]","{'t': [366646, 369685], 'l': 20, 'o': [{'o': 'i', 'i': [0, 95], 'a': 'ally now as AI tools'}]}",,,
16709,49,41,372.344,editor,i,['Automation tools have existed in our world for years now. This is important to recognize especially now as AI tools '],,,,"[0, 115]","{'t': 372344, 'o': [{'o': 'i', 'i': [0, 115], 'a': ' '}]}",,,
16710,49,42,376.373,editor,i,['Automation tools have existed in our world for years now. This is important to recognize especially now as AI tools recieve funding and hype. '],recieve funding and hype. ',,,"[0, 116]","{'t': [372650, 376373], 'l': 26, 'o': [{'o': 'i', 'i': [0, 116], 'a': 'recieve funding and hype. '}]}",,,
16711,49,43,380.547,editor,i,['Automation tools have existed in our world for years now. This is important to recognize especially now as AI tools recieve funding and hype. B'],B',,,"[0, 142]","{'t': 380547, 'o': [{'o': 'i', 'i': [0, 142], 'a': 'B'}]}",,,
16712,49,44,381.155,editor,i,['Automation tools have existed in our world for years now. This is important to recognize especially now as AI tools recieve funding and hype. Bu'],u',,,"[0, 143]","{'t': 381155, 'o': [{'o': 'i', 'i': [0, 143], 'a': 'u'}]}",,,
16713,49,45,381.605,editor,d,['Automation tools have existed in our world for years now. This is important to recognize especially now as AI tools recieve funding and hype. '],,Bu',,"[[0, 142], [0, 144]]","{'t': [381484, 381605], 'l': 2, 'o': [{'o': 'd', 'i': [[0, 142], [0, 144]], 'd': [[1, 2]]}]}",,,
16714,49,46,382.644,editor,i,['Automation tools have existed in our world for years now. This is important to recognize especially now as AI tools recieve funding and hype. That '],That ',,,"[0, 142]","{'t': [382155, 382644], 'l': 5, 'o': [{'o': 'i', 'i': [0, 142], 'a': 'That '}]}",,,
16715,49,47,384.113,editor,d,['Automation tools have existed in our world for years now. This is important to recognize especially now as AI tools recieve funding and hype. '],,That ',,"[[0, 142], [0, 147]]","{'t': [383452, 384113], 'l': 5, 'o': [{'o': 'd', 'i': [[0, 142], [0, 147]], 'd': [[1, 5]]}]}",,,
16716,49,48,386.525,editor,i,['Automation tools have existed in our world for years now. This is important to recognize especially now as AI tools recieve funding and hype. T'],T',,,"[0, 142]","{'t': 386525, 'o': [{'o': 'i', 'i': [0, 142], 'a': 'T'}]}",,,
16717,49,49,390.323,editor,i,"['Automation tools have existed in our world for years now. This is important to recognize especially now as AI tools recieve funding and hype. That being said, there are ']","hat being said, there are '",,,"[0, 143]","{'t': [386716, 390323], 'l': 26, 'o': [{'o': 'i', 'i': [0, 143], 'a': 'hat being said, there are '}]}",,,
16718,49,50,392.664,editor,d,"['Automation tools have existed in our world for years now. This is important to recognize especially now as AI tools recieve funding and hype. That being said, there are']",,,,"[[0, 168], [0, 169]]","{'t': 392664, 'o': [{'o': 'd', 'i': [[0, 168], [0, 169]]}]}",,,
16719,49,51,394.53,editor,d,['Automation tools have existed in our world for years now. This is important to recognize especially now as AI tools recieve funding and hype. '],,"That being said, there are'",,"[[0, 142], [0, 168]]","{'t': [393239, 394530], 'l': 26, 'o': [{'o': 'd', 'i': [[0, 142], [0, 168]], 'd': [[1, 26]]}]}",,,
16720,49,52,402.919,editor,i,"['Automation tools have existed in our world for years now. This is important to recognize especially now as AI tools recieve funding and hype. These tools can generate images and ""artwork""']","These tools can generate images and ""artwork""'",,,"[0, 142]","{'t': [394898, 402919], 'l': 45, 'o': [{'o': 'i', 'i': [0, 142], 'a': 'These tools can generate images and ""artwork""'}]}",,,
16721,49,53,409.07,editor,d,"['Automation tools have existed in our world for years now. This is important to recognize especially now as AI tools recieve funding and hype. These tools can generate images and ""artwork']",,"	'	[[0, 186], [0, 187]]	{'t': 409070, 'o': [{'o': 'd', 'i': [[0, 186], [0, 187]]}]}
16722	49	54	411.205	editor	i	['Automation tools have existed in our world for years now. This is important to recognize especially now as AI tools recieve funding and hype. These tools can generate images and artwork,"" but ']",","" but '",,,"[0, 186]","{'t': [409636, 411205], 'l': 7, 'o': [{'o': 'i', 'i': [0, 186], 'a': ',"" but '}]}",
16723,49,55,419.258,editor,i,"['Automation tools have existed in our world for years now. This is important to recognize especially now as AI tools recieve funding and hype. These tools can generate images and ""artwork,"" but s']",s',,,"[0, 193]","{'t': 419258, 'o': [{'o': 'i', 'i': [0, 193], 'a': 's'}]}",,,
16724,49,56,423.053,editor,i,"['Automation tools have existed in our world for years now. This is important to recognize especially now as AI tools recieve funding and hype. These tools can generate images and ""artwork,"" but should they be used as ']",hould they be used as ',,,"[0, 194]","{'t': [419943, 423053], 'l': 22, 'o': [{'o': 'i', 'i': [0, 194], 'a': 'hould they be used as '}]}",,,
16725,49,57,429.354,editor,d,"['Automation tools have existed in our world for years now. This is important to recognize especially now as AI tools recieve funding and hype. These tools can generate images and ""artwork,"" but should they be used as']",,,,"[[0, 215], [0, 216]]","{'t': 429354, 'o': [{'o': 'd', 'i': [[0, 215], [0, 216]]}]}",,,
16726,49,58,430.999,editor,d,"['Automation tools have existed in our world for years now. This is important to recognize especially now as AI tools recieve funding and hype. These tools can generate images and ""artwork,"" ']",,but should they be used as',,"[[0, 189], [0, 215]]","{'t': [429905, 430999], 'l': 26, 'o': [{'o': 'd', 'i': [[0, 189], [0, 215]], 'd': [[1, 26]]}]}",,,
16727,49,59,432.022,editor,i,"['Automation tools have existed in our world for years now. This is important to recognize especially now as AI tools recieve funding and hype. These tools can generate images and ""artwork,"" but ']",but ',,,"[0, 189]","{'t': [431575, 432022], 'l': 4, 'o': [{'o': 'i', 'i': [0, 189], 'a': 'but '}]}",,,
16728,49,60,439.594,editor,i,"['Automation tools have existed in our world for years now. This is important to recognize especially now as AI tools recieve funding and hype. These tools can generate images and ""artwork,"" but f']",f',,,"[0, 193]","{'t': 439594, 'o': [{'o': 'i', 'i': [0, 193], 'a': 'f'}]}",,,
16729,49,61,440.328,editor,i,"['Automation tools have existed in our world for years now. This is important to recognize especially now as AI tools recieve funding and hype. These tools can generate images and ""artwork,"" but forme ']",orme ',,,"[0, 194]","{'t': [439669, 440328], 'l': 5, 'o': [{'o': 'i', 'i': [0, 194], 'a': 'orme '}]}",,,
16730,49,62,441.421,editor,d,"['Automation tools have existed in our world for years now. This is important to recognize especially now as AI tools recieve funding and hype. These tools can generate images and ""artwork,"" but ']",,forme ',,"[[0, 193], [0, 199]]","{'t': [440647, 441421], 'l': 6, 'o': [{'o': 'd', 'i': [[0, 193], [0, 199]], 'd': [[1, 6]]}]}",,,
16731,49,63,442.856,editor,i,"['Automation tools have existed in our world for years now. This is important to recognize especially now as AI tools recieve funding and hype. These tools can generate images and ""artwork,"" but for me er']",for me er',,,"[0, 193]","{'t': [441887, 442856], 'l': 9, 'o': [{'o': 'i', 'i': [0, 193], 'a': 'for me er'}]}",,,
16732,49,64,443.42,editor,d,"['Automation tools have existed in our world for years now. This is important to recognize especially now as AI tools recieve funding and hype. These tools can generate images and ""artwork,"" but for me ']",,er',,"[[0, 200], [0, 202]]","{'t': [443287, 443420], 'l': 2, 'o': [{'o': 'd', 'i': [[0, 200], [0, 202]], 'd': [[1, 2]]}]}",,,
16733,49,65,445.47,editor,i,"['Automation tools have existed in our world for years now. This is important to recognize especially now as AI tools recieve funding and hype. These tools can generate images and ""artwork,"" but for me personally, he']","personally, he'",,,"[0, 200]","{'t': [443609, 445470], 'l': 14, 'o': [{'o': 'i', 'i': [0, 200], 'a': 'personally, he'}]}",,,
16734,49,66,445.881,editor,d,"['Automation tools have existed in our world for years now. This is important to recognize especially now as AI tools recieve funding and hype. These tools can generate images and ""artwork,"" but for me personally, ']",,he',,"[[0, 212], [0, 214]]","{'t': [445740, 445881], 'l': 2, 'o': [{'o': 'd', 'i': [[0, 212], [0, 214]], 'd': [[1, 2]]}]}",,,
16735,49,67,448.126,editor,i,"['Automation tools have existed in our world for years now. This is important to recognize especially now as AI tools recieve funding and hype. These tools can generate images and ""artwork,"" but for me personally, there is no']",there is no',,,"[0, 212]","{'t': [446158, 448126], 'l': 11, 'o': [{'o': 'i', 'i': [0, 212], 'a': 'there is no'}]}",,,
16736,49,68,449.419,editor,i,"['Automation tools have existed in our world for years now. This is important to recognize especially now as AI tools recieve funding and hype. These tools can generate images and ""artwork,"" but for me personally, there is no ']",,,,"[0, 223]","{'t': 449419, 'o': [{'o': 'i', 'i': [0, 223], 'a': ' '}]}",,,
16737,49,69,450.731,editor,i,"['Automation tools have existed in our world for years now. This is important to recognize especially now as AI tools recieve funding and hype. These tools can generate images and ""artwork,"" but for me personally, there is no reason ']",reason ',,,"[0, 224]","{'t': [449536, 450731], 'l': 7, 'o': [{'o': 'i', 'i': [0, 224], 'a': 'reason '}]}",,,
16738,49,70,452.504,editor,d,"['Automation tools have existed in our world for years now. This is important to recognize especially now as AI tools recieve funding and hype. These tools can generate images and ""artwork,"" but for me personally, there is no reason']",,,,"[[0, 230], [0, 231]]","{'t': 452504, 'o': [{'o': 'd', 'i': [[0, 230], [0, 231]]}]}",,,
16739,49,71,453.695,editor,d,"['Automation tools have existed in our world for years now. This is important to recognize especially now as AI tools recieve funding and hype. These tools can generate images and ""artwork,"" but for me personally, ']",,there is no reason',,"[[0, 212], [0, 230]]","{'t': [453066, 453695], 'l': 18, 'o': [{'o': 'd', 'i': [[0, 212], [0, 230]], 'd': [[1, 18]]}]}",,,
16740,49,72,465.272,editor,d,"['Automation tools have existed in our world for years now. This is important to recognize especially now as AI tools recieve funding and hype. These tools can generate images and ""artwork,"" but for me personally,']",,,,"[[0, 211], [0, 212]]","{'t': 465272, 'o': [{'o': 'd', 'i': [[0, 211], [0, 212]]}]}",,,
16741,49,73,466.977,editor,d,"['Automation tools have existed in our world for years now. This is important to recognize especially now as AI tools recieve funding and hype. These tools can generate images and ""artwork,"" ']",,"but for me personally,'",,"[[0, 189], [0, 211]]","{'t': [465849, 466977], 'l': 22, 'o': [{'o': 'd', 'i': [[0, 189], [0, 211]], 'd': [[1, 22]]}]}",,,
16742,49,74,469.991,editor,d,"['Automation tools have existed in our world for years now. This is important to recognize especially now as AI tools recieve funding and hype. These tools can generate images and ""artwork,""']",,,,"[[0, 188], [0, 189]]","{'t': 469991, 'o': [{'o': 'd', 'i': [[0, 188], [0, 189]]}]}",,,
16743,49,75,472.629,editor,d,['Automation tools have existed in our world for years now. This is important to recognize especially now as AI tools recieve funding and hype. These tools can generate images'],,"and ""artwork,""'",,"[[0, 173], [0, 188]]","{'t': [470544, 472629], 'l': 15, 'o': [{'o': 'd', 'i': [[0, 173], [0, 188]], 'd': [[1, 15]]}]}",,,
16744,49,76,484.682,editor,i,"['Automation tools have existed in our world for years now. This is important to recognize especially now as AI tools recieve funding and hype. These tools can generate images, artwork, create code for people and much more. ']",", artwork, create code for people and much more. '",,,"[0, 173]","{'t': [473032, 484682], 'l': 49, 'o': [{'o': 'i', 'i': [0, 173], 'a': ', artwork, create code for people and much more. '}]}",,,
16745,49,77,485.89,editor,i,"['Automation tools have existed in our world for years now. This is important to recognize especially now as AI tools recieve funding and hype. These tools can generate images, artwork, create code for people and much more. T']",T',,,"[0, 222]","{'t': 485890, 'o': [{'o': 'i', 'i': [0, 222], 'a': 'T'}]}",,,
16746,49,78,486.896,editor,i,"['Automation tools have existed in our world for years now. This is important to recognize especially now as AI tools recieve funding and hype. These tools can generate images, artwork, create code for people and much more. That ']",hat ',,,"[0, 223]","{'t': [486134, 486896], 'l': 4, 'o': [{'o': 'i', 'i': [0, 223], 'a': 'hat '}]}",,,
16747,49,79,488.047,editor,d,"['Automation tools have existed in our world for years now. This is important to recognize especially now as AI tools recieve funding and hype. These tools can generate images, artwork, create code for people and much more. ']",,That ',,"[[0, 222], [0, 227]]","{'t': [487431, 488047], 'l': 5, 'o': [{'o': 'd', 'i': [[0, 222], [0, 227]], 'd': [[1, 5]]}]}",,,
16748,49,80,490.496,editor,i,"['Automation tools have existed in our world for years now. This is important to recognize especially now as AI tools recieve funding and hype. These tools can generate images, artwork, create code for people and much more. R']",R',,,"[0, 222]","{'t': 490496, 'o': [{'o': 'i', 'i': [0, 222], 'a': 'R'}]}",,,
16749,49,81,491.204,editor,d,"['Automation tools have existed in our world for years now. This is important to recognize especially now as AI tools recieve funding and hype. These tools can generate images, artwork, create code for people and much more. ']",,R',,"[[0, 222], [0, 223]]","{'t': 491204, 'o': [{'o': 'd', 'i': [[0, 222], [0, 223]]}]}",,,
16750,49,82,492.047,editor,i,"['Automation tools have existed in our world for years now. This is important to recognize especially now as AI tools recieve funding and hype. These tools can generate images, artwork, create code for people and much more. Tere']",Tere',,,"[0, 222]","{'t': [491592, 492047], 'l': 4, 'o': [{'o': 'i', 'i': [0, 222], 'a': 'Tere'}]}",,,
16751,49,83,492.56,editor,d,"['Automation tools have existed in our world for years now. This is important to recognize especially now as AI tools recieve funding and hype. These tools can generate images, artwork, create code for people and much more. T']",,ere',,"[[0, 223], [0, 226]]","{'t': [492215, 492560], 'l': 3, 'o': [{'o': 'd', 'i': [[0, 223], [0, 226]], 'd': [[1, 3]]}]}",,,
16752,49,84,494.973,editor,i,"['Automation tools have existed in our world for years now. This is important to recognize especially now as AI tools recieve funding and hype. These tools can generate images, artwork, create code for people and much more. There comes a point h']",here comes a point h',,,"[0, 223]","{'t': [492831, 494973], 'l': 20, 'o': [{'o': 'i', 'i': [0, 223], 'a': 'here comes a point h'}]}",,,
16753,49,85,495.473,editor,d,"['Automation tools have existed in our world for years now. This is important to recognize especially now as AI tools recieve funding and hype. These tools can generate images, artwork, create code for people and much more. There comes a point']",,h',,"[[0, 241], [0, 243]]","{'t': [495296, 495473], 'l': 2, 'o': [{'o': 'd', 'i': [[0, 241], [0, 243]], 'd': [[1, 2]]}]}",,,
16754,49,86,497.512,editor,i,"['Automation tools have existed in our world for years now. This is important to recognize especially now as AI tools recieve funding and hype. These tools can generate images, artwork, create code for people and much more. There comes a point, howee']",", howee'",,,"[0, 241]","{'t': [496362, 497512], 'l': 7, 'o': [{'o': 'i', 'i': [0, 241], 'a': ', howee'}]}",,,
16755,49,87,497.862,editor,d,"['Automation tools have existed in our world for years now. This is important to recognize especially now as AI tools recieve funding and hype. These tools can generate images, artwork, create code for people and much more. There comes a point, howe']",,e',,"[[0, 247], [0, 248]]","{'t': 497862, 'o': [{'o': 'd', 'i': [[0, 247], [0, 248]]}]}",,,
16756,49,88,506.745,editor,i,"['Automation tools have existed in our world for years now. This is important to recognize especially now as AI tools recieve funding and hype. These tools can generate images, artwork, create code for people and much more. There comes a point, however, at which people will ask if these tools']","ver, at which people will ask if these tools'",,,"[0, 247]","{'t': [497979, 506745], 'l': 44, 'o': [{'o': 'i', 'i': [0, 247], 'a': 'ver, at which people will ask if these tools'}]}",,,
16757,49,89,508.745,editor,i,"['Automation tools have existed in our world for years now. This is important to recognize especially now as AI tools recieve funding and hype. These tools can generate images, artwork, create code for people and much more. There comes a point, however, at which people will ask if these tools ']",,,,"[0, 291]","{'t': 508745, 'o': [{'o': 'i', 'i': [0, 291], 'a': ' '}]}",,,
16758,49,90,513.801,editor,i,"['Automation tools have existed in our world for years now. This is important to recognize especially now as AI tools recieve funding and hype. These tools can generate images, artwork, create code for people and much more. There comes a point, however, at which people will ask if these tools can or should replace humans.']",can or should replace humans.',,,"[0, 292]","{'t': [508950, 513801], 'l': 29, 'o': [{'o': 'i', 'i': [0, 292], 'a': 'can or should replace humans.'}]}",,,
16759,49,91,536.472,editor,i,"['Automation tools have existed in our world for years now. This is important to recognize especially now as AI tools recieve funding and hype. These tools can generate images, artwork, create code for people and much more. There comes a point, however, at which people will ask if these tools can or should replace humans. ']",,,,"[0, 321]","{'t': 536472, 'o': [{'o': 'i', 'i': [0, 321], 'a': ' '}]}",,,
16760,49,92,538.452,editor,i,"['Automation tools have existed in our world for years now. This is important to recognize especially now as AI tools recieve funding and hype. These tools can generate images, artwork, create code for people and much more. There comes a point, however, at which people will ask if these tools can or should replace humans. While ']",While ',,,"[0, 322]","{'t': [537459, 538452], 'l': 6, 'o': [{'o': 'i', 'i': [0, 322], 'a': 'While '}]}",,,
16761,49,93,539.954,editor,i,"['Automation tools have existed in our world for years now. This is important to recognize especially now as AI tools recieve funding and hype. These tools can generate images, artwork, create code for people and much more. There comes a point, however, at which people will ask if these tools can or should replace humans. While t']",t',,,"[0, 328]","{'t': 539954, 'o': [{'o': 'i', 'i': [0, 328], 'a': 't'}]}",,,
16762,49,94,541.38,editor,i,"['Automation tools have existed in our world for years now. This is important to recognize especially now as AI tools recieve funding and hype. These tools can generate images, artwork, create code for people and much more. There comes a point, however, at which people will ask if these tools can or should replace humans. While this isa']",his isa',,,"[0, 329]","{'t': [540089, 541380], 'l': 7, 'o': [{'o': 'i', 'i': [0, 329], 'a': 'his isa'}]}",,,
16763,49,95,541.84,editor,d,"['Automation tools have existed in our world for years now. This is important to recognize especially now as AI tools recieve funding and hype. These tools can generate images, artwork, create code for people and much more. There comes a point, however, at which people will ask if these tools can or should replace humans. While this is']",,a',,"[[0, 335], [0, 336]]","{'t': 541840, 'o': [{'o': 'd', 'i': [[0, 335], [0, 336]]}]}",,,
16764,49,96,544.301,editor,i,"['Automation tools have existed in our world for years now. This is important to recognize especially now as AI tools recieve funding and hype. These tools can generate images, artwork, create code for people and much more. There comes a point, however, at which people will ask if these tools can or should replace humans. While this is a different ']",a different ',,,"[0, 335]","{'t': [542227, 544301], 'l': 13, 'o': [{'o': 'i', 'i': [0, 335], 'a': ' a different '}]}",,,
16765,49,97,545.937,editor,d,"['Automation tools have existed in our world for years now. This is important to recognize especially now as AI tools recieve funding and hype. These tools can generate images, artwork, create code for people and much more. There comes a point, however, at which people will ask if these tools can or should replace humans. While this is a different']",,,,"[[0, 347], [0, 348]]","{'t': 545937, 'o': [{'o': 'd', 'i': [[0, 347], [0, 348]]}]}",,,
16766,49,98,548.968,editor,d,"['Automation tools have existed in our world for years now. This is important to recognize especially now as AI tools recieve funding and hype. These tools can generate images, artwork, create code for people and much more. There comes a point, however, at which people will ask if these tools can or should replace humans.']",,While this is a different',,"[[0, 321], [0, 347]]","{'t': [546588, 548968], 'l': 6, 'o': [{'o': 'd', 'i': [[0, 321], [0, 347]], 'd': [[1, 1], [6, 1], [5, 1], [3, 1], [2, 1], [9, 1]]}]}",,,
16767,49,99,550.482,editor,i,"['Automation tools have existed in our world for years now. This is important to recognize especially now as AI tools recieve funding and hype. These tools can generate images, artwork, create code for people and much more. There comes a point, however, at which people will ask if these tools can or should replace humans. ']",,,,"[0, 321]","{'t': 550482, 'o': [{'o': 'i', 'i': [0, 321], 'a': ' '}]}",,,
16768,49,100,552.576,editor,i,"['Automation tools have existed in our world for years now. This is important to recognize especially now as AI tools recieve funding and hype. These tools can generate images, artwork, create code for people and much more. There comes a point, however, at which people will ask if these tools can or should replace humans. In the case of']",In the case of',,,"[0, 322]","{'t': [550737, 552576], 'l': 14, 'o': [{'o': 'i', 'i': [0, 322], 'a': 'In the case of'}]}",,,
16769,49,101,557.739,editor,d,['Automation tools have existed in our world for years now. This is important to recognize especially now as AI tools recieve funding and hype. '],,"These tools can generate images, artwork, create code for people and much more. There comes a point, however, at which people will ask if these tools can or should replace humans. In the case of'",,"[[0, 142], [0, 336]]","{'t': [553619, 557739], 'l': 41, 'o': [{'o': 'd', 'i': [[0, 142], [0, 336]], 'd': [[6, 2], [4, 1], [9, 1], [6, 1], [2, 1], [7, 1], [2, 1], [7, 1], [5, 1], [4, 1], [7, 1], [4, 1], [5, 1], [4, 1], [2, 1], [6, 2], [2, 1], [5, 1], [2, 1], [7, 1], [2, 1], [3, 1], [6, 1], [7, 1], [5, 1], [4, 1], [3, 1], [6, 2], [4, 1], [3, 1], [7, 1], [8, 1], [6, 1], [2, 1], [3, 1], [4, 1], [5, 1], [2, 1]]}]}",,,
16770,49,102,560.517,editor,i,['Automation tools have existed in our world for years now. This is important to recognize especially now as AI tools recieve funding and hype. I'],I',,,"[0, 142]","{'t': 560517, 'o': [{'o': 'i', 'i': [0, 142], 'a': 'I'}]}",,,
16771,49,103,560.99,editor,i,['Automation tools have existed in our world for years now. This is important to recognize especially now as AI tools recieve funding and hype. Ine'],ne',,,"[0, 143]","{'t': [560706, 560990], 'l': 2, 'o': [{'o': 'i', 'i': [0, 143], 'a': 'ne'}]}",,,
16772,49,104,561.339,editor,d,['Automation tools have existed in our world for years now. This is important to recognize especially now as AI tools recieve funding and hype. In'],,e',,"[[0, 144], [0, 145]]","{'t': 561339, 'o': [{'o': 'd', 'i': [[0, 144], [0, 145]]}]}",,,
16773,49,105,564.787,editor,i,['Automation tools have existed in our world for years now. This is important to recognize especially now as AI tools recieve funding and hype. Intelligent machines'],telligent machines',,,"[0, 144]","{'t': [561571, 564787], 'l': 18, 'o': [{'o': 'i', 'i': [0, 144], 'a': 'telligent machines'}]}",,,
16774,49,106,568.971,editor,i,['Automation tools have existed in our world for years now. This is important to recognize especially now as AI tools recieve funding and hype. Intelligent machines '],,,,"[0, 162]","{'t': 568971, 'o': [{'o': 'i', 'i': [0, 162], 'a': ' '}]}",,,
16775,49,107,569.624,editor,i,['Automation tools have existed in our world for years now. This is important to recognize especially now as AI tools recieve funding and hype. Intelligent machines arem'],arem',,,"[0, 163]","{'t': [569101, 569624], 'l': 4, 'o': [{'o': 'i', 'i': [0, 163], 'a': 'arem'}]}",,,
16776,49,108,570.036,editor,d,['Automation tools have existed in our world for years now. This is important to recognize especially now as AI tools recieve funding and hype. Intelligent machines are'],,m',,"[[0, 166], [0, 167]]","{'t': 570036, 'o': [{'o': 'd', 'i': [[0, 166], [0, 167]]}]}",,,
16777,49,109,572.141,editor,i,['Automation tools have existed in our world for years now. This is important to recognize especially now as AI tools recieve funding and hype. Intelligent machines are used for mul'],used for mul',,,"[0, 166]","{'t': [570359, 572141], 'l': 13, 'o': [{'o': 'i', 'i': [0, 166], 'a': ' used for mul'}]}",,,
16778,49,110,572.42,editor,d,['Automation tools have existed in our world for years now. This is important to recognize especially now as AI tools recieve funding and hype. Intelligent machines are used for mu'],,l',,"[[0, 178], [0, 179]]","{'t': 572420, 'o': [{'o': 'd', 'i': [[0, 178], [0, 179]]}]}",,,
16779,49,111,576.272,editor,i,['Automation tools have existed in our world for years now. This is important to recognize especially now as AI tools recieve funding and hype. Intelligent machines are used for multitudes of processes '],ltitudes of processes ',,,"[0, 178]","{'t': [572835, 576272], 'l': 22, 'o': [{'o': 'i', 'i': [0, 178], 'a': 'ltitudes of processes '}]}",,,
16780,49,112,578.309,editor,i,['Automation tools have existed in our world for years now. This is important to recognize especially now as AI tools recieve funding and hype. Intelligent machines are used for multitudes of processes t'],t',,,"[0, 200]","{'t': 578309, 'o': [{'o': 'i', 'i': [0, 200], 'a': 't'}]}",,,
16781,49,113,578.483,editor,i,['Automation tools have existed in our world for years now. This is important to recognize especially now as AI tools recieve funding and hype. Intelligent machines are used for multitudes of processes ta'],a',,,"[0, 201]","{'t': 578483, 'o': [{'o': 'i', 'i': [0, 201], 'a': 'a'}]}",,,
16782,49,114,579.039,editor,d,['Automation tools have existed in our world for years now. This is important to recognize especially now as AI tools recieve funding and hype. Intelligent machines are used for multitudes of processes t'],,a',,"[[0, 201], [0, 202]]","{'t': 579039, 'o': [{'o': 'd', 'i': [[0, 201], [0, 202]]}]}",,,
16783,49,115,581.25,editor,i,['Automation tools have existed in our world for years now. This is important to recognize especially now as AI tools recieve funding and hype. Intelligent machines are used for multitudes of processes that may take '],hat may take ',,,"[0, 201]","{'t': [579321, 581250], 'l': 13, 'o': [{'o': 'i', 'i': [0, 201], 'a': 'hat may take '}]}",,,
16784,49,116,583.288,editor,d,['Automation tools have existed in our world for years now. This is important to recognize especially now as AI tools recieve funding and hype. Intelligent machines are used for multitudes of processes that may '],,take ',,"[[0, 209], [0, 214]]","{'t': 583288, 'o': [{'o': 'd', 'i': [[0, 209], [0, 214]]}]}",,,
16785,49,117,587.649,editor,i,['Automation tools have existed in our world for years now. This is important to recognize especially now as AI tools recieve funding and hype. Intelligent machines are used for multitudes of processes that may be considered tediu='],be considered tediu=',,,"[0, 209]","{'t': [583653, 587649], 'l': 20, 'o': [{'o': 'i', 'i': [0, 209], 'a': 'be considered tediu='}]}",,,
16786,49,118,588.168,editor,d,['Automation tools have existed in our world for years now. This is important to recognize especially now as AI tools recieve funding and hype. Intelligent machines are used for multitudes of processes that may be considered tedi'],,u=',,"[[0, 227], [0, 229]]","{'t': [588036, 588168], 'l': 2, 'o': [{'o': 'd', 'i': [[0, 227], [0, 229]], 'd': [[1, 2]]}]}",,,
16787,49,119,588.673,editor,i,['Automation tools have existed in our world for years now. This is important to recognize especially now as AI tools recieve funding and hype. Intelligent machines are used for multitudes of processes that may be considered tedious'],ous',,,"[0, 227]","{'t': [588384, 588673], 'l': 3, 'o': [{'o': 'i', 'i': [0, 227], 'a': 'ous'}]}",,,
16788,49,120,599.878,gpt,gpt_inquiry,,,,Can you provide examples for a machine doing better at a task than a human would?,,,,,
16789,49,121,602.811,gpt,gpt_response,,,,"1. Driverless cars: Automated vehicles have shown to be more precise and efficient at driving than humans, with the ability to react faster to changing road conditions and reducing the likelihood of accidents.

2. Automated trading algorithms: Machine learning algorithms in the stock market have been proven to make more accurate and faster trading decisions than human traders, leading to higher profits and reduced risks.

3. Medical diagnosis using AI: Healthcare systems that utilize artificial intelligence for diagnosing diseases or medical conditions have shown to be more accurate and consistent than human doctors, leading to earlier detection and improved treatment outcomes.

4. Weather forecasting models: Machine learning algorithms used in weather forecasting are able to process vast amounts of data in real-time, predicting weather patterns with greater accuracy and precision than human meteorologists.

5. Online customer service chatbots: Chatbots powered by AI are often more efficient and responsive than human customer service representatives, providing instant assistance to users around the clock.",,,,,
16790,49,122,606.634,editor,i,"['Automation tools have existed in our world for years now. This is important to recognize especially now as AI tools recieve funding and hype. Intelligent machines are used for multitudes of processes that may be considered tedious,']",",'",,,"[0, 230]","{'t': 606634, 'o': [{'o': 'i', 'i': [0, 230], 'a': ','}]}",,,
16791,49,123,607.405,editor,i,"['Automation tools have existed in our world for years now. This is important to recognize especially now as AI tools recieve funding and hype. Intelligent machines are used for multitudes of processes that may be considered tedious, or ']",or ',,,"[0, 231]","{'t': [606843, 607405], 'l': 4, 'o': [{'o': 'i', 'i': [0, 231], 'a': ' or '}]}",,,
16792,49,124,610.915,editor,i,"['Automation tools have existed in our world for years now. This is important to recognize especially now as AI tools recieve funding and hype. Intelligent machines are used for multitudes of processes that may be considered tedious, or p']",p',,,"[0, 235]","{'t': 610915, 'o': [{'o': 'i', 'i': [0, 235], 'a': 'p'}]}",,,
16793,49,125,611.488,editor,d,"['Automation tools have existed in our world for years now. This is important to recognize especially now as AI tools recieve funding and hype. Intelligent machines are used for multitudes of processes that may be considered tedious, or ']",,p',,"[[0, 235], [0, 236]]","{'t': 611488, 'o': [{'o': 'd', 'i': [[0, 235], [0, 236]]}]}",,,
16794,49,126,614.248,editor,i,"['Automation tools have existed in our world for years now. This is important to recognize especially now as AI tools recieve funding and hype. Intelligent machines are used for multitudes of processes that may be considered tedious, or o']",o',,,"[0, 235]","{'t': 614248, 'o': [{'o': 'i', 'i': [0, 235], 'a': 'o'}]}",,,
16795,49,127,617.818,editor,i,"['Automation tools have existed in our world for years now. This is important to recognize especially now as AI tools recieve funding and hype. Intelligent machines are used for multitudes of processes that may be considered tedious, or ones that may be o']",nes that may be o',,,"[0, 236]","{'t': [614437, 617818], 'l': 17, 'o': [{'o': 'i', 'i': [0, 236], 'a': 'nes that may be o'}]}",,,
16796,49,128,618.185,editor,d,"['Automation tools have existed in our world for years now. This is important to recognize especially now as AI tools recieve funding and hype. Intelligent machines are used for multitudes of processes that may be considered tedious, or ones that may be ']",,o',,"[[0, 252], [0, 253]]","{'t': 618185, 'o': [{'o': 'd', 'i': [[0, 252], [0, 253]]}]}",,,
16797,49,129,620.797,editor,i,"['Automation tools have existed in our world for years now. This is important to recognize especially now as AI tools recieve funding and hype. Intelligent machines are used for multitudes of processes that may be considered tedious, or ones that may be considered too pro']",considered too pro',,,"[0, 252]","{'t': [618314, 620797], 'l': 18, 'o': [{'o': 'i', 'i': [0, 252], 'a': 'considered too pro'}]}",,,
16798,49,130,621.161,editor,d,"['Automation tools have existed in our world for years now. This is important to recognize especially now as AI tools recieve funding and hype. Intelligent machines are used for multitudes of processes that may be considered tedious, or ones that may be considered too pr']",,o',,"[[0, 269], [0, 270]]","{'t': 621161, 'o': [{'o': 'd', 'i': [[0, 269], [0, 270]]}]}",,,
16799,49,131,622.754,editor,i,"['Automation tools have existed in our world for years now. This is important to recognize especially now as AI tools recieve funding and hype. Intelligent machines are used for multitudes of processes that may be considered tedious, or ones that may be considered too precise. ']",ecise. ',,,"[0, 269]","{'t': [621251, 622754], 'l': 7, 'o': [{'o': 'i', 'i': [0, 269], 'a': 'ecise. '}]}",,,
16800,49,132,629.717,editor,d,"['Automation tools have existed in our world for years now. This is important to recognize especially now as AI tools recieve funding and hype. Intelligent machines are used for multitudes of processes that may be considered tedious, or ones that may be considered too precise.']",,,,"[[0, 275], [0, 276]]","{'t': 629717, 'o': [{'o': 'd', 'i': [[0, 275], [0, 276]]}]}",,,
16801,49,133,630.518,editor,i,"['Automation tools have existed in our world for years now. This is important to recognize especially now as AI tools recieve funding and hype. Intelligent machines are used for multitudes of processes that may be considered tedious, or ones that may be considered too precise. ']",,,,"[0, 275]","{'t': 630518, 'o': [{'o': 'i', 'i': [0, 275], 'a': ' '}]}",,,
16802,49,134,633.474,editor,i,"['Automation tools have existed in our world for years now. This is important to recognize especially now as AI tools recieve funding and hype. Intelligent machines are used for multitudes of processes that may be considered tedious, or ones that may be considered too precise. M']",M',,,"[0, 276]","{'t': 633474, 'o': [{'o': 'i', 'i': [0, 276], 'a': 'M'}]}",,,
16803,49,135,639.525,editor,i,"['Automation tools have existed in our world for years now. This is important to recognize especially now as AI tools recieve funding and hype. Intelligent machines are used for multitudes of processes that may be considered tedious, or ones that may be considered too precise. Machines can be beneficialbec']",achines can be beneficialbec',,,"[0, 277]","{'t': [633615, 639525], 'l': 28, 'o': [{'o': 'i', 'i': [0, 277], 'a': 'achines can be beneficialbec'}]}",,,
16804,49,136,640.335,editor,d,"['Automation tools have existed in our world for years now. This is important to recognize especially now as AI tools recieve funding and hype. Intelligent machines are used for multitudes of processes that may be considered tedious, or ones that may be considered too precise. Machines can be beneficial']",,bec',,"[[0, 302], [0, 305]]","{'t': [640048, 640335], 'l': 3, 'o': [{'o': 'd', 'i': [[0, 302], [0, 305]], 'd': [[1, 3]]}]}",,,
16805,49,137,640.847,editor,i,"['Automation tools have existed in our world for years now. This is important to recognize especially now as AI tools recieve funding and hype. Intelligent machines are used for multitudes of processes that may be considered tedious, or ones that may be considered too precise. Machines can be beneficial be']",be',,,"[0, 302]","{'t': [640548, 640847], 'l': 3, 'o': [{'o': 'i', 'i': [0, 302], 'a': ' be'}]}",,,
16806,49,138,643.43,editor,i,"['Automation tools have existed in our world for years now. This is important to recognize especially now as AI tools recieve funding and hype. Intelligent machines are used for multitudes of processes that may be considered tedious, or ones that may be considered too precise. Machines can be beneficial bec']",c',,,"[0, 305]","{'t': 643430, 'o': [{'o': 'i', 'i': [0, 305], 'a': 'c'}]}",,,
16807,49,139,646.466,editor,i,"['Automation tools have existed in our world for years now. This is important to recognize especially now as AI tools recieve funding and hype. Intelligent machines are used for multitudes of processes that may be considered tedious, or ones that may be considered too precise. Machines can be beneficial because above all eles']",ause above all eles',,,"[0, 306]","{'t': [643570, 646466], 'l': 19, 'o': [{'o': 'i', 'i': [0, 306], 'a': 'ause above all eles'}]}",,,
16808,49,140,649.374,editor,d,"['Automation tools have existed in our world for years now. This is important to recognize especially now as AI tools recieve funding and hype. Intelligent machines are used for multitudes of processes that may be considered tedious, or ones that may be considered too precise. Machines can be beneficial because above all ele']",,s',,"[[0, 324], [0, 325]]","{'t': [649373, 649374], 'o': [{'o': 'd', 'i': [[0, 324], [0, 325]]}]}",,,
16809,49,141,649.515,editor,d,"['Automation tools have existed in our world for years now. This is important to recognize especially now as AI tools recieve funding and hype. Intelligent machines are used for multitudes of processes that may be considered tedious, or ones that may be considered too precise. Machines can be beneficial because above all el']",,e',,"[[0, 323], [0, 324]]","{'t': 649515, 'o': [{'o': 'd', 'i': [[0, 323], [0, 324]]}]}",,,
16810,49,142,649.792,editor,i,"['Automation tools have existed in our world for years now. This is important to recognize especially now as AI tools recieve funding and hype. Intelligent machines are used for multitudes of processes that may be considered tedious, or ones that may be considered too precise. Machines can be beneficial because above all else']",se',,,"[0, 323]","{'t': [649666, 649792], 'l': 2, 'o': [{'o': 'i', 'i': [0, 323], 'a': 'se'}]}",,,
16811,49,143,651.047,editor,d,"['Automation tools have existed in our world for years now. This is important to recognize especially now as AI tools recieve funding and hype. Intelligent machines are used for multitudes of processes that may be considered tedious, or ones that may be considered too precise. Machines can be beneficial because above all els']",,e',,"[[0, 324], [0, 325]]","{'t': 651047, 'o': [{'o': 'd', 'i': [[0, 324], [0, 325]]}]}",,,
16812,49,144,652.685,editor,d,"['Automation tools have existed in our world for years now. This is important to recognize especially now as AI tools recieve funding and hype. Intelligent machines are used for multitudes of processes that may be considered tedious, or ones that may be considered too precise. Machines can be beneficial because']",,above all els',,"[[0, 310], [0, 324]]","{'t': [651612, 652685], 'l': 14, 'o': [{'o': 'd', 'i': [[0, 310], [0, 324]], 'd': [[1, 14]]}]}",,,
16813,49,145,653.612,editor,i,"['Automation tools have existed in our world for years now. This is important to recognize especially now as AI tools recieve funding and hype. Intelligent machines are used for multitudes of processes that may be considered tedious, or ones that may be considered too precise. Machines can be beneficial because tey']",tey',,,"[0, 310]","{'t': [653121, 653612], 'l': 4, 'o': [{'o': 'i', 'i': [0, 310], 'a': ' tey'}]}",,,
16814,49,146,654.052,editor,d,"['Automation tools have existed in our world for years now. This is important to recognize especially now as AI tools recieve funding and hype. Intelligent machines are used for multitudes of processes that may be considered tedious, or ones that may be considered too precise. Machines can be beneficial because t']",,ey',,"[[0, 312], [0, 314]]","{'t': [653925, 654052], 'l': 2, 'o': [{'o': 'd', 'i': [[0, 312], [0, 314]], 'd': [[1, 2]]}]}",,,
16815,49,147,658.295,editor,i,"['Automation tools have existed in our world for years now. This is important to recognize especially now as AI tools recieve funding and hype. Intelligent machines are used for multitudes of processes that may be considered tedious, or ones that may be considered too precise. Machines can be beneficial because they are consistent. ']",hey are consistent. ',,,"[0, 312]","{'t': [654316, 658295], 'l': 20, 'o': [{'o': 'i', 'i': [0, 312], 'a': 'hey are consistent. '}]}",,,
16816,49,148,665.81,editor,i,"['Automation tools have existed in our world for years now. This is important to recognize especially now as AI tools recieve funding and hype. Intelligent machines are used for multitudes of processes that may be considered tedious, or ones that may be considered too precise. Machines can be beneficial because they are consistent. T']",T',,,"[0, 332]","{'t': 665810, 'o': [{'o': 'i', 'i': [0, 332], 'a': 'T'}]}",,,
16817,49,149,669.021,editor,i,"['Automation tools have existed in our world for years now. This is important to recognize especially now as AI tools recieve funding and hype. Intelligent machines are used for multitudes of processes that may be considered tedious, or ones that may be considered too precise. Machines can be beneficial because they are consistent. The elimination of ']",he elimination of ',,,"[0, 333]","{'t': [666122, 669021], 'l': 18, 'o': [{'o': 'i', 'i': [0, 333], 'a': 'he elimination of '}]}",,,
16818,49,150,670.312,editor,i,"['Automation tools have existed in our world for years now. This is important to recognize especially now as AI tools recieve funding and hype. Intelligent machines are used for multitudes of processes that may be considered tedious, or ones that may be considered too precise. Machines can be beneficial because they are consistent. The elimination of e']",e',,,"[0, 351]","{'t': 670312, 'o': [{'o': 'i', 'i': [0, 351], 'a': 'e'}]}",,,
16819,49,151,671.577,editor,i,"['Automation tools have existed in our world for years now. This is important to recognize especially now as AI tools recieve funding and hype. Intelligent machines are used for multitudes of processes that may be considered tedious, or ones that may be considered too precise. Machines can be beneficial because they are consistent. The elimination of error is ']",rror is ',,,"[0, 352]","{'t': [670563, 671577], 'l': 8, 'o': [{'o': 'i', 'i': [0, 352], 'a': 'rror is '}]}",,,
16820,49,152,673.493,editor,i,"['Automation tools have existed in our world for years now. This is important to recognize especially now as AI tools recieve funding and hype. Intelligent machines are used for multitudes of processes that may be considered tedious, or ones that may be considered too precise. Machines can be beneficial because they are consistent. The elimination of error is m']",m',,,"[0, 360]","{'t': 673493, 'o': [{'o': 'i', 'i': [0, 360], 'a': 'm'}]}",,,
16821,49,153,675.153,editor,i,"['Automation tools have existed in our world for years now. This is important to recognize especially now as AI tools recieve funding and hype. Intelligent machines are used for multitudes of processes that may be considered tedious, or ones that may be considered too precise. Machines can be beneficial because they are consistent. The elimination of error is more or less m']",ore or less m',,,"[0, 361]","{'t': [673606, 675153], 'l': 13, 'o': [{'o': 'i', 'i': [0, 361], 'a': 'ore or less m'}]}",,,
16822,49,154,675.522,editor,d,"['Automation tools have existed in our world for years now. This is important to recognize especially now as AI tools recieve funding and hype. Intelligent machines are used for multitudes of processes that may be considered tedious, or ones that may be considered too precise. Machines can be beneficial because they are consistent. The elimination of error is more or less ']",,m',,"[[0, 373], [0, 374]]","{'t': 675522, 'o': [{'o': 'd', 'i': [[0, 373], [0, 374]]}]}",,,
16823,49,155,678.15,editor,i,"['Automation tools have existed in our world for years now. This is important to recognize especially now as AI tools recieve funding and hype. Intelligent machines are used for multitudes of processes that may be considered tedious, or ones that may be considered too precise. Machines can be beneficial because they are consistent. The elimination of error is more or less impossible, but']","impossible, but'",,,"[0, 373]","{'t': [675746, 678150], 'l': 15, 'o': [{'o': 'i', 'i': [0, 373], 'a': 'impossible, but'}]}",,,
16824,49,156,680.632,editor,i,"['Automation tools have existed in our world for years now. This is important to recognize especially now as AI tools recieve funding and hype. Intelligent machines are used for multitudes of processes that may be considered tedious, or ones that may be considered too precise. Machines can be beneficial because they are consistent. The elimination of error is more or less impossible, but ']",,,,"[0, 388]","{'t': 680632, 'o': [{'o': 'i', 'i': [0, 388], 'a': ' '}]}",,,
16825,49,157,681.118,editor,i,"['Automation tools have existed in our world for years now. This is important to recognize especially now as AI tools recieve funding and hype. Intelligent machines are used for multitudes of processes that may be considered tedious, or ones that may be considered too precise. Machines can be beneficial because they are consistent. The elimination of error is more or less impossible, but so']",so',,,"[0, 389]","{'t': [681013, 681118], 'l': 2, 'o': [{'o': 'i', 'i': [0, 389], 'a': 'so'}]}",,,
16826,49,158,681.633,editor,d,"['Automation tools have existed in our world for years now. This is important to recognize especially now as AI tools recieve funding and hype. Intelligent machines are used for multitudes of processes that may be considered tedious, or ones that may be considered too precise. Machines can be beneficial because they are consistent. The elimination of error is more or less impossible, but ']",,so',,"[[0, 389], [0, 391]]","{'t': [681506, 681633], 'l': 2, 'o': [{'o': 'd', 'i': [[0, 389], [0, 391]], 'd': [[1, 2]]}]}",,,
16827,49,159,682.114,editor,i,"['Automation tools have existed in our world for years now. This is important to recognize especially now as AI tools recieve funding and hype. Intelligent machines are used for multitudes of processes that may be considered tedious, or ones that may be considered too precise. Machines can be beneficial because they are consistent. The elimination of error is more or less impossible, but fr s']",fr s',,,"[0, 389]","{'t': [681725, 682114], 'l': 4, 'o': [{'o': 'i', 'i': [0, 389], 'a': 'fr s'}]}",,,
16828,49,160,682.829,editor,d,"['Automation tools have existed in our world for years now. This is important to recognize especially now as AI tools recieve funding and hype. Intelligent machines are used for multitudes of processes that may be considered tedious, or ones that may be considered too precise. Machines can be beneficial because they are consistent. The elimination of error is more or less impossible, but ']",,fr s',,"[[0, 389], [0, 393]]","{'t': [682379, 682829], 'l': 4, 'o': [{'o': 'd', 'i': [[0, 389], [0, 393]], 'd': [[1, 4]]}]}",,,
16829,49,161,684.094,editor,i,"['Automation tools have existed in our world for years now. This is important to recognize especially now as AI tools recieve funding and hype. Intelligent machines are used for multitudes of processes that may be considered tedious, or ones that may be considered too precise. Machines can be beneficial because they are consistent. The elimination of error is more or less impossible, but for some ']",for some ',,,"[0, 389]","{'t': [683287, 684094], 'l': 9, 'o': [{'o': 'i', 'i': [0, 389], 'a': 'for some '}]}",,,
16830,49,162,694.089,editor,d,"['Automation tools have existed in our world for years now. This is important to recognize especially now as AI tools recieve funding and hype. Intelligent machines are used for multitudes of processes that may be considered tedious, or ones that may be considered too precise. Machines can be beneficial because they are consistent. The elimination of error is more or less impossible, but for some']",,,,"[[0, 397], [0, 398]]","{'t': 694089, 'o': [{'o': 'd', 'i': [[0, 397], [0, 398]]}]}",,,
16831,49,163,695.178,editor,d,"['Automation tools have existed in our world for years now. This is important to recognize especially now as AI tools recieve funding and hype. Intelligent machines are used for multitudes of processes that may be considered tedious, or ones that may be considered too precise. Machines can be beneficial because they are consistent. The elimination of error is more or less impossible, but']",,for some',,"[[0, 388], [0, 397]]","{'t': [694643, 695178], 'l': 9, 'o': [{'o': 'd', 'i': [[0, 388], [0, 397]], 'd': [[1, 9]]}]}",,,
16832,49,164,699.438,editor,i,"['Automation tools have existed in our world for years now. This is important to recognize especially now as AI tools recieve funding and hype. Intelligent machines are used for multitudes of processes that may be considered tedious, or ones that may be considered too precise. Machines can be beneficial because they are consistent. The elimination of error is more or less impossible, but m']",m',,,"[0, 388]","{'t': [696865, 699438], 'l': 2, 'o': [{'o': 'i', 'i': [0, 388], 'a': ' m'}]}",,,
16833,49,165,699.787,editor,i,"['Automation tools have existed in our world for years now. This is important to recognize especially now as AI tools recieve funding and hype. Intelligent machines are used for multitudes of processes that may be considered tedious, or ones that may be considered too precise. Machines can be beneficial because they are consistent. The elimination of error is more or less impossible, but mec']",ec',,,"[0, 390]","{'t': [699524, 699787], 'l': 2, 'o': [{'o': 'i', 'i': [0, 390], 'a': 'ec'}]}",,,
16834,49,166,700.285,editor,d,"['Automation tools have existed in our world for years now. This is important to recognize especially now as AI tools recieve funding and hype. Intelligent machines are used for multitudes of processes that may be considered tedious, or ones that may be considered too precise. Machines can be beneficial because they are consistent. The elimination of error is more or less impossible, but m']",,ec',,"[[0, 390], [0, 392]]","{'t': [700141, 700285], 'l': 2, 'o': [{'o': 'd', 'i': [[0, 390], [0, 392]], 'd': [[1, 2]]}]}",,,
16835,49,167,701.244,editor,i,"['Automation tools have existed in our world for years now. This is important to recognize especially now as AI tools recieve funding and hype. Intelligent machines are used for multitudes of processes that may be considered tedious, or ones that may be considered too precise. Machines can be beneficial because they are consistent. The elimination of error is more or less impossible, but machnes']",achnes',,,"[0, 390]","{'t': [700430, 701244], 'l': 6, 'o': [{'o': 'i', 'i': [0, 390], 'a': 'achnes'}]}",,,
16836,49,168,701.777,editor,d,"['Automation tools have existed in our world for years now. This is important to recognize especially now as AI tools recieve funding and hype. Intelligent machines are used for multitudes of processes that may be considered tedious, or ones that may be considered too precise. Machines can be beneficial because they are consistent. The elimination of error is more or less impossible, but mach']",,nes',,"[[0, 393], [0, 396]]","{'t': [701480, 701777], 'l': 3, 'o': [{'o': 'd', 'i': [[0, 393], [0, 396]], 'd': [[1, 3]]}]}",,,
16837,49,169,702.343,editor,i,"['Automation tools have existed in our world for years now. This is important to recognize especially now as AI tools recieve funding and hype. Intelligent machines are used for multitudes of processes that may be considered tedious, or ones that may be considered too precise. Machines can be beneficial because they are consistent. The elimination of error is more or less impossible, but machi']",i',,,"[0, 393]","{'t': [702342, 702343], 'o': [{'o': 'i', 'i': [0, 393], 'a': 'i'}]}",,,
16838,49,170,702.802,editor,d,"['Automation tools have existed in our world for years now. This is important to recognize especially now as AI tools recieve funding and hype. Intelligent machines are used for multitudes of processes that may be considered tedious, or ones that may be considered too precise. Machines can be beneficial because they are consistent. The elimination of error is more or less impossible, but mach']",,i',,"[[0, 393], [0, 394]]","{'t': 702802, 'o': [{'o': 'd', 'i': [[0, 393], [0, 394]]}]}",,,
16839,49,171,705.839,editor,i,"['Automation tools have existed in our world for years now. This is important to recognize especially now as AI tools recieve funding and hype. Intelligent machines are used for multitudes of processes that may be considered tedious, or ones that may be considered too precise. Machines can be beneficial because they are consistent. The elimination of error is more or less impossible, but machines have the potential']",ines have the potential',,,"[0, 393]","{'t': [703141, 705839], 'l': 23, 'o': [{'o': 'i', 'i': [0, 393], 'a': 'ines have the potential'}]}",,,
16840,49,172,709.114,editor,i,"['Automation tools have existed in our world for years now. This is important to recognize especially now as AI tools recieve funding and hype. Intelligent machines are used for multitudes of processes that may be considered tedious, or ones that may be considered too precise. Machines can be beneficial because they are consistent. The elimination of error is more or less impossible, but machines have the potential ']",,,,"[0, 416]","{'t': 709114, 'o': [{'o': 'i', 'i': [0, 416], 'a': ' '}]}",,,
16841,49,173,710.72,editor,i,"['Automation tools have existed in our world for years now. This is important to recognize especially now as AI tools recieve funding and hype. Intelligent machines are used for multitudes of processes that may be considered tedious, or ones that may be considered too precise. Machines can be beneficial because they are consistent. The elimination of error is more or less impossible, but machines have the potential to avoid ']",to avoid ',,,"[0, 417]","{'t': [709326, 710720], 'l': 9, 'o': [{'o': 'i', 'i': [0, 417], 'a': 'to avoid '}]}",,,
16842,49,174,712.972,editor,i,"['Automation tools have existed in our world for years now. This is important to recognize especially now as AI tools recieve funding and hype. Intelligent machines are used for multitudes of processes that may be considered tedious, or ones that may be considered too precise. Machines can be beneficial because they are consistent. The elimination of error is more or less impossible, but machines have the potential to avoid m']",m',,,"[0, 426]","{'t': 712972, 'o': [{'o': 'i', 'i': [0, 426], 'a': 'm'}]}",,,
16843,49,175,719.241,editor,i,"['Automation tools have existed in our world for years now. This is important to recognize especially now as AI tools recieve funding and hype. Intelligent machines are used for multitudes of processes that may be considered tedious, or ones that may be considered too precise. Machines can be beneficial because they are consistent. The elimination of error is more or less impossible, but machines have the potential to avoid messing up more than humans could on certain ts']",essing up more than humans could on certain ts',,,"[0, 427]","{'t': [713053, 719241], 'l': 46, 'o': [{'o': 'i', 'i': [0, 427], 'a': 'essing up more than humans could on certain ts'}]}",,,
16844,49,176,719.645,editor,d,"['Automation tools have existed in our world for years now. This is important to recognize especially now as AI tools recieve funding and hype. Intelligent machines are used for multitudes of processes that may be considered tedious, or ones that may be considered too precise. Machines can be beneficial because they are consistent. The elimination of error is more or less impossible, but machines have the potential to avoid messing up more than humans could on certain t']",,s',,"[[0, 472], [0, 473]]","{'t': 719645, 'o': [{'o': 'd', 'i': [[0, 472], [0, 473]]}]}",,,
16845,49,177,720.271,editor,i,"['Automation tools have existed in our world for years now. This is important to recognize especially now as AI tools recieve funding and hype. Intelligent machines are used for multitudes of processes that may be considered tedious, or ones that may be considered too precise. Machines can be beneficial because they are consistent. The elimination of error is more or less impossible, but machines have the potential to avoid messing up more than humans could on certain tasks.']",asks.',,,"[0, 472]","{'t': [719741, 720271], 'l': 5, 'o': [{'o': 'i', 'i': [0, 472], 'a': 'asks.'}]}",,,
16846,49,178,729.818,gpt,gpt_inquiry,,,,any more examples?,,,,,
16847,49,179,733.352,gpt,gpt_response,,,,"6. Automated language translation: Machine translation tools, such as Google Translate, have greatly improved over the years and are now capable of translating languages with a high degree of accuracy, often outperforming human translators in terms of speed and consistency.

7. Automated fraud detection systems: Machine learning algorithms are used in financial institutions and e-commerce platforms to detect and prevent fraudulent activities, such as credit card fraud or identity theft. These systems can analyze large volumes of data in real-time to identify suspicious patterns and transactions more effectively than humans.

8. Robotics in manufacturing: Industrial robots are becoming increasingly advanced and efficient at performing repetitive tasks with precision and speed, leading to higher production rates and improved product quality compared to human workers.

9. Autonomous drones for agriculture: Drones equipped with sensors and cameras can be used in agriculture to monitor crop health, detect pests and diseases, and optimize irrigation practices. These drones can cover large areas quickly and provide farmers with valuable data to make informed decisions, surpassing the capabilities of manual labor.

10. Automated content generation: AI-powered tools are being used to create written content, such as news articles, reports, and product descriptions, at a rapid pace and in large quantities. These tools can generate content faster and more cost-effectively than human writers while maintaining quality and coherence.",,,,,
16848,49,180,771.297,editor,o,"['Automation tools have existed in our world for years now. This is important to recognize especially now as AI tools recieve funding and hype. Intelligent machines are used for multitudes of processes that may be considered tedious, or ones that may be considered too precise. Machines can be beneficial because they are consistent. The elimination of error is more or less impossible, but machines have the potential to avoid messing up more than humans could on certain tasks.']",,,,"[0, 477]","{'t': 771297, 'o': [{'o': 'o', 'i': [0, 477]}]}",,,
16849,49,181,772.471,editor,i,"['Automation tools have existed in our world for years now. This is important to recognize especially now as AI tools recieve funding and hype. Intelligent machines are used for multitudes of processes that may be considered tedious, or ones that may be considered too precise. Machines can be beneficial because they are consistent. The elimination of error is more or less impossible, but machines have the potential to avoid messing up more than humans could on certain tasks. ']",,,,"[0, 477]","{'t': 772471, 'o': [{'o': 'i', 'i': [0, 477], 'a': ' '}]}",,,
16850,49,182,774.067,editor,i,"['Automation tools have existed in our world for years now. This is important to recognize especially now as AI tools recieve funding and hype. Intelligent machines are used for multitudes of processes that may be considered tedious, or ones that may be considered too precise. Machines can be beneficial because they are consistent. The elimination of error is more or less impossible, but machines have the potential to avoid messing up more than humans could on certain tasks. In asse']",In asse',,,"[0, 478]","{'t': [773108, 774067], 'l': 7, 'o': [{'o': 'i', 'i': [0, 478], 'a': 'In asse'}]}",,,
16851,49,183,774.801,editor,d,"['Automation tools have existed in our world for years now. This is important to recognize especially now as AI tools recieve funding and hype. Intelligent machines are used for multitudes of processes that may be considered tedious, or ones that may be considered too precise. Machines can be beneficial because they are consistent. The elimination of error is more or less impossible, but machines have the potential to avoid messing up more than humans could on certain tasks. In ']",,asse',,"[[0, 481], [0, 485]]","{'t': [774383, 774801], 'l': 4, 'o': [{'o': 'd', 'i': [[0, 481], [0, 485]], 'd': [[1, 4]]}]}",,,
16852,49,184,776.194,editor,i,"['Automation tools have existed in our world for years now. This is important to recognize especially now as AI tools recieve funding and hype. Intelligent machines are used for multitudes of processes that may be considered tedious, or ones that may be considered too precise. Machines can be beneficial because they are consistent. The elimination of error is more or less impossible, but machines have the potential to avoid messing up more than humans could on certain tasks. In a sesns']",a sesns',,,"[0, 481]","{'t': [775241, 776194], 'l': 7, 'o': [{'o': 'i', 'i': [0, 481], 'a': 'a sesns'}]}",,,
16853,49,185,776.706,editor,d,"['Automation tools have existed in our world for years now. This is important to recognize especially now as AI tools recieve funding and hype. Intelligent machines are used for multitudes of processes that may be considered tedious, or ones that may be considered too precise. Machines can be beneficial because they are consistent. The elimination of error is more or less impossible, but machines have the potential to avoid messing up more than humans could on certain tasks. In a se']",,sns',,"[[0, 485], [0, 488]]","{'t': [776412, 776706], 'l': 3, 'o': [{'o': 'd', 'i': [[0, 485], [0, 488]], 'd': [[1, 3]]}]}",,,
16854,49,186,777.205,editor,i,"['Automation tools have existed in our world for years now. This is important to recognize especially now as AI tools recieve funding and hype. Intelligent machines are used for multitudes of processes that may be considered tedious, or ones that may be considered too precise. Machines can be beneficial because they are consistent. The elimination of error is more or less impossible, but machines have the potential to avoid messing up more than humans could on certain tasks. In a sense']",nse',,,"[0, 485]","{'t': [777016, 777205], 'l': 3, 'o': [{'o': 'i', 'i': [0, 485], 'a': 'nse'}]}",,,
16855,49,187,777.956,editor,d,"['Automation tools have existed in our world for years now. This is important to recognize especially now as AI tools recieve funding and hype. Intelligent machines are used for multitudes of processes that may be considered tedious, or ones that may be considered too precise. Machines can be beneficial because they are consistent. The elimination of error is more or less impossible, but machines have the potential to avoid messing up more than humans could on certain tasks. ']",,In a sense',,"[[0, 478], [0, 488]]","{'t': [777678, 777956], 'l': 3, 'o': [{'o': 'd', 'i': [[0, 478], [0, 488]], 'd': [[3, 1], [2, 1], [5, 1]]}]}",,,
16856,49,188,780.272,editor,i,"['Automation tools have existed in our world for years now. This is important to recognize especially now as AI tools recieve funding and hype. Intelligent machines are used for multitudes of processes that may be considered tedious, or ones that may be considered too precise. Machines can be beneficial because they are consistent. The elimination of error is more or less impossible, but machines have the potential to avoid messing up more than humans could on certain tasks. A good examples ']",A good examples ',,,"[0, 478]","{'t': [778378, 780272], 'l': 16, 'o': [{'o': 'i', 'i': [0, 478], 'a': 'A good examples '}]}",,,
16857,49,189,780.72,editor,d,"['Automation tools have existed in our world for years now. This is important to recognize especially now as AI tools recieve funding and hype. Intelligent machines are used for multitudes of processes that may be considered tedious, or ones that may be considered too precise. Machines can be beneficial because they are consistent. The elimination of error is more or less impossible, but machines have the potential to avoid messing up more than humans could on certain tasks. A good example']",,s ',,"[[0, 492], [0, 494]]","{'t': [780586, 780720], 'l': 2, 'o': [{'o': 'd', 'i': [[0, 492], [0, 494]], 'd': [[1, 2]]}]}",,,
16858,49,190,782.579,editor,i,"['Automation tools have existed in our world for years now. This is important to recognize especially now as AI tools recieve funding and hype. Intelligent machines are used for multitudes of processes that may be considered tedious, or ones that may be considered too precise. Machines can be beneficial because they are consistent. The elimination of error is more or less impossible, but machines have the potential to avoid messing up more than humans could on certain tasks. A good example would be ']",would be ',,,"[0, 492]","{'t': [780881, 782579], 'l': 10, 'o': [{'o': 'i', 'i': [0, 492], 'a': ' would be '}]}",,,
16859,49,191,794.467,editor,i,"['Automation tools have existed in our world for years now. This is important to recognize especially now as AI tools recieve funding and hype. Intelligent machines are used for multitudes of processes that may be considered tedious, or ones that may be considered too precise. Machines can be beneficial because they are consistent. The elimination of error is more or less impossible, but machines have the potential to avoid messing up more than humans could on certain tasks. A good example would be f']",f',,,"[0, 502]","{'t': 794467, 'o': [{'o': 'i', 'i': [0, 502], 'a': 'f'}]}",,,
16860,49,192,798.359,editor,i,"['Automation tools have existed in our world for years now. This is important to recognize especially now as AI tools recieve funding and hype. Intelligent machines are used for multitudes of processes that may be considered tedious, or ones that may be considered too precise. Machines can be beneficial because they are consistent. The elimination of error is more or less impossible, but machines have the potential to avoid messing up more than humans could on certain tasks. A good example would be for predicting weather; ']",or predicting weather; ',,,"[0, 503]","{'t': [794528, 798359], 'l': 23, 'o': [{'o': 'i', 'i': [0, 503], 'a': 'or predicting weather; '}]}",,,
16861,49,193,805.506,editor,o,"['Automation tools have existed in our world for years now. This is important to recognize especially now as AI tools recieve funding and hype. Intelligent machines are used for multitudes of processes that may be considered tedious, or ones that may be considered too precise. Machines can be beneficial because they are consistent. The elimination of error is more or less impossible, but machines have the potential to avoid messing up more than humans could on certain tasks. A good example would be for predicting weather; ']",,,,"[0, 526]","{'t': 805506, 'o': [{'o': 'o', 'i': [0, 526]}]}",,,
16862,49,194,805.905,editor,i,"['Automation tools have existed in our world for years now. This is important to recognize especially now as AI tools recieve funding and hype. Intelligent machines are used for multitudes of processes that may be considered tedious, or ones that may be considered too precise. Machines can be beneficial because they are consistent. The elimination of error is more or less impossible, but machines have the potential to avoid messing up more than humans could on certain tasks. A good example would be for predicting weather; m']",m',,,"[0, 526]","{'t': 805905, 'o': [{'o': 'i', 'i': [0, 526], 'a': 'm'}]}",,,
16863,49,195,812.221,editor,i,"['Automation tools have existed in our world for years now. This is important to recognize especially now as AI tools recieve funding and hype. Intelligent machines are used for multitudes of processes that may be considered tedious, or ones that may be considered too precise. Machines can be beneficial because they are consistent. The elimination of error is more or less impossible, but machines have the potential to avoid messing up more than humans could on certain tasks. A good example would be for predicting weather; machine learning algorithms process ']",achine learning algorithms process ',,,"[0, 527]","{'t': [806041, 812221], 'l': 35, 'o': [{'o': 'i', 'i': [0, 527], 'a': 'achine learning algorithms process '}]}",,,
16864,49,196,813.862,editor,i,"['Automation tools have existed in our world for years now. This is important to recognize especially now as AI tools recieve funding and hype. Intelligent machines are used for multitudes of processes that may be considered tedious, or ones that may be considered too precise. Machines can be beneficial because they are consistent. The elimination of error is more or less impossible, but machines have the potential to avoid messing up more than humans could on certain tasks. A good example would be for predicting weather; machine learning algorithms process d']",d',,,"[0, 562]","{'t': 813862, 'o': [{'o': 'i', 'i': [0, 562], 'a': 'd'}]}",,,
16865,49,197,815.919,editor,i,"['Automation tools have existed in our world for years now. This is important to recognize especially now as AI tools recieve funding and hype. Intelligent machines are used for multitudes of processes that may be considered tedious, or ones that may be considered too precise. Machines can be beneficial because they are consistent. The elimination of error is more or less impossible, but machines have the potential to avoid messing up more than humans could on certain tasks. A good example would be for predicting weather; machine learning algorithms process data in real ta']",ata in real ta',,,"[0, 563]","{'t': [814180, 815919], 'l': 14, 'o': [{'o': 'i', 'i': [0, 563], 'a': 'ata in real ta'}]}",,,
16866,49,198,816.293,editor,d,"['Automation tools have existed in our world for years now. This is important to recognize especially now as AI tools recieve funding and hype. Intelligent machines are used for multitudes of processes that may be considered tedious, or ones that may be considered too precise. Machines can be beneficial because they are consistent. The elimination of error is more or less impossible, but machines have the potential to avoid messing up more than humans could on certain tasks. A good example would be for predicting weather; machine learning algorithms process data in real t']",,a',,"[[0, 576], [0, 577]]","{'t': 816293, 'o': [{'o': 'd', 'i': [[0, 576], [0, 577]]}]}",,,
16867,49,199,817.15,editor,i,"['Automation tools have existed in our world for years now. This is important to recognize especially now as AI tools recieve funding and hype. Intelligent machines are used for multitudes of processes that may be considered tedious, or ones that may be considered too precise. Machines can be beneficial because they are consistent. The elimination of error is more or less impossible, but machines have the potential to avoid messing up more than humans could on certain tasks. A good example would be for predicting weather; machine learning algorithms process data in real time ']",ime ',,,"[0, 576]","{'t': [816538, 817150], 'l': 4, 'o': [{'o': 'i', 'i': [0, 576], 'a': 'ime '}]}",,,
16868,49,200,824.419,editor,o,"['Automation tools have existed in our world for years now. This is important to recognize especially now as AI tools recieve funding and hype. Intelligent machines are used for multitudes of processes that may be considered tedious, or ones that may be considered too precise. Machines can be beneficial because they are consistent. The elimination of error is more or less impossible, but machines have the potential to avoid messing up more than humans could on certain tasks. A good example would be for predicting weather; machine learning algorithms process data in real time ']",,,,"[0, 580]","{'t': 824419, 'o': [{'o': 'o', 'i': [0, 580]}]}",,,
16869,49,201,827.128,editor,o,"['Automation tools have existed in our world for years now. This is important to recognize especially now as AI tools recieve funding and hype. Intelligent machines are used for multitudes of processes that may be considered tedious, or ones that may be considered too precise. Machines can be beneficial because they are consistent. The elimination of error is more or less impossible, but machines have the potential to avoid messing up more than humans could on certain tasks. A good example would be for predicting weather; machine learning algorithms process data in real time ']",,,,"[0, 553]","{'t': 827128, 'o': [{'o': 'o', 'i': [0, 553]}]}",,,
16870,49,202,827.551,editor,i,"['Automation tools have existed in our world for years now. This is important to recognize especially now as AI tools recieve funding and hype. Intelligent machines are used for multitudes of processes that may be considered tedious, or ones that may be considered too precise. Machines can be beneficial because they are consistent. The elimination of error is more or less impossible, but machines have the potential to avoid messing up more than humans could on certain tasks. A good example would be for predicting weather; machine learning algorithms  process data in real time ']",,,,"[0, 553]","{'t': 827551, 'o': [{'o': 'i', 'i': [0, 553], 'a': ' '}]}",,,
16871,49,203,827.926,editor,i,"['Automation tools have existed in our world for years now. This is important to recognize especially now as AI tools recieve funding and hype. Intelligent machines are used for multitudes of processes that may be considered tedious, or ones that may be considered too precise. Machines can be beneficial because they are consistent. The elimination of error is more or less impossible, but machines have the potential to avoid messing up more than humans could on certain tasks. A good example would be for predicting weather; machine learning algorithms can process data in real time ']",can',,,"[0, 554]","{'t': [827713, 827926], 'l': 3, 'o': [{'o': 'i', 'i': [0, 554], 'a': 'can'}]}",,,
16872,49,204,829.827,editor,o,"['Automation tools have existed in our world for years now. This is important to recognize especially now as AI tools recieve funding and hype. Intelligent machines are used for multitudes of processes that may be considered tedious, or ones that may be considered too precise. Machines can be beneficial because they are consistent. The elimination of error is more or less impossible, but machines have the potential to avoid messing up more than humans could on certain tasks. A good example would be for predicting weather; machine learning algorithms can process data in real time ']",,,,"[0, 584]","{'t': 829827, 'o': [{'o': 'o', 'i': [0, 584]}]}",,,
16873,49,205,837.481,editor,i,"['Automation tools have existed in our world for years now. This is important to recognize especially now as AI tools recieve funding and hype. Intelligent machines are used for multitudes of processes that may be considered tedious, or ones that may be considered too precise. Machines can be beneficial because they are consistent. The elimination of error is more or less impossible, but machines have the potential to avoid messing up more than humans could on certain tasks. A good example would be for predicting weather; machine learning algorithms can process data in real time a']",a',,,"[0, 584]","{'t': 837481, 'o': [{'o': 'i', 'i': [0, 584], 'a': 'a'}]}",,,
16874,49,206,838.687,editor,i,"['Automation tools have existed in our world for years now. This is important to recognize especially now as AI tools recieve funding and hype. Intelligent machines are used for multitudes of processes that may be considered tedious, or ones that may be considered too precise. Machines can be beneficial because they are consistent. The elimination of error is more or less impossible, but machines have the potential to avoid messing up more than humans could on certain tasks. A good example would be for predicting weather; machine learning algorithms can process data in real time and make r']",nd make r',,,"[0, 585]","{'t': [837630, 838687], 'l': 9, 'o': [{'o': 'i', 'i': [0, 585], 'a': 'nd make r'}]}",,,
16875,49,207,839.139,editor,d,"['Automation tools have existed in our world for years now. This is important to recognize especially now as AI tools recieve funding and hype. Intelligent machines are used for multitudes of processes that may be considered tedious, or ones that may be considered too precise. Machines can be beneficial because they are consistent. The elimination of error is more or less impossible, but machines have the potential to avoid messing up more than humans could on certain tasks. A good example would be for predicting weather; machine learning algorithms can process data in real time and make ']",,r',,"[[0, 593], [0, 594]]","{'t': 839139, 'o': [{'o': 'd', 'i': [[0, 593], [0, 594]]}]}",,,
16876,49,208,840.702,editor,i,"['Automation tools have existed in our world for years now. This is important to recognize especially now as AI tools recieve funding and hype. Intelligent machines are used for multitudes of processes that may be considered tedious, or ones that may be considered too precise. Machines can be beneficial because they are consistent. The elimination of error is more or less impossible, but machines have the potential to avoid messing up more than humans could on certain tasks. A good example would be for predicting weather; machine learning algorithms can process data in real time and make prediction']",prediction',,,"[0, 593]","{'t': [839454, 840702], 'l': 10, 'o': [{'o': 'i', 'i': [0, 593], 'a': 'prediction'}]}",,,
16877,49,209,842.209,editor,d,"['Automation tools have existed in our world for years now. This is important to recognize especially now as AI tools recieve funding and hype. Intelligent machines are used for multitudes of processes that may be considered tedious, or ones that may be considered too precise. Machines can be beneficial because they are consistent. The elimination of error is more or less impossible, but machines have the potential to avoid messing up more than humans could on certain tasks. A good example would be for predicting weather; machine learning algorithms can process data in real time and make']",,prediction',,"[[0, 592], [0, 603]]","{'t': [841137, 842209], 'l': 11, 'o': [{'o': 'd', 'i': [[0, 592], [0, 603]], 'd': [[1, 11]]}]}",,,
16878,49,210,844.189,editor,d,"['Automation tools have existed in our world for years now. This is important to recognize especially now as AI tools recieve funding and hype. Intelligent machines are used for multitudes of processes that may be considered tedious, or ones that may be considered too precise. Machines can be beneficial because they are consistent. The elimination of error is more or less impossible, but machines have the potential to avoid messing up more than humans could on certain tasks. A good example would be for predicting weather; machine learning algorithms can process data in real time and mak']",,e',,"[[0, 591], [0, 592]]","{'t': 844189, 'o': [{'o': 'd', 'i': [[0, 591], [0, 592]]}]}",,,
16879,49,211,845.205,editor,d,"['Automation tools have existed in our world for years now. This is important to recognize especially now as AI tools recieve funding and hype. Intelligent machines are used for multitudes of processes that may be considered tedious, or ones that may be considered too precise. Machines can be beneficial because they are consistent. The elimination of error is more or less impossible, but machines have the potential to avoid messing up more than humans could on certain tasks. A good example would be for predicting weather; machine learning algorithms can process data in real time and']",,mak',,"[[0, 587], [0, 591]]","{'t': [844741, 845205], 'l': 4, 'o': [{'o': 'd', 'i': [[0, 587], [0, 591]], 'd': [[1, 4]]}]}",,,
16880,49,212,850.653,editor,i,"['Automation tools have existed in our world for years now. This is important to recognize especially now as AI tools recieve funding and hype. Intelligent machines are used for multitudes of processes that may be considered tedious, or ones that may be considered too precise. Machines can be beneficial because they are consistent. The elimination of error is more or less impossible, but machines have the potential to avoid messing up more than humans could on certain tasks. A good example would be for predicting weather; machine learning algorithms can process data in real time and possibly predict what ']",possibly predict what ',,,"[0, 587]","{'t': [845703, 850653], 'l': 23, 'o': [{'o': 'i', 'i': [0, 587], 'a': ' possibly predict what '}]}",,,
16881,49,213,857.319,editor,o,"['Automation tools have existed in our world for years now. This is important to recognize especially now as AI tools recieve funding and hype. Intelligent machines are used for multitudes of processes that may be considered tedious, or ones that may be considered too precise. Machines can be beneficial because they are consistent. The elimination of error is more or less impossible, but machines have the potential to avoid messing up more than humans could on certain tasks. A good example would be for predicting weather; machine learning algorithms can process data in real time and possibly predict what ']",,,,"[0, 610]","{'t': 857319, 'o': [{'o': 'o', 'i': [0, 610]}]}",,,
16882,49,214,857.846,editor,d,"['Automation tools have existed in our world for years now. This is important to recognize especially now as AI tools recieve funding and hype. Intelligent machines are used for multitudes of processes that may be considered tedious, or ones that may be considered too precise. Machines can be beneficial because they are consistent. The elimination of error is more or less impossible, but machines have the potential to avoid messing up more than humans could on certain tasks. A good example would be for predicting weather; machine learning algorithms can process data in real time and possibly predict ']",,what ',,"[[0, 605], [0, 610]]","{'t': 857846, 'o': [{'o': 'd', 'i': [[0, 605], [0, 610]]}]}",,,
16883,49,215,861.776,editor,i,"['Automation tools have existed in our world for years now. This is important to recognize especially now as AI tools recieve funding and hype. Intelligent machines are used for multitudes of processes that may be considered tedious, or ones that may be considered too precise. Machines can be beneficial because they are consistent. The elimination of error is more or less impossible, but machines have the potential to avoid messing up more than humans could on certain tasks. A good example would be for predicting weather; machine learning algorithms can process data in real time and possibly predict patterns in the future']",patterns in the future',,,"[0, 605]","{'t': [858393, 861776], 'l': 22, 'o': [{'o': 'i', 'i': [0, 605], 'a': 'patterns in the future'}]}",,,
16884,49,216,862.276,editor,d,"['Automation tools have existed in our world for years now. This is important to recognize especially now as AI tools recieve funding and hype. Intelligent machines are used for multitudes of processes that may be considered tedious, or ones that may be considered too precise. Machines can be beneficial because they are consistent. The elimination of error is more or less impossible, but machines have the potential to avoid messing up more than humans could on certain tasks. A good example would be for predicting weather; machine learning algorithms can process data in real time and possibly predict patterns in the ']",,future',,"[[0, 621], [0, 627]]","{'t': 862276, 'o': [{'o': 'd', 'i': [[0, 621], [0, 627]]}]}",,,
16885,49,217,864.712,editor,i,"['Automation tools have existed in our world for years now. This is important to recognize especially now as AI tools recieve funding and hype. Intelligent machines are used for multitudes of processes that may be considered tedious, or ones that may be considered too precise. Machines can be beneficial because they are consistent. The elimination of error is more or less impossible, but machines have the potential to avoid messing up more than humans could on certain tasks. A good example would be for predicting weather; machine learning algorithms can process data in real time and possibly predict patterns in the near future. ']",near future. ',,,"[0, 621]","{'t': [863061, 864712], 'l': 13, 'o': [{'o': 'i', 'i': [0, 621], 'a': 'near future. '}]}",,,
16886,49,218,923.343,editor,i,"['Automation tools have existed in our world for years now. This is important to recognize especially now as AI tools recieve funding and hype. Intelligent machines are used for multitudes of processes that may be considered tedious, or ones that may be considered too precise. Machines can be beneficial because they are consistent. The elimination of error is more or less impossible, but machines have the potential to avoid messing up more than humans could on certain tasks. A good example would be for predicting weather; machine learning algorithms can process data in real time and possibly predict patterns in the near future. M']",M',,,"[0, 634]","{'t': 923343, 'o': [{'o': 'i', 'i': [0, 634], 'a': 'M'}]}",,,
16887,49,219,925.519,editor,i,"['Automation tools have existed in our world for years now. This is important to recognize especially now as AI tools recieve funding and hype. Intelligent machines are used for multitudes of processes that may be considered tedious, or ones that may be considered too precise. Machines can be beneficial because they are consistent. The elimination of error is more or less impossible, but machines have the potential to avoid messing up more than humans could on certain tasks. A good example would be for predicting weather; machine learning algorithms can process data in real time and possibly predict patterns in the near future. Manufacture']",anufacture',,,"[0, 635]","{'t': [923483, 925519], 'l': 10, 'o': [{'o': 'i', 'i': [0, 635], 'a': 'anufacture'}]}",,,
16888,49,220,925.882,editor,d,"['Automation tools have existed in our world for years now. This is important to recognize especially now as AI tools recieve funding and hype. Intelligent machines are used for multitudes of processes that may be considered tedious, or ones that may be considered too precise. Machines can be beneficial because they are consistent. The elimination of error is more or less impossible, but machines have the potential to avoid messing up more than humans could on certain tasks. A good example would be for predicting weather; machine learning algorithms can process data in real time and possibly predict patterns in the near future. Manufactur']",,e',,"[[0, 644], [0, 645]]","{'t': 925882, 'o': [{'o': 'd', 'i': [[0, 644], [0, 645]]}]}",,,
16889,49,221,933.395,editor,i,"['Automation tools have existed in our world for years now. This is important to recognize especially now as AI tools recieve funding and hype. Intelligent machines are used for multitudes of processes that may be considered tedious, or ones that may be considered too precise. Machines can be beneficial because they are consistent. The elimination of error is more or less impossible, but machines have the potential to avoid messing up more than humans could on certain tasks. A good example would be for predicting weather; machine learning algorithms can process data in real time and possibly predict patterns in the near future. Manufacturing, as mentioned before, is also a way that huan']","ing, as mentioned before, is also a way that huan'",,,"[0, 644]","{'t': [926154, 933395], 'l': 49, 'o': [{'o': 'i', 'i': [0, 644], 'a': 'ing, as mentioned before, is also a way that huan'}]}",,,
16890,49,222,933.764,editor,d,"['Automation tools have existed in our world for years now. This is important to recognize especially now as AI tools recieve funding and hype. Intelligent machines are used for multitudes of processes that may be considered tedious, or ones that may be considered too precise. Machines can be beneficial because they are consistent. The elimination of error is more or less impossible, but machines have the potential to avoid messing up more than humans could on certain tasks. A good example would be for predicting weather; machine learning algorithms can process data in real time and possibly predict patterns in the near future. Manufacturing, as mentioned before, is also a way that hu']",,an',,"[[0, 691], [0, 693]]","{'t': [933640, 933764], 'l': 2, 'o': [{'o': 'd', 'i': [[0, 691], [0, 693]], 'd': [[1, 2]]}]}",,,
16891,49,223,934.915,editor,i,"['Automation tools have existed in our world for years now. This is important to recognize especially now as AI tools recieve funding and hype. Intelligent machines are used for multitudes of processes that may be considered tedious, or ones that may be considered too precise. Machines can be beneficial because they are consistent. The elimination of error is more or less impossible, but machines have the potential to avoid messing up more than humans could on certain tasks. A good example would be for predicting weather; machine learning algorithms can process data in real time and possibly predict patterns in the near future. Manufacturing, as mentioned before, is also a way that humans can']",mans can',,,"[0, 691]","{'t': [933994, 934915], 'l': 8, 'o': [{'o': 'i', 'i': [0, 691], 'a': 'mans can'}]}",,,
16892,49,224,977.319,editor,d,"['Automation tools have existed in our world for years now. This is important to recognize especially now as AI tools recieve funding and hype. Intelligent machines are used for multitudes of processes that may be considered tedious, or ones that may be considered too precise. Machines can be beneficial because they are consistent. The elimination of error is more or less impossible, but machines have the potential to avoid messing up more than humans could on certain tasks. A good example would be for predicting weather; machine learning algorithms can process data in real time and possibly predict patterns in the near future. Manufacturing, as mentioned before, is also a way that humans ca']",,n',,"[[0, 698], [0, 699]]","{'t': 977319, 'o': [{'o': 'd', 'i': [[0, 698], [0, 699]]}]}",,,
16893,49,225,979.963,editor,d,"['Automation tools have existed in our world for years now. This is important to recognize especially now as AI tools recieve funding and hype. Intelligent machines are used for multitudes of processes that may be considered tedious, or ones that may be considered too precise. Machines can be beneficial because they are consistent. The elimination of error is more or less impossible, but machines have the potential to avoid messing up more than humans could on certain tasks. A good example would be for predicting weather; machine learning algorithms can process data in real time and possibly predict patterns in the near future. Manufacturing, as mentioned before, is also ']",,a way that humans ca',,"[[0, 678], [0, 698]]","{'t': [977958, 979963], 'l': 20, 'o': [{'o': 'd', 'i': [[0, 678], [0, 698]], 'd': [[1, 20]]}]}",,,
16894,49,226,982.172,editor,i,"['Automation tools have existed in our world for years now. This is important to recognize especially now as AI tools recieve funding and hype. Intelligent machines are used for multitudes of processes that may be considered tedious, or ones that may be considered too precise. Machines can be beneficial because they are consistent. The elimination of error is more or less impossible, but machines have the potential to avoid messing up more than humans could on certain tasks. A good example would be for predicting weather; machine learning algorithms can process data in real time and possibly predict patterns in the near future. Manufacturing, as mentioned before, is also w']",w',,,"[0, 678]","{'t': 982172, 'o': [{'o': 'i', 'i': [0, 678], 'a': 'w'}]}",,,
16895,49,227,983.646,editor,i,"['Automation tools have existed in our world for years now. This is important to recognize especially now as AI tools recieve funding and hype. Intelligent machines are used for multitudes of processes that may be considered tedious, or ones that may be considered too precise. Machines can be beneficial because they are consistent. The elimination of error is more or less impossible, but machines have the potential to avoid messing up more than humans could on certain tasks. A good example would be for predicting weather; machine learning algorithms can process data in real time and possibly predict patterns in the near future. Manufacturing, as mentioned before, is also where machne']",here machne',,,"[0, 679]","{'t': [982301, 983646], 'l': 11, 'o': [{'o': 'i', 'i': [0, 679], 'a': 'here machne'}]}",,,
16896,49,228,984.048,editor,d,"['Automation tools have existed in our world for years now. This is important to recognize especially now as AI tools recieve funding and hype. Intelligent machines are used for multitudes of processes that may be considered tedious, or ones that may be considered too precise. Machines can be beneficial because they are consistent. The elimination of error is more or less impossible, but machines have the potential to avoid messing up more than humans could on certain tasks. A good example would be for predicting weather; machine learning algorithms can process data in real time and possibly predict patterns in the near future. Manufacturing, as mentioned before, is also where mach']",,ne',,"[[0, 688], [0, 690]]","{'t': [983908, 984048], 'l': 2, 'o': [{'o': 'd', 'i': [[0, 688], [0, 690]], 'd': [[1, 2]]}]}",,,
16897,49,229,994.356,editor,i,"['Automation tools have existed in our world for years now. This is important to recognize especially now as AI tools recieve funding and hype. Intelligent machines are used for multitudes of processes that may be considered tedious, or ones that may be considered too precise. Machines can be beneficial because they are consistent. The elimination of error is more or less impossible, but machines have the potential to avoid messing up more than humans could on certain tasks. A good example would be for predicting weather; machine learning algorithms can process data in real time and possibly predict patterns in the near future. Manufacturing, as mentioned before, is also where machines can outperform humans. In general, I think that with ']","ines can outperform humans. In general, I think that with '",,,"[0, 688]","{'t': [984274, 994356], 'l': 58, 'o': [{'o': 'i', 'i': [0, 688], 'a': 'ines can outperform humans. In general, I think that with '}]}",,,
16898,49,230,996.956,editor,i,"['Automation tools have existed in our world for years now. This is important to recognize especially now as AI tools recieve funding and hype. Intelligent machines are used for multitudes of processes that may be considered tedious, or ones that may be considered too precise. Machines can be beneficial because they are consistent. The elimination of error is more or less impossible, but machines have the potential to avoid messing up more than humans could on certain tasks. A good example would be for predicting weather; machine learning algorithms can process data in real time and possibly predict patterns in the near future. Manufacturing, as mentioned before, is also where machines can outperform humans. In general, I think that with p']",p',,,"[0, 746]","{'t': 996956, 'o': [{'o': 'i', 'i': [0, 746], 'a': 'p'}]}",,,
16899,49,231,999.661,editor,i,"['Automation tools have existed in our world for years now. This is important to recognize especially now as AI tools recieve funding and hype. Intelligent machines are used for multitudes of processes that may be considered tedious, or ones that may be considered too precise. Machines can be beneficial because they are consistent. The elimination of error is more or less impossible, but machines have the potential to avoid messing up more than humans could on certain tasks. A good example would be for predicting weather; machine learning algorithms can process data in real time and possibly predict patterns in the near future. Manufacturing, as mentioned before, is also where machines can outperform humans. In general, I think that with processes that p']",rocesses that p',,,"[0, 747]","{'t': [997044, 999661], 'l': 15, 'o': [{'o': 'i', 'i': [0, 747], 'a': 'rocesses that p'}]}",,,
16900,49,232,1000.646,editor,d,"['Automation tools have existed in our world for years now. This is important to recognize especially now as AI tools recieve funding and hype. Intelligent machines are used for multitudes of processes that may be considered tedious, or ones that may be considered too precise. Machines can be beneficial because they are consistent. The elimination of error is more or less impossible, but machines have the potential to avoid messing up more than humans could on certain tasks. A good example would be for predicting weather; machine learning algorithms can process data in real time and possibly predict patterns in the near future. Manufacturing, as mentioned before, is also where machines can outperform humans. In general, I think that with processes that ']",,p',,"[[0, 761], [0, 762]]","{'t': 1000646, 'o': [{'o': 'd', 'i': [[0, 761], [0, 762]]}]}",,,
16901,49,233,1002.02,editor,i,"['Automation tools have existed in our world for years now. This is important to recognize especially now as AI tools recieve funding and hype. Intelligent machines are used for multitudes of processes that may be considered tedious, or ones that may be considered too precise. Machines can be beneficial because they are consistent. The elimination of error is more or less impossible, but machines have the potential to avoid messing up more than humans could on certain tasks. A good example would be for predicting weather; machine learning algorithms can process data in real time and possibly predict patterns in the near future. Manufacturing, as mentioned before, is also where machines can outperform humans. In general, I think that with processes that r']",r',,,"[0, 761]","{'t': 1002020, 'o': [{'o': 'i', 'i': [0, 761], 'a': 'r'}]}",,,
16902,49,234,1009.28,editor,i,"['Automation tools have existed in our world for years now. This is important to recognize especially now as AI tools recieve funding and hype. Intelligent machines are used for multitudes of processes that may be considered tedious, or ones that may be considered too precise. Machines can be beneficial because they are consistent. The elimination of error is more or less impossible, but machines have the potential to avoid messing up more than humans could on certain tasks. A good example would be for predicting weather; machine learning algorithms can process data in real time and possibly predict patterns in the near future. Manufacturing, as mentioned before, is also where machines can outperform humans. In general, I think that with processes that require a large amount of data or with ']",equire a large amount of data or with ',,,"[0, 762]","{'t': [1002095, 1009280], 'l': 38, 'o': [{'o': 'i', 'i': [0, 762], 'a': 'equire a large amount of data or with '}]}",,,
16903,49,235,1010.816,editor,d,"['Automation tools have existed in our world for years now. This is important to recognize especially now as AI tools recieve funding and hype. Intelligent machines are used for multitudes of processes that may be considered tedious, or ones that may be considered too precise. Machines can be beneficial because they are consistent. The elimination of error is more or less impossible, but machines have the potential to avoid messing up more than humans could on certain tasks. A good example would be for predicting weather; machine learning algorithms can process data in real time and possibly predict patterns in the near future. Manufacturing, as mentioned before, is also where machines can outperform humans. In general, I think that with processes that require a large amount of data or with']",,,,"[[0, 799], [0, 800]]","{'t': 1010816, 'o': [{'o': 'd', 'i': [[0, 799], [0, 800]]}]}",,,
16904,49,236,1011.546,editor,d,"['Automation tools have existed in our world for years now. This is important to recognize especially now as AI tools recieve funding and hype. Intelligent machines are used for multitudes of processes that may be considered tedious, or ones that may be considered too precise. Machines can be beneficial because they are consistent. The elimination of error is more or less impossible, but machines have the potential to avoid messing up more than humans could on certain tasks. A good example would be for predicting weather; machine learning algorithms can process data in real time and possibly predict patterns in the near future. Manufacturing, as mentioned before, is also where machines can outperform humans. In general, I think that with processes that require a large amount of data or ']",,with',,"[[0, 795], [0, 799]]","{'t': [1010973, 1011546], 'l': 4, 'o': [{'o': 'd', 'i': [[0, 795], [0, 799]], 'd': [[1, 4]]}]}",,,
16905,49,237,1015.489,editor,i,"['Automation tools have existed in our world for years now. This is important to recognize especially now as AI tools recieve funding and hype. Intelligent machines are used for multitudes of processes that may be considered tedious, or ones that may be considered too precise. Machines can be beneficial because they are consistent. The elimination of error is more or less impossible, but machines have the potential to avoid messing up more than humans could on certain tasks. A good example would be for predicting weather; machine learning algorithms can process data in real time and possibly predict patterns in the near future. Manufacturing, as mentioned before, is also where machines can outperform humans. In general, I think that with processes that require a large amount of data or those that are repetitive ']",those that are repetitive ',,,"[0, 795]","{'t': [1011932, 1015489], 'l': 26, 'o': [{'o': 'i', 'i': [0, 795], 'a': 'those that are repetitive '}]}",,,
16906,49,238,1015.952,editor,d,"['Automation tools have existed in our world for years now. This is important to recognize especially now as AI tools recieve funding and hype. Intelligent machines are used for multitudes of processes that may be considered tedious, or ones that may be considered too precise. Machines can be beneficial because they are consistent. The elimination of error is more or less impossible, but machines have the potential to avoid messing up more than humans could on certain tasks. A good example would be for predicting weather; machine learning algorithms can process data in real time and possibly predict patterns in the near future. Manufacturing, as mentioned before, is also where machines can outperform humans. In general, I think that with processes that require a large amount of data or those that are repetitiv']",,e ',,"[[0, 819], [0, 821]]","{'t': [1015854, 1015952], 'l': 2, 'o': [{'o': 'd', 'i': [[0, 819], [0, 821]], 'd': [[1, 2]]}]}",,,
16907,49,239,1016.212,editor,i,"['Automation tools have existed in our world for years now. This is important to recognize especially now as AI tools recieve funding and hype. Intelligent machines are used for multitudes of processes that may be considered tedious, or ones that may be considered too precise. Machines can be beneficial because they are consistent. The elimination of error is more or less impossible, but machines have the potential to avoid messing up more than humans could on certain tasks. A good example would be for predicting weather; machine learning algorithms can process data in real time and possibly predict patterns in the near future. Manufacturing, as mentioned before, is also where machines can outperform humans. In general, I think that with processes that require a large amount of data or those that are repetitiv ']",,,,"[0, 819]","{'t': 1016212, 'o': [{'o': 'i', 'i': [0, 819], 'a': ' '}]}",,,
16908,49,240,1016.589,editor,d,"['Automation tools have existed in our world for years now. This is important to recognize especially now as AI tools recieve funding and hype. Intelligent machines are used for multitudes of processes that may be considered tedious, or ones that may be considered too precise. Machines can be beneficial because they are consistent. The elimination of error is more or less impossible, but machines have the potential to avoid messing up more than humans could on certain tasks. A good example would be for predicting weather; machine learning algorithms can process data in real time and possibly predict patterns in the near future. Manufacturing, as mentioned before, is also where machines can outperform humans. In general, I think that with processes that require a large amount of data or those that are repetitiv']",,,,"[[0, 819], [0, 820]]","{'t': 1016589, 'o': [{'o': 'd', 'i': [[0, 819], [0, 820]]}]}",,,
16909,49,241,1019.758,editor,i,"['Automation tools have existed in our world for years now. This is important to recognize especially now as AI tools recieve funding and hype. Intelligent machines are used for multitudes of processes that may be considered tedious, or ones that may be considered too precise. Machines can be beneficial because they are consistent. The elimination of error is more or less impossible, but machines have the potential to avoid messing up more than humans could on certain tasks. A good example would be for predicting weather; machine learning algorithms can process data in real time and possibly predict patterns in the near future. Manufacturing, as mentioned before, is also where machines can outperform humans. In general, I think that with processes that require a large amount of data or those that are repetitive, machines can be ne']","e, machines can be ne'",,,"[0, 819]","{'t': [1016936, 1019758], 'l': 21, 'o': [{'o': 'i', 'i': [0, 819], 'a': 'e, machines can be ne'}]}",,,
16910,49,242,1020.407,editor,d,"['Automation tools have existed in our world for years now. This is important to recognize especially now as AI tools recieve funding and hype. Intelligent machines are used for multitudes of processes that may be considered tedious, or ones that may be considered too precise. Machines can be beneficial because they are consistent. The elimination of error is more or less impossible, but machines have the potential to avoid messing up more than humans could on certain tasks. A good example would be for predicting weather; machine learning algorithms can process data in real time and possibly predict patterns in the near future. Manufacturing, as mentioned before, is also where machines can outperform humans. In general, I think that with processes that require a large amount of data or those that are repetitive, machines can be ']",,ne',,"[[0, 838], [0, 840]]","{'t': [1020261, 1020407], 'l': 2, 'o': [{'o': 'd', 'i': [[0, 838], [0, 840]], 'd': [[1, 2]]}]}",,,
16911,49,243,1026.539,editor,i,"[""Automation tools have existed in our world for years now. This is important to recognize especially now as AI tools recieve funding and hype. Intelligent machines are used for multitudes of processes that may be considered tedious, or ones that may be considered too precise. Machines can be beneficial because they are consistent. The elimination of error is more or less impossible, but machines have the potential to avoid messing up more than humans could on certain tasks. A good example would be for predicting weather; machine learning algorithms can process data in real time and possibly predict patterns in the near future. Manufacturing, as mentioned before, is also where machines can outperform humans. In general, I think that with processes that require a large amount of data or those that are repetitive, machines can be beneficial. However, that doesn't ea""]","beneficial. However, that doesn't ea",,,"[0, 838]","{'t': [1020717, 1026539], 'l': 36, 'o': [{'o': 'i', 'i': [0, 838], 'a': ""beneficial. However, that doesn't ea""}]}",,,
16912,49,244,1026.93,editor,d,"[""Automation tools have existed in our world for years now. This is important to recognize especially now as AI tools recieve funding and hype. Intelligent machines are used for multitudes of processes that may be considered tedious, or ones that may be considered too precise. Machines can be beneficial because they are consistent. The elimination of error is more or less impossible, but machines have the potential to avoid messing up more than humans could on certain tasks. A good example would be for predicting weather; machine learning algorithms can process data in real time and possibly predict patterns in the near future. Manufacturing, as mentioned before, is also where machines can outperform humans. In general, I think that with processes that require a large amount of data or those that are repetitive, machines can be beneficial. However, that doesn't ""]",,ea',,"[[0, 872], [0, 874]]","{'t': [1026789, 1026930], 'l': 2, 'o': [{'o': 'd', 'i': [[0, 872], [0, 874]], 'd': [[1, 2]]}]}",,,
16913,49,245,1029.624,editor,i,"[""Automation tools have existed in our world for years now. This is important to recognize especially now as AI tools recieve funding and hype. Intelligent machines are used for multitudes of processes that may be considered tedious, or ones that may be considered too precise. Machines can be beneficial because they are consistent. The elimination of error is more or less impossible, but machines have the potential to avoid messing up more than humans could on certain tasks. A good example would be for predicting weather; machine learning algorithms can process data in real time and possibly predict patterns in the near future. Manufacturing, as mentioned before, is also where machines can outperform humans. In general, I think that with processes that require a large amount of data or those that are repetitive, machines can be beneficial. However, that doesn't mean humans'""]",mean humans',,,"[0, 872]","{'t': [1027144, 1029624], 'l': 12, 'o': [{'o': 'i', 'i': [0, 872], 'a': ""mean humans'""}]}",,,
16914,49,246,1030.072,editor,d,"[""Automation tools have existed in our world for years now. This is important to recognize especially now as AI tools recieve funding and hype. Intelligent machines are used for multitudes of processes that may be considered tedious, or ones that may be considered too precise. Machines can be beneficial because they are consistent. The elimination of error is more or less impossible, but machines have the potential to avoid messing up more than humans could on certain tasks. A good example would be for predicting weather; machine learning algorithms can process data in real time and possibly predict patterns in the near future. Manufacturing, as mentioned before, is also where machines can outperform humans. In general, I think that with processes that require a large amount of data or those that are repetitive, machines can be beneficial. However, that doesn't mean humans""]",,,,"[[0, 883], [0, 884]]","{'t': 1030072, 'o': [{'o': 'd', 'i': [[0, 883], [0, 884]]}]}",,,
16915,49,247,1031.293,editor,i,"[""Automation tools have existed in our world for years now. This is important to recognize especially now as AI tools recieve funding and hype. Intelligent machines are used for multitudes of processes that may be considered tedious, or ones that may be considered too precise. Machines can be beneficial because they are consistent. The elimination of error is more or less impossible, but machines have the potential to avoid messing up more than humans could on certain tasks. A good example would be for predicting weather; machine learning algorithms can process data in real time and possibly predict patterns in the near future. Manufacturing, as mentioned before, is also where machines can outperform humans. In general, I think that with processes that require a large amount of data or those that are repetitive, machines can be beneficial. However, that doesn't mean humans shoud ""]",shoud ',,,"[0, 883]","{'t': [1030275, 1031293], 'l': 7, 'o': [{'o': 'i', 'i': [0, 883], 'a': ' shoud '}]}",,,
16916,49,248,1031.803,editor,d,"[""Automation tools have existed in our world for years now. This is important to recognize especially now as AI tools recieve funding and hype. Intelligent machines are used for multitudes of processes that may be considered tedious, or ones that may be considered too precise. Machines can be beneficial because they are consistent. The elimination of error is more or less impossible, but machines have the potential to avoid messing up more than humans could on certain tasks. A good example would be for predicting weather; machine learning algorithms can process data in real time and possibly predict patterns in the near future. Manufacturing, as mentioned before, is also where machines can outperform humans. In general, I think that with processes that require a large amount of data or those that are repetitive, machines can be beneficial. However, that doesn't mean humans shou""]",,d ',,"[[0, 888], [0, 890]]","{'t': [1031694, 1031803], 'l': 2, 'o': [{'o': 'd', 'i': [[0, 888], [0, 890]], 'd': [[1, 2]]}]}",,,
16917,49,249,1033.36,editor,i,"[""Automation tools have existed in our world for years now. This is important to recognize especially now as AI tools recieve funding and hype. Intelligent machines are used for multitudes of processes that may be considered tedious, or ones that may be considered too precise. Machines can be beneficial because they are consistent. The elimination of error is more or less impossible, but machines have the potential to avoid messing up more than humans could on certain tasks. A good example would be for predicting weather; machine learning algorithms can process data in real time and possibly predict patterns in the near future. Manufacturing, as mentioned before, is also where machines can outperform humans. In general, I think that with processes that require a large amount of data or those that are repetitive, machines can be beneficial. However, that doesn't mean humans should be phases""]",ld be phases',,,"[0, 888]","{'t': [1032026, 1033360], 'l': 12, 'o': [{'o': 'i', 'i': [0, 888], 'a': 'ld be phases'}]}",,,
16918,49,250,1033.739,editor,d,"[""Automation tools have existed in our world for years now. This is important to recognize especially now as AI tools recieve funding and hype. Intelligent machines are used for multitudes of processes that may be considered tedious, or ones that may be considered too precise. Machines can be beneficial because they are consistent. The elimination of error is more or less impossible, but machines have the potential to avoid messing up more than humans could on certain tasks. A good example would be for predicting weather; machine learning algorithms can process data in real time and possibly predict patterns in the near future. Manufacturing, as mentioned before, is also where machines can outperform humans. In general, I think that with processes that require a large amount of data or those that are repetitive, machines can be beneficial. However, that doesn't mean humans should be phase""]",,s',,"[[0, 899], [0, 900]]","{'t': 1033739, 'o': [{'o': 'd', 'i': [[0, 899], [0, 900]]}]}",,,
16919,49,251,1034.828,editor,i,"[""Automation tools have existed in our world for years now. This is important to recognize especially now as AI tools recieve funding and hype. Intelligent machines are used for multitudes of processes that may be considered tedious, or ones that may be considered too precise. Machines can be beneficial because they are consistent. The elimination of error is more or less impossible, but machines have the potential to avoid messing up more than humans could on certain tasks. A good example would be for predicting weather; machine learning algorithms can process data in real time and possibly predict patterns in the near future. Manufacturing, as mentioned before, is also where machines can outperform humans. In general, I think that with processes that require a large amount of data or those that are repetitive, machines can be beneficial. However, that doesn't mean humans should be phased out n""]",d out n',,,"[0, 899]","{'t': [1033837, 1034828], 'l': 7, 'o': [{'o': 'i', 'i': [0, 899], 'a': 'd out n'}]}",,,
16920,49,252,1035.097,editor,d,"[""Automation tools have existed in our world for years now. This is important to recognize especially now as AI tools recieve funding and hype. Intelligent machines are used for multitudes of processes that may be considered tedious, or ones that may be considered too precise. Machines can be beneficial because they are consistent. The elimination of error is more or less impossible, but machines have the potential to avoid messing up more than humans could on certain tasks. A good example would be for predicting weather; machine learning algorithms can process data in real time and possibly predict patterns in the near future. Manufacturing, as mentioned before, is also where machines can outperform humans. In general, I think that with processes that require a large amount of data or those that are repetitive, machines can be beneficial. However, that doesn't mean humans should be phased out ""]",,n',,"[[0, 905], [0, 906]]","{'t': 1035097, 'o': [{'o': 'd', 'i': [[0, 905], [0, 906]]}]}",,,
16921,49,253,1036.274,editor,i,"[""Automation tools have existed in our world for years now. This is important to recognize especially now as AI tools recieve funding and hype. Intelligent machines are used for multitudes of processes that may be considered tedious, or ones that may be considered too precise. Machines can be beneficial because they are consistent. The elimination of error is more or less impossible, but machines have the potential to avoid messing up more than humans could on certain tasks. A good example would be for predicting weather; machine learning algorithms can process data in real time and possibly predict patterns in the near future. Manufacturing, as mentioned before, is also where machines can outperform humans. In general, I think that with processes that require a large amount of data or those that are repetitive, machines can be beneficial. However, that doesn't mean humans should be phased out entirely. ""]",entirely. ',,,"[0, 905]","{'t': [1035179, 1036274], 'l': 10, 'o': [{'o': 'i', 'i': [0, 905], 'a': 'entirely. '}]}",,,
16922,49,254,1038.247,editor,i,"[""Automation tools have existed in our world for years now. This is important to recognize especially now as AI tools recieve funding and hype. Intelligent machines are used for multitudes of processes that may be considered tedious, or ones that may be considered too precise. Machines can be beneficial because they are consistent. The elimination of error is more or less impossible, but machines have the potential to avoid messing up more than humans could on certain tasks. A good example would be for predicting weather; machine learning algorithms can process data in real time and possibly predict patterns in the near future. Manufacturing, as mentioned before, is also where machines can outperform humans. In general, I think that with processes that require a large amount of data or those that are repetitive, machines can be beneficial. However, that doesn't mean humans should be phased out entirely. T""]",T',,,"[0, 915]","{'t': 1038247, 'o': [{'o': 'i', 'i': [0, 915], 'a': 'T'}]}",,,
16923,49,255,1044.986,editor,i,"[""Automation tools have existed in our world for years now. This is important to recognize especially now as AI tools recieve funding and hype. Intelligent machines are used for multitudes of processes that may be considered tedious, or ones that may be considered too precise. Machines can be beneficial because they are consistent. The elimination of error is more or less impossible, but machines have the potential to avoid messing up more than humans could on certain tasks. A good example would be for predicting weather; machine learning algorithms can process data in real time and possibly predict patterns in the near future. Manufacturing, as mentioned before, is also where machines can outperform humans. In general, I think that with processes that require a large amount of data or those that are repetitive, machines can be beneficial. However, that doesn't mean humans should be phased out entirely. The craze of today is AI""]",he craze of today is AI',,,"[0, 916]","{'t': [1039056, 1044986], 'l': 23, 'o': [{'o': 'i', 'i': [0, 916], 'a': 'he craze of today is AI'}]}",,,
16924,49,256,1046.349,editor,d,"[""Automation tools have existed in our world for years now. This is important to recognize especially now as AI tools recieve funding and hype. Intelligent machines are used for multitudes of processes that may be considered tedious, or ones that may be considered too precise. Machines can be beneficial because they are consistent. The elimination of error is more or less impossible, but machines have the potential to avoid messing up more than humans could on certain tasks. A good example would be for predicting weather; machine learning algorithms can process data in real time and possibly predict patterns in the near future. Manufacturing, as mentioned before, is also where machines can outperform humans. In general, I think that with processes that require a large amount of data or those that are repetitive, machines can be beneficial. However, that doesn't mean humans should be phased out entirely. The craze of today is ""]",,AI',,"[[0, 937], [0, 939]]","{'t': [1046153, 1046349], 'l': 2, 'o': [{'o': 'd', 'i': [[0, 937], [0, 939]], 'd': [[1, 2]]}]}",,,
16925,49,257,1052.28,editor,i,"[""Automation tools have existed in our world for years now. This is important to recognize especially now as AI tools recieve funding and hype. Intelligent machines are used for multitudes of processes that may be considered tedious, or ones that may be considered too precise. Machines can be beneficial because they are consistent. The elimination of error is more or less impossible, but machines have the potential to avoid messing up more than humans could on certain tasks. A good example would be for predicting weather; machine learning algorithms can process data in real time and possibly predict patterns in the near future. Manufacturing, as mentioned before, is also where machines can outperform humans. In general, I think that with processes that require a large amount of data or those that are repetitive, machines can be beneficial. However, that doesn't mean humans should be phased out entirely. The craze of today is content generation powered by AI,""]","content generation powered by AI,'",,,"[0, 937]","{'t': [1046807, 1052280], 'l': 33, 'o': [{'o': 'i', 'i': [0, 937], 'a': 'content generation powered by AI,'}]}",,,
16926,49,258,1053.136,editor,d,"[""Automation tools have existed in our world for years now. This is important to recognize especially now as AI tools recieve funding and hype. Intelligent machines are used for multitudes of processes that may be considered tedious, or ones that may be considered too precise. Machines can be beneficial because they are consistent. The elimination of error is more or less impossible, but machines have the potential to avoid messing up more than humans could on certain tasks. A good example would be for predicting weather; machine learning algorithms can process data in real time and possibly predict patterns in the near future. Manufacturing, as mentioned before, is also where machines can outperform humans. In general, I think that with processes that require a large amount of data or those that are repetitive, machines can be beneficial. However, that doesn't mean humans should be phased out entirely. The craze of today is content generation powered by AI""]",,",'",,"[[0, 969], [0, 970]]","{'t': 1053136, 'o': [{'o': 'd', 'i': [[0, 969], [0, 970]]}]}",,,
16927,49,259,1053.448,editor,i,"[""Automation tools have existed in our world for years now. This is important to recognize especially now as AI tools recieve funding and hype. Intelligent machines are used for multitudes of processes that may be considered tedious, or ones that may be considered too precise. Machines can be beneficial because they are consistent. The elimination of error is more or less impossible, but machines have the potential to avoid messing up more than humans could on certain tasks. A good example would be for predicting weather; machine learning algorithms can process data in real time and possibly predict patterns in the near future. Manufacturing, as mentioned before, is also where machines can outperform humans. In general, I think that with processes that require a large amount of data or those that are repetitive, machines can be beneficial. However, that doesn't mean humans should be phased out entirely. The craze of today is content generation powered by AI.""]",.',,,"[0, 969]","{'t': 1053448, 'o': [{'o': 'i', 'i': [0, 969], 'a': '.'}]}",,,
16928,49,260,1053.879,editor,d,"[""Automation tools have existed in our world for years now. This is important to recognize especially now as AI tools recieve funding and hype. Intelligent machines are used for multitudes of processes that may be considered tedious, or ones that may be considered too precise. Machines can be beneficial because they are consistent. The elimination of error is more or less impossible, but machines have the potential to avoid messing up more than humans could on certain tasks. A good example would be for predicting weather; machine learning algorithms can process data in real time and possibly predict patterns in the near future. Manufacturing, as mentioned before, is also where machines can outperform humans. In general, I think that with processes that require a large amount of data or those that are repetitive, machines can be beneficial. However, that doesn't mean humans should be phased out entirely. The craze of today is content generation powered by AI""]",,.',,"[[0, 969], [0, 970]]","{'t': 1053879, 'o': [{'o': 'd', 'i': [[0, 969], [0, 970]]}]}",,,
16929,49,261,1055.632,editor,i,"[""Automation tools have existed in our world for years now. This is important to recognize especially now as AI tools recieve funding and hype. Intelligent machines are used for multitudes of processes that may be considered tedious, or ones that may be considered too precise. Machines can be beneficial because they are consistent. The elimination of error is more or less impossible, but machines have the potential to avoid messing up more than humans could on certain tasks. A good example would be for predicting weather; machine learning algorithms can process data in real time and possibly predict patterns in the near future. Manufacturing, as mentioned before, is also where machines can outperform humans. In general, I think that with processes that require a large amount of data or those that are repetitive, machines can be beneficial. However, that doesn't mean humans should be phased out entirely. The craze of today is content generation powered by AI;""]",;',,,"[0, 969]","{'t': 1055632, 'o': [{'o': 'i', 'i': [0, 969], 'a': ';'}]}",,,
16930,49,262,1063.289,editor,i,"[""Automation tools have existed in our world for years now. This is important to recognize especially now as AI tools recieve funding and hype. Intelligent machines are used for multitudes of processes that may be considered tedious, or ones that may be considered too precise. Machines can be beneficial because they are consistent. The elimination of error is more or less impossible, but machines have the potential to avoid messing up more than humans could on certain tasks. A good example would be for predicting weather; machine learning algorithms can process data in real time and possibly predict patterns in the near future. Manufacturing, as mentioned before, is also where machines can outperform humans. In general, I think that with processes that require a large amount of data or those that are repetitive, machines can be beneficial. However, that doesn't mean humans should be phased out entirely. The craze of today is content generation powered by AI; whether it's artwork, videos""]"," whether it's artwork, videos",,,"[0, 970]","{'t': [1055980, 1063289], 'l': 29, 'o': [{'o': 'i', 'i': [0, 970], 'a': "" whether it's artwork, videos""}]}",,,
16931,49,263,1064.534,editor,i,"[""Automation tools have existed in our world for years now. This is important to recognize especially now as AI tools recieve funding and hype. Intelligent machines are used for multitudes of processes that may be considered tedious, or ones that may be considered too precise. Machines can be beneficial because they are consistent. The elimination of error is more or less impossible, but machines have the potential to avoid messing up more than humans could on certain tasks. A good example would be for predicting weather; machine learning algorithms can process data in real time and possibly predict patterns in the near future. Manufacturing, as mentioned before, is also where machines can outperform humans. In general, I think that with processes that require a large amount of data or those that are repetitive, machines can be beneficial. However, that doesn't mean humans should be phased out entirely. The craze of today is content generation powered by AI; whether it's artwork, videos,""]",",'",,,"[0, 999]","{'t': 1064534, 'o': [{'o': 'i', 'i': [0, 999], 'a': ','}]}",,,
16932,49,264,1065.581,editor,i,"[""Automation tools have existed in our world for years now. This is important to recognize especially now as AI tools recieve funding and hype. Intelligent machines are used for multitudes of processes that may be considered tedious, or ones that may be considered too precise. Machines can be beneficial because they are consistent. The elimination of error is more or less impossible, but machines have the potential to avoid messing up more than humans could on certain tasks. A good example would be for predicting weather; machine learning algorithms can process data in real time and possibly predict patterns in the near future. Manufacturing, as mentioned before, is also where machines can outperform humans. In general, I think that with processes that require a large amount of data or those that are repetitive, machines can be beneficial. However, that doesn't mean humans should be phased out entirely. The craze of today is content generation powered by AI; whether it's artwork, videos, o""]",o',,,"[0, 1000]","{'t': [1065214, 1065581], 'l': 2, 'o': [{'o': 'i', 'i': [0, 1000], 'a': ' o'}]}",,,
16933,49,265,1066.395,editor,d,"[""Automation tools have existed in our world for years now. This is important to recognize especially now as AI tools recieve funding and hype. Intelligent machines are used for multitudes of processes that may be considered tedious, or ones that may be considered too precise. Machines can be beneficial because they are consistent. The elimination of error is more or less impossible, but machines have the potential to avoid messing up more than humans could on certain tasks. A good example would be for predicting weather; machine learning algorithms can process data in real time and possibly predict patterns in the near future. Manufacturing, as mentioned before, is also where machines can outperform humans. In general, I think that with processes that require a large amount of data or those that are repetitive, machines can be beneficial. However, that doesn't mean humans should be phased out entirely. The craze of today is content generation powered by AI; whether it's artwork, videos, ""]",,o',,"[[0, 1001], [0, 1002]]","{'t': 1066395, 'o': [{'o': 'd', 'i': [[0, 1001], [0, 1002]]}]}",,,
16934,49,266,1068.038,editor,i,"[""Automation tools have existed in our world for years now. This is important to recognize especially now as AI tools recieve funding and hype. Intelligent machines are used for multitudes of processes that may be considered tedious, or ones that may be considered too precise. Machines can be beneficial because they are consistent. The elimination of error is more or less impossible, but machines have the potential to avoid messing up more than humans could on certain tasks. A good example would be for predicting weather; machine learning algorithms can process data in real time and possibly predict patterns in the near future. Manufacturing, as mentioned before, is also where machines can outperform humans. In general, I think that with processes that require a large amount of data or those that are repetitive, machines can be beneficial. However, that doesn't mean humans should be phased out entirely. The craze of today is content generation powered by AI; whether it's artwork, videos, music""]",music',,,"[0, 1001]","{'t': [1067561, 1068038], 'l': 5, 'o': [{'o': 'i', 'i': [0, 1001], 'a': 'music'}]}",,,
16935,49,267,1083.245,editor,i,"[""Automation tools have existed in our world for years now. This is important to recognize especially now as AI tools recieve funding and hype. Intelligent machines are used for multitudes of processes that may be considered tedious, or ones that may be considered too precise. Machines can be beneficial because they are consistent. The elimination of error is more or less impossible, but machines have the potential to avoid messing up more than humans could on certain tasks. A good example would be for predicting weather; machine learning algorithms can process data in real time and possibly predict patterns in the near future. Manufacturing, as mentioned before, is also where machines can outperform humans. In general, I think that with processes that require a large amount of data or those that are repetitive, machines can be beneficial. However, that doesn't mean humans should be phased out entirely. The craze of today is content generation powered by AI; whether it's artwork, videos, music,""]",",'",,,"[0, 1006]","{'t': 1083245, 'o': [{'o': 'i', 'i': [0, 1006], 'a': ','}]}",,,
16936,49,268,1085.551,editor,i,"[""Automation tools have existed in our world for years now. This is important to recognize especially now as AI tools recieve funding and hype. Intelligent machines are used for multitudes of processes that may be considered tedious, or ones that may be considered too precise. Machines can be beneficial because they are consistent. The elimination of error is more or less impossible, but machines have the potential to avoid messing up more than humans could on certain tasks. A good example would be for predicting weather; machine learning algorithms can process data in real time and possibly predict patterns in the near future. Manufacturing, as mentioned before, is also where machines can outperform humans. In general, I think that with processes that require a large amount of data or those that are repetitive, machines can be beneficial. However, that doesn't mean humans should be phased out entirely. The craze of today is content generation powered by AI; whether it's artwork, videos, music, these t""]",these t',,,"[0, 1007]","{'t': [1083531, 1085551], 'l': 8, 'o': [{'o': 'i', 'i': [0, 1007], 'a': ' these t'}]}",,,
16937,49,269,1085.942,editor,d,"[""Automation tools have existed in our world for years now. This is important to recognize especially now as AI tools recieve funding and hype. Intelligent machines are used for multitudes of processes that may be considered tedious, or ones that may be considered too precise. Machines can be beneficial because they are consistent. The elimination of error is more or less impossible, but machines have the potential to avoid messing up more than humans could on certain tasks. A good example would be for predicting weather; machine learning algorithms can process data in real time and possibly predict patterns in the near future. Manufacturing, as mentioned before, is also where machines can outperform humans. In general, I think that with processes that require a large amount of data or those that are repetitive, machines can be beneficial. However, that doesn't mean humans should be phased out entirely. The craze of today is content generation powered by AI; whether it's artwork, videos, music, these ""]",,t',,"[[0, 1014], [0, 1015]]","{'t': [1085941, 1085942], 'o': [{'o': 'd', 'i': [[0, 1014], [0, 1015]]}]}",,,
16938,49,270,1088.023,editor,i,"[""Automation tools have existed in our world for years now. This is important to recognize especially now as AI tools recieve funding and hype. Intelligent machines are used for multitudes of processes that may be considered tedious, or ones that may be considered too precise. Machines can be beneficial because they are consistent. The elimination of error is more or less impossible, but machines have the potential to avoid messing up more than humans could on certain tasks. A good example would be for predicting weather; machine learning algorithms can process data in real time and possibly predict patterns in the near future. Manufacturing, as mentioned before, is also where machines can outperform humans. In general, I think that with processes that require a large amount of data or those that are repetitive, machines can be beneficial. However, that doesn't mean humans should be phased out entirely. The craze of today is content generation powered by AI; whether it's artwork, videos, music, these new tools ""]",new tools ',,,"[0, 1014]","{'t': [1086160, 1088023], 'l': 10, 'o': [{'o': 'i', 'i': [0, 1014], 'a': 'new tools '}]}",,,
16939,49,271,1089.377,editor,i,"[""Automation tools have existed in our world for years now. This is important to recognize especially now as AI tools recieve funding and hype. Intelligent machines are used for multitudes of processes that may be considered tedious, or ones that may be considered too precise. Machines can be beneficial because they are consistent. The elimination of error is more or less impossible, but machines have the potential to avoid messing up more than humans could on certain tasks. A good example would be for predicting weather; machine learning algorithms can process data in real time and possibly predict patterns in the near future. Manufacturing, as mentioned before, is also where machines can outperform humans. In general, I think that with processes that require a large amount of data or those that are repetitive, machines can be beneficial. However, that doesn't mean humans should be phased out entirely. The craze of today is content generation powered by AI; whether it's artwork, videos, music, these new tools h""]",h',,,"[0, 1024]","{'t': 1089377, 'o': [{'o': 'i', 'i': [0, 1024], 'a': 'h'}]}",,,
16940,49,272,1091.412,editor,i,"[""Automation tools have existed in our world for years now. This is important to recognize especially now as AI tools recieve funding and hype. Intelligent machines are used for multitudes of processes that may be considered tedious, or ones that may be considered too precise. Machines can be beneficial because they are consistent. The elimination of error is more or less impossible, but machines have the potential to avoid messing up more than humans could on certain tasks. A good example would be for predicting weather; machine learning algorithms can process data in real time and possibly predict patterns in the near future. Manufacturing, as mentioned before, is also where machines can outperform humans. In general, I think that with processes that require a large amount of data or those that are repetitive, machines can be beneficial. However, that doesn't mean humans should be phased out entirely. The craze of today is content generation powered by AI; whether it's artwork, videos, music, these new tools have receiev""]",ave receiev',,,"[0, 1025]","{'t': [1089504, 1091412], 'l': 11, 'o': [{'o': 'i', 'i': [0, 1025], 'a': 'ave receiev'}]}",,,
16941,49,273,1093.112,editor,d,"[""Automation tools have existed in our world for years now. This is important to recognize especially now as AI tools recieve funding and hype. Intelligent machines are used for multitudes of processes that may be considered tedious, or ones that may be considered too precise. Machines can be beneficial because they are consistent. The elimination of error is more or less impossible, but machines have the potential to avoid messing up more than humans could on certain tasks. A good example would be for predicting weather; machine learning algorithms can process data in real time and possibly predict patterns in the near future. Manufacturing, as mentioned before, is also where machines can outperform humans. In general, I think that with processes that require a large amount of data or those that are repetitive, machines can be beneficial. However, that doesn't mean humans should be phased out entirely. The craze of today is content generation powered by AI; whether it's artwork, videos, music, these new tools ""]",,have receiev',,"[[0, 1024], [0, 1036]]","{'t': [1091881, 1093112], 'l': 12, 'o': [{'o': 'd', 'i': [[0, 1024], [0, 1036]], 'd': [[1, 12]]}]}",,,
16942,49,274,1093.63,editor,i,"[""Automation tools have existed in our world for years now. This is important to recognize especially now as AI tools recieve funding and hype. Intelligent machines are used for multitudes of processes that may be considered tedious, or ones that may be considered too precise. Machines can be beneficial because they are consistent. The elimination of error is more or less impossible, but machines have the potential to avoid messing up more than humans could on certain tasks. A good example would be for predicting weather; machine learning algorithms can process data in real time and possibly predict patterns in the near future. Manufacturing, as mentioned before, is also where machines can outperform humans. In general, I think that with processes that require a large amount of data or those that are repetitive, machines can be beneficial. However, that doesn't mean humans should be phased out entirely. The craze of today is content generation powered by AI; whether it's artwork, videos, music, these new tools are ""]",are ',,,"[0, 1024]","{'t': [1093259, 1093630], 'l': 4, 'o': [{'o': 'i', 'i': [0, 1024], 'a': 'are '}]}",,,
16943,49,275,1096.187,editor,i,"[""Automation tools have existed in our world for years now. This is important to recognize especially now as AI tools recieve funding and hype. Intelligent machines are used for multitudes of processes that may be considered tedious, or ones that may be considered too precise. Machines can be beneficial because they are consistent. The elimination of error is more or less impossible, but machines have the potential to avoid messing up more than humans could on certain tasks. A good example would be for predicting weather; machine learning algorithms can process data in real time and possibly predict patterns in the near future. Manufacturing, as mentioned before, is also where machines can outperform humans. In general, I think that with processes that require a large amount of data or those that are repetitive, machines can be beneficial. However, that doesn't mean humans should be phased out entirely. The craze of today is content generation powered by AI; whether it's artwork, videos, music, these new tools are c""]",c',,,"[0, 1028]","{'t': 1096187, 'o': [{'o': 'i', 'i': [0, 1028], 'a': 'c'}]}",,,
16944,49,276,1096.754,editor,i,"[""Automation tools have existed in our world for years now. This is important to recognize especially now as AI tools recieve funding and hype. Intelligent machines are used for multitudes of processes that may be considered tedious, or ones that may be considered too precise. Machines can be beneficial because they are consistent. The elimination of error is more or less impossible, but machines have the potential to avoid messing up more than humans could on certain tasks. A good example would be for predicting weather; machine learning algorithms can process data in real time and possibly predict patterns in the near future. Manufacturing, as mentioned before, is also where machines can outperform humans. In general, I think that with processes that require a large amount of data or those that are repetitive, machines can be beneficial. However, that doesn't mean humans should be phased out entirely. The craze of today is content generation powered by AI; whether it's artwork, videos, music, these new tools are camp""]",amp',,,"[0, 1029]","{'t': [1096333, 1096754], 'l': 3, 'o': [{'o': 'i', 'i': [0, 1029], 'a': 'amp'}]}",,,
16945,49,277,1097.235,editor,d,"[""Automation tools have existed in our world for years now. This is important to recognize especially now as AI tools recieve funding and hype. Intelligent machines are used for multitudes of processes that may be considered tedious, or ones that may be considered too precise. Machines can be beneficial because they are consistent. The elimination of error is more or less impossible, but machines have the potential to avoid messing up more than humans could on certain tasks. A good example would be for predicting weather; machine learning algorithms can process data in real time and possibly predict patterns in the near future. Manufacturing, as mentioned before, is also where machines can outperform humans. In general, I think that with processes that require a large amount of data or those that are repetitive, machines can be beneficial. However, that doesn't mean humans should be phased out entirely. The craze of today is content generation powered by AI; whether it's artwork, videos, music, these new tools are ca""]",,mp',,"[[0, 1030], [0, 1032]]","{'t': [1097066, 1097235], 'l': 2, 'o': [{'o': 'd', 'i': [[0, 1030], [0, 1032]], 'd': [[1, 2]]}]}",,,
16946,49,278,1098.982,editor,i,"[""Automation tools have existed in our world for years now. This is important to recognize especially now as AI tools recieve funding and hype. Intelligent machines are used for multitudes of processes that may be considered tedious, or ones that may be considered too precise. Machines can be beneficial because they are consistent. The elimination of error is more or less impossible, but machines have the potential to avoid messing up more than humans could on certain tasks. A good example would be for predicting weather; machine learning algorithms can process data in real time and possibly predict patterns in the near future. Manufacturing, as mentioned before, is also where machines can outperform humans. In general, I think that with processes that require a large amount of data or those that are repetitive, machines can be beneficial. However, that doesn't mean humans should be phased out entirely. The craze of today is content generation powered by AI; whether it's artwork, videos, music, these new tools are capable f""]",pable f',,,"[0, 1030]","{'t': [1097452, 1098982], 'l': 7, 'o': [{'o': 'i', 'i': [0, 1030], 'a': 'pable f'}]}",,,
16947,49,279,1099.326,editor,d,"[""Automation tools have existed in our world for years now. This is important to recognize especially now as AI tools recieve funding and hype. Intelligent machines are used for multitudes of processes that may be considered tedious, or ones that may be considered too precise. Machines can be beneficial because they are consistent. The elimination of error is more or less impossible, but machines have the potential to avoid messing up more than humans could on certain tasks. A good example would be for predicting weather; machine learning algorithms can process data in real time and possibly predict patterns in the near future. Manufacturing, as mentioned before, is also where machines can outperform humans. In general, I think that with processes that require a large amount of data or those that are repetitive, machines can be beneficial. However, that doesn't mean humans should be phased out entirely. The craze of today is content generation powered by AI; whether it's artwork, videos, music, these new tools are capable ""]",,f',,"[[0, 1036], [0, 1037]]","{'t': 1099326, 'o': [{'o': 'd', 'i': [[0, 1036], [0, 1037]]}]}",,,
16948,49,280,1099.753,editor,i,"[""Automation tools have existed in our world for years now. This is important to recognize especially now as AI tools recieve funding and hype. Intelligent machines are used for multitudes of processes that may be considered tedious, or ones that may be considered too precise. Machines can be beneficial because they are consistent. The elimination of error is more or less impossible, but machines have the potential to avoid messing up more than humans could on certain tasks. A good example would be for predicting weather; machine learning algorithms can process data in real time and possibly predict patterns in the near future. Manufacturing, as mentioned before, is also where machines can outperform humans. In general, I think that with processes that require a large amount of data or those that are repetitive, machines can be beneficial. However, that doesn't mean humans should be phased out entirely. The craze of today is content generation powered by AI; whether it's artwork, videos, music, these new tools are capable of ""]",of ',,,"[0, 1036]","{'t': [1099571, 1099753], 'l': 3, 'o': [{'o': 'i', 'i': [0, 1036], 'a': 'of '}]}",,,
16949,49,281,1101.779,editor,i,"[""Automation tools have existed in our world for years now. This is important to recognize especially now as AI tools recieve funding and hype. Intelligent machines are used for multitudes of processes that may be considered tedious, or ones that may be considered too precise. Machines can be beneficial because they are consistent. The elimination of error is more or less impossible, but machines have the potential to avoid messing up more than humans could on certain tasks. A good example would be for predicting weather; machine learning algorithms can process data in real time and possibly predict patterns in the near future. Manufacturing, as mentioned before, is also where machines can outperform humans. In general, I think that with processes that require a large amount of data or those that are repetitive, machines can be beneficial. However, that doesn't mean humans should be phased out entirely. The craze of today is content generation powered by AI; whether it's artwork, videos, music, these new tools are capable of c""]",c',,,"[0, 1039]","{'t': 1101779, 'o': [{'o': 'i', 'i': [0, 1039], 'a': 'c'}]}",,,
16950,49,282,1102.649,editor,i,"[""Automation tools have existed in our world for years now. This is important to recognize especially now as AI tools recieve funding and hype. Intelligent machines are used for multitudes of processes that may be considered tedious, or ones that may be considered too precise. Machines can be beneficial because they are consistent. The elimination of error is more or less impossible, but machines have the potential to avoid messing up more than humans could on certain tasks. A good example would be for predicting weather; machine learning algorithms can process data in real time and possibly predict patterns in the near future. Manufacturing, as mentioned before, is also where machines can outperform humans. In general, I think that with processes that require a large amount of data or those that are repetitive, machines can be beneficial. However, that doesn't mean humans should be phased out entirely. The craze of today is content generation powered by AI; whether it's artwork, videos, music, these new tools are capable of creato""]",reato',,,"[0, 1040]","{'t': [1102019, 1102649], 'l': 5, 'o': [{'o': 'i', 'i': [0, 1040], 'a': 'reato'}]}",,,
16951,49,283,1103.337,editor,d,"[""Automation tools have existed in our world for years now. This is important to recognize especially now as AI tools recieve funding and hype. Intelligent machines are used for multitudes of processes that may be considered tedious, or ones that may be considered too precise. Machines can be beneficial because they are consistent. The elimination of error is more or less impossible, but machines have the potential to avoid messing up more than humans could on certain tasks. A good example would be for predicting weather; machine learning algorithms can process data in real time and possibly predict patterns in the near future. Manufacturing, as mentioned before, is also where machines can outperform humans. In general, I think that with processes that require a large amount of data or those that are repetitive, machines can be beneficial. However, that doesn't mean humans should be phased out entirely. The craze of today is content generation powered by AI; whether it's artwork, videos, music, these new tools are capable of creat""]",,o',,"[[0, 1044], [0, 1045]]","{'t': 1103337, 'o': [{'o': 'd', 'i': [[0, 1044], [0, 1045]]}]}",,,
16952,49,284,1105.131,editor,i,"[""Automation tools have existed in our world for years now. This is important to recognize especially now as AI tools recieve funding and hype. Intelligent machines are used for multitudes of processes that may be considered tedious, or ones that may be considered too precise. Machines can be beneficial because they are consistent. The elimination of error is more or less impossible, but machines have the potential to avoid messing up more than humans could on certain tasks. A good example would be for predicting weather; machine learning algorithms can process data in real time and possibly predict patterns in the near future. Manufacturing, as mentioned before, is also where machines can outperform humans. In general, I think that with processes that require a large amount of data or those that are repetitive, machines can be beneficial. However, that doesn't mean humans should be phased out entirely. The craze of today is content generation powered by AI; whether it's artwork, videos, music, these new tools are capable of creating it. ""]",ing it. ',,,"[0, 1044]","{'t': [1103593, 1105131], 'l': 8, 'o': [{'o': 'i', 'i': [0, 1044], 'a': 'ing it. '}]}",,,
16953,49,285,1110.818,editor,i,"[""Automation tools have existed in our world for years now. This is important to recognize especially now as AI tools recieve funding and hype. Intelligent machines are used for multitudes of processes that may be considered tedious, or ones that may be considered too precise. Machines can be beneficial because they are consistent. The elimination of error is more or less impossible, but machines have the potential to avoid messing up more than humans could on certain tasks. A good example would be for predicting weather; machine learning algorithms can process data in real time and possibly predict patterns in the near future. Manufacturing, as mentioned before, is also where machines can outperform humans. In general, I think that with processes that require a large amount of data or those that are repetitive, machines can be beneficial. However, that doesn't mean humans should be phased out entirely. The craze of today is content generation powered by AI; whether it's artwork, videos, music, these new tools are capable of creating it. O""]",O',,,"[0, 1052]","{'t': 1110818, 'o': [{'o': 'i', 'i': [0, 1052], 'a': 'O'}]}",,,
16954,49,286,1111.43,editor,i,"[""Automation tools have existed in our world for years now. This is important to recognize especially now as AI tools recieve funding and hype. Intelligent machines are used for multitudes of processes that may be considered tedious, or ones that may be considered too precise. Machines can be beneficial because they are consistent. The elimination of error is more or less impossible, but machines have the potential to avoid messing up more than humans could on certain tasks. A good example would be for predicting weather; machine learning algorithms can process data in real time and possibly predict patterns in the near future. Manufacturing, as mentioned before, is also where machines can outperform humans. In general, I think that with processes that require a large amount of data or those that are repetitive, machines can be beneficial. However, that doesn't mean humans should be phased out entirely. The craze of today is content generation powered by AI; whether it's artwork, videos, music, these new tools are capable of creating it. On e""]",n e',,,"[0, 1053]","{'t': [1111033, 1111430], 'l': 3, 'o': [{'o': 'i', 'i': [0, 1053], 'a': 'n e'}]}",,,
16955,49,287,1111.841,editor,d,"[""Automation tools have existed in our world for years now. This is important to recognize especially now as AI tools recieve funding and hype. Intelligent machines are used for multitudes of processes that may be considered tedious, or ones that may be considered too precise. Machines can be beneficial because they are consistent. The elimination of error is more or less impossible, but machines have the potential to avoid messing up more than humans could on certain tasks. A good example would be for predicting weather; machine learning algorithms can process data in real time and possibly predict patterns in the near future. Manufacturing, as mentioned before, is also where machines can outperform humans. In general, I think that with processes that require a large amount of data or those that are repetitive, machines can be beneficial. However, that doesn't mean humans should be phased out entirely. The craze of today is content generation powered by AI; whether it's artwork, videos, music, these new tools are capable of creating it. On""]",,e',,"[[0, 1054], [0, 1056]]","{'t': [1111718, 1111841], 'l': 2, 'o': [{'o': 'd', 'i': [[0, 1054], [0, 1056]], 'd': [[1, 2]]}]}",,,
16956,49,288,1116.242,editor,i,"[""Automation tools have existed in our world for years now. This is important to recognize especially now as AI tools recieve funding and hype. Intelligent machines are used for multitudes of processes that may be considered tedious, or ones that may be considered too precise. Machines can be beneficial because they are consistent. The elimination of error is more or less impossible, but machines have the potential to avoid messing up more than humans could on certain tasks. A good example would be for predicting weather; machine learning algorithms can process data in real time and possibly predict patterns in the near future. Manufacturing, as mentioned before, is also where machines can outperform humans. In general, I think that with processes that require a large amount of data or those that are repetitive, machines can be beneficial. However, that doesn't mean humans should be phased out entirely. The craze of today is content generation powered by AI; whether it's artwork, videos, music, these new tools are capable of creating it. One of many ethical issues si""]",e of many ethical issues si',,,"[0, 1054]","{'t': [1112000, 1116242], 'l': 27, 'o': [{'o': 'i', 'i': [0, 1054], 'a': 'e of many ethical issues si'}]}",,,
16957,49,289,1116.863,editor,d,"[""Automation tools have existed in our world for years now. This is important to recognize especially now as AI tools recieve funding and hype. Intelligent machines are used for multitudes of processes that may be considered tedious, or ones that may be considered too precise. Machines can be beneficial because they are consistent. The elimination of error is more or less impossible, but machines have the potential to avoid messing up more than humans could on certain tasks. A good example would be for predicting weather; machine learning algorithms can process data in real time and possibly predict patterns in the near future. Manufacturing, as mentioned before, is also where machines can outperform humans. In general, I think that with processes that require a large amount of data or those that are repetitive, machines can be beneficial. However, that doesn't mean humans should be phased out entirely. The craze of today is content generation powered by AI; whether it's artwork, videos, music, these new tools are capable of creating it. One of many ethical issues ""]",,si',,"[[0, 1079], [0, 1081]]","{'t': [1116728, 1116863], 'l': 2, 'o': [{'o': 'd', 'i': [[0, 1079], [0, 1081]], 'd': [[1, 2]]}]}",,,
16958,49,290,1124.479,editor,i,"[""Automation tools have existed in our world for years now. This is important to recognize especially now as AI tools recieve funding and hype. Intelligent machines are used for multitudes of processes that may be considered tedious, or ones that may be considered too precise. Machines can be beneficial because they are consistent. The elimination of error is more or less impossible, but machines have the potential to avoid messing up more than humans could on certain tasks. A good example would be for predicting weather; machine learning algorithms can process data in real time and possibly predict patterns in the near future. Manufacturing, as mentioned before, is also where machines can outperform humans. In general, I think that with processes that require a large amount of data or those that are repetitive, machines can be beneficial. However, that doesn't mean humans should be phased out entirely. The craze of today is content generation powered by AI; whether it's artwork, videos, music, these new tools are capable of creating it. One of many ethical issues is where the models get their training data""]",is where the models get their training data',,,"[0, 1079]","{'t': [1117091, 1124479], 'l': 43, 'o': [{'o': 'i', 'i': [0, 1079], 'a': 'is where the models get their training data'}]}",,,
16959,49,291,1127.347,editor,i,"[""Automation tools have existed in our world for years now. This is important to recognize especially now as AI tools recieve funding and hype. Intelligent machines are used for multitudes of processes that may be considered tedious, or ones that may be considered too precise. Machines can be beneficial because they are consistent. The elimination of error is more or less impossible, but machines have the potential to avoid messing up more than humans could on certain tasks. A good example would be for predicting weather; machine learning algorithms can process data in real time and possibly predict patterns in the near future. Manufacturing, as mentioned before, is also where machines can outperform humans. In general, I think that with processes that require a large amount of data or those that are repetitive, machines can be beneficial. However, that doesn't mean humans should be phased out entirely. The craze of today is content generation powered by AI; whether it's artwork, videos, music, these new tools are capable of creating it. One of many ethical issues is where the models get their training data;""]",;',,,"[0, 1122]","{'t': 1127347, 'o': [{'o': 'i', 'i': [0, 1122], 'a': ';'}]}",,,
16960,49,292,1132.424,editor,i,"[""Automation tools have existed in our world for years now. This is important to recognize especially now as AI tools recieve funding and hype. Intelligent machines are used for multitudes of processes that may be considered tedious, or ones that may be considered too precise. Machines can be beneficial because they are consistent. The elimination of error is more or less impossible, but machines have the potential to avoid messing up more than humans could on certain tasks. A good example would be for predicting weather; machine learning algorithms can process data in real time and possibly predict patterns in the near future. Manufacturing, as mentioned before, is also where machines can outperform humans. In general, I think that with processes that require a large amount of data or those that are repetitive, machines can be beneficial. However, that doesn't mean humans should be phased out entirely. The craze of today is content generation powered by AI; whether it's artwork, videos, music, these new tools are capable of creating it. One of many ethical issues is where the models get their training data; was it scraped with const""]",was it scraped with const',,,"[0, 1123]","{'t': [1127448, 1132424], 'l': 26, 'o': [{'o': 'i', 'i': [0, 1123], 'a': ' was it scraped with const'}]}",,,
16961,49,293,1132.767,editor,d,"[""Automation tools have existed in our world for years now. This is important to recognize especially now as AI tools recieve funding and hype. Intelligent machines are used for multitudes of processes that may be considered tedious, or ones that may be considered too precise. Machines can be beneficial because they are consistent. The elimination of error is more or less impossible, but machines have the potential to avoid messing up more than humans could on certain tasks. A good example would be for predicting weather; machine learning algorithms can process data in real time and possibly predict patterns in the near future. Manufacturing, as mentioned before, is also where machines can outperform humans. In general, I think that with processes that require a large amount of data or those that are repetitive, machines can be beneficial. However, that doesn't mean humans should be phased out entirely. The craze of today is content generation powered by AI; whether it's artwork, videos, music, these new tools are capable of creating it. One of many ethical issues is where the models get their training data; was it scraped with cons""]",,t',,"[[0, 1148], [0, 1149]]","{'t': 1132767, 'o': [{'o': 'd', 'i': [[0, 1148], [0, 1149]]}]}",,,
16962,49,294,1133.15,editor,i,"[""Automation tools have existed in our world for years now. This is important to recognize especially now as AI tools recieve funding and hype. Intelligent machines are used for multitudes of processes that may be considered tedious, or ones that may be considered too precise. Machines can be beneficial because they are consistent. The elimination of error is more or less impossible, but machines have the potential to avoid messing up more than humans could on certain tasks. A good example would be for predicting weather; machine learning algorithms can process data in real time and possibly predict patterns in the near future. Manufacturing, as mentioned before, is also where machines can outperform humans. In general, I think that with processes that require a large amount of data or those that are repetitive, machines can be beneficial. However, that doesn't mean humans should be phased out entirely. The craze of today is content generation powered by AI; whether it's artwork, videos, music, these new tools are capable of creating it. One of many ethical issues is where the models get their training data; was it scraped with conset""]",et',,,"[0, 1148]","{'t': [1132919, 1133150], 'l': 2, 'o': [{'o': 'i', 'i': [0, 1148], 'a': 'et'}]}",,,
16963,49,295,1133.612,editor,d,"[""Automation tools have existed in our world for years now. This is important to recognize especially now as AI tools recieve funding and hype. Intelligent machines are used for multitudes of processes that may be considered tedious, or ones that may be considered too precise. Machines can be beneficial because they are consistent. The elimination of error is more or less impossible, but machines have the potential to avoid messing up more than humans could on certain tasks. A good example would be for predicting weather; machine learning algorithms can process data in real time and possibly predict patterns in the near future. Manufacturing, as mentioned before, is also where machines can outperform humans. In general, I think that with processes that require a large amount of data or those that are repetitive, machines can be beneficial. However, that doesn't mean humans should be phased out entirely. The craze of today is content generation powered by AI; whether it's artwork, videos, music, these new tools are capable of creating it. One of many ethical issues is where the models get their training data; was it scraped with conse""]",,t',,"[[0, 1149], [0, 1150]]","{'t': 1133612, 'o': [{'o': 'd', 'i': [[0, 1149], [0, 1150]]}]}",,,
16964,49,296,1137.145,editor,i,"[""Automation tools have existed in our world for years now. This is important to recognize especially now as AI tools recieve funding and hype. Intelligent machines are used for multitudes of processes that may be considered tedious, or ones that may be considered too precise. Machines can be beneficial because they are consistent. The elimination of error is more or less impossible, but machines have the potential to avoid messing up more than humans could on certain tasks. A good example would be for predicting weather; machine learning algorithms can process data in real time and possibly predict patterns in the near future. Manufacturing, as mentioned before, is also where machines can outperform humans. In general, I think that with processes that require a large amount of data or those that are repetitive, machines can be beneficial. However, that doesn't mean humans should be phased out entirely. The craze of today is content generation powered by AI; whether it's artwork, videos, music, these new tools are capable of creating it. One of many ethical issues is where the models get their training data; was it scraped with consent of the owner or not? ""]",nt of the owner or not? ',,,"[0, 1149]","{'t': [1133821, 1137145], 'l': 24, 'o': [{'o': 'i', 'i': [0, 1149], 'a': 'nt of the owner or not? '}]}",,,
16965,49,297,1144.053,editor,i,"[""Automation tools have existed in our world for years now. This is important to recognize especially now as AI tools recieve funding and hype. Intelligent machines are used for multitudes of processes that may be considered tedious, or ones that may be considered too precise. Machines can be beneficial because they are consistent. The elimination of error is more or less impossible, but machines have the potential to avoid messing up more than humans could on certain tasks. A good example would be for predicting weather; machine learning algorithms can process data in real time and possibly predict patterns in the near future. Manufacturing, as mentioned before, is also where machines can outperform humans. In general, I think that with processes that require a large amount of data or those that are repetitive, machines can be beneficial. However, that doesn't mean humans should be phased out entirely. The craze of today is content generation powered by AI; whether it's artwork, videos, music, these new tools are capable of creating it. One of many ethical issues is where the models get their training data; was it scraped with consent of the owner or not? A""]",A',,,"[0, 1173]","{'t': 1144053, 'o': [{'o': 'i', 'i': [0, 1173], 'a': 'A'}]}",,,
16966,49,298,1145.917,editor,i,"[""Automation tools have existed in our world for years now. This is important to recognize especially now as AI tools recieve funding and hype. Intelligent machines are used for multitudes of processes that may be considered tedious, or ones that may be considered too precise. Machines can be beneficial because they are consistent. The elimination of error is more or less impossible, but machines have the potential to avoid messing up more than humans could on certain tasks. A good example would be for predicting weather; machine learning algorithms can process data in real time and possibly predict patterns in the near future. Manufacturing, as mentioned before, is also where machines can outperform humans. In general, I think that with processes that require a large amount of data or those that are repetitive, machines can be beneficial. However, that doesn't mean humans should be phased out entirely. The craze of today is content generation powered by AI; whether it's artwork, videos, music, these new tools are capable of creating it. One of many ethical issues is where the models get their training data; was it scraped with consent of the owner or not? As AI ""]",s AI ',,,"[0, 1174]","{'t': [1144221, 1145917], 'l': 5, 'o': [{'o': 'i', 'i': [0, 1174], 'a': 's AI '}]}",,,
16967,49,299,1152.127,editor,i,"[""Automation tools have existed in our world for years now. This is important to recognize especially now as AI tools recieve funding and hype. Intelligent machines are used for multitudes of processes that may be considered tedious, or ones that may be considered too precise. Machines can be beneficial because they are consistent. The elimination of error is more or less impossible, but machines have the potential to avoid messing up more than humans could on certain tasks. A good example would be for predicting weather; machine learning algorithms can process data in real time and possibly predict patterns in the near future. Manufacturing, as mentioned before, is also where machines can outperform humans. In general, I think that with processes that require a large amount of data or those that are repetitive, machines can be beneficial. However, that doesn't mean humans should be phased out entirely. The craze of today is content generation powered by AI; whether it's artwork, videos, music, these new tools are capable of creating it. One of many ethical issues is where the models get their training data; was it scraped with consent of the owner or not? As AI p""]",p',,,"[0, 1179]","{'t': 1152127, 'o': [{'o': 'i', 'i': [0, 1179], 'a': 'p'}]}",,,
16968,49,300,1152.834,editor,i,"[""Automation tools have existed in our world for years now. This is important to recognize especially now as AI tools recieve funding and hype. Intelligent machines are used for multitudes of processes that may be considered tedious, or ones that may be considered too precise. Machines can be beneficial because they are consistent. The elimination of error is more or less impossible, but machines have the potential to avoid messing up more than humans could on certain tasks. A good example would be for predicting weather; machine learning algorithms can process data in real time and possibly predict patterns in the near future. Manufacturing, as mentioned before, is also where machines can outperform humans. In general, I think that with processes that require a large amount of data or those that are repetitive, machines can be beneficial. However, that doesn't mean humans should be phased out entirely. The craze of today is content generation powered by AI; whether it's artwork, videos, music, these new tools are capable of creating it. One of many ethical issues is where the models get their training data; was it scraped with consent of the owner or not? As AI pshes""]",shes',,,"[0, 1180]","{'t': [1152499, 1152834], 'l': 4, 'o': [{'o': 'i', 'i': [0, 1180], 'a': 'shes'}]}",,,
16969,49,301,1153.596,editor,d,"[""Automation tools have existed in our world for years now. This is important to recognize especially now as AI tools recieve funding and hype. Intelligent machines are used for multitudes of processes that may be considered tedious, or ones that may be considered too precise. Machines can be beneficial because they are consistent. The elimination of error is more or less impossible, but machines have the potential to avoid messing up more than humans could on certain tasks. A good example would be for predicting weather; machine learning algorithms can process data in real time and possibly predict patterns in the near future. Manufacturing, as mentioned before, is also where machines can outperform humans. In general, I think that with processes that require a large amount of data or those that are repetitive, machines can be beneficial. However, that doesn't mean humans should be phased out entirely. The craze of today is content generation powered by AI; whether it's artwork, videos, music, these new tools are capable of creating it. One of many ethical issues is where the models get their training data; was it scraped with consent of the owner or not? As AI p""]",,shes',,"[[0, 1180], [0, 1184]]","{'t': [1153182, 1153596], 'l': 4, 'o': [{'o': 'd', 'i': [[0, 1180], [0, 1184]], 'd': [[1, 4]]}]}",,,
16970,49,302,1155.508,editor,i,"[""Automation tools have existed in our world for years now. This is important to recognize especially now as AI tools recieve funding and hype. Intelligent machines are used for multitudes of processes that may be considered tedious, or ones that may be considered too precise. Machines can be beneficial because they are consistent. The elimination of error is more or less impossible, but machines have the potential to avoid messing up more than humans could on certain tasks. A good example would be for predicting weather; machine learning algorithms can process data in real time and possibly predict patterns in the near future. Manufacturing, as mentioned before, is also where machines can outperform humans. In general, I think that with processes that require a large amount of data or those that are repetitive, machines can be beneficial. However, that doesn't mean humans should be phased out entirely. The craze of today is content generation powered by AI; whether it's artwork, videos, music, these new tools are capable of creating it. One of many ethical issues is where the models get their training data; was it scraped with consent of the owner or not? As AI pushes into r""]",ushes into r',,,"[0, 1180]","{'t': [1153877, 1155508], 'l': 12, 'o': [{'o': 'i', 'i': [0, 1180], 'a': 'ushes into r'}]}",,,
16971,49,303,1155.796,editor,d,"[""Automation tools have existed in our world for years now. This is important to recognize especially now as AI tools recieve funding and hype. Intelligent machines are used for multitudes of processes that may be considered tedious, or ones that may be considered too precise. Machines can be beneficial because they are consistent. The elimination of error is more or less impossible, but machines have the potential to avoid messing up more than humans could on certain tasks. A good example would be for predicting weather; machine learning algorithms can process data in real time and possibly predict patterns in the near future. Manufacturing, as mentioned before, is also where machines can outperform humans. In general, I think that with processes that require a large amount of data or those that are repetitive, machines can be beneficial. However, that doesn't mean humans should be phased out entirely. The craze of today is content generation powered by AI; whether it's artwork, videos, music, these new tools are capable of creating it. One of many ethical issues is where the models get their training data; was it scraped with consent of the owner or not? As AI pushes into ""]",,r',,"[[0, 1191], [0, 1192]]","{'t': 1155796, 'o': [{'o': 'd', 'i': [[0, 1191], [0, 1192]]}]}",,,
16972,49,304,1160.138,editor,i,"[""Automation tools have existed in our world for years now. This is important to recognize especially now as AI tools recieve funding and hype. Intelligent machines are used for multitudes of processes that may be considered tedious, or ones that may be considered too precise. Machines can be beneficial because they are consistent. The elimination of error is more or less impossible, but machines have the potential to avoid messing up more than humans could on certain tasks. A good example would be for predicting weather; machine learning algorithms can process data in real time and possibly predict patterns in the near future. Manufacturing, as mentioned before, is also where machines can outperform humans. In general, I think that with processes that require a large amount of data or those that are repetitive, machines can be beneficial. However, that doesn't mean humans should be phased out entirely. The craze of today is content generation powered by AI; whether it's artwork, videos, music, these new tools are capable of creating it. One of many ethical issues is where the models get their training data; was it scraped with consent of the owner or not? As AI pushes into creative spaces, I believe we""]","creative spaces, I believe we'",,,"[0, 1191]","{'t': [1155921, 1160138], 'l': 29, 'o': [{'o': 'i', 'i': [0, 1191], 'a': 'creative spaces, I believe we'}]}",,,
16973,49,305,1161.697,editor,i,"[""Automation tools have existed in our world for years now. This is important to recognize especially now as AI tools recieve funding and hype. Intelligent machines are used for multitudes of processes that may be considered tedious, or ones that may be considered too precise. Machines can be beneficial because they are consistent. The elimination of error is more or less impossible, but machines have the potential to avoid messing up more than humans could on certain tasks. A good example would be for predicting weather; machine learning algorithms can process data in real time and possibly predict patterns in the near future. Manufacturing, as mentioned before, is also where machines can outperform humans. In general, I think that with processes that require a large amount of data or those that are repetitive, machines can be beneficial. However, that doesn't mean humans should be phased out entirely. The craze of today is content generation powered by AI; whether it's artwork, videos, music, these new tools are capable of creating it. One of many ethical issues is where the models get their training data; was it scraped with consent of the owner or not? As AI pushes into creative spaces, I believe we ""]",,,,"[0, 1220]","{'t': 1161697, 'o': [{'o': 'i', 'i': [0, 1220], 'a': ' '}]}",,,
16974,49,306,1164.587,editor,i,"[""Automation tools have existed in our world for years now. This is important to recognize especially now as AI tools recieve funding and hype. Intelligent machines are used for multitudes of processes that may be considered tedious, or ones that may be considered too precise. Machines can be beneficial because they are consistent. The elimination of error is more or less impossible, but machines have the potential to avoid messing up more than humans could on certain tasks. A good example would be for predicting weather; machine learning algorithms can process data in real time and possibly predict patterns in the near future. Manufacturing, as mentioned before, is also where machines can outperform humans. In general, I think that with processes that require a large amount of data or those that are repetitive, machines can be beneficial. However, that doesn't mean humans should be phased out entirely. The craze of today is content generation powered by AI; whether it's artwork, videos, music, these new tools are capable of creating it. One of many ethical issues is where the models get their training data; was it scraped with consent of the owner or not? As AI pushes into creative spaces, I believe we as a society shoul""]",as a society shoul',,,"[0, 1221]","{'t': [1161831, 1164587], 'l': 18, 'o': [{'o': 'i', 'i': [0, 1221], 'a': 'as a society shoul'}]}",,,
16975,49,307,1164.988,editor,d,"[""Automation tools have existed in our world for years now. This is important to recognize especially now as AI tools recieve funding and hype. Intelligent machines are used for multitudes of processes that may be considered tedious, or ones that may be considered too precise. Machines can be beneficial because they are consistent. The elimination of error is more or less impossible, but machines have the potential to avoid messing up more than humans could on certain tasks. A good example would be for predicting weather; machine learning algorithms can process data in real time and possibly predict patterns in the near future. Manufacturing, as mentioned before, is also where machines can outperform humans. In general, I think that with processes that require a large amount of data or those that are repetitive, machines can be beneficial. However, that doesn't mean humans should be phased out entirely. The craze of today is content generation powered by AI; whether it's artwork, videos, music, these new tools are capable of creating it. One of many ethical issues is where the models get their training data; was it scraped with consent of the owner or not? As AI pushes into creative spaces, I believe we as a society shou""]",,l',,"[[0, 1238], [0, 1239]]","{'t': 1164988, 'o': [{'o': 'd', 'i': [[0, 1238], [0, 1239]]}]}",,,
16976,49,308,1165.887,editor,i,"[""Automation tools have existed in our world for years now. This is important to recognize especially now as AI tools recieve funding and hype. Intelligent machines are used for multitudes of processes that may be considered tedious, or ones that may be considered too precise. Machines can be beneficial because they are consistent. The elimination of error is more or less impossible, but machines have the potential to avoid messing up more than humans could on certain tasks. A good example would be for predicting weather; machine learning algorithms can process data in real time and possibly predict patterns in the near future. Manufacturing, as mentioned before, is also where machines can outperform humans. In general, I think that with processes that require a large amount of data or those that are repetitive, machines can be beneficial. However, that doesn't mean humans should be phased out entirely. The craze of today is content generation powered by AI; whether it's artwork, videos, music, these new tools are capable of creating it. One of many ethical issues is where the models get their training data; was it scraped with consent of the owner or not? As AI pushes into creative spaces, I believe we as a society shoudd""]",dd',,,"[0, 1238]","{'t': [1165014, 1165887], 'l': 2, 'o': [{'o': 'i', 'i': [0, 1238], 'a': 'dd'}]}",,,
16977,49,309,1166.42,editor,d,"[""Automation tools have existed in our world for years now. This is important to recognize especially now as AI tools recieve funding and hype. Intelligent machines are used for multitudes of processes that may be considered tedious, or ones that may be considered too precise. Machines can be beneficial because they are consistent. The elimination of error is more or less impossible, but machines have the potential to avoid messing up more than humans could on certain tasks. A good example would be for predicting weather; machine learning algorithms can process data in real time and possibly predict patterns in the near future. Manufacturing, as mentioned before, is also where machines can outperform humans. In general, I think that with processes that require a large amount of data or those that are repetitive, machines can be beneficial. However, that doesn't mean humans should be phased out entirely. The craze of today is content generation powered by AI; whether it's artwork, videos, music, these new tools are capable of creating it. One of many ethical issues is where the models get their training data; was it scraped with consent of the owner or not? As AI pushes into creative spaces, I believe we as a society shou""]",,dd',,"[[0, 1238], [0, 1240]]","{'t': [1166284, 1166420], 'l': 2, 'o': [{'o': 'd', 'i': [[0, 1238], [0, 1240]], 'd': [[1, 2]]}]}",,,
16978,49,310,1171.088,editor,i,"[""Automation tools have existed in our world for years now. This is important to recognize especially now as AI tools recieve funding and hype. Intelligent machines are used for multitudes of processes that may be considered tedious, or ones that may be considered too precise. Machines can be beneficial because they are consistent. The elimination of error is more or less impossible, but machines have the potential to avoid messing up more than humans could on certain tasks. A good example would be for predicting weather; machine learning algorithms can process data in real time and possibly predict patterns in the near future. Manufacturing, as mentioned before, is also where machines can outperform humans. In general, I think that with processes that require a large amount of data or those that are repetitive, machines can be beneficial. However, that doesn't mean humans should be phased out entirely. The craze of today is content generation powered by AI; whether it's artwork, videos, music, these new tools are capable of creating it. One of many ethical issues is where the models get their training data; was it scraped with consent of the owner or not? As AI pushes into creative spaces, I believe we as a society should reject the idea of replacing creatie""]",ld reject the idea of replacing creatie',,,"[0, 1238]","{'t': [1166590, 1171088], 'l': 39, 'o': [{'o': 'i', 'i': [0, 1238], 'a': 'ld reject the idea of replacing creatie'}]}",,,
16979,49,311,1171.384,editor,d,"[""Automation tools have existed in our world for years now. This is important to recognize especially now as AI tools recieve funding and hype. Intelligent machines are used for multitudes of processes that may be considered tedious, or ones that may be considered too precise. Machines can be beneficial because they are consistent. The elimination of error is more or less impossible, but machines have the potential to avoid messing up more than humans could on certain tasks. A good example would be for predicting weather; machine learning algorithms can process data in real time and possibly predict patterns in the near future. Manufacturing, as mentioned before, is also where machines can outperform humans. In general, I think that with processes that require a large amount of data or those that are repetitive, machines can be beneficial. However, that doesn't mean humans should be phased out entirely. The craze of today is content generation powered by AI; whether it's artwork, videos, music, these new tools are capable of creating it. One of many ethical issues is where the models get their training data; was it scraped with consent of the owner or not? As AI pushes into creative spaces, I believe we as a society should reject the idea of replacing creati""]",,e',,"[[0, 1276], [0, 1277]]","{'t': 1171384, 'o': [{'o': 'd', 'i': [[0, 1276], [0, 1277]]}]}",,,
16980,49,312,1172.001,editor,i,"[""Automation tools have existed in our world for years now. This is important to recognize especially now as AI tools recieve funding and hype. Intelligent machines are used for multitudes of processes that may be considered tedious, or ones that may be considered too precise. Machines can be beneficial because they are consistent. The elimination of error is more or less impossible, but machines have the potential to avoid messing up more than humans could on certain tasks. A good example would be for predicting weather; machine learning algorithms can process data in real time and possibly predict patterns in the near future. Manufacturing, as mentioned before, is also where machines can outperform humans. In general, I think that with processes that require a large amount of data or those that are repetitive, machines can be beneficial. However, that doesn't mean humans should be phased out entirely. The craze of today is content generation powered by AI; whether it's artwork, videos, music, these new tools are capable of creating it. One of many ethical issues is where the models get their training data; was it scraped with consent of the owner or not? As AI pushes into creative spaces, I believe we as a society should reject the idea of replacing creatives. ""]",ves. ',,,"[0, 1276]","{'t': [1171454, 1172001], 'l': 5, 'o': [{'o': 'i', 'i': [0, 1276], 'a': 'ves. '}]}",,,
16981,49,313,1186.146,editor,i,"[""Automation tools have existed in our world for years now. This is important to recognize especially now as AI tools recieve funding and hype. Intelligent machines are used for multitudes of processes that may be considered tedious, or ones that may be considered too precise. Machines can be beneficial because they are consistent. The elimination of error is more or less impossible, but machines have the potential to avoid messing up more than humans could on certain tasks. A good example would be for predicting weather; machine learning algorithms can process data in real time and possibly predict patterns in the near future. Manufacturing, as mentioned before, is also where machines can outperform humans. In general, I think that with processes that require a large amount of data or those that are repetitive, machines can be beneficial. However, that doesn't mean humans should be phased out entirely. The craze of today is content generation powered by AI; whether it's artwork, videos, music, these new tools are capable of creating it. One of many ethical issues is where the models get their training data; was it scraped with consent of the owner or not? As AI pushes into creative spaces, I believe we as a society should reject the idea of replacing creatives. l""]",l',,,"[0, 1281]","{'t': 1186146, 'o': [{'o': 'i', 'i': [0, 1281], 'a': 'l'}]}",,,
16982,49,314,1186.575,editor,i,"[""Automation tools have existed in our world for years now. This is important to recognize especially now as AI tools recieve funding and hype. Intelligent machines are used for multitudes of processes that may be considered tedious, or ones that may be considered too precise. Machines can be beneficial because they are consistent. The elimination of error is more or less impossible, but machines have the potential to avoid messing up more than humans could on certain tasks. A good example would be for predicting weather; machine learning algorithms can process data in real time and possibly predict patterns in the near future. Manufacturing, as mentioned before, is also where machines can outperform humans. In general, I think that with processes that require a large amount of data or those that are repetitive, machines can be beneficial. However, that doesn't mean humans should be phased out entirely. The craze of today is content generation powered by AI; whether it's artwork, videos, music, these new tools are capable of creating it. One of many ethical issues is where the models get their training data; was it scraped with consent of the owner or not? As AI pushes into creative spaces, I believe we as a society should reject the idea of replacing creatives. ltm""]",tm',,,"[0, 1282]","{'t': [1186261, 1186575], 'l': 2, 'o': [{'o': 'i', 'i': [0, 1282], 'a': 'tm'}]}",,,
16983,49,315,1187.155,editor,d,"[""Automation tools have existed in our world for years now. This is important to recognize especially now as AI tools recieve funding and hype. Intelligent machines are used for multitudes of processes that may be considered tedious, or ones that may be considered too precise. Machines can be beneficial because they are consistent. The elimination of error is more or less impossible, but machines have the potential to avoid messing up more than humans could on certain tasks. A good example would be for predicting weather; machine learning algorithms can process data in real time and possibly predict patterns in the near future. Manufacturing, as mentioned before, is also where machines can outperform humans. In general, I think that with processes that require a large amount of data or those that are repetitive, machines can be beneficial. However, that doesn't mean humans should be phased out entirely. The craze of today is content generation powered by AI; whether it's artwork, videos, music, these new tools are capable of creating it. One of many ethical issues is where the models get their training data; was it scraped with consent of the owner or not? As AI pushes into creative spaces, I believe we as a society should reject the idea of replacing creatives. ""]",,ltm',,"[[0, 1281], [0, 1284]]","{'t': [1186851, 1187155], 'l': 3, 'o': [{'o': 'd', 'i': [[0, 1281], [0, 1284]], 'd': [[1, 3]]}]}",,,
16984,49,316,1189.811,editor,i,"[""Automation tools have existed in our world for years now. This is important to recognize especially now as AI tools recieve funding and hype. Intelligent machines are used for multitudes of processes that may be considered tedious, or ones that may be considered too precise. Machines can be beneficial because they are consistent. The elimination of error is more or less impossible, but machines have the potential to avoid messing up more than humans could on certain tasks. A good example would be for predicting weather; machine learning algorithms can process data in real time and possibly predict patterns in the near future. Manufacturing, as mentioned before, is also where machines can outperform humans. In general, I think that with processes that require a large amount of data or those that are repetitive, machines can be beneficial. However, that doesn't mean humans should be phased out entirely. The craze of today is content generation powered by AI; whether it's artwork, videos, music, these new tools are capable of creating it. One of many ethical issues is where the models get their training data; was it scraped with consent of the owner or not? As AI pushes into creative spaces, I believe we as a society should reject the idea of replacing creatives. Ultimately, ""]","Ultimately, '",,,"[0, 1281]","{'t': [1187534, 1189811], 'l': 12, 'o': [{'o': 'i', 'i': [0, 1281], 'a': 'Ultimately, '}]}",,,
16985,49,317,1193.193,editor,i,"[""Automation tools have existed in our world for years now. This is important to recognize especially now as AI tools recieve funding and hype. Intelligent machines are used for multitudes of processes that may be considered tedious, or ones that may be considered too precise. Machines can be beneficial because they are consistent. The elimination of error is more or less impossible, but machines have the potential to avoid messing up more than humans could on certain tasks. A good example would be for predicting weather; machine learning algorithms can process data in real time and possibly predict patterns in the near future. Manufacturing, as mentioned before, is also where machines can outperform humans. In general, I think that with processes that require a large amount of data or those that are repetitive, machines can be beneficial. However, that doesn't mean humans should be phased out entirely. The craze of today is content generation powered by AI; whether it's artwork, videos, music, these new tools are capable of creating it. One of many ethical issues is where the models get their training data; was it scraped with consent of the owner or not? As AI pushes into creative spaces, I believe we as a society should reject the idea of replacing creatives. Ultimately, I""]",I',,,"[0, 1293]","{'t': 1193193, 'o': [{'o': 'i', 'i': [0, 1293], 'a': 'I'}]}",,,
16986,49,318,1197.827,editor,i,"[""Automation tools have existed in our world for years now. This is important to recognize especially now as AI tools recieve funding and hype. Intelligent machines are used for multitudes of processes that may be considered tedious, or ones that may be considered too precise. Machines can be beneficial because they are consistent. The elimination of error is more or less impossible, but machines have the potential to avoid messing up more than humans could on certain tasks. A good example would be for predicting weather; machine learning algorithms can process data in real time and possibly predict patterns in the near future. Manufacturing, as mentioned before, is also where machines can outperform humans. In general, I think that with processes that require a large amount of data or those that are repetitive, machines can be beneficial. However, that doesn't mean humans should be phased out entirely. The craze of today is content generation powered by AI; whether it's artwork, videos, music, these new tools are capable of creating it. One of many ethical issues is where the models get their training data; was it scraped with consent of the owner or not? As AI pushes into creative spaces, I believe we as a society should reject the idea of replacing creatives. Ultimately, I do not think that humans were mena""]",do not think that humans were mena',,,"[0, 1294]","{'t': [1193392, 1197827], 'l': 35, 'o': [{'o': 'i', 'i': [0, 1294], 'a': ' do not think that humans were mena'}]}",,,
16987,49,319,1198.494,editor,d,"[""Automation tools have existed in our world for years now. This is important to recognize especially now as AI tools recieve funding and hype. Intelligent machines are used for multitudes of processes that may be considered tedious, or ones that may be considered too precise. Machines can be beneficial because they are consistent. The elimination of error is more or less impossible, but machines have the potential to avoid messing up more than humans could on certain tasks. A good example would be for predicting weather; machine learning algorithms can process data in real time and possibly predict patterns in the near future. Manufacturing, as mentioned before, is also where machines can outperform humans. In general, I think that with processes that require a large amount of data or those that are repetitive, machines can be beneficial. However, that doesn't mean humans should be phased out entirely. The craze of today is content generation powered by AI; whether it's artwork, videos, music, these new tools are capable of creating it. One of many ethical issues is where the models get their training data; was it scraped with consent of the owner or not? As AI pushes into creative spaces, I believe we as a society should reject the idea of replacing creatives. Ultimately, I do not think that humans were me""]",,na',,"[[0, 1327], [0, 1329]]","{'t': [1198352, 1198494], 'l': 2, 'o': [{'o': 'd', 'i': [[0, 1327], [0, 1329]], 'd': [[1, 2]]}]}",,,
16988,49,320,1199.469,editor,i,"[""Automation tools have existed in our world for years now. This is important to recognize especially now as AI tools recieve funding and hype. Intelligent machines are used for multitudes of processes that may be considered tedious, or ones that may be considered too precise. Machines can be beneficial because they are consistent. The elimination of error is more or less impossible, but machines have the potential to avoid messing up more than humans could on certain tasks. A good example would be for predicting weather; machine learning algorithms can process data in real time and possibly predict patterns in the near future. Manufacturing, as mentioned before, is also where machines can outperform humans. In general, I think that with processes that require a large amount of data or those that are repetitive, machines can be beneficial. However, that doesn't mean humans should be phased out entirely. The craze of today is content generation powered by AI; whether it's artwork, videos, music, these new tools are capable of creating it. One of many ethical issues is where the models get their training data; was it scraped with consent of the owner or not? As AI pushes into creative spaces, I believe we as a society should reject the idea of replacing creatives. Ultimately, I do not think that humans were meant to e""]",ant to e',,,"[0, 1327]","{'t': [1198565, 1199469], 'l': 8, 'o': [{'o': 'i', 'i': [0, 1327], 'a': 'ant to e'}]}",,,
16989,49,321,1200.729,editor,d,"[""Automation tools have existed in our world for years now. This is important to recognize especially now as AI tools recieve funding and hype. Intelligent machines are used for multitudes of processes that may be considered tedious, or ones that may be considered too precise. Machines can be beneficial because they are consistent. The elimination of error is more or less impossible, but machines have the potential to avoid messing up more than humans could on certain tasks. A good example would be for predicting weather; machine learning algorithms can process data in real time and possibly predict patterns in the near future. Manufacturing, as mentioned before, is also where machines can outperform humans. In general, I think that with processes that require a large amount of data or those that are repetitive, machines can be beneficial. However, that doesn't mean humans should be phased out entirely. The craze of today is content generation powered by AI; whether it's artwork, videos, music, these new tools are capable of creating it. One of many ethical issues is where the models get their training data; was it scraped with consent of the owner or not? As AI pushes into creative spaces, I believe we as a society should reject the idea of replacing creatives. Ultimately, I do not think that humans were meant to ""]",,e',,"[[0, 1334], [0, 1335]]","{'t': 1200729, 'o': [{'o': 'd', 'i': [[0, 1334], [0, 1335]]}]}",,,
16990,49,322,1202.548,editor,i,"[""Automation tools have existed in our world for years now. This is important to recognize especially now as AI tools recieve funding and hype. Intelligent machines are used for multitudes of processes that may be considered tedious, or ones that may be considered too precise. Machines can be beneficial because they are consistent. The elimination of error is more or less impossible, but machines have the potential to avoid messing up more than humans could on certain tasks. A good example would be for predicting weather; machine learning algorithms can process data in real time and possibly predict patterns in the near future. Manufacturing, as mentioned before, is also where machines can outperform humans. In general, I think that with processes that require a large amount of data or those that are repetitive, machines can be beneficial. However, that doesn't mean humans should be phased out entirely. The craze of today is content generation powered by AI; whether it's artwork, videos, music, these new tools are capable of creating it. One of many ethical issues is where the models get their training data; was it scraped with consent of the owner or not? As AI pushes into creative spaces, I believe we as a society should reject the idea of replacing creatives. Ultimately, I do not think that humans were meant to be replacd""]",be replacd',,,"[0, 1334]","{'t': [1201025, 1202548], 'l': 10, 'o': [{'o': 'i', 'i': [0, 1334], 'a': 'be replacd'}]}",,,
16991,49,323,1202.987,editor,d,"[""Automation tools have existed in our world for years now. This is important to recognize especially now as AI tools recieve funding and hype. Intelligent machines are used for multitudes of processes that may be considered tedious, or ones that may be considered too precise. Machines can be beneficial because they are consistent. The elimination of error is more or less impossible, but machines have the potential to avoid messing up more than humans could on certain tasks. A good example would be for predicting weather; machine learning algorithms can process data in real time and possibly predict patterns in the near future. Manufacturing, as mentioned before, is also where machines can outperform humans. In general, I think that with processes that require a large amount of data or those that are repetitive, machines can be beneficial. However, that doesn't mean humans should be phased out entirely. The craze of today is content generation powered by AI; whether it's artwork, videos, music, these new tools are capable of creating it. One of many ethical issues is where the models get their training data; was it scraped with consent of the owner or not? As AI pushes into creative spaces, I believe we as a society should reject the idea of replacing creatives. Ultimately, I do not think that humans were meant to be replac""]",,d',,"[[0, 1343], [0, 1344]]","{'t': 1202987, 'o': [{'o': 'd', 'i': [[0, 1343], [0, 1344]]}]}",,,
16992,49,324,1203.31,editor,i,"[""Automation tools have existed in our world for years now. This is important to recognize especially now as AI tools recieve funding and hype. Intelligent machines are used for multitudes of processes that may be considered tedious, or ones that may be considered too precise. Machines can be beneficial because they are consistent. The elimination of error is more or less impossible, but machines have the potential to avoid messing up more than humans could on certain tasks. A good example would be for predicting weather; machine learning algorithms can process data in real time and possibly predict patterns in the near future. Manufacturing, as mentioned before, is also where machines can outperform humans. In general, I think that with processes that require a large amount of data or those that are repetitive, machines can be beneficial. However, that doesn't mean humans should be phased out entirely. The craze of today is content generation powered by AI; whether it's artwork, videos, music, these new tools are capable of creating it. One of many ethical issues is where the models get their training data; was it scraped with consent of the owner or not? As AI pushes into creative spaces, I believe we as a society should reject the idea of replacing creatives. Ultimately, I do not think that humans were meant to be replaced""]",ed',,,"[0, 1343]","{'t': [1203132, 1203310], 'l': 2, 'o': [{'o': 'i', 'i': [0, 1343], 'a': 'ed'}]}",,,
16993,49,325,1205.964,editor,i,"[""Automation tools have existed in our world for years now. This is important to recognize especially now as AI tools recieve funding and hype. Intelligent machines are used for multitudes of processes that may be considered tedious, or ones that may be considered too precise. Machines can be beneficial because they are consistent. The elimination of error is more or less impossible, but machines have the potential to avoid messing up more than humans could on certain tasks. A good example would be for predicting weather; machine learning algorithms can process data in real time and possibly predict patterns in the near future. Manufacturing, as mentioned before, is also where machines can outperform humans. In general, I think that with processes that require a large amount of data or those that are repetitive, machines can be beneficial. However, that doesn't mean humans should be phased out entirely. The craze of today is content generation powered by AI; whether it's artwork, videos, music, these new tools are capable of creating it. One of many ethical issues is where the models get their training data; was it scraped with consent of the owner or not? As AI pushes into creative spaces, I believe we as a society should reject the idea of replacing creatives. Ultimately, I do not think that humans were meant to be replaced,""]",",'",,,"[0, 1345]","{'t': 1205964, 'o': [{'o': 'i', 'i': [0, 1345], 'a': ','}]}",,,
16994,49,326,1208.407,editor,i,"[""Automation tools have existed in our world for years now. This is important to recognize especially now as AI tools recieve funding and hype. Intelligent machines are used for multitudes of processes that may be considered tedious, or ones that may be considered too precise. Machines can be beneficial because they are consistent. The elimination of error is more or less impossible, but machines have the potential to avoid messing up more than humans could on certain tasks. A good example would be for predicting weather; machine learning algorithms can process data in real time and possibly predict patterns in the near future. Manufacturing, as mentioned before, is also where machines can outperform humans. In general, I think that with processes that require a large amount of data or those that are repetitive, machines can be beneficial. However, that doesn't mean humans should be phased out entirely. The craze of today is content generation powered by AI; whether it's artwork, videos, music, these new tools are capable of creating it. One of many ethical issues is where the models get their training data; was it scraped with consent of the owner or not? As AI pushes into creative spaces, I believe we as a society should reject the idea of replacing creatives. Ultimately, I do not think that humans were meant to be replaced, and that includes r""]",and that includes r',,,"[0, 1346]","{'t': [1206106, 1208407], 'l': 20, 'o': [{'o': 'i', 'i': [0, 1346], 'a': ' and that includes r'}]}",,,
16995,49,327,1208.646,editor,d,"[""Automation tools have existed in our world for years now. This is important to recognize especially now as AI tools recieve funding and hype. Intelligent machines are used for multitudes of processes that may be considered tedious, or ones that may be considered too precise. Machines can be beneficial because they are consistent. The elimination of error is more or less impossible, but machines have the potential to avoid messing up more than humans could on certain tasks. A good example would be for predicting weather; machine learning algorithms can process data in real time and possibly predict patterns in the near future. Manufacturing, as mentioned before, is also where machines can outperform humans. In general, I think that with processes that require a large amount of data or those that are repetitive, machines can be beneficial. However, that doesn't mean humans should be phased out entirely. The craze of today is content generation powered by AI; whether it's artwork, videos, music, these new tools are capable of creating it. One of many ethical issues is where the models get their training data; was it scraped with consent of the owner or not? As AI pushes into creative spaces, I believe we as a society should reject the idea of replacing creatives. Ultimately, I do not think that humans were meant to be replaced, and that includes ""]",,r',,"[[0, 1365], [0, 1366]]","{'t': 1208646, 'o': [{'o': 'd', 'i': [[0, 1365], [0, 1366]]}]}",,,
16996,49,328,1214.802,editor,i,"[""Automation tools have existed in our world for years now. This is important to recognize especially now as AI tools recieve funding and hype. Intelligent machines are used for multitudes of processes that may be considered tedious, or ones that may be considered too precise. Machines can be beneficial because they are consistent. The elimination of error is more or less impossible, but machines have the potential to avoid messing up more than humans could on certain tasks. A good example would be for predicting weather; machine learning algorithms can process data in real time and possibly predict patterns in the near future. Manufacturing, as mentioned before, is also where machines can outperform humans. In general, I think that with processes that require a large amount of data or those that are repetitive, machines can be beneficial. However, that doesn't mean humans should be phased out entirely. The craze of today is content generation powered by AI; whether it's artwork, videos, music, these new tools are capable of creating it. One of many ethical issues is where the models get their training data; was it scraped with consent of the owner or not? As AI pushes into creative spaces, I believe we as a society should reject the idea of replacing creatives. Ultimately, I do not think that humans were meant to be replaced, and that includes creatives. While it might be tempting""]",creatives. While it might be tempting',,,"[0, 1365]","{'t': [1208742, 1214802], 'l': 37, 'o': [{'o': 'i', 'i': [0, 1365], 'a': 'creatives. While it might be tempting'}]}",,,
16997,49,329,1216.339,editor,i,"[""Automation tools have existed in our world for years now. This is important to recognize especially now as AI tools recieve funding and hype. Intelligent machines are used for multitudes of processes that may be considered tedious, or ones that may be considered too precise. Machines can be beneficial because they are consistent. The elimination of error is more or less impossible, but machines have the potential to avoid messing up more than humans could on certain tasks. A good example would be for predicting weather; machine learning algorithms can process data in real time and possibly predict patterns in the near future. Manufacturing, as mentioned before, is also where machines can outperform humans. In general, I think that with processes that require a large amount of data or those that are repetitive, machines can be beneficial. However, that doesn't mean humans should be phased out entirely. The craze of today is content generation powered by AI; whether it's artwork, videos, music, these new tools are capable of creating it. One of many ethical issues is where the models get their training data; was it scraped with consent of the owner or not? As AI pushes into creative spaces, I believe we as a society should reject the idea of replacing creatives. Ultimately, I do not think that humans were meant to be replaced, and that includes creatives. While it might be tempting ""]",,,,"[0, 1402]","{'t': 1216339, 'o': [{'o': 'i', 'i': [0, 1402], 'a': ' '}]}",,,
16998,49,330,1220.55,editor,i,"[""Automation tools have existed in our world for years now. This is important to recognize especially now as AI tools recieve funding and hype. Intelligent machines are used for multitudes of processes that may be considered tedious, or ones that may be considered too precise. Machines can be beneficial because they are consistent. The elimination of error is more or less impossible, but machines have the potential to avoid messing up more than humans could on certain tasks. A good example would be for predicting weather; machine learning algorithms can process data in real time and possibly predict patterns in the near future. Manufacturing, as mentioned before, is also where machines can outperform humans. In general, I think that with processes that require a large amount of data or those that are repetitive, machines can be beneficial. However, that doesn't mean humans should be phased out entirely. The craze of today is content generation powered by AI; whether it's artwork, videos, music, these new tools are capable of creating it. One of many ethical issues is where the models get their training data; was it scraped with consent of the owner or not? As AI pushes into creative spaces, I believe we as a society should reject the idea of replacing creatives. Ultimately, I do not think that humans were meant to be replaced, and that includes creatives. While it might be tempting to consider it, at th""]","to consider it, at th'",,,"[0, 1403]","{'t': [1216525, 1220550], 'l': 21, 'o': [{'o': 'i', 'i': [0, 1403], 'a': 'to consider it, at th'}]}",,,
16999,49,331,1222.45,editor,d,"[""Automation tools have existed in our world for years now. This is important to recognize especially now as AI tools recieve funding and hype. Intelligent machines are used for multitudes of processes that may be considered tedious, or ones that may be considered too precise. Machines can be beneficial because they are consistent. The elimination of error is more or less impossible, but machines have the potential to avoid messing up more than humans could on certain tasks. A good example would be for predicting weather; machine learning algorithms can process data in real time and possibly predict patterns in the near future. Manufacturing, as mentioned before, is also where machines can outperform humans. In general, I think that with processes that require a large amount of data or those that are repetitive, machines can be beneficial. However, that doesn't mean humans should be phased out entirely. The craze of today is content generation powered by AI; whether it's artwork, videos, music, these new tools are capable of creating it. One of many ethical issues is where the models get their training data; was it scraped with consent of the owner or not? As AI pushes into creative spaces, I believe we as a society should reject the idea of replacing creatives. Ultimately, I do not think that humans were meant to be replaced, and that includes creatives. While it might be tempting to ""]",,"consider it, at th'",,"[[0, 1406], [0, 1424]]","{'t': [1221352, 1222450], 'l': 18, 'o': [{'o': 'd', 'i': [[0, 1406], [0, 1424]], 'd': [[1, 18]]}]}",,,
17000,49,332,1223.989,editor,d,"[""Automation tools have existed in our world for years now. This is important to recognize especially now as AI tools recieve funding and hype. Intelligent machines are used for multitudes of processes that may be considered tedious, or ones that may be considered too precise. Machines can be beneficial because they are consistent. The elimination of error is more or less impossible, but machines have the potential to avoid messing up more than humans could on certain tasks. A good example would be for predicting weather; machine learning algorithms can process data in real time and possibly predict patterns in the near future. Manufacturing, as mentioned before, is also where machines can outperform humans. In general, I think that with processes that require a large amount of data or those that are repetitive, machines can be beneficial. However, that doesn't mean humans should be phased out entirely. The craze of today is content generation powered by AI; whether it's artwork, videos, music, these new tools are capable of creating it. One of many ethical issues is where the models get their training data; was it scraped with consent of the owner or not? As AI pushes into creative spaces, I believe we as a society should reject the idea of replacing creatives. Ultimately, I do not think that humans were meant to be replaced, and that includes creatives. While it might be tempting ""]",,to ',,"[[0, 1403], [0, 1406]]","{'t': 1223989, 'o': [{'o': 'd', 'i': [[0, 1403], [0, 1406]]}]}",,,
17001,49,333,1224.876,editor,d,"[""Automation tools have existed in our world for years now. This is important to recognize especially now as AI tools recieve funding and hype. Intelligent machines are used for multitudes of processes that may be considered tedious, or ones that may be considered too precise. Machines can be beneficial because they are consistent. The elimination of error is more or less impossible, but machines have the potential to avoid messing up more than humans could on certain tasks. A good example would be for predicting weather; machine learning algorithms can process data in real time and possibly predict patterns in the near future. Manufacturing, as mentioned before, is also where machines can outperform humans. In general, I think that with processes that require a large amount of data or those that are repetitive, machines can be beneficial. However, that doesn't mean humans should be phased out entirely. The craze of today is content generation powered by AI; whether it's artwork, videos, music, these new tools are capable of creating it. One of many ethical issues is where the models get their training data; was it scraped with consent of the owner or not? As AI pushes into creative spaces, I believe we as a society should reject the idea of replacing creatives. Ultimately, I do not think that humans were meant to be replaced, and that includes creatives""]",,. While it might be tempting ',,"[[0, 1374], [0, 1403]]","{'t': [1224168, 1224876], 'l': 6, 'o': [{'o': 'd', 'i': [[0, 1374], [0, 1403]], 'd': [[2, 1], [6, 1], [3, 1], [6, 1], [3, 1], [9, 1]]}]}",,,
17002,49,334,1231.656,editor,i,"[""Automation tools have existed in our world for years now. This is important to recognize especially now as AI tools recieve funding and hype. Intelligent machines are used for multitudes of processes that may be considered tedious, or ones that may be considered too precise. Machines can be beneficial because they are consistent. The elimination of error is more or less impossible, but machines have the potential to avoid messing up more than humans could on certain tasks. A good example would be for predicting weather; machine learning algorithms can process data in real time and possibly predict patterns in the near future. Manufacturing, as mentioned before, is also where machines can outperform humans. In general, I think that with processes that require a large amount of data or those that are repetitive, machines can be beneficial. However, that doesn't mean humans should be phased out entirely. The craze of today is content generation powered by AI; whether it's artwork, videos, music, these new tools are capable of creating it. One of many ethical issues is where the models get their training data; was it scraped with consent of the owner or not? As AI pushes into creative spaces, I believe we as a society should reject the idea of replacing creatives. Ultimately, I do not think that humans were meant to be replaced, and that includes creatives. AI is ultimately derivative; ""]",. AI is ultimately derivative; ',,,"[0, 1374]","{'t': [1225756, 1231656], 'l': 31, 'o': [{'o': 'i', 'i': [0, 1374], 'a': '. AI is ultimately derivative; '}]}",,,
17003,49,335,1232.72,editor,d,"[""Automation tools have existed in our world for years now. This is important to recognize especially now as AI tools recieve funding and hype. Intelligent machines are used for multitudes of processes that may be considered tedious, or ones that may be considered too precise. Machines can be beneficial because they are consistent. The elimination of error is more or less impossible, but machines have the potential to avoid messing up more than humans could on certain tasks. A good example would be for predicting weather; machine learning algorithms can process data in real time and possibly predict patterns in the near future. Manufacturing, as mentioned before, is also where machines can outperform humans. In general, I think that with processes that require a large amount of data or those that are repetitive, machines can be beneficial. However, that doesn't mean humans should be phased out entirely. The craze of today is content generation powered by AI; whether it's artwork, videos, music, these new tools are capable of creating it. One of many ethical issues is where the models get their training data; was it scraped with consent of the owner or not? As AI pushes into creative spaces, I believe we as a society should reject the idea of replacing creatives. Ultimately, I do not think that humans were meant to be replaced, and that includes creatives. AI is ultimately derivative""]",,; ',,"[[0, 1403], [0, 1405]]","{'t': [1232572, 1232720], 'l': 2, 'o': [{'o': 'd', 'i': [[0, 1403], [0, 1405]], 'd': [[1, 2]]}]}",,,
17004,49,336,1233.753,editor,i,"[""Automation tools have existed in our world for years now. This is important to recognize especially now as AI tools recieve funding and hype. Intelligent machines are used for multitudes of processes that may be considered tedious, or ones that may be considered too precise. Machines can be beneficial because they are consistent. The elimination of error is more or less impossible, but machines have the potential to avoid messing up more than humans could on certain tasks. A good example would be for predicting weather; machine learning algorithms can process data in real time and possibly predict patterns in the near future. Manufacturing, as mentioned before, is also where machines can outperform humans. In general, I think that with processes that require a large amount of data or those that are repetitive, machines can be beneficial. However, that doesn't mean humans should be phased out entirely. The craze of today is content generation powered by AI; whether it's artwork, videos, music, these new tools are capable of creating it. One of many ethical issues is where the models get their training data; was it scraped with consent of the owner or not? As AI pushes into creative spaces, I believe we as a society should reject the idea of replacing creatives. Ultimately, I do not think that humans were meant to be replaced, and that includes creatives. AI is ultimately derivative. IT""]",. IT',,,"[0, 1403]","{'t': [1233009, 1233753], 'l': 4, 'o': [{'o': 'i', 'i': [0, 1403], 'a': '. IT'}]}",,,
17005,49,337,1235.047,editor,d,"[""Automation tools have existed in our world for years now. This is important to recognize especially now as AI tools recieve funding and hype. Intelligent machines are used for multitudes of processes that may be considered tedious, or ones that may be considered too precise. Machines can be beneficial because they are consistent. The elimination of error is more or less impossible, but machines have the potential to avoid messing up more than humans could on certain tasks. A good example would be for predicting weather; machine learning algorithms can process data in real time and possibly predict patterns in the near future. Manufacturing, as mentioned before, is also where machines can outperform humans. In general, I think that with processes that require a large amount of data or those that are repetitive, machines can be beneficial. However, that doesn't mean humans should be phased out entirely. The craze of today is content generation powered by AI; whether it's artwork, videos, music, these new tools are capable of creating it. One of many ethical issues is where the models get their training data; was it scraped with consent of the owner or not? As AI pushes into creative spaces, I believe we as a society should reject the idea of replacing creatives. Ultimately, I do not think that humans were meant to be replaced, and that includes creatives. AI is ultimately derivative. I""]",,T',,"[[0, 1406], [0, 1407]]","{'t': 1235047, 'o': [{'o': 'd', 'i': [[0, 1406], [0, 1407]]}]}",,,
17006,49,338,1235.215,editor,d,"[""Automation tools have existed in our world for years now. This is important to recognize especially now as AI tools recieve funding and hype. Intelligent machines are used for multitudes of processes that may be considered tedious, or ones that may be considered too precise. Machines can be beneficial because they are consistent. The elimination of error is more or less impossible, but machines have the potential to avoid messing up more than humans could on certain tasks. A good example would be for predicting weather; machine learning algorithms can process data in real time and possibly predict patterns in the near future. Manufacturing, as mentioned before, is also where machines can outperform humans. In general, I think that with processes that require a large amount of data or those that are repetitive, machines can be beneficial. However, that doesn't mean humans should be phased out entirely. The craze of today is content generation powered by AI; whether it's artwork, videos, music, these new tools are capable of creating it. One of many ethical issues is where the models get their training data; was it scraped with consent of the owner or not? As AI pushes into creative spaces, I believe we as a society should reject the idea of replacing creatives. Ultimately, I do not think that humans were meant to be replaced, and that includes creatives. AI is ultimately derivative. ""]",,I',,"[[0, 1405], [0, 1406]]","{'t': 1235215, 'o': [{'o': 'd', 'i': [[0, 1405], [0, 1406]]}]}",,,
17007,49,339,1236.615,editor,i,"[""Automation tools have existed in our world for years now. This is important to recognize especially now as AI tools recieve funding and hype. Intelligent machines are used for multitudes of processes that may be considered tedious, or ones that may be considered too precise. Machines can be beneficial because they are consistent. The elimination of error is more or less impossible, but machines have the potential to avoid messing up more than humans could on certain tasks. A good example would be for predicting weather; machine learning algorithms can process data in real time and possibly predict patterns in the near future. Manufacturing, as mentioned before, is also where machines can outperform humans. In general, I think that with processes that require a large amount of data or those that are repetitive, machines can be beneficial. However, that doesn't mean humans should be phased out entirely. The craze of today is content generation powered by AI; whether it's artwork, videos, music, these new tools are capable of creating it. One of many ethical issues is where the models get their training data; was it scraped with consent of the owner or not? As AI pushes into creative spaces, I believe we as a society should reject the idea of replacing creatives. Ultimately, I do not think that humans were meant to be replaced, and that includes creatives. AI is ultimately derivative. T""]",T',,,"[0, 1405]","{'t': 1236615, 'o': [{'o': 'i', 'i': [0, 1405], 'a': 'T'}]}",,,
17008,49,340,1237.097,editor,i,"[""Automation tools have existed in our world for years now. This is important to recognize especially now as AI tools recieve funding and hype. Intelligent machines are used for multitudes of processes that may be considered tedious, or ones that may be considered too precise. Machines can be beneficial because they are consistent. The elimination of error is more or less impossible, but machines have the potential to avoid messing up more than humans could on certain tasks. A good example would be for predicting weather; machine learning algorithms can process data in real time and possibly predict patterns in the near future. Manufacturing, as mentioned before, is also where machines can outperform humans. In general, I think that with processes that require a large amount of data or those that are repetitive, machines can be beneficial. However, that doesn't mean humans should be phased out entirely. The craze of today is content generation powered by AI; whether it's artwork, videos, music, these new tools are capable of creating it. One of many ethical issues is where the models get their training data; was it scraped with consent of the owner or not? As AI pushes into creative spaces, I believe we as a society should reject the idea of replacing creatives. Ultimately, I do not think that humans were meant to be replaced, and that includes creatives. AI is ultimately derivative. Thes""]",hes',,,"[0, 1406]","{'t': [1236824, 1237097], 'l': 3, 'o': [{'o': 'i', 'i': [0, 1406], 'a': 'hes'}]}",,,
17009,49,341,1239.74,editor,i,"[""Automation tools have existed in our world for years now. This is important to recognize especially now as AI tools recieve funding and hype. Intelligent machines are used for multitudes of processes that may be considered tedious, or ones that may be considered too precise. Machines can be beneficial because they are consistent. The elimination of error is more or less impossible, but machines have the potential to avoid messing up more than humans could on certain tasks. A good example would be for predicting weather; machine learning algorithms can process data in real time and possibly predict patterns in the near future. Manufacturing, as mentioned before, is also where machines can outperform humans. In general, I think that with processes that require a large amount of data or those that are repetitive, machines can be beneficial. However, that doesn't mean humans should be phased out entirely. The craze of today is content generation powered by AI; whether it's artwork, videos, music, these new tools are capable of creating it. One of many ethical issues is where the models get their training data; was it scraped with consent of the owner or not? As AI pushes into creative spaces, I believe we as a society should reject the idea of replacing creatives. Ultimately, I do not think that humans were meant to be replaced, and that includes creatives. AI is ultimately derivative. These""]",e',,,"[0, 1409]","{'t': 1239740, 'o': [{'o': 'i', 'i': [0, 1409], 'a': 'e'}]}",,,
17010,49,342,1240.66,editor,i,"[""Automation tools have existed in our world for years now. This is important to recognize especially now as AI tools recieve funding and hype. Intelligent machines are used for multitudes of processes that may be considered tedious, or ones that may be considered too precise. Machines can be beneficial because they are consistent. The elimination of error is more or less impossible, but machines have the potential to avoid messing up more than humans could on certain tasks. A good example would be for predicting weather; machine learning algorithms can process data in real time and possibly predict patterns in the near future. Manufacturing, as mentioned before, is also where machines can outperform humans. In general, I think that with processes that require a large amount of data or those that are repetitive, machines can be beneficial. However, that doesn't mean humans should be phased out entirely. The craze of today is content generation powered by AI; whether it's artwork, videos, music, these new tools are capable of creating it. One of many ethical issues is where the models get their training data; was it scraped with consent of the owner or not? As AI pushes into creative spaces, I believe we as a society should reject the idea of replacing creatives. Ultimately, I do not think that humans were meant to be replaced, and that includes creatives. AI is ultimately derivative. These tools""]",tools',,,"[0, 1410]","{'t': [1239907, 1240660], 'l': 6, 'o': [{'o': 'i', 'i': [0, 1410], 'a': ' tools'}]}",,,
17011,49,343,1243.375,editor,i,"[""Automation tools have existed in our world for years now. This is important to recognize especially now as AI tools recieve funding and hype. Intelligent machines are used for multitudes of processes that may be considered tedious, or ones that may be considered too precise. Machines can be beneficial because they are consistent. The elimination of error is more or less impossible, but machines have the potential to avoid messing up more than humans could on certain tasks. A good example would be for predicting weather; machine learning algorithms can process data in real time and possibly predict patterns in the near future. Manufacturing, as mentioned before, is also where machines can outperform humans. In general, I think that with processes that require a large amount of data or those that are repetitive, machines can be beneficial. However, that doesn't mean humans should be phased out entirely. The craze of today is content generation powered by AI; whether it's artwork, videos, music, these new tools are capable of creating it. One of many ethical issues is where the models get their training data; was it scraped with consent of the owner or not? As AI pushes into creative spaces, I believe we as a society should reject the idea of replacing creatives. Ultimately, I do not think that humans were meant to be replaced, and that includes creatives. AI is ultimately derivative. These tools ""]",,,,"[0, 1416]","{'t': 1243375, 'o': [{'o': 'i', 'i': [0, 1416], 'a': ' '}]}",,,
17012,49,344,1244.676,editor,i,"[""Automation tools have existed in our world for years now. This is important to recognize especially now as AI tools recieve funding and hype. Intelligent machines are used for multitudes of processes that may be considered tedious, or ones that may be considered too precise. Machines can be beneficial because they are consistent. The elimination of error is more or less impossible, but machines have the potential to avoid messing up more than humans could on certain tasks. A good example would be for predicting weather; machine learning algorithms can process data in real time and possibly predict patterns in the near future. Manufacturing, as mentioned before, is also where machines can outperform humans. In general, I think that with processes that require a large amount of data or those that are repetitive, machines can be beneficial. However, that doesn't mean humans should be phased out entirely. The craze of today is content generation powered by AI; whether it's artwork, videos, music, these new tools are capable of creating it. One of many ethical issues is where the models get their training data; was it scraped with consent of the owner or not? As AI pushes into creative spaces, I believe we as a society should reject the idea of replacing creatives. Ultimately, I do not think that humans were meant to be replaced, and that includes creatives. AI is ultimately derivative. These tools cannot ""]",cannot ',,,"[0, 1417]","{'t': [1243533, 1244676], 'l': 7, 'o': [{'o': 'i', 'i': [0, 1417], 'a': 'cannot '}]}",,,
17013,49,345,1246.428,editor,i,"[""Automation tools have existed in our world for years now. This is important to recognize especially now as AI tools recieve funding and hype. Intelligent machines are used for multitudes of processes that may be considered tedious, or ones that may be considered too precise. Machines can be beneficial because they are consistent. The elimination of error is more or less impossible, but machines have the potential to avoid messing up more than humans could on certain tasks. A good example would be for predicting weather; machine learning algorithms can process data in real time and possibly predict patterns in the near future. Manufacturing, as mentioned before, is also where machines can outperform humans. In general, I think that with processes that require a large amount of data or those that are repetitive, machines can be beneficial. However, that doesn't mean humans should be phased out entirely. The craze of today is content generation powered by AI; whether it's artwork, videos, music, these new tools are capable of creating it. One of many ethical issues is where the models get their training data; was it scraped with consent of the owner or not? As AI pushes into creative spaces, I believe we as a society should reject the idea of replacing creatives. Ultimately, I do not think that humans were meant to be replaced, and that includes creatives. AI is ultimately derivative. These tools cannot c""]",c',,,"[0, 1424]","{'t': 1246428, 'o': [{'o': 'i', 'i': [0, 1424], 'a': 'c'}]}",,,
17014,49,346,1251.407,editor,i,"[""Automation tools have existed in our world for years now. This is important to recognize especially now as AI tools recieve funding and hype. Intelligent machines are used for multitudes of processes that may be considered tedious, or ones that may be considered too precise. Machines can be beneficial because they are consistent. The elimination of error is more or less impossible, but machines have the potential to avoid messing up more than humans could on certain tasks. A good example would be for predicting weather; machine learning algorithms can process data in real time and possibly predict patterns in the near future. Manufacturing, as mentioned before, is also where machines can outperform humans. In general, I think that with processes that require a large amount of data or those that are repetitive, machines can be beneficial. However, that doesn't mean humans should be phased out entirely. The craze of today is content generation powered by AI; whether it's artwork, videos, music, these new tools are capable of creating it. One of many ethical issues is where the models get their training data; was it scraped with consent of the owner or not? As AI pushes into creative spaces, I believe we as a society should reject the idea of replacing creatives. Ultimately, I do not think that humans were meant to be replaced, and that includes creatives. AI is ultimately derivative. These tools cannot create anything new, instead te""]","reate anything new, instead te'",,,"[0, 1425]","{'t': [1246674, 1251407], 'l': 30, 'o': [{'o': 'i', 'i': [0, 1425], 'a': 'reate anything new, instead te'}]}",,,
17015,49,347,1252.122,editor,d,"[""Automation tools have existed in our world for years now. This is important to recognize especially now as AI tools recieve funding and hype. Intelligent machines are used for multitudes of processes that may be considered tedious, or ones that may be considered too precise. Machines can be beneficial because they are consistent. The elimination of error is more or less impossible, but machines have the potential to avoid messing up more than humans could on certain tasks. A good example would be for predicting weather; machine learning algorithms can process data in real time and possibly predict patterns in the near future. Manufacturing, as mentioned before, is also where machines can outperform humans. In general, I think that with processes that require a large amount of data or those that are repetitive, machines can be beneficial. However, that doesn't mean humans should be phased out entirely. The craze of today is content generation powered by AI; whether it's artwork, videos, music, these new tools are capable of creating it. One of many ethical issues is where the models get their training data; was it scraped with consent of the owner or not? As AI pushes into creative spaces, I believe we as a society should reject the idea of replacing creatives. Ultimately, I do not think that humans were meant to be replaced, and that includes creatives. AI is ultimately derivative. These tools cannot create anything new, instead t""]",,e',,"[[0, 1454], [0, 1455]]","{'t': 1252122, 'o': [{'o': 'd', 'i': [[0, 1454], [0, 1455]]}]}",,,
17016,49,348,1252.594,editor,i,"[""Automation tools have existed in our world for years now. This is important to recognize especially now as AI tools recieve funding and hype. Intelligent machines are used for multitudes of processes that may be considered tedious, or ones that may be considered too precise. Machines can be beneficial because they are consistent. The elimination of error is more or less impossible, but machines have the potential to avoid messing up more than humans could on certain tasks. A good example would be for predicting weather; machine learning algorithms can process data in real time and possibly predict patterns in the near future. Manufacturing, as mentioned before, is also where machines can outperform humans. In general, I think that with processes that require a large amount of data or those that are repetitive, machines can be beneficial. However, that doesn't mean humans should be phased out entirely. The craze of today is content generation powered by AI; whether it's artwork, videos, music, these new tools are capable of creating it. One of many ethical issues is where the models get their training data; was it scraped with consent of the owner or not? As AI pushes into creative spaces, I believe we as a society should reject the idea of replacing creatives. Ultimately, I do not think that humans were meant to be replaced, and that includes creatives. AI is ultimately derivative. These tools cannot create anything new, instead they""]",hey',,,"[0, 1454]","{'t': [1252415, 1252594], 'l': 3, 'o': [{'o': 'i', 'i': [0, 1454], 'a': 'hey'}]}",,,
17017,49,349,1303.69,editor,i,"[""Automation tools have existed in our world for years now. This is important to recognize especially now as AI tools recieve funding and hype. Intelligent machines are used for multitudes of processes that may be considered tedious, or ones that may be considered too precise. Machines can be beneficial because they are consistent. The elimination of error is more or less impossible, but machines have the potential to avoid messing up more than humans could on certain tasks. A good example would be for predicting weather; machine learning algorithms can process data in real time and possibly predict patterns in the near future. Manufacturing, as mentioned before, is also where machines can outperform humans. In general, I think that with processes that require a large amount of data or those that are repetitive, machines can be beneficial. However, that doesn't mean humans should be phased out entirely. The craze of today is content generation powered by AI; whether it's artwork, videos, music, these new tools are capable of creating it. One of many ethical issues is where the models get their training data; was it scraped with consent of the owner or not? As AI pushes into creative spaces, I believe we as a society should reject the idea of replacing creatives. Ultimately, I do not think that humans were meant to be replaced, and that includes creatives. AI is ultimately derivative. These tools cannot create anything new, instead they ""]",,,,"[0, 1457]","{'t': 1303690, 'o': [{'o': 'i', 'i': [0, 1457], 'a': ' '}]}",,,
17018,49,350,1307.09,editor,i,"[""Automation tools have existed in our world for years now. This is important to recognize especially now as AI tools recieve funding and hype. Intelligent machines are used for multitudes of processes that may be considered tedious, or ones that may be considered too precise. Machines can be beneficial because they are consistent. The elimination of error is more or less impossible, but machines have the potential to avoid messing up more than humans could on certain tasks. A good example would be for predicting weather; machine learning algorithms can process data in real time and possibly predict patterns in the near future. Manufacturing, as mentioned before, is also where machines can outperform humans. In general, I think that with processes that require a large amount of data or those that are repetitive, machines can be beneficial. However, that doesn't mean humans should be phased out entirely. The craze of today is content generation powered by AI; whether it's artwork, videos, music, these new tools are capable of creating it. One of many ethical issues is where the models get their training data; was it scraped with consent of the owner or not? As AI pushes into creative spaces, I believe we as a society should reject the idea of replacing creatives. Ultimately, I do not think that humans were meant to be replaced, and that includes creatives. AI is ultimately derivative. These tools cannot create anything new, instead they take from what""]",take from what',,,"[0, 1458]","{'t': [1303911, 1307090], 'l': 14, 'o': [{'o': 'i', 'i': [0, 1458], 'a': 'take from what'}]}",,,
17019,49,351,1308.324,editor,d,"[""Automation tools have existed in our world for years now. This is important to recognize especially now as AI tools recieve funding and hype. Intelligent machines are used for multitudes of processes that may be considered tedious, or ones that may be considered too precise. Machines can be beneficial because they are consistent. The elimination of error is more or less impossible, but machines have the potential to avoid messing up more than humans could on certain tasks. A good example would be for predicting weather; machine learning algorithms can process data in real time and possibly predict patterns in the near future. Manufacturing, as mentioned before, is also where machines can outperform humans. In general, I think that with processes that require a large amount of data or those that are repetitive, machines can be beneficial. However, that doesn't mean humans should be phased out entirely. The craze of today is content generation powered by AI; whether it's artwork, videos, music, these new tools are capable of creating it. One of many ethical issues is where the models get their training data; was it scraped with consent of the owner or not? As AI pushes into creative spaces, I believe we as a society should reject the idea of replacing creatives. Ultimately, I do not think that humans were meant to be replaced, and that includes creatives. AI is ultimately derivative. These tools cannot create anything new, instead they take from ""]",,what',,"[[0, 1468], [0, 1472]]","{'t': [1307913, 1308324], 'l': 4, 'o': [{'o': 'd', 'i': [[0, 1468], [0, 1472]], 'd': [[1, 4]]}]}",,,
17020,49,352,1314.495,editor,i,"[""Automation tools have existed in our world for years now. This is important to recognize especially now as AI tools recieve funding and hype. Intelligent machines are used for multitudes of processes that may be considered tedious, or ones that may be considered too precise. Machines can be beneficial because they are consistent. The elimination of error is more or less impossible, but machines have the potential to avoid messing up more than humans could on certain tasks. A good example would be for predicting weather; machine learning algorithms can process data in real time and possibly predict patterns in the near future. Manufacturing, as mentioned before, is also where machines can outperform humans. In general, I think that with processes that require a large amount of data or those that are repetitive, machines can be beneficial. However, that doesn't mean humans should be phased out entirely. The craze of today is content generation powered by AI; whether it's artwork, videos, music, these new tools are capable of creating it. One of many ethical issues is where the models get their training data; was it scraped with consent of the owner or not? As AI pushes into creative spaces, I believe we as a society should reject the idea of replacing creatives. Ultimately, I do not think that humans were meant to be replaced, and that includes creatives. AI is ultimately derivative. These tools cannot create anything new, instead they take from their datasets and create based off ""]",their datasets and create based off ',,,"[0, 1468]","{'t': [1308536, 1314495], 'l': 36, 'o': [{'o': 'i', 'i': [0, 1468], 'a': 'their datasets and create based off '}]}",,,
17021,49,353,1316.282,editor,i,"[""Automation tools have existed in our world for years now. This is important to recognize especially now as AI tools recieve funding and hype. Intelligent machines are used for multitudes of processes that may be considered tedious, or ones that may be considered too precise. Machines can be beneficial because they are consistent. The elimination of error is more or less impossible, but machines have the potential to avoid messing up more than humans could on certain tasks. A good example would be for predicting weather; machine learning algorithms can process data in real time and possibly predict patterns in the near future. Manufacturing, as mentioned before, is also where machines can outperform humans. In general, I think that with processes that require a large amount of data or those that are repetitive, machines can be beneficial. However, that doesn't mean humans should be phased out entirely. The craze of today is content generation powered by AI; whether it's artwork, videos, music, these new tools are capable of creating it. One of many ethical issues is where the models get their training data; was it scraped with consent of the owner or not? As AI pushes into creative spaces, I believe we as a society should reject the idea of replacing creatives. Ultimately, I do not think that humans were meant to be replaced, and that includes creatives. AI is ultimately derivative. These tools cannot create anything new, instead they take from their datasets and create based off w""]",w',,,"[0, 1504]","{'t': 1316282, 'o': [{'o': 'i', 'i': [0, 1504], 'a': 'w'}]}",,,
17022,49,354,1318.48,editor,i,"[""Automation tools have existed in our world for years now. This is important to recognize especially now as AI tools recieve funding and hype. Intelligent machines are used for multitudes of processes that may be considered tedious, or ones that may be considered too precise. Machines can be beneficial because they are consistent. The elimination of error is more or less impossible, but machines have the potential to avoid messing up more than humans could on certain tasks. A good example would be for predicting weather; machine learning algorithms can process data in real time and possibly predict patterns in the near future. Manufacturing, as mentioned before, is also where machines can outperform humans. In general, I think that with processes that require a large amount of data or those that are repetitive, machines can be beneficial. However, that doesn't mean humans should be phased out entirely. The craze of today is content generation powered by AI; whether it's artwork, videos, music, these new tools are capable of creating it. One of many ethical issues is where the models get their training data; was it scraped with consent of the owner or not? As AI pushes into creative spaces, I believe we as a society should reject the idea of replacing creatives. Ultimately, I do not think that humans were meant to be replaced, and that includes creatives. AI is ultimately derivative. These tools cannot create anything new, instead they take from their datasets and create based off what is provided. ""]",hat is provided. ',,,"[0, 1505]","{'t': [1316392, 1318480], 'l': 17, 'o': [{'o': 'i', 'i': [0, 1505], 'a': 'hat is provided. '}]}",,,
17023,49,355,1339.923,editor,d,"[""Automation tools have existed in our world for years now. This is important to recognize especially now as AI tools recieve funding and hype. Intelligent machines are used for multitudes of processes that may be considered tedious, or ones that may be considered too precise. Machines can be beneficial because they are consistent. The elimination of error is more or less impossible, but machines have the potential to avoid messing up more than humans could on certain tasks. A good example would be for predicting weather; machine learning algorithms can process data in real time and possibly predict patterns in the near future. Manufacturing, as mentioned before, is also where machines can outperform humans. In general, I think that with processes that require a large amount of data or those that are repetitive, machines can be beneficial. However, that doesn't mean humans should be phased out entirely. The craze of today is content generation powered by AI; whether it's artwork, videos, music, these new tools are capable of creating it. One of many ethical issues is where the models get their training data; was it scraped with consent of the owner or not? As AI pushes into creative spaces, I believe we as a society should reject the idea of replacing creatives. Ultimately, I do not think that humans were meant to be replaced, and that includes creatives. AI is ultimately derivative. These tools cannot create anything new, instead they take from their datasets and create based off what is provided.""]",,,,"[[0, 1521], [0, 1522]]","{'t': 1339923, 'o': [{'o': 'd', 'i': [[0, 1521], [0, 1522]]}]}",,,
17024,49,356,1341.009,editor,i,"[""Automation tools have existed in our world for years now. This is important to recognize especially now as AI tools recieve funding and hype. Intelligent machines are used for multitudes of processes that may be considered tedious, or ones that may be considered too precise. Machines can be beneficial because they are consistent. The elimination of error is more or less impossible, but machines have the potential to avoid messing up more than humans could on certain tasks. A good example would be for predicting weather; machine learning algorithms can process data in real time and possibly predict patterns in the near future. Manufacturing, as mentioned before, is also where machines can outperform humans. In general, I think that with processes that require a large amount of data or those that are repetitive, machines can be beneficial. However, that doesn't mean humans should be phased out entirely. The craze of today is content generation powered by AI; whether it's artwork, videos, music, these new tools are capable of creating it. One of many ethical issues is where the models get their training data; was it scraped with consent of the owner or not? As AI pushes into creative spaces, I believe we as a society should reject the idea of replacing creatives. Ultimately, I do not think that humans were meant to be replaced, and that includes creatives. AI is ultimately derivative. These tools cannot create anything new, instead they take from their datasets and create based off what is provided."", '']",\n',,,"[0, 1521]","{'t': 1341009, 'o': [{'o': 'i', 'i': [0, 1521], 'a': '\n'}]}",,,
17025,49,357,1341.779,editor,i,"[""Automation tools have existed in our world for years now. This is important to recognize especially now as AI tools recieve funding and hype. Intelligent machines are used for multitudes of processes that may be considered tedious, or ones that may be considered too precise. Machines can be beneficial because they are consistent. The elimination of error is more or less impossible, but machines have the potential to avoid messing up more than humans could on certain tasks. A good example would be for predicting weather; machine learning algorithms can process data in real time and possibly predict patterns in the near future. Manufacturing, as mentioned before, is also where machines can outperform humans. In general, I think that with processes that require a large amount of data or those that are repetitive, machines can be beneficial. However, that doesn't mean humans should be phased out entirely. The craze of today is content generation powered by AI; whether it's artwork, videos, music, these new tools are capable of creating it. One of many ethical issues is where the models get their training data; was it scraped with consent of the owner or not? As AI pushes into creative spaces, I believe we as a society should reject the idea of replacing creatives. Ultimately, I do not think that humans were meant to be replaced, and that includes creatives. AI is ultimately derivative. These tools cannot create anything new, instead they take from their datasets and create based off what is provided."", '', '']",\n',,,"[1, 0]","{'t': 1341779, 'o': [{'o': 'i', 'i': [1, 0], 'a': '\n'}]}",,,
17026,49,358,1342.351,editor,i,"[""Automation tools have existed in our world for years now. This is important to recognize especially now as AI tools recieve funding and hype. Intelligent machines are used for multitudes of processes that may be considered tedious, or ones that may be considered too precise. Machines can be beneficial because they are consistent. The elimination of error is more or less impossible, but machines have the potential to avoid messing up more than humans could on certain tasks. A good example would be for predicting weather; machine learning algorithms can process data in real time and possibly predict patterns in the near future. Manufacturing, as mentioned before, is also where machines can outperform humans. In general, I think that with processes that require a large amount of data or those that are repetitive, machines can be beneficial. However, that doesn't mean humans should be phased out entirely. The craze of today is content generation powered by AI; whether it's artwork, videos, music, these new tools are capable of creating it. One of many ethical issues is where the models get their training data; was it scraped with consent of the owner or not? As AI pushes into creative spaces, I believe we as a society should reject the idea of replacing creatives. Ultimately, I do not think that humans were meant to be replaced, and that includes creatives. AI is ultimately derivative. These tools cannot create anything new, instead they take from their datasets and create based off what is provided."", '', 'We']",We',,,"[2, 0]","{'t': [1342233, 1342351], 'l': 2, 'o': [{'o': 'i', 'i': [2, 0], 'a': 'We'}]}",,,
17027,49,359,1343.763,editor,d,"[""Automation tools have existed in our world for years now. This is important to recognize especially now as AI tools recieve funding and hype. Intelligent machines are used for multitudes of processes that may be considered tedious, or ones that may be considered too precise. Machines can be beneficial because they are consistent. The elimination of error is more or less impossible, but machines have the potential to avoid messing up more than humans could on certain tasks. A good example would be for predicting weather; machine learning algorithms can process data in real time and possibly predict patterns in the near future. Manufacturing, as mentioned before, is also where machines can outperform humans. In general, I think that with processes that require a large amount of data or those that are repetitive, machines can be beneficial. However, that doesn't mean humans should be phased out entirely. The craze of today is content generation powered by AI; whether it's artwork, videos, music, these new tools are capable of creating it. One of many ethical issues is where the models get their training data; was it scraped with consent of the owner or not? As AI pushes into creative spaces, I believe we as a society should reject the idea of replacing creatives. Ultimately, I do not think that humans were meant to be replaced, and that includes creatives. AI is ultimately derivative. These tools cannot create anything new, instead they take from their datasets and create based off what is provided."", '', 'W']",,e',,"[[2, 1], [2, 2]]","{'t': 1343763, 'o': [{'o': 'd', 'i': [[2, 1], [2, 2]]}]}",,,
17028,49,360,1343.911,editor,d,"[""Automation tools have existed in our world for years now. This is important to recognize especially now as AI tools recieve funding and hype. Intelligent machines are used for multitudes of processes that may be considered tedious, or ones that may be considered too precise. Machines can be beneficial because they are consistent. The elimination of error is more or less impossible, but machines have the potential to avoid messing up more than humans could on certain tasks. A good example would be for predicting weather; machine learning algorithms can process data in real time and possibly predict patterns in the near future. Manufacturing, as mentioned before, is also where machines can outperform humans. In general, I think that with processes that require a large amount of data or those that are repetitive, machines can be beneficial. However, that doesn't mean humans should be phased out entirely. The craze of today is content generation powered by AI; whether it's artwork, videos, music, these new tools are capable of creating it. One of many ethical issues is where the models get their training data; was it scraped with consent of the owner or not? As AI pushes into creative spaces, I believe we as a society should reject the idea of replacing creatives. Ultimately, I do not think that humans were meant to be replaced, and that includes creatives. AI is ultimately derivative. These tools cannot create anything new, instead they take from their datasets and create based off what is provided."", '', '']",,W',,"[[2, 0], [2, 1]]","{'t': 1343911, 'o': [{'o': 'd', 'i': [[2, 0], [2, 1]]}]}",,,
17029,49,361,1350.382,editor,i,"[""Automation tools have existed in our world for years now. This is important to recognize especially now as AI tools recieve funding and hype. Intelligent machines are used for multitudes of processes that may be considered tedious, or ones that may be considered too precise. Machines can be beneficial because they are consistent. The elimination of error is more or less impossible, but machines have the potential to avoid messing up more than humans could on certain tasks. A good example would be for predicting weather; machine learning algorithms can process data in real time and possibly predict patterns in the near future. Manufacturing, as mentioned before, is also where machines can outperform humans. In general, I think that with processes that require a large amount of data or those that are repetitive, machines can be beneficial. However, that doesn't mean humans should be phased out entirely. The craze of today is content generation powered by AI; whether it's artwork, videos, music, these new tools are capable of creating it. One of many ethical issues is where the models get their training data; was it scraped with consent of the owner or not? As AI pushes into creative spaces, I believe we as a society should reject the idea of replacing creatives. Ultimately, I do not think that humans were meant to be replaced, and that includes creatives. AI is ultimately derivative. These tools cannot create anything new, instead they take from their datasets and create based off what is provided."", '', 'Machines have provided benefits to soeci']",Machines have provided benefits to soeci',,,"[2, 0]","{'t': [1344428, 1350382], 'l': 40, 'o': [{'o': 'i', 'i': [2, 0], 'a': 'Machines have provided benefits to soeci'}]}",,,
17030,49,362,1350.971,editor,d,"[""Automation tools have existed in our world for years now. This is important to recognize especially now as AI tools recieve funding and hype. Intelligent machines are used for multitudes of processes that may be considered tedious, or ones that may be considered too precise. Machines can be beneficial because they are consistent. The elimination of error is more or less impossible, but machines have the potential to avoid messing up more than humans could on certain tasks. A good example would be for predicting weather; machine learning algorithms can process data in real time and possibly predict patterns in the near future. Manufacturing, as mentioned before, is also where machines can outperform humans. In general, I think that with processes that require a large amount of data or those that are repetitive, machines can be beneficial. However, that doesn't mean humans should be phased out entirely. The craze of today is content generation powered by AI; whether it's artwork, videos, music, these new tools are capable of creating it. One of many ethical issues is where the models get their training data; was it scraped with consent of the owner or not? As AI pushes into creative spaces, I believe we as a society should reject the idea of replacing creatives. Ultimately, I do not think that humans were meant to be replaced, and that includes creatives. AI is ultimately derivative. These tools cannot create anything new, instead they take from their datasets and create based off what is provided."", '', 'Machines have provided benefits to so']",,eci',,"[[2, 37], [2, 40]]","{'t': [1350666, 1350971], 'l': 3, 'o': [{'o': 'd', 'i': [[2, 37], [2, 40]], 'd': [[1, 3]]}]}",,,
17031,49,363,1353.562,editor,i,"[""Automation tools have existed in our world for years now. This is important to recognize especially now as AI tools recieve funding and hype. Intelligent machines are used for multitudes of processes that may be considered tedious, or ones that may be considered too precise. Machines can be beneficial because they are consistent. The elimination of error is more or less impossible, but machines have the potential to avoid messing up more than humans could on certain tasks. A good example would be for predicting weather; machine learning algorithms can process data in real time and possibly predict patterns in the near future. Manufacturing, as mentioned before, is also where machines can outperform humans. In general, I think that with processes that require a large amount of data or those that are repetitive, machines can be beneficial. However, that doesn't mean humans should be phased out entirely. The craze of today is content generation powered by AI; whether it's artwork, videos, music, these new tools are capable of creating it. One of many ethical issues is where the models get their training data; was it scraped with consent of the owner or not? As AI pushes into creative spaces, I believe we as a society should reject the idea of replacing creatives. Ultimately, I do not think that humans were meant to be replaced, and that includes creatives. AI is ultimately derivative. These tools cannot create anything new, instead they take from their datasets and create based off what is provided."", '', 'Machines have provided benefits to society. IT']",ciety. IT',,,"[2, 37]","{'t': [1351077, 1353562], 'l': 9, 'o': [{'o': 'i', 'i': [2, 37], 'a': 'ciety. IT'}]}",,,
17032,49,364,1354.144,editor,d,"[""Automation tools have existed in our world for years now. This is important to recognize especially now as AI tools recieve funding and hype. Intelligent machines are used for multitudes of processes that may be considered tedious, or ones that may be considered too precise. Machines can be beneficial because they are consistent. The elimination of error is more or less impossible, but machines have the potential to avoid messing up more than humans could on certain tasks. A good example would be for predicting weather; machine learning algorithms can process data in real time and possibly predict patterns in the near future. Manufacturing, as mentioned before, is also where machines can outperform humans. In general, I think that with processes that require a large amount of data or those that are repetitive, machines can be beneficial. However, that doesn't mean humans should be phased out entirely. The craze of today is content generation powered by AI; whether it's artwork, videos, music, these new tools are capable of creating it. One of many ethical issues is where the models get their training data; was it scraped with consent of the owner or not? As AI pushes into creative spaces, I believe we as a society should reject the idea of replacing creatives. Ultimately, I do not think that humans were meant to be replaced, and that includes creatives. AI is ultimately derivative. These tools cannot create anything new, instead they take from their datasets and create based off what is provided."", '', 'Machines have provided benefits to society. ']",,IT',,"[[2, 44], [2, 46]]","{'t': [1354015, 1354144], 'l': 2, 'o': [{'o': 'd', 'i': [[2, 44], [2, 46]], 'd': [[1, 2]]}]}",,,
17033,49,365,1356.665,editor,i,"[""Automation tools have existed in our world for years now. This is important to recognize especially now as AI tools recieve funding and hype. Intelligent machines are used for multitudes of processes that may be considered tedious, or ones that may be considered too precise. Machines can be beneficial because they are consistent. The elimination of error is more or less impossible, but machines have the potential to avoid messing up more than humans could on certain tasks. A good example would be for predicting weather; machine learning algorithms can process data in real time and possibly predict patterns in the near future. Manufacturing, as mentioned before, is also where machines can outperform humans. In general, I think that with processes that require a large amount of data or those that are repetitive, machines can be beneficial. However, that doesn't mean humans should be phased out entirely. The craze of today is content generation powered by AI; whether it's artwork, videos, music, these new tools are capable of creating it. One of many ethical issues is where the models get their training data; was it scraped with consent of the owner or not? As AI pushes into creative spaces, I believe we as a society should reject the idea of replacing creatives. Ultimately, I do not think that humans were meant to be replaced, and that includes creatives. AI is ultimately derivative. These tools cannot create anything new, instead they take from their datasets and create based off what is provided."", '', 'Machines have provided benefits to society. They have allowed up']",They have allowed up',,,"[2, 44]","{'t': [1354440, 1356665], 'l': 20, 'o': [{'o': 'i', 'i': [2, 44], 'a': 'They have allowed up'}]}",,,
17034,49,366,1356.996,editor,d,"[""Automation tools have existed in our world for years now. This is important to recognize especially now as AI tools recieve funding and hype. Intelligent machines are used for multitudes of processes that may be considered tedious, or ones that may be considered too precise. Machines can be beneficial because they are consistent. The elimination of error is more or less impossible, but machines have the potential to avoid messing up more than humans could on certain tasks. A good example would be for predicting weather; machine learning algorithms can process data in real time and possibly predict patterns in the near future. Manufacturing, as mentioned before, is also where machines can outperform humans. In general, I think that with processes that require a large amount of data or those that are repetitive, machines can be beneficial. However, that doesn't mean humans should be phased out entirely. The craze of today is content generation powered by AI; whether it's artwork, videos, music, these new tools are capable of creating it. One of many ethical issues is where the models get their training data; was it scraped with consent of the owner or not? As AI pushes into creative spaces, I believe we as a society should reject the idea of replacing creatives. Ultimately, I do not think that humans were meant to be replaced, and that includes creatives. AI is ultimately derivative. These tools cannot create anything new, instead they take from their datasets and create based off what is provided."", '', 'Machines have provided benefits to society. They have allowed u']",,p',,"[[2, 63], [2, 64]]","{'t': 1356996, 'o': [{'o': 'd', 'i': [[2, 63], [2, 64]]}]}",,,
17035,49,367,1357.685,editor,i,"[""Automation tools have existed in our world for years now. This is important to recognize especially now as AI tools recieve funding and hype. Intelligent machines are used for multitudes of processes that may be considered tedious, or ones that may be considered too precise. Machines can be beneficial because they are consistent. The elimination of error is more or less impossible, but machines have the potential to avoid messing up more than humans could on certain tasks. A good example would be for predicting weather; machine learning algorithms can process data in real time and possibly predict patterns in the near future. Manufacturing, as mentioned before, is also where machines can outperform humans. In general, I think that with processes that require a large amount of data or those that are repetitive, machines can be beneficial. However, that doesn't mean humans should be phased out entirely. The craze of today is content generation powered by AI; whether it's artwork, videos, music, these new tools are capable of creating it. One of many ethical issues is where the models get their training data; was it scraped with consent of the owner or not? As AI pushes into creative spaces, I believe we as a society should reject the idea of replacing creatives. Ultimately, I do not think that humans were meant to be replaced, and that includes creatives. AI is ultimately derivative. These tools cannot create anything new, instead they take from their datasets and create based off what is provided."", '', 'Machines have provided benefits to society. They have allowed us to ']",s to ',,,"[2, 63]","{'t': [1357096, 1357685], 'l': 5, 'o': [{'o': 'i', 'i': [2, 63], 'a': 's to '}]}",,,
17036,49,368,1358.898,editor,i,"[""Automation tools have existed in our world for years now. This is important to recognize especially now as AI tools recieve funding and hype. Intelligent machines are used for multitudes of processes that may be considered tedious, or ones that may be considered too precise. Machines can be beneficial because they are consistent. The elimination of error is more or less impossible, but machines have the potential to avoid messing up more than humans could on certain tasks. A good example would be for predicting weather; machine learning algorithms can process data in real time and possibly predict patterns in the near future. Manufacturing, as mentioned before, is also where machines can outperform humans. In general, I think that with processes that require a large amount of data or those that are repetitive, machines can be beneficial. However, that doesn't mean humans should be phased out entirely. The craze of today is content generation powered by AI; whether it's artwork, videos, music, these new tools are capable of creating it. One of many ethical issues is where the models get their training data; was it scraped with consent of the owner or not? As AI pushes into creative spaces, I believe we as a society should reject the idea of replacing creatives. Ultimately, I do not think that humans were meant to be replaced, and that includes creatives. AI is ultimately derivative. These tools cannot create anything new, instead they take from their datasets and create based off what is provided."", '', 'Machines have provided benefits to society. They have allowed us to b']",b',,,"[2, 68]","{'t': 1358898, 'o': [{'o': 'i', 'i': [2, 68], 'a': 'b'}]}",,,
17037,49,369,1362.184,editor,i,"[""Automation tools have existed in our world for years now. This is important to recognize especially now as AI tools recieve funding and hype. Intelligent machines are used for multitudes of processes that may be considered tedious, or ones that may be considered too precise. Machines can be beneficial because they are consistent. The elimination of error is more or less impossible, but machines have the potential to avoid messing up more than humans could on certain tasks. A good example would be for predicting weather; machine learning algorithms can process data in real time and possibly predict patterns in the near future. Manufacturing, as mentioned before, is also where machines can outperform humans. In general, I think that with processes that require a large amount of data or those that are repetitive, machines can be beneficial. However, that doesn't mean humans should be phased out entirely. The craze of today is content generation powered by AI; whether it's artwork, videos, music, these new tools are capable of creating it. One of many ethical issues is where the models get their training data; was it scraped with consent of the owner or not? As AI pushes into creative spaces, I believe we as a society should reject the idea of replacing creatives. Ultimately, I do not think that humans were meant to be replaced, and that includes creatives. AI is ultimately derivative. These tools cannot create anything new, instead they take from their datasets and create based off what is provided."", '', 'Machines have provided benefits to society. They have allowed us to be free of jobs that might ']",e free of jobs that might ',,,"[2, 69]","{'t': [1358997, 1362184], 'l': 26, 'o': [{'o': 'i', 'i': [2, 69], 'a': 'e free of jobs that might '}]}",,,
17038,49,370,1377.778,editor,o,"[""Automation tools have existed in our world for years now. This is important to recognize especially now as AI tools recieve funding and hype. Intelligent machines are used for multitudes of processes that may be considered tedious, or ones that may be considered too precise. Machines can be beneficial because they are consistent. The elimination of error is more or less impossible, but machines have the potential to avoid messing up more than humans could on certain tasks. A good example would be for predicting weather; machine learning algorithms can process data in real time and possibly predict patterns in the near future. Manufacturing, as mentioned before, is also where machines can outperform humans. In general, I think that with processes that require a large amount of data or those that are repetitive, machines can be beneficial. However, that doesn't mean humans should be phased out entirely. The craze of today is content generation powered by AI; whether it's artwork, videos, music, these new tools are capable of creating it. One of many ethical issues is where the models get their training data; was it scraped with consent of the owner or not? As AI pushes into creative spaces, I believe we as a society should reject the idea of replacing creatives. Ultimately, I do not think that humans were meant to be replaced, and that includes creatives. AI is ultimately derivative. These tools cannot create anything new, instead they take from their datasets and create based off what is provided."", '', 'Machines have provided benefits to society. They have allowed us to be free of jobs that might ']",,,,"[2, 95]","{'t': 1377778, 'o': [{'o': 'o', 'i': [2, 95]}]}",,,
17039,49,371,1381.838,editor,d,"[""Automation tools have existed in our world for years now. This is important to recognize especially now as AI tools recieve funding and hype. Intelligent machines are used for multitudes of processes that may be considered tedious, or ones that may be considered too precise. Machines can be beneficial because they are consistent. The elimination of error is more or less impossible, but machines have the potential to avoid messing up more than humans could on certain tasks. A good example would be for predicting weather; machine learning algorithms can process data in real time and possibly predict patterns in the near future. Manufacturing, as mentioned before, is also where machines can outperform humans. In general, I think that with processes that require a large amount of data or those that are repetitive, machines can be beneficial. However, that doesn't mean humans should be phased out entirely. The craze of today is content generation powered by AI; whether it's artwork, videos, music, these new tools are capable of creating it. One of many ethical issues is where the models get their training data; was it scraped with consent of the owner or not? As AI pushes into creative spaces, I believe we as a society should reject the idea of replacing creatives. Ultimately, I do not think that humans were meant to be replaced, and that includes creatives. AI is ultimately derivative. These tools cannot create anything new, instead they take from their datasets and create based off what is provided."", '', 'Machines have provided benefits to society. They have allowed us to be free of jobs that might']",,,,"[[2, 94], [2, 95]]","{'t': 1381838, 'o': [{'o': 'd', 'i': [[2, 94], [2, 95]]}]}",,,
17040,49,372,1382.692,editor,d,"[""Automation tools have existed in our world for years now. This is important to recognize especially now as AI tools recieve funding and hype. Intelligent machines are used for multitudes of processes that may be considered tedious, or ones that may be considered too precise. Machines can be beneficial because they are consistent. The elimination of error is more or less impossible, but machines have the potential to avoid messing up more than humans could on certain tasks. A good example would be for predicting weather; machine learning algorithms can process data in real time and possibly predict patterns in the near future. Manufacturing, as mentioned before, is also where machines can outperform humans. In general, I think that with processes that require a large amount of data or those that are repetitive, machines can be beneficial. However, that doesn't mean humans should be phased out entirely. The craze of today is content generation powered by AI; whether it's artwork, videos, music, these new tools are capable of creating it. One of many ethical issues is where the models get their training data; was it scraped with consent of the owner or not? As AI pushes into creative spaces, I believe we as a society should reject the idea of replacing creatives. Ultimately, I do not think that humans were meant to be replaced, and that includes creatives. AI is ultimately derivative. These tools cannot create anything new, instead they take from their datasets and create based off what is provided."", '', 'Machines have provided benefits to society. They have allowed us to be free of jobs that ']",,might',,"[[2, 89], [2, 94]]","{'t': [1382010, 1382692], 'l': 5, 'o': [{'o': 'd', 'i': [[2, 89], [2, 94]], 'd': [[1, 5]]}]}",,,
17041,49,373,1385.119,editor,i,"[""Automation tools have existed in our world for years now. This is important to recognize especially now as AI tools recieve funding and hype. Intelligent machines are used for multitudes of processes that may be considered tedious, or ones that may be considered too precise. Machines can be beneficial because they are consistent. The elimination of error is more or less impossible, but machines have the potential to avoid messing up more than humans could on certain tasks. A good example would be for predicting weather; machine learning algorithms can process data in real time and possibly predict patterns in the near future. Manufacturing, as mentioned before, is also where machines can outperform humans. In general, I think that with processes that require a large amount of data or those that are repetitive, machines can be beneficial. However, that doesn't mean humans should be phased out entirely. The craze of today is content generation powered by AI; whether it's artwork, videos, music, these new tools are capable of creating it. One of many ethical issues is where the models get their training data; was it scraped with consent of the owner or not? As AI pushes into creative spaces, I believe we as a society should reject the idea of replacing creatives. Ultimately, I do not think that humans were meant to be replaced, and that includes creatives. AI is ultimately derivative. These tools cannot create anything new, instead they take from their datasets and create based off what is provided."", '', 'Machines have provided benefits to society. They have allowed us to be free of jobs that are considered ']",are considered ',,,"[2, 89]","{'t': [1383035, 1385119], 'l': 15, 'o': [{'o': 'i', 'i': [2, 89], 'a': 'are considered '}]}",,,
17042,49,374,1386.371,editor,i,"[""Automation tools have existed in our world for years now. This is important to recognize especially now as AI tools recieve funding and hype. Intelligent machines are used for multitudes of processes that may be considered tedious, or ones that may be considered too precise. Machines can be beneficial because they are consistent. The elimination of error is more or less impossible, but machines have the potential to avoid messing up more than humans could on certain tasks. A good example would be for predicting weather; machine learning algorithms can process data in real time and possibly predict patterns in the near future. Manufacturing, as mentioned before, is also where machines can outperform humans. In general, I think that with processes that require a large amount of data or those that are repetitive, machines can be beneficial. However, that doesn't mean humans should be phased out entirely. The craze of today is content generation powered by AI; whether it's artwork, videos, music, these new tools are capable of creating it. One of many ethical issues is where the models get their training data; was it scraped with consent of the owner or not? As AI pushes into creative spaces, I believe we as a society should reject the idea of replacing creatives. Ultimately, I do not think that humans were meant to be replaced, and that includes creatives. AI is ultimately derivative. These tools cannot create anything new, instead they take from their datasets and create based off what is provided."", '', 'Machines have provided benefits to society. They have allowed us to be free of jobs that are considered t']",t',,,"[2, 104]","{'t': 1386371, 'o': [{'o': 'i', 'i': [2, 104], 'a': 't'}]}",,,
17043,49,375,1387.609,editor,i,"[""Automation tools have existed in our world for years now. This is important to recognize especially now as AI tools recieve funding and hype. Intelligent machines are used for multitudes of processes that may be considered tedious, or ones that may be considered too precise. Machines can be beneficial because they are consistent. The elimination of error is more or less impossible, but machines have the potential to avoid messing up more than humans could on certain tasks. A good example would be for predicting weather; machine learning algorithms can process data in real time and possibly predict patterns in the near future. Manufacturing, as mentioned before, is also where machines can outperform humans. In general, I think that with processes that require a large amount of data or those that are repetitive, machines can be beneficial. However, that doesn't mean humans should be phased out entirely. The craze of today is content generation powered by AI; whether it's artwork, videos, music, these new tools are capable of creating it. One of many ethical issues is where the models get their training data; was it scraped with consent of the owner or not? As AI pushes into creative spaces, I believe we as a society should reject the idea of replacing creatives. Ultimately, I do not think that humans were meant to be replaced, and that includes creatives. AI is ultimately derivative. These tools cannot create anything new, instead they take from their datasets and create based off what is provided."", '', 'Machines have provided benefits to society. They have allowed us to be free of jobs that are considered tedious']",edious',,,"[2, 105]","{'t': [1386540, 1387609], 'l': 6, 'o': [{'o': 'i', 'i': [2, 105], 'a': 'edious'}]}",,,
17044,49,376,1392.392,editor,i,"[""Automation tools have existed in our world for years now. This is important to recognize especially now as AI tools recieve funding and hype. Intelligent machines are used for multitudes of processes that may be considered tedious, or ones that may be considered too precise. Machines can be beneficial because they are consistent. The elimination of error is more or less impossible, but machines have the potential to avoid messing up more than humans could on certain tasks. A good example would be for predicting weather; machine learning algorithms can process data in real time and possibly predict patterns in the near future. Manufacturing, as mentioned before, is also where machines can outperform humans. In general, I think that with processes that require a large amount of data or those that are repetitive, machines can be beneficial. However, that doesn't mean humans should be phased out entirely. The craze of today is content generation powered by AI; whether it's artwork, videos, music, these new tools are capable of creating it. One of many ethical issues is where the models get their training data; was it scraped with consent of the owner or not? As AI pushes into creative spaces, I believe we as a society should reject the idea of replacing creatives. Ultimately, I do not think that humans were meant to be replaced, and that includes creatives. AI is ultimately derivative. These tools cannot create anything new, instead they take from their datasets and create based off what is provided."", '', 'Machines have provided benefits to society. They have allowed us to be free of jobs that are considered tedious ']",,,,"[2, 111]","{'t': [1392391, 1392392], 'o': [{'o': 'i', 'i': [2, 111], 'a': ' '}]}",,,
17045,49,377,1392.943,editor,d,"[""Automation tools have existed in our world for years now. This is important to recognize especially now as AI tools recieve funding and hype. Intelligent machines are used for multitudes of processes that may be considered tedious, or ones that may be considered too precise. Machines can be beneficial because they are consistent. The elimination of error is more or less impossible, but machines have the potential to avoid messing up more than humans could on certain tasks. A good example would be for predicting weather; machine learning algorithms can process data in real time and possibly predict patterns in the near future. Manufacturing, as mentioned before, is also where machines can outperform humans. In general, I think that with processes that require a large amount of data or those that are repetitive, machines can be beneficial. However, that doesn't mean humans should be phased out entirely. The craze of today is content generation powered by AI; whether it's artwork, videos, music, these new tools are capable of creating it. One of many ethical issues is where the models get their training data; was it scraped with consent of the owner or not? As AI pushes into creative spaces, I believe we as a society should reject the idea of replacing creatives. Ultimately, I do not think that humans were meant to be replaced, and that includes creatives. AI is ultimately derivative. These tools cannot create anything new, instead they take from their datasets and create based off what is provided."", '', 'Machines have provided benefits to society. They have allowed us to be free of jobs that are considered tedious']",,,,"[[2, 111], [2, 112]]","{'t': 1392943, 'o': [{'o': 'd', 'i': [[2, 111], [2, 112]]}]}",,,
17046,49,378,1394.44,editor,i,"[""Automation tools have existed in our world for years now. This is important to recognize especially now as AI tools recieve funding and hype. Intelligent machines are used for multitudes of processes that may be considered tedious, or ones that may be considered too precise. Machines can be beneficial because they are consistent. The elimination of error is more or less impossible, but machines have the potential to avoid messing up more than humans could on certain tasks. A good example would be for predicting weather; machine learning algorithms can process data in real time and possibly predict patterns in the near future. Manufacturing, as mentioned before, is also where machines can outperform humans. In general, I think that with processes that require a large amount of data or those that are repetitive, machines can be beneficial. However, that doesn't mean humans should be phased out entirely. The craze of today is content generation powered by AI; whether it's artwork, videos, music, these new tools are capable of creating it. One of many ethical issues is where the models get their training data; was it scraped with consent of the owner or not? As AI pushes into creative spaces, I believe we as a society should reject the idea of replacing creatives. Ultimately, I do not think that humans were meant to be replaced, and that includes creatives. AI is ultimately derivative. These tools cannot create anything new, instead they take from their datasets and create based off what is provided."", '', 'Machines have provided benefits to society. They have allowed us to be free of jobs that are considered tedious, and hav ']",", and hav '",,,"[2, 111]","{'t': [1393156, 1394440], 'l': 10, 'o': [{'o': 'i', 'i': [2, 111], 'a': ', and hav '}]}",,,
17047,49,379,1394.714,editor,d,"[""Automation tools have existed in our world for years now. This is important to recognize especially now as AI tools recieve funding and hype. Intelligent machines are used for multitudes of processes that may be considered tedious, or ones that may be considered too precise. Machines can be beneficial because they are consistent. The elimination of error is more or less impossible, but machines have the potential to avoid messing up more than humans could on certain tasks. A good example would be for predicting weather; machine learning algorithms can process data in real time and possibly predict patterns in the near future. Manufacturing, as mentioned before, is also where machines can outperform humans. In general, I think that with processes that require a large amount of data or those that are repetitive, machines can be beneficial. However, that doesn't mean humans should be phased out entirely. The craze of today is content generation powered by AI; whether it's artwork, videos, music, these new tools are capable of creating it. One of many ethical issues is where the models get their training data; was it scraped with consent of the owner or not? As AI pushes into creative spaces, I believe we as a society should reject the idea of replacing creatives. Ultimately, I do not think that humans were meant to be replaced, and that includes creatives. AI is ultimately derivative. These tools cannot create anything new, instead they take from their datasets and create based off what is provided."", '', 'Machines have provided benefits to society. They have allowed us to be free of jobs that are considered tedious, and hav']",,,,"[[2, 120], [2, 121]]","{'t': 1394714, 'o': [{'o': 'd', 'i': [[2, 120], [2, 121]]}]}",,,
17048,49,380,1396.851,editor,i,"[""Automation tools have existed in our world for years now. This is important to recognize especially now as AI tools recieve funding and hype. Intelligent machines are used for multitudes of processes that may be considered tedious, or ones that may be considered too precise. Machines can be beneficial because they are consistent. The elimination of error is more or less impossible, but machines have the potential to avoid messing up more than humans could on certain tasks. A good example would be for predicting weather; machine learning algorithms can process data in real time and possibly predict patterns in the near future. Manufacturing, as mentioned before, is also where machines can outperform humans. In general, I think that with processes that require a large amount of data or those that are repetitive, machines can be beneficial. However, that doesn't mean humans should be phased out entirely. The craze of today is content generation powered by AI; whether it's artwork, videos, music, these new tools are capable of creating it. One of many ethical issues is where the models get their training data; was it scraped with consent of the owner or not? As AI pushes into creative spaces, I believe we as a society should reject the idea of replacing creatives. Ultimately, I do not think that humans were meant to be replaced, and that includes creatives. AI is ultimately derivative. These tools cannot create anything new, instead they take from their datasets and create based off what is provided."", '', 'Machines have provided benefits to society. They have allowed us to be free of jobs that are considered tedious, and have given us insih']",e given us insih',,,"[2, 120]","{'t': [1394849, 1396851], 'l': 16, 'o': [{'o': 'i', 'i': [2, 120], 'a': 'e given us insih'}]}",,,
17049,49,381,1397.239,editor,d,"[""Automation tools have existed in our world for years now. This is important to recognize especially now as AI tools recieve funding and hype. Intelligent machines are used for multitudes of processes that may be considered tedious, or ones that may be considered too precise. Machines can be beneficial because they are consistent. The elimination of error is more or less impossible, but machines have the potential to avoid messing up more than humans could on certain tasks. A good example would be for predicting weather; machine learning algorithms can process data in real time and possibly predict patterns in the near future. Manufacturing, as mentioned before, is also where machines can outperform humans. In general, I think that with processes that require a large amount of data or those that are repetitive, machines can be beneficial. However, that doesn't mean humans should be phased out entirely. The craze of today is content generation powered by AI; whether it's artwork, videos, music, these new tools are capable of creating it. One of many ethical issues is where the models get their training data; was it scraped with consent of the owner or not? As AI pushes into creative spaces, I believe we as a society should reject the idea of replacing creatives. Ultimately, I do not think that humans were meant to be replaced, and that includes creatives. AI is ultimately derivative. These tools cannot create anything new, instead they take from their datasets and create based off what is provided."", '', 'Machines have provided benefits to society. They have allowed us to be free of jobs that are considered tedious, and have given us insi']",,h',,"[[2, 135], [2, 136]]","{'t': 1397239, 'o': [{'o': 'd', 'i': [[2, 135], [2, 136]]}]}",,,
17050,49,382,1397.961,editor,i,"[""Automation tools have existed in our world for years now. This is important to recognize especially now as AI tools recieve funding and hype. Intelligent machines are used for multitudes of processes that may be considered tedious, or ones that may be considered too precise. Machines can be beneficial because they are consistent. The elimination of error is more or less impossible, but machines have the potential to avoid messing up more than humans could on certain tasks. A good example would be for predicting weather; machine learning algorithms can process data in real time and possibly predict patterns in the near future. Manufacturing, as mentioned before, is also where machines can outperform humans. In general, I think that with processes that require a large amount of data or those that are repetitive, machines can be beneficial. However, that doesn't mean humans should be phased out entirely. The craze of today is content generation powered by AI; whether it's artwork, videos, music, these new tools are capable of creating it. One of many ethical issues is where the models get their training data; was it scraped with consent of the owner or not? As AI pushes into creative spaces, I believe we as a society should reject the idea of replacing creatives. Ultimately, I do not think that humans were meant to be replaced, and that includes creatives. AI is ultimately derivative. These tools cannot create anything new, instead they take from their datasets and create based off what is provided."", '', 'Machines have provided benefits to society. They have allowed us to be free of jobs that are considered tedious, and have given us insights']",ghts',,,"[2, 135]","{'t': [1397392, 1397961], 'l': 4, 'o': [{'o': 'i', 'i': [2, 135], 'a': 'ghts'}]}",,,
17051,49,383,1399.597,editor,o,"[""Automation tools have existed in our world for years now. This is important to recognize especially now as AI tools recieve funding and hype. Intelligent machines are used for multitudes of processes that may be considered tedious, or ones that may be considered too precise. Machines can be beneficial because they are consistent. The elimination of error is more or less impossible, but machines have the potential to avoid messing up more than humans could on certain tasks. A good example would be for predicting weather; machine learning algorithms can process data in real time and possibly predict patterns in the near future. Manufacturing, as mentioned before, is also where machines can outperform humans. In general, I think that with processes that require a large amount of data or those that are repetitive, machines can be beneficial. However, that doesn't mean humans should be phased out entirely. The craze of today is content generation powered by AI; whether it's artwork, videos, music, these new tools are capable of creating it. One of many ethical issues is where the models get their training data; was it scraped with consent of the owner or not? As AI pushes into creative spaces, I believe we as a society should reject the idea of replacing creatives. Ultimately, I do not think that humans were meant to be replaced, and that includes creatives. AI is ultimately derivative. These tools cannot create anything new, instead they take from their datasets and create based off what is provided."", '', 'Machines have provided benefits to society. They have allowed us to be free of jobs that are considered tedious, and have given us insights']",,,,"[2, 121]","{'t': 1399597, 'o': [{'o': 'o', 'i': [2, 121]}]}",,,
17052,49,384,1399.96,editor,i,"[""Automation tools have existed in our world for years now. This is important to recognize especially now as AI tools recieve funding and hype. Intelligent machines are used for multitudes of processes that may be considered tedious, or ones that may be considered too precise. Machines can be beneficial because they are consistent. The elimination of error is more or less impossible, but machines have the potential to avoid messing up more than humans could on certain tasks. A good example would be for predicting weather; machine learning algorithms can process data in real time and possibly predict patterns in the near future. Manufacturing, as mentioned before, is also where machines can outperform humans. In general, I think that with processes that require a large amount of data or those that are repetitive, machines can be beneficial. However, that doesn't mean humans should be phased out entirely. The craze of today is content generation powered by AI; whether it's artwork, videos, music, these new tools are capable of creating it. One of many ethical issues is where the models get their training data; was it scraped with consent of the owner or not? As AI pushes into creative spaces, I believe we as a society should reject the idea of replacing creatives. Ultimately, I do not think that humans were meant to be replaced, and that includes creatives. AI is ultimately derivative. These tools cannot create anything new, instead they take from their datasets and create based off what is provided."", '', 'Machines have provided benefits to society. They have allowed us to be free of jobs that are considered tedious, and have  given us insights']",,,,"[2, 121]","{'t': 1399960, 'o': [{'o': 'i', 'i': [2, 121], 'a': ' '}]}",,,
17053,49,385,1401.03,editor,i,"[""Automation tools have existed in our world for years now. This is important to recognize especially now as AI tools recieve funding and hype. Intelligent machines are used for multitudes of processes that may be considered tedious, or ones that may be considered too precise. Machines can be beneficial because they are consistent. The elimination of error is more or less impossible, but machines have the potential to avoid messing up more than humans could on certain tasks. A good example would be for predicting weather; machine learning algorithms can process data in real time and possibly predict patterns in the near future. Manufacturing, as mentioned before, is also where machines can outperform humans. In general, I think that with processes that require a large amount of data or those that are repetitive, machines can be beneficial. However, that doesn't mean humans should be phased out entirely. The craze of today is content generation powered by AI; whether it's artwork, videos, music, these new tools are capable of creating it. One of many ethical issues is where the models get their training data; was it scraped with consent of the owner or not? As AI pushes into creative spaces, I believe we as a society should reject the idea of replacing creatives. Ultimately, I do not think that humans were meant to be replaced, and that includes creatives. AI is ultimately derivative. These tools cannot create anything new, instead they take from their datasets and create based off what is provided."", '', 'Machines have provided benefits to society. They have allowed us to be free of jobs that are considered tedious, and have also given us insights']",also',,,"[2, 122]","{'t': [1400184, 1401030], 'l': 4, 'o': [{'o': 'i', 'i': [2, 122], 'a': 'also'}]}",,,
17054,49,386,1402.38,editor,o,"[""Automation tools have existed in our world for years now. This is important to recognize especially now as AI tools recieve funding and hype. Intelligent machines are used for multitudes of processes that may be considered tedious, or ones that may be considered too precise. Machines can be beneficial because they are consistent. The elimination of error is more or less impossible, but machines have the potential to avoid messing up more than humans could on certain tasks. A good example would be for predicting weather; machine learning algorithms can process data in real time and possibly predict patterns in the near future. Manufacturing, as mentioned before, is also where machines can outperform humans. In general, I think that with processes that require a large amount of data or those that are repetitive, machines can be beneficial. However, that doesn't mean humans should be phased out entirely. The craze of today is content generation powered by AI; whether it's artwork, videos, music, these new tools are capable of creating it. One of many ethical issues is where the models get their training data; was it scraped with consent of the owner or not? As AI pushes into creative spaces, I believe we as a society should reject the idea of replacing creatives. Ultimately, I do not think that humans were meant to be replaced, and that includes creatives. AI is ultimately derivative. These tools cannot create anything new, instead they take from their datasets and create based off what is provided."", '', 'Machines have provided benefits to society. They have allowed us to be free of jobs that are considered tedious, and have also given us insights']",,,,"[2, 144]","{'t': 1402380, 'o': [{'o': 'o', 'i': [2, 144]}]}",,,
17055,49,387,1402.859,editor,i,"[""Automation tools have existed in our world for years now. This is important to recognize especially now as AI tools recieve funding and hype. Intelligent machines are used for multitudes of processes that may be considered tedious, or ones that may be considered too precise. Machines can be beneficial because they are consistent. The elimination of error is more or less impossible, but machines have the potential to avoid messing up more than humans could on certain tasks. A good example would be for predicting weather; machine learning algorithms can process data in real time and possibly predict patterns in the near future. Manufacturing, as mentioned before, is also where machines can outperform humans. In general, I think that with processes that require a large amount of data or those that are repetitive, machines can be beneficial. However, that doesn't mean humans should be phased out entirely. The craze of today is content generation powered by AI; whether it's artwork, videos, music, these new tools are capable of creating it. One of many ethical issues is where the models get their training data; was it scraped with consent of the owner or not? As AI pushes into creative spaces, I believe we as a society should reject the idea of replacing creatives. Ultimately, I do not think that humans were meant to be replaced, and that includes creatives. AI is ultimately derivative. These tools cannot create anything new, instead they take from their datasets and create based off what is provided."", '', 'Machines have provided benefits to society. They have allowed us to be free of jobs that are considered tedious, and have also given us insights ']",,,,"[2, 144]","{'t': 1402859, 'o': [{'o': 'i', 'i': [2, 144], 'a': ' '}]}",,,
17056,49,388,1404.552,editor,i,"[""Automation tools have existed in our world for years now. This is important to recognize especially now as AI tools recieve funding and hype. Intelligent machines are used for multitudes of processes that may be considered tedious, or ones that may be considered too precise. Machines can be beneficial because they are consistent. The elimination of error is more or less impossible, but machines have the potential to avoid messing up more than humans could on certain tasks. A good example would be for predicting weather; machine learning algorithms can process data in real time and possibly predict patterns in the near future. Manufacturing, as mentioned before, is also where machines can outperform humans. In general, I think that with processes that require a large amount of data or those that are repetitive, machines can be beneficial. However, that doesn't mean humans should be phased out entirely. The craze of today is content generation powered by AI; whether it's artwork, videos, music, these new tools are capable of creating it. One of many ethical issues is where the models get their training data; was it scraped with consent of the owner or not? As AI pushes into creative spaces, I believe we as a society should reject the idea of replacing creatives. Ultimately, I do not think that humans were meant to be replaced, and that includes creatives. AI is ultimately derivative. These tools cannot create anything new, instead they take from their datasets and create based off what is provided."", '', 'Machines have provided benefits to society. They have allowed us to be free of jobs that are considered tedious, and have also given us insights into ']",into ',,,"[2, 145]","{'t': [1403439, 1404552], 'l': 5, 'o': [{'o': 'i', 'i': [2, 145], 'a': 'into '}]}",,,
17057,49,389,1405.948,editor,i,"[""Automation tools have existed in our world for years now. This is important to recognize especially now as AI tools recieve funding and hype. Intelligent machines are used for multitudes of processes that may be considered tedious, or ones that may be considered too precise. Machines can be beneficial because they are consistent. The elimination of error is more or less impossible, but machines have the potential to avoid messing up more than humans could on certain tasks. A good example would be for predicting weather; machine learning algorithms can process data in real time and possibly predict patterns in the near future. Manufacturing, as mentioned before, is also where machines can outperform humans. In general, I think that with processes that require a large amount of data or those that are repetitive, machines can be beneficial. However, that doesn't mean humans should be phased out entirely. The craze of today is content generation powered by AI; whether it's artwork, videos, music, these new tools are capable of creating it. One of many ethical issues is where the models get their training data; was it scraped with consent of the owner or not? As AI pushes into creative spaces, I believe we as a society should reject the idea of replacing creatives. Ultimately, I do not think that humans were meant to be replaced, and that includes creatives. AI is ultimately derivative. These tools cannot create anything new, instead they take from their datasets and create based off what is provided."", '', 'Machines have provided benefits to society. They have allowed us to be free of jobs that are considered tedious, and have also given us insights into h']",h',,,"[2, 150]","{'t': 1405948, 'o': [{'o': 'i', 'i': [2, 150], 'a': 'h'}]}",,,
17058,49,390,1410.867,editor,i,"[""Automation tools have existed in our world for years now. This is important to recognize especially now as AI tools recieve funding and hype. Intelligent machines are used for multitudes of processes that may be considered tedious, or ones that may be considered too precise. Machines can be beneficial because they are consistent. The elimination of error is more or less impossible, but machines have the potential to avoid messing up more than humans could on certain tasks. A good example would be for predicting weather; machine learning algorithms can process data in real time and possibly predict patterns in the near future. Manufacturing, as mentioned before, is also where machines can outperform humans. In general, I think that with processes that require a large amount of data or those that are repetitive, machines can be beneficial. However, that doesn't mean humans should be phased out entirely. The craze of today is content generation powered by AI; whether it's artwork, videos, music, these new tools are capable of creating it. One of many ethical issues is where the models get their training data; was it scraped with consent of the owner or not? As AI pushes into creative spaces, I believe we as a society should reject the idea of replacing creatives. Ultimately, I do not think that humans were meant to be replaced, and that includes creatives. AI is ultimately derivative. These tools cannot create anything new, instead they take from their datasets and create based off what is provided."", '', 'Machines have provided benefits to society. They have allowed us to be free of jobs that are considered tedious, and have also given us insights into high precision data. Hiwe']",igh precision data. Hiwe',,,"[2, 151]","{'t': [1406093, 1410867], 'l': 24, 'o': [{'o': 'i', 'i': [2, 151], 'a': 'igh precision data. Hiwe'}]}",,,
17059,49,391,1411.902,editor,d,"[""Automation tools have existed in our world for years now. This is important to recognize especially now as AI tools recieve funding and hype. Intelligent machines are used for multitudes of processes that may be considered tedious, or ones that may be considered too precise. Machines can be beneficial because they are consistent. The elimination of error is more or less impossible, but machines have the potential to avoid messing up more than humans could on certain tasks. A good example would be for predicting weather; machine learning algorithms can process data in real time and possibly predict patterns in the near future. Manufacturing, as mentioned before, is also where machines can outperform humans. In general, I think that with processes that require a large amount of data or those that are repetitive, machines can be beneficial. However, that doesn't mean humans should be phased out entirely. The craze of today is content generation powered by AI; whether it's artwork, videos, music, these new tools are capable of creating it. One of many ethical issues is where the models get their training data; was it scraped with consent of the owner or not? As AI pushes into creative spaces, I believe we as a society should reject the idea of replacing creatives. Ultimately, I do not think that humans were meant to be replaced, and that includes creatives. AI is ultimately derivative. These tools cannot create anything new, instead they take from their datasets and create based off what is provided."", '', 'Machines have provided benefits to society. They have allowed us to be free of jobs that are considered tedious, and have also given us insights into high precision data.']",,Hiwe',,"[[2, 170], [2, 175]]","{'t': [1411271, 1411902], 'l': 5, 'o': [{'o': 'd', 'i': [[2, 170], [2, 175]], 'd': [[1, 5]]}]}",,,
17060,49,392,1414.412,editor,i,"[""Automation tools have existed in our world for years now. This is important to recognize especially now as AI tools recieve funding and hype. Intelligent machines are used for multitudes of processes that may be considered tedious, or ones that may be considered too precise. Machines can be beneficial because they are consistent. The elimination of error is more or less impossible, but machines have the potential to avoid messing up more than humans could on certain tasks. A good example would be for predicting weather; machine learning algorithms can process data in real time and possibly predict patterns in the near future. Manufacturing, as mentioned before, is also where machines can outperform humans. In general, I think that with processes that require a large amount of data or those that are repetitive, machines can be beneficial. However, that doesn't mean humans should be phased out entirely. The craze of today is content generation powered by AI; whether it's artwork, videos, music, these new tools are capable of creating it. One of many ethical issues is where the models get their training data; was it scraped with consent of the owner or not? As AI pushes into creative spaces, I believe we as a society should reject the idea of replacing creatives. Ultimately, I do not think that humans were meant to be replaced, and that includes creatives. AI is ultimately derivative. These tools cannot create anything new, instead they take from their datasets and create based off what is provided."", '', 'Machines have provided benefits to society. They have allowed us to be free of jobs that are considered tedious, and have also given us insights into high precision data. That being ']",That being ',,,"[2, 170]","{'t': [1412495, 1414412], 'l': 12, 'o': [{'o': 'i', 'i': [2, 170], 'a': ' That being '}]}",,,
17061,49,393,1417.286,editor,d,"[""Automation tools have existed in our world for years now. This is important to recognize especially now as AI tools recieve funding and hype. Intelligent machines are used for multitudes of processes that may be considered tedious, or ones that may be considered too precise. Machines can be beneficial because they are consistent. The elimination of error is more or less impossible, but machines have the potential to avoid messing up more than humans could on certain tasks. A good example would be for predicting weather; machine learning algorithms can process data in real time and possibly predict patterns in the near future. Manufacturing, as mentioned before, is also where machines can outperform humans. In general, I think that with processes that require a large amount of data or those that are repetitive, machines can be beneficial. However, that doesn't mean humans should be phased out entirely. The craze of today is content generation powered by AI; whether it's artwork, videos, music, these new tools are capable of creating it. One of many ethical issues is where the models get their training data; was it scraped with consent of the owner or not? As AI pushes into creative spaces, I believe we as a society should reject the idea of replacing creatives. Ultimately, I do not think that humans were meant to be replaced, and that includes creatives. AI is ultimately derivative. These tools cannot create anything new, instead they take from their datasets and create based off what is provided."", '', 'Machines have provided benefits to society. They have allowed us to be free of jobs that are considered tedious, and have also given us insights into high precision data. That ']",,being ',,"[[2, 176], [2, 182]]","{'t': 1417286, 'o': [{'o': 'd', 'i': [[2, 176], [2, 182]]}]}",,,
17062,49,394,1417.431,editor,d,"[""Automation tools have existed in our world for years now. This is important to recognize especially now as AI tools recieve funding and hype. Intelligent machines are used for multitudes of processes that may be considered tedious, or ones that may be considered too precise. Machines can be beneficial because they are consistent. The elimination of error is more or less impossible, but machines have the potential to avoid messing up more than humans could on certain tasks. A good example would be for predicting weather; machine learning algorithms can process data in real time and possibly predict patterns in the near future. Manufacturing, as mentioned before, is also where machines can outperform humans. In general, I think that with processes that require a large amount of data or those that are repetitive, machines can be beneficial. However, that doesn't mean humans should be phased out entirely. The craze of today is content generation powered by AI; whether it's artwork, videos, music, these new tools are capable of creating it. One of many ethical issues is where the models get their training data; was it scraped with consent of the owner or not? As AI pushes into creative spaces, I believe we as a society should reject the idea of replacing creatives. Ultimately, I do not think that humans were meant to be replaced, and that includes creatives. AI is ultimately derivative. These tools cannot create anything new, instead they take from their datasets and create based off what is provided."", '', 'Machines have provided benefits to society. They have allowed us to be free of jobs that are considered tedious, and have also given us insights into high precision data. ']",,That ',,"[[2, 171], [2, 176]]","{'t': 1417431, 'o': [{'o': 'd', 'i': [[2, 171], [2, 176]]}]}",,,
17063,49,395,1418.232,editor,i,"[""Automation tools have existed in our world for years now. This is important to recognize especially now as AI tools recieve funding and hype. Intelligent machines are used for multitudes of processes that may be considered tedious, or ones that may be considered too precise. Machines can be beneficial because they are consistent. The elimination of error is more or less impossible, but machines have the potential to avoid messing up more than humans could on certain tasks. A good example would be for predicting weather; machine learning algorithms can process data in real time and possibly predict patterns in the near future. Manufacturing, as mentioned before, is also where machines can outperform humans. In general, I think that with processes that require a large amount of data or those that are repetitive, machines can be beneficial. However, that doesn't mean humans should be phased out entirely. The craze of today is content generation powered by AI; whether it's artwork, videos, music, these new tools are capable of creating it. One of many ethical issues is where the models get their training data; was it scraped with consent of the owner or not? As AI pushes into creative spaces, I believe we as a society should reject the idea of replacing creatives. Ultimately, I do not think that humans were meant to be replaced, and that includes creatives. AI is ultimately derivative. These tools cannot create anything new, instead they take from their datasets and create based off what is provided."", '', 'Machines have provided benefits to society. They have allowed us to be free of jobs that are considered tedious, and have also given us insights into high precision data. h']",h',,,"[2, 171]","{'t': 1418232, 'o': [{'o': 'i', 'i': [2, 171], 'a': 'h'}]}",,,
17064,49,396,1418.558,editor,d,"[""Automation tools have existed in our world for years now. This is important to recognize especially now as AI tools recieve funding and hype. Intelligent machines are used for multitudes of processes that may be considered tedious, or ones that may be considered too precise. Machines can be beneficial because they are consistent. The elimination of error is more or less impossible, but machines have the potential to avoid messing up more than humans could on certain tasks. A good example would be for predicting weather; machine learning algorithms can process data in real time and possibly predict patterns in the near future. Manufacturing, as mentioned before, is also where machines can outperform humans. In general, I think that with processes that require a large amount of data or those that are repetitive, machines can be beneficial. However, that doesn't mean humans should be phased out entirely. The craze of today is content generation powered by AI; whether it's artwork, videos, music, these new tools are capable of creating it. One of many ethical issues is where the models get their training data; was it scraped with consent of the owner or not? As AI pushes into creative spaces, I believe we as a society should reject the idea of replacing creatives. Ultimately, I do not think that humans were meant to be replaced, and that includes creatives. AI is ultimately derivative. These tools cannot create anything new, instead they take from their datasets and create based off what is provided."", '', 'Machines have provided benefits to society. They have allowed us to be free of jobs that are considered tedious, and have also given us insights into high precision data. ']",,h',,"[[2, 171], [2, 172]]","{'t': 1418558, 'o': [{'o': 'd', 'i': [[2, 171], [2, 172]]}]}",,,
17065,49,397,1419.811,editor,i,"[""Automation tools have existed in our world for years now. This is important to recognize especially now as AI tools recieve funding and hype. Intelligent machines are used for multitudes of processes that may be considered tedious, or ones that may be considered too precise. Machines can be beneficial because they are consistent. The elimination of error is more or less impossible, but machines have the potential to avoid messing up more than humans could on certain tasks. A good example would be for predicting weather; machine learning algorithms can process data in real time and possibly predict patterns in the near future. Manufacturing, as mentioned before, is also where machines can outperform humans. In general, I think that with processes that require a large amount of data or those that are repetitive, machines can be beneficial. However, that doesn't mean humans should be phased out entirely. The craze of today is content generation powered by AI; whether it's artwork, videos, music, these new tools are capable of creating it. One of many ethical issues is where the models get their training data; was it scraped with consent of the owner or not? As AI pushes into creative spaces, I believe we as a society should reject the idea of replacing creatives. Ultimately, I do not think that humans were meant to be replaced, and that includes creatives. AI is ultimately derivative. These tools cannot create anything new, instead they take from their datasets and create based off what is provided."", '', 'Machines have provided benefits to society. They have allowed us to be free of jobs that are considered tedious, and have also given us insights into high precision data. Tatb']",Tatb',,,"[2, 171]","{'t': [1419221, 1419811], 'l': 4, 'o': [{'o': 'i', 'i': [2, 171], 'a': 'Tatb'}]}",,,
17066,49,398,1420.302,editor,d,"[""Automation tools have existed in our world for years now. This is important to recognize especially now as AI tools recieve funding and hype. Intelligent machines are used for multitudes of processes that may be considered tedious, or ones that may be considered too precise. Machines can be beneficial because they are consistent. The elimination of error is more or less impossible, but machines have the potential to avoid messing up more than humans could on certain tasks. A good example would be for predicting weather; machine learning algorithms can process data in real time and possibly predict patterns in the near future. Manufacturing, as mentioned before, is also where machines can outperform humans. In general, I think that with processes that require a large amount of data or those that are repetitive, machines can be beneficial. However, that doesn't mean humans should be phased out entirely. The craze of today is content generation powered by AI; whether it's artwork, videos, music, these new tools are capable of creating it. One of many ethical issues is where the models get their training data; was it scraped with consent of the owner or not? As AI pushes into creative spaces, I believe we as a society should reject the idea of replacing creatives. Ultimately, I do not think that humans were meant to be replaced, and that includes creatives. AI is ultimately derivative. These tools cannot create anything new, instead they take from their datasets and create based off what is provided."", '', 'Machines have provided benefits to society. They have allowed us to be free of jobs that are considered tedious, and have also given us insights into high precision data. T']",,atb',,"[[2, 172], [2, 175]]","{'t': [1420016, 1420302], 'l': 3, 'o': [{'o': 'd', 'i': [[2, 172], [2, 175]], 'd': [[1, 3]]}]}",,,
17067,49,399,1426.1,editor,i,"[""Automation tools have existed in our world for years now. This is important to recognize especially now as AI tools recieve funding and hype. Intelligent machines are used for multitudes of processes that may be considered tedious, or ones that may be considered too precise. Machines can be beneficial because they are consistent. The elimination of error is more or less impossible, but machines have the potential to avoid messing up more than humans could on certain tasks. A good example would be for predicting weather; machine learning algorithms can process data in real time and possibly predict patterns in the near future. Manufacturing, as mentioned before, is also where machines can outperform humans. In general, I think that with processes that require a large amount of data or those that are repetitive, machines can be beneficial. However, that doesn't mean humans should be phased out entirely. The craze of today is content generation powered by AI; whether it's artwork, videos, music, these new tools are capable of creating it. One of many ethical issues is where the models get their training data; was it scraped with consent of the owner or not? As AI pushes into creative spaces, I believe we as a society should reject the idea of replacing creatives. Ultimately, I do not think that humans were meant to be replaced, and that includes creatives. AI is ultimately derivative. These tools cannot create anything new, instead they take from their datasets and create based off what is provided."", '', 'Machines have provided benefits to society. They have allowed us to be free of jobs that are considered tedious, and have also given us insights into high precision data. That being said, we should not ']","hat being said, we should not '",,,"[2, 172]","{'t': [1420536, 1426100], 'l': 30, 'o': [{'o': 'i', 'i': [2, 172], 'a': 'hat being said, we should not '}]}",,,
17068,49,400,1428.246,editor,d,"[""Automation tools have existed in our world for years now. This is important to recognize especially now as AI tools recieve funding and hype. Intelligent machines are used for multitudes of processes that may be considered tedious, or ones that may be considered too precise. Machines can be beneficial because they are consistent. The elimination of error is more or less impossible, but machines have the potential to avoid messing up more than humans could on certain tasks. A good example would be for predicting weather; machine learning algorithms can process data in real time and possibly predict patterns in the near future. Manufacturing, as mentioned before, is also where machines can outperform humans. In general, I think that with processes that require a large amount of data or those that are repetitive, machines can be beneficial. However, that doesn't mean humans should be phased out entirely. The craze of today is content generation powered by AI; whether it's artwork, videos, music, these new tools are capable of creating it. One of many ethical issues is where the models get their training data; was it scraped with consent of the owner or not? As AI pushes into creative spaces, I believe we as a society should reject the idea of replacing creatives. Ultimately, I do not think that humans were meant to be replaced, and that includes creatives. AI is ultimately derivative. These tools cannot create anything new, instead they take from their datasets and create based off what is provided."", '', 'Machines have provided benefits to society. They have allowed us to be free of jobs that are considered tedious, and have also given us insights into high precision data. That being said, we should not']",,,,"[[2, 201], [2, 202]]","{'t': 1428246, 'o': [{'o': 'd', 'i': [[2, 201], [2, 202]]}]}",,,
17069,49,401,1429.224,editor,d,"[""Automation tools have existed in our world for years now. This is important to recognize especially now as AI tools recieve funding and hype. Intelligent machines are used for multitudes of processes that may be considered tedious, or ones that may be considered too precise. Machines can be beneficial because they are consistent. The elimination of error is more or less impossible, but machines have the potential to avoid messing up more than humans could on certain tasks. A good example would be for predicting weather; machine learning algorithms can process data in real time and possibly predict patterns in the near future. Manufacturing, as mentioned before, is also where machines can outperform humans. In general, I think that with processes that require a large amount of data or those that are repetitive, machines can be beneficial. However, that doesn't mean humans should be phased out entirely. The craze of today is content generation powered by AI; whether it's artwork, videos, music, these new tools are capable of creating it. One of many ethical issues is where the models get their training data; was it scraped with consent of the owner or not? As AI pushes into creative spaces, I believe we as a society should reject the idea of replacing creatives. Ultimately, I do not think that humans were meant to be replaced, and that includes creatives. AI is ultimately derivative. These tools cannot create anything new, instead they take from their datasets and create based off what is provided."", '', 'Machines have provided benefits to society. They have allowed us to be free of jobs that are considered tedious, and have also given us insights into high precision data. That being said, ']",,we should not',,"[[2, 188], [2, 201]]","{'t': [1428797, 1429224], 'l': 13, 'o': [{'o': 'd', 'i': [[2, 188], [2, 201]], 'd': [[1, 13]]}]}",,,
17070,49,402,1430.318,editor,i,"[""Automation tools have existed in our world for years now. This is important to recognize especially now as AI tools recieve funding and hype. Intelligent machines are used for multitudes of processes that may be considered tedious, or ones that may be considered too precise. Machines can be beneficial because they are consistent. The elimination of error is more or less impossible, but machines have the potential to avoid messing up more than humans could on certain tasks. A good example would be for predicting weather; machine learning algorithms can process data in real time and possibly predict patterns in the near future. Manufacturing, as mentioned before, is also where machines can outperform humans. In general, I think that with processes that require a large amount of data or those that are repetitive, machines can be beneficial. However, that doesn't mean humans should be phased out entirely. The craze of today is content generation powered by AI; whether it's artwork, videos, music, these new tools are capable of creating it. One of many ethical issues is where the models get their training data; was it scraped with consent of the owner or not? As AI pushes into creative spaces, I believe we as a society should reject the idea of replacing creatives. Ultimately, I do not think that humans were meant to be replaced, and that includes creatives. AI is ultimately derivative. These tools cannot create anything new, instead they take from their datasets and create based off what is provided."", '', 'Machines have provided benefits to society. They have allowed us to be free of jobs that are considered tedious, and have also given us insights into high precision data. That being said, a']",a',,,"[2, 188]","{'t': 1430318, 'o': [{'o': 'i', 'i': [2, 188], 'a': 'a'}]}",,,
17071,49,403,1430.63,editor,d,"[""Automation tools have existed in our world for years now. This is important to recognize especially now as AI tools recieve funding and hype. Intelligent machines are used for multitudes of processes that may be considered tedious, or ones that may be considered too precise. Machines can be beneficial because they are consistent. The elimination of error is more or less impossible, but machines have the potential to avoid messing up more than humans could on certain tasks. A good example would be for predicting weather; machine learning algorithms can process data in real time and possibly predict patterns in the near future. Manufacturing, as mentioned before, is also where machines can outperform humans. In general, I think that with processes that require a large amount of data or those that are repetitive, machines can be beneficial. However, that doesn't mean humans should be phased out entirely. The craze of today is content generation powered by AI; whether it's artwork, videos, music, these new tools are capable of creating it. One of many ethical issues is where the models get their training data; was it scraped with consent of the owner or not? As AI pushes into creative spaces, I believe we as a society should reject the idea of replacing creatives. Ultimately, I do not think that humans were meant to be replaced, and that includes creatives. AI is ultimately derivative. These tools cannot create anything new, instead they take from their datasets and create based off what is provided."", '', 'Machines have provided benefits to society. They have allowed us to be free of jobs that are considered tedious, and have also given us insights into high precision data. That being said, ']",,a',,"[[2, 188], [2, 189]]","{'t': 1430630, 'o': [{'o': 'd', 'i': [[2, 188], [2, 189]]}]}",,,
17072,49,404,1432.566,editor,i,"[""Automation tools have existed in our world for years now. This is important to recognize especially now as AI tools recieve funding and hype. Intelligent machines are used for multitudes of processes that may be considered tedious, or ones that may be considered too precise. Machines can be beneficial because they are consistent. The elimination of error is more or less impossible, but machines have the potential to avoid messing up more than humans could on certain tasks. A good example would be for predicting weather; machine learning algorithms can process data in real time and possibly predict patterns in the near future. Manufacturing, as mentioned before, is also where machines can outperform humans. In general, I think that with processes that require a large amount of data or those that are repetitive, machines can be beneficial. However, that doesn't mean humans should be phased out entirely. The craze of today is content generation powered by AI; whether it's artwork, videos, music, these new tools are capable of creating it. One of many ethical issues is where the models get their training data; was it scraped with consent of the owner or not? As AI pushes into creative spaces, I believe we as a society should reject the idea of replacing creatives. Ultimately, I do not think that humans were meant to be replaced, and that includes creatives. AI is ultimately derivative. These tools cannot create anything new, instead they take from their datasets and create based off what is provided."", '', 'Machines have provided benefits to society. They have allowed us to be free of jobs that are considered tedious, and have also given us insights into high precision data. That being said, making atn']",making atn',,,"[2, 188]","{'t': [1430841, 1432566], 'l': 10, 'o': [{'o': 'i', 'i': [2, 188], 'a': 'making atn'}]}",,,
17073,49,405,1432.965,editor,d,"[""Automation tools have existed in our world for years now. This is important to recognize especially now as AI tools recieve funding and hype. Intelligent machines are used for multitudes of processes that may be considered tedious, or ones that may be considered too precise. Machines can be beneficial because they are consistent. The elimination of error is more or less impossible, but machines have the potential to avoid messing up more than humans could on certain tasks. A good example would be for predicting weather; machine learning algorithms can process data in real time and possibly predict patterns in the near future. Manufacturing, as mentioned before, is also where machines can outperform humans. In general, I think that with processes that require a large amount of data or those that are repetitive, machines can be beneficial. However, that doesn't mean humans should be phased out entirely. The craze of today is content generation powered by AI; whether it's artwork, videos, music, these new tools are capable of creating it. One of many ethical issues is where the models get their training data; was it scraped with consent of the owner or not? As AI pushes into creative spaces, I believe we as a society should reject the idea of replacing creatives. Ultimately, I do not think that humans were meant to be replaced, and that includes creatives. AI is ultimately derivative. These tools cannot create anything new, instead they take from their datasets and create based off what is provided."", '', 'Machines have provided benefits to society. They have allowed us to be free of jobs that are considered tedious, and have also given us insights into high precision data. That being said, making a']",,tn',,"[[2, 196], [2, 198]]","{'t': [1432822, 1432965], 'l': 2, 'o': [{'o': 'd', 'i': [[2, 196], [2, 198]], 'd': [[1, 2]]}]}",,,
17074,49,406,1439.166,editor,i,"[""Automation tools have existed in our world for years now. This is important to recognize especially now as AI tools recieve funding and hype. Intelligent machines are used for multitudes of processes that may be considered tedious, or ones that may be considered too precise. Machines can be beneficial because they are consistent. The elimination of error is more or less impossible, but machines have the potential to avoid messing up more than humans could on certain tasks. A good example would be for predicting weather; machine learning algorithms can process data in real time and possibly predict patterns in the near future. Manufacturing, as mentioned before, is also where machines can outperform humans. In general, I think that with processes that require a large amount of data or those that are repetitive, machines can be beneficial. However, that doesn't mean humans should be phased out entirely. The craze of today is content generation powered by AI; whether it's artwork, videos, music, these new tools are capable of creating it. One of many ethical issues is where the models get their training data; was it scraped with consent of the owner or not? As AI pushes into creative spaces, I believe we as a society should reject the idea of replacing creatives. Ultimately, I do not think that humans were meant to be replaced, and that includes creatives. AI is ultimately derivative. These tools cannot create anything new, instead they take from their datasets and create based off what is provided."", '', 'Machines have provided benefits to society. They have allowed us to be free of jobs that are considered tedious, and have also given us insights into high precision data. That being said, making an attempt to put people ']",n attempt to put people ',,,"[2, 196]","{'t': [1433159, 1439166], 'l': 24, 'o': [{'o': 'i', 'i': [2, 196], 'a': 'n attempt to put people '}]}",,,
17075,49,407,1441.756,editor,d,"[""Automation tools have existed in our world for years now. This is important to recognize especially now as AI tools recieve funding and hype. Intelligent machines are used for multitudes of processes that may be considered tedious, or ones that may be considered too precise. Machines can be beneficial because they are consistent. The elimination of error is more or less impossible, but machines have the potential to avoid messing up more than humans could on certain tasks. A good example would be for predicting weather; machine learning algorithms can process data in real time and possibly predict patterns in the near future. Manufacturing, as mentioned before, is also where machines can outperform humans. In general, I think that with processes that require a large amount of data or those that are repetitive, machines can be beneficial. However, that doesn't mean humans should be phased out entirely. The craze of today is content generation powered by AI; whether it's artwork, videos, music, these new tools are capable of creating it. One of many ethical issues is where the models get their training data; was it scraped with consent of the owner or not? As AI pushes into creative spaces, I believe we as a society should reject the idea of replacing creatives. Ultimately, I do not think that humans were meant to be replaced, and that includes creatives. AI is ultimately derivative. These tools cannot create anything new, instead they take from their datasets and create based off what is provided."", '', 'Machines have provided benefits to society. They have allowed us to be free of jobs that are considered tedious, and have also given us insights into high precision data. That being said, making an attempt to put people']",,,,"[[2, 219], [2, 220]]","{'t': 1441756, 'o': [{'o': 'd', 'i': [[2, 219], [2, 220]]}]}",,,
17076,49,408,1442.498,editor,d,"[""Automation tools have existed in our world for years now. This is important to recognize especially now as AI tools recieve funding and hype. Intelligent machines are used for multitudes of processes that may be considered tedious, or ones that may be considered too precise. Machines can be beneficial because they are consistent. The elimination of error is more or less impossible, but machines have the potential to avoid messing up more than humans could on certain tasks. A good example would be for predicting weather; machine learning algorithms can process data in real time and possibly predict patterns in the near future. Manufacturing, as mentioned before, is also where machines can outperform humans. In general, I think that with processes that require a large amount of data or those that are repetitive, machines can be beneficial. However, that doesn't mean humans should be phased out entirely. The craze of today is content generation powered by AI; whether it's artwork, videos, music, these new tools are capable of creating it. One of many ethical issues is where the models get their training data; was it scraped with consent of the owner or not? As AI pushes into creative spaces, I believe we as a society should reject the idea of replacing creatives. Ultimately, I do not think that humans were meant to be replaced, and that includes creatives. AI is ultimately derivative. These tools cannot create anything new, instead they take from their datasets and create based off what is provided."", '', 'Machines have provided benefits to society. They have allowed us to be free of jobs that are considered tedious, and have also given us insights into high precision data. That being said, making an attempt to put ']",,people',,"[[2, 213], [2, 219]]","{'t': [1442324, 1442498], 'l': 6, 'o': [{'o': 'd', 'i': [[2, 213], [2, 219]], 'd': [[1, 6]]}]}",,,
17077,49,409,1443.874,editor,i,"[""Automation tools have existed in our world for years now. This is important to recognize especially now as AI tools recieve funding and hype. Intelligent machines are used for multitudes of processes that may be considered tedious, or ones that may be considered too precise. Machines can be beneficial because they are consistent. The elimination of error is more or less impossible, but machines have the potential to avoid messing up more than humans could on certain tasks. A good example would be for predicting weather; machine learning algorithms can process data in real time and possibly predict patterns in the near future. Manufacturing, as mentioned before, is also where machines can outperform humans. In general, I think that with processes that require a large amount of data or those that are repetitive, machines can be beneficial. However, that doesn't mean humans should be phased out entirely. The craze of today is content generation powered by AI; whether it's artwork, videos, music, these new tools are capable of creating it. One of many ethical issues is where the models get their training data; was it scraped with consent of the owner or not? As AI pushes into creative spaces, I believe we as a society should reject the idea of replacing creatives. Ultimately, I do not think that humans were meant to be replaced, and that includes creatives. AI is ultimately derivative. These tools cannot create anything new, instead they take from their datasets and create based off what is provided."", '', 'Machines have provided benefits to society. They have allowed us to be free of jobs that are considered tedious, and have also given us insights into high precision data. That being said, making an attempt to put creatv']",creatv',,,"[2, 213]","{'t': [1442854, 1443874], 'l': 6, 'o': [{'o': 'i', 'i': [2, 213], 'a': 'creatv'}]}",,,
17078,49,410,1444.212,editor,d,"[""Automation tools have existed in our world for years now. This is important to recognize especially now as AI tools recieve funding and hype. Intelligent machines are used for multitudes of processes that may be considered tedious, or ones that may be considered too precise. Machines can be beneficial because they are consistent. The elimination of error is more or less impossible, but machines have the potential to avoid messing up more than humans could on certain tasks. A good example would be for predicting weather; machine learning algorithms can process data in real time and possibly predict patterns in the near future. Manufacturing, as mentioned before, is also where machines can outperform humans. In general, I think that with processes that require a large amount of data or those that are repetitive, machines can be beneficial. However, that doesn't mean humans should be phased out entirely. The craze of today is content generation powered by AI; whether it's artwork, videos, music, these new tools are capable of creating it. One of many ethical issues is where the models get their training data; was it scraped with consent of the owner or not? As AI pushes into creative spaces, I believe we as a society should reject the idea of replacing creatives. Ultimately, I do not think that humans were meant to be replaced, and that includes creatives. AI is ultimately derivative. These tools cannot create anything new, instead they take from their datasets and create based off what is provided."", '', 'Machines have provided benefits to society. They have allowed us to be free of jobs that are considered tedious, and have also given us insights into high precision data. That being said, making an attempt to put creat']",,v',,"[[2, 218], [2, 219]]","{'t': 1444212, 'o': [{'o': 'd', 'i': [[2, 218], [2, 219]]}]}",,,
17079,49,411,1445.986,editor,i,"[""Automation tools have existed in our world for years now. This is important to recognize especially now as AI tools recieve funding and hype. Intelligent machines are used for multitudes of processes that may be considered tedious, or ones that may be considered too precise. Machines can be beneficial because they are consistent. The elimination of error is more or less impossible, but machines have the potential to avoid messing up more than humans could on certain tasks. A good example would be for predicting weather; machine learning algorithms can process data in real time and possibly predict patterns in the near future. Manufacturing, as mentioned before, is also where machines can outperform humans. In general, I think that with processes that require a large amount of data or those that are repetitive, machines can be beneficial. However, that doesn't mean humans should be phased out entirely. The craze of today is content generation powered by AI; whether it's artwork, videos, music, these new tools are capable of creating it. One of many ethical issues is where the models get their training data; was it scraped with consent of the owner or not? As AI pushes into creative spaces, I believe we as a society should reject the idea of replacing creatives. Ultimately, I do not think that humans were meant to be replaced, and that includes creatives. AI is ultimately derivative. These tools cannot create anything new, instead they take from their datasets and create based off what is provided."", '', 'Machines have provided benefits to society. They have allowed us to be free of jobs that are considered tedious, and have also given us insights into high precision data. That being said, making an attempt to put creatives out of ']",ives out of ',,,"[2, 218]","{'t': [1444432, 1445986], 'l': 12, 'o': [{'o': 'i', 'i': [2, 218], 'a': 'ives out of '}]}",,,
17080,49,412,1449.612,editor,o,"[""Automation tools have existed in our world for years now. This is important to recognize especially now as AI tools recieve funding and hype. Intelligent machines are used for multitudes of processes that may be considered tedious, or ones that may be considered too precise. Machines can be beneficial because they are consistent. The elimination of error is more or less impossible, but machines have the potential to avoid messing up more than humans could on certain tasks. A good example would be for predicting weather; machine learning algorithms can process data in real time and possibly predict patterns in the near future. Manufacturing, as mentioned before, is also where machines can outperform humans. In general, I think that with processes that require a large amount of data or those that are repetitive, machines can be beneficial. However, that doesn't mean humans should be phased out entirely. The craze of today is content generation powered by AI; whether it's artwork, videos, music, these new tools are capable of creating it. One of many ethical issues is where the models get their training data; was it scraped with consent of the owner or not? As AI pushes into creative spaces, I believe we as a society should reject the idea of replacing creatives. Ultimately, I do not think that humans were meant to be replaced, and that includes creatives. AI is ultimately derivative. These tools cannot create anything new, instead they take from their datasets and create based off what is provided."", '', 'Machines have provided benefits to society. They have allowed us to be free of jobs that are considered tedious, and have also given us insights into high precision data. That being said, making an attempt to put creatives out of ']",,,,"[2, 222]","{'t': 1449612, 'o': [{'o': 'o', 'i': [2, 222]}]}",,,
17081,49,413,1450.276,editor,i,"[""Automation tools have existed in our world for years now. This is important to recognize especially now as AI tools recieve funding and hype. Intelligent machines are used for multitudes of processes that may be considered tedious, or ones that may be considered too precise. Machines can be beneficial because they are consistent. The elimination of error is more or less impossible, but machines have the potential to avoid messing up more than humans could on certain tasks. A good example would be for predicting weather; machine learning algorithms can process data in real time and possibly predict patterns in the near future. Manufacturing, as mentioned before, is also where machines can outperform humans. In general, I think that with processes that require a large amount of data or those that are repetitive, machines can be beneficial. However, that doesn't mean humans should be phased out entirely. The craze of today is content generation powered by AI; whether it's artwork, videos, music, these new tools are capable of creating it. One of many ethical issues is where the models get their training data; was it scraped with consent of the owner or not? As AI pushes into creative spaces, I believe we as a society should reject the idea of replacing creatives. Ultimately, I do not think that humans were meant to be replaced, and that includes creatives. AI is ultimately derivative. These tools cannot create anything new, instead they take from their datasets and create based off what is provided."", '', 'Machines have provided benefits to society. They have allowed us to be free of jobs that are considered tedious, and have also given us insights into high precision data. That being said, making an attempt to put creatives, out of ']",",'",,,"[2, 222]","{'t': 1450276, 'o': [{'o': 'i', 'i': [2, 222], 'a': ','}]}",,,
17082,49,414,1455.478,editor,i,"[""Automation tools have existed in our world for years now. This is important to recognize especially now as AI tools recieve funding and hype. Intelligent machines are used for multitudes of processes that may be considered tedious, or ones that may be considered too precise. Machines can be beneficial because they are consistent. The elimination of error is more or less impossible, but machines have the potential to avoid messing up more than humans could on certain tasks. A good example would be for predicting weather; machine learning algorithms can process data in real time and possibly predict patterns in the near future. Manufacturing, as mentioned before, is also where machines can outperform humans. In general, I think that with processes that require a large amount of data or those that are repetitive, machines can be beneficial. However, that doesn't mean humans should be phased out entirely. The craze of today is content generation powered by AI; whether it's artwork, videos, music, these new tools are capable of creating it. One of many ethical issues is where the models get their training data; was it scraped with consent of the owner or not? As AI pushes into creative spaces, I believe we as a society should reject the idea of replacing creatives. Ultimately, I do not think that humans were meant to be replaced, and that includes creatives. AI is ultimately derivative. These tools cannot create anything new, instead they take from their datasets and create based off what is provided."", '', 'Machines have provided benefits to society. They have allowed us to be free of jobs that are considered tedious, and have also given us insights into high precision data. That being said, making an attempt to put creatives, software designers, and others out of ']","software designers, and others'",,,"[2, 223]","{'t': [1450559, 1455478], 'l': 31, 'o': [{'o': 'i', 'i': [2, 223], 'a': ' software designers, and others'}]}",,,
17083,49,415,1456.865,editor,o,"[""Automation tools have existed in our world for years now. This is important to recognize especially now as AI tools recieve funding and hype. Intelligent machines are used for multitudes of processes that may be considered tedious, or ones that may be considered too precise. Machines can be beneficial because they are consistent. The elimination of error is more or less impossible, but machines have the potential to avoid messing up more than humans could on certain tasks. A good example would be for predicting weather; machine learning algorithms can process data in real time and possibly predict patterns in the near future. Manufacturing, as mentioned before, is also where machines can outperform humans. In general, I think that with processes that require a large amount of data or those that are repetitive, machines can be beneficial. However, that doesn't mean humans should be phased out entirely. The craze of today is content generation powered by AI; whether it's artwork, videos, music, these new tools are capable of creating it. One of many ethical issues is where the models get their training data; was it scraped with consent of the owner or not? As AI pushes into creative spaces, I believe we as a society should reject the idea of replacing creatives. Ultimately, I do not think that humans were meant to be replaced, and that includes creatives. AI is ultimately derivative. These tools cannot create anything new, instead they take from their datasets and create based off what is provided."", '', 'Machines have provided benefits to society. They have allowed us to be free of jobs that are considered tedious, and have also given us insights into high precision data. That being said, making an attempt to put creatives, software designers, and others out of ']",,,,"[2, 262]","{'t': 1456865, 'o': [{'o': 'o', 'i': [2, 262]}]}",,,
17084,49,416,1457.78,editor,i,"[""Automation tools have existed in our world for years now. This is important to recognize especially now as AI tools recieve funding and hype. Intelligent machines are used for multitudes of processes that may be considered tedious, or ones that may be considered too precise. Machines can be beneficial because they are consistent. The elimination of error is more or less impossible, but machines have the potential to avoid messing up more than humans could on certain tasks. A good example would be for predicting weather; machine learning algorithms can process data in real time and possibly predict patterns in the near future. Manufacturing, as mentioned before, is also where machines can outperform humans. In general, I think that with processes that require a large amount of data or those that are repetitive, machines can be beneficial. However, that doesn't mean humans should be phased out entirely. The craze of today is content generation powered by AI; whether it's artwork, videos, music, these new tools are capable of creating it. One of many ethical issues is where the models get their training data; was it scraped with consent of the owner or not? As AI pushes into creative spaces, I believe we as a society should reject the idea of replacing creatives. Ultimately, I do not think that humans were meant to be replaced, and that includes creatives. AI is ultimately derivative. These tools cannot create anything new, instead they take from their datasets and create based off what is provided."", '', 'Machines have provided benefits to society. They have allowed us to be free of jobs that are considered tedious, and have also given us insights into high precision data. That being said, making an attempt to put creatives, software designers, and others out of j']",j',,,"[2, 262]","{'t': 1457780, 'o': [{'o': 'i', 'i': [2, 262], 'a': 'j'}]}",,,
17085,49,417,1460.208,editor,i,"[""Automation tools have existed in our world for years now. This is important to recognize especially now as AI tools recieve funding and hype. Intelligent machines are used for multitudes of processes that may be considered tedious, or ones that may be considered too precise. Machines can be beneficial because they are consistent. The elimination of error is more or less impossible, but machines have the potential to avoid messing up more than humans could on certain tasks. A good example would be for predicting weather; machine learning algorithms can process data in real time and possibly predict patterns in the near future. Manufacturing, as mentioned before, is also where machines can outperform humans. In general, I think that with processes that require a large amount of data or those that are repetitive, machines can be beneficial. However, that doesn't mean humans should be phased out entirely. The craze of today is content generation powered by AI; whether it's artwork, videos, music, these new tools are capable of creating it. One of many ethical issues is where the models get their training data; was it scraped with consent of the owner or not? As AI pushes into creative spaces, I believe we as a society should reject the idea of replacing creatives. Ultimately, I do not think that humans were meant to be replaced, and that includes creatives. AI is ultimately derivative. These tools cannot create anything new, instead they take from their datasets and create based off what is provided."", '', 'Machines have provided benefits to society. They have allowed us to be free of jobs that are considered tedious, and have also given us insights into high precision data. That being said, making an attempt to put creatives, software designers, and others out of jobs because of AI']",obs because of AI',,,"[2, 263]","{'t': [1457937, 1460208], 'l': 17, 'o': [{'o': 'i', 'i': [2, 263], 'a': 'obs because of AI'}]}",,,
17086,49,418,1461.845,editor,i,"[""Automation tools have existed in our world for years now. This is important to recognize especially now as AI tools recieve funding and hype. Intelligent machines are used for multitudes of processes that may be considered tedious, or ones that may be considered too precise. Machines can be beneficial because they are consistent. The elimination of error is more or less impossible, but machines have the potential to avoid messing up more than humans could on certain tasks. A good example would be for predicting weather; machine learning algorithms can process data in real time and possibly predict patterns in the near future. Manufacturing, as mentioned before, is also where machines can outperform humans. In general, I think that with processes that require a large amount of data or those that are repetitive, machines can be beneficial. However, that doesn't mean humans should be phased out entirely. The craze of today is content generation powered by AI; whether it's artwork, videos, music, these new tools are capable of creating it. One of many ethical issues is where the models get their training data; was it scraped with consent of the owner or not? As AI pushes into creative spaces, I believe we as a society should reject the idea of replacing creatives. Ultimately, I do not think that humans were meant to be replaced, and that includes creatives. AI is ultimately derivative. These tools cannot create anything new, instead they take from their datasets and create based off what is provided."", '', 'Machines have provided benefits to society. They have allowed us to be free of jobs that are considered tedious, and have also given us insights into high precision data. That being said, making an attempt to put creatives, software designers, and others out of jobs because of AI ']",,,,"[2, 280]","{'t': 1461845, 'o': [{'o': 'i', 'i': [2, 280], 'a': ' '}]}",,,
17087,49,419,1463.227,editor,i,"[""Automation tools have existed in our world for years now. This is important to recognize especially now as AI tools recieve funding and hype. Intelligent machines are used for multitudes of processes that may be considered tedious, or ones that may be considered too precise. Machines can be beneficial because they are consistent. The elimination of error is more or less impossible, but machines have the potential to avoid messing up more than humans could on certain tasks. A good example would be for predicting weather; machine learning algorithms can process data in real time and possibly predict patterns in the near future. Manufacturing, as mentioned before, is also where machines can outperform humans. In general, I think that with processes that require a large amount of data or those that are repetitive, machines can be beneficial. However, that doesn't mean humans should be phased out entirely. The craze of today is content generation powered by AI; whether it's artwork, videos, music, these new tools are capable of creating it. One of many ethical issues is where the models get their training data; was it scraped with consent of the owner or not? As AI pushes into creative spaces, I believe we as a society should reject the idea of replacing creatives. Ultimately, I do not think that humans were meant to be replaced, and that includes creatives. AI is ultimately derivative. These tools cannot create anything new, instead they take from their datasets and create based off what is provided."", '', 'Machines have provided benefits to society. They have allowed us to be free of jobs that are considered tedious, and have also given us insights into high precision data. That being said, making an attempt to put creatives, software designers, and others out of jobs because of AI is not']",is not',,,"[2, 281]","{'t': [1462156, 1463227], 'l': 6, 'o': [{'o': 'i', 'i': [2, 281], 'a': 'is not'}]}",,,
17088,49,420,1468.521,editor,i,"[""Automation tools have existed in our world for years now. This is important to recognize especially now as AI tools recieve funding and hype. Intelligent machines are used for multitudes of processes that may be considered tedious, or ones that may be considered too precise. Machines can be beneficial because they are consistent. The elimination of error is more or less impossible, but machines have the potential to avoid messing up more than humans could on certain tasks. A good example would be for predicting weather; machine learning algorithms can process data in real time and possibly predict patterns in the near future. Manufacturing, as mentioned before, is also where machines can outperform humans. In general, I think that with processes that require a large amount of data or those that are repetitive, machines can be beneficial. However, that doesn't mean humans should be phased out entirely. The craze of today is content generation powered by AI; whether it's artwork, videos, music, these new tools are capable of creating it. One of many ethical issues is where the models get their training data; was it scraped with consent of the owner or not? As AI pushes into creative spaces, I believe we as a society should reject the idea of replacing creatives. Ultimately, I do not think that humans were meant to be replaced, and that includes creatives. AI is ultimately derivative. These tools cannot create anything new, instead they take from their datasets and create based off what is provided."", '', 'Machines have provided benefits to society. They have allowed us to be free of jobs that are considered tedious, and have also given us insights into high precision data. That being said, making an attempt to put creatives, software designers, and others out of jobs because of AI is not a']",a',,,"[2, 287]","{'t': [1467271, 1468521], 'l': 2, 'o': [{'o': 'i', 'i': [2, 287], 'a': ' a'}]}",,,
17089,49,421,1472.799,editor,i,"[""Automation tools have existed in our world for years now. This is important to recognize especially now as AI tools recieve funding and hype. Intelligent machines are used for multitudes of processes that may be considered tedious, or ones that may be considered too precise. Machines can be beneficial because they are consistent. The elimination of error is more or less impossible, but machines have the potential to avoid messing up more than humans could on certain tasks. A good example would be for predicting weather; machine learning algorithms can process data in real time and possibly predict patterns in the near future. Manufacturing, as mentioned before, is also where machines can outperform humans. In general, I think that with processes that require a large amount of data or those that are repetitive, machines can be beneficial. However, that doesn't mean humans should be phased out entirely. The craze of today is content generation powered by AI; whether it's artwork, videos, music, these new tools are capable of creating it. One of many ethical issues is where the models get their training data; was it scraped with consent of the owner or not? As AI pushes into creative spaces, I believe we as a society should reject the idea of replacing creatives. Ultimately, I do not think that humans were meant to be replaced, and that includes creatives. AI is ultimately derivative. These tools cannot create anything new, instead they take from their datasets and create based off what is provided."", '', 'Machines have provided benefits to society. They have allowed us to be free of jobs that are considered tedious, and have also given us insights into high precision data. That being said, making an attempt to put creatives, software designers, and others out of jobs because of AI is not a course of action I can support.']",course of action I can support.',,,"[2, 289]","{'t': [1468643, 1472799], 'l': 32, 'o': [{'o': 'i', 'i': [2, 289], 'a': ' course of action I can support.'}]}",,,
