Unnamed: 0,essay_num,op_index,time,op_loc,op_type,current_editor,add,delete,selected_text,cursor_location,recording_obj,Unnamed: 12,Unnamed: 13,Unnamed: 14
1019,2,0,93.246,editor,i,['I'],I',,,"[0, 0]","{'t': 93246, 'o': [{'o': 'i', 'i': [0, 0], 'a': 'I'}]}",,,
1020,2,1,93.754,editor,i,['In '],n ',,,"[0, 1]","{'t': [93499, 93754], 'l': 2, 'o': [{'o': 'i', 'i': [0, 1], 'a': 'n '}]}",,,
1021,2,2,96.177,editor,i,['In t'],t',,,"[0, 3]","{'t': 96177, 'o': [{'o': 'i', 'i': [0, 3], 'a': 't'}]}",,,
1022,2,3,100.874,editor,i,"[""In today's society ""]",oday's society ,,,"[0, 4]","{'t': [96274, 100874], 'l': 15, 'o': [{'o': 'i', 'i': [0, 4], 'a': ""oday's society ""}]}",,,
1023,2,4,102.212,editor,i,"[""In today's society i""]",i',,,"[0, 19]","{'t': 102212, 'o': [{'o': 'i', 'i': [0, 19], 'a': 'i'}]}",,,
1024,2,5,112.848,editor,i,"[""In today's society instead of writing letters, calling, or ""]","nstead of writing letters, calling, or '",,,"[0, 20]","{'t': [102446, 112848], 'l': 39, 'o': [{'o': 'i', 'i': [0, 20], 'a': 'nstead of writing letters, calling, or '}]}",,,
1025,2,6,116.347,editor,i,"[""In today's society instead of writing letters, calling, or i""]",i',,,"[0, 59]","{'t': 116347, 'o': [{'o': 'i', 'i': [0, 59], 'a': 'i'}]}",,,
1026,2,7,122.722,editor,i,"[""In today's society instead of writing letters, calling, or in person meetings in ""]",n person meetings in ',,,"[0, 60]","{'t': [116687, 122722], 'l': 21, 'o': [{'o': 'i', 'i': [0, 60], 'a': 'n person meetings in '}]}",,,
1027,2,8,126.011,editor,i,"[""In today's society instead of writing letters, calling, or in person meetings in d""]",d',,,"[0, 81]","{'t': 126011, 'o': [{'o': 'i', 'i': [0, 81], 'a': 'd'}]}",,,
1028,2,9,128.274,editor,i,"[""In today's society instead of writing letters, calling, or in person meetings in different ""]",ifferent ',,,"[0, 82]","{'t': [126548, 128274], 'l': 9, 'o': [{'o': 'i', 'i': [0, 82], 'a': 'ifferent '}]}",,,
1029,2,10,129.708,editor,i,"[""In today's society instead of writing letters, calling, or in person meetings in different o""]",o',,,"[0, 91]","{'t': 129708, 'o': [{'o': 'i', 'i': [0, 91], 'a': 'o'}]}",,,
1030,2,11,132.813,editor,i,"[""In today's society instead of writing letters, calling, or in person meetings in different occupations. ""]",ccupations. ',,,"[0, 92]","{'t': [129961, 132813], 'l': 12, 'o': [{'o': 'i', 'i': [0, 92], 'a': 'ccupations. '}]}",,,
1031,2,12,134.246,editor,i,"[""In today's society instead of writing letters, calling, or in person meetings in different occupations. T""]",T',,,"[0, 104]","{'t': 134246, 'o': [{'o': 'i', 'i': [0, 104], 'a': 'T'}]}",,,
1032,2,13,134.74,editor,i,"[""In today's society instead of writing letters, calling, or in person meetings in different occupations. The ""]",he ',,,"[0, 105]","{'t': [134503, 134740], 'l': 3, 'o': [{'o': 'i', 'i': [0, 105], 'a': 'he '}]}",,,
1033,2,14,136.179,editor,d,"[""In today's society instead of writing letters, calling, or in person meetings in different occupations. ""]",,The ',,"[[0, 104], [0, 108]]","{'t': [135612, 136179], 'l': 4, 'o': [{'o': 'd', 'i': [[0, 104], [0, 108]], 'd': [[1, 4]]}]}",,,
1034,2,15,146.005,editor,i,"[""In today's society instead of writing letters, calling, or in person meetings in different occupations. We are consumed with the intelligent mahin""]",We are consumed with the intelligent mahin',,,"[0, 104]","{'t': [137026, 146005], 'l': 42, 'o': [{'o': 'i', 'i': [0, 104], 'a': 'We are consumed with the intelligent mahin'}]}",,,
1035,2,16,147.224,editor,d,"[""In today's society instead of writing letters, calling, or in person meetings in different occupations. We are consumed with the intelligent ma""]",,hin',,"[[0, 143], [0, 146]]","{'t': [146495, 147224], 'l': 3, 'o': [{'o': 'd', 'i': [[0, 143], [0, 146]], 'd': [[1, 3]]}]}",,,
1036,2,17,152.45,editor,i,"[""In today's society instead of writing letters, calling, or in person meetings in different occupations. We are consumed with the intelligent machines of Al, Chap""]","chines of Al, Chap'",,,"[0, 143]","{'t': [147908, 152450], 'l': 18, 'o': [{'o': 'i', 'i': [0, 143], 'a': 'chines of Al, Chap'}]}",,,
1037,2,18,154.314,editor,i,"[""In today's society instead of writing letters, calling, or in person meetings in different occupations. We are consumed with the intelligent machines of Al, Chapg""]",g',,,"[0, 161]","{'t': 154314, 'o': [{'o': 'i', 'i': [0, 161], 'a': 'g'}]}",,,
1038,2,19,159.581,editor,i,"[""In today's society instead of writing letters, calling, or in person meetings in different occupations. We are consumed with the intelligent machines of Al, Chapgpt and other devices to ""]",pt and other devices to ',,,"[0, 162]","{'t': [155512, 159581], 'l': 24, 'o': [{'o': 'i', 'i': [0, 162], 'a': 'pt and other devices to '}]}",,,
1039,2,20,162.257,editor,d,"[""In today's society instead of writing letters, calling, or in person meetings in different occupations. We are consumed with the intelligent machines of Al, Chapgpt and other devices to""]",,,,"[[0, 185], [0, 186]]","{'t': 162257, 'o': [{'o': 'd', 'i': [[0, 185], [0, 186]]}]}",,,
1040,2,21,162.688,editor,d,"[""In today's society instead of writing letters, calling, or in person meetings in different occupations. We are consumed with the intelligent machines of Al, Chapgpt and other devices ""]",,to',,"[[0, 183], [0, 185]]","{'t': [162486, 162688], 'l': 2, 'o': [{'o': 'd', 'i': [[0, 183], [0, 185]], 'd': [[1, 2]]}]}",,,
1041,2,22,164.72,editor,i,"[""In today's society instead of writing letters, calling, or in person meetings in different occupations. We are consumed with the intelligent machines of Al, Chapgpt and other devices for corr""]",for corr',,,"[0, 183]","{'t': [163209, 164720], 'l': 8, 'o': [{'o': 'i', 'i': [0, 183], 'a': 'for corr'}]}",,,
1042,2,23,166.478,editor,i,"[""In today's society instead of writing letters, calling, or in person meetings in different occupations. We are consumed with the intelligent machines of Al, Chapgpt and other devices for corre""]",e',,,"[0, 191]","{'t': 166478, 'o': [{'o': 'i', 'i': [0, 191], 'a': 'e'}]}",,,
1043,2,24,170.367,editor,i,"[""In today's society instead of writing letters, calling, or in person meetings in different occupations. We are consumed with the intelligent machines of Al, Chapgpt and other devices for correspondence. ""]",spondence. ',,,"[0, 192]","{'t': [166744, 170367], 'l': 11, 'o': [{'o': 'i', 'i': [0, 192], 'a': 'spondence. '}]}",,,
1044,2,25,171.581,editor,i,"[""In today's society instead of writing letters, calling, or in person meetings in different occupations. We are consumed with the intelligent machines of Al, Chapgpt and other devices for correspondence. I""]",I',,,"[0, 203]","{'t': 171581, 'o': [{'o': 'i', 'i': [0, 203], 'a': 'I'}]}",,,
1045,2,26,185.383,editor,i,"[""In today's society instead of writing letters, calling, or in person meetings in different occupations. We are consumed with the intelligent machines of Al, Chapgpt and other devices for correspondence. In some ways it is fine to have if serving for the rights""]",n some ways it is fine to have if serving for the rights',,,"[0, 204]","{'t': [171913, 185383], 'l': 56, 'o': [{'o': 'i', 'i': [0, 204], 'a': 'n some ways it is fine to have if serving for the rights'}]}",,,
1046,2,27,185.921,editor,d,"[""In today's society instead of writing letters, calling, or in person meetings in different occupations. We are consumed with the intelligent machines of Al, Chapgpt and other devices for correspondence. In some ways it is fine to have if serving for the right""]",,s',,"[[0, 259], [0, 260]]","{'t': 185921, 'o': [{'o': 'd', 'i': [[0, 259], [0, 260]]}]}",,,
1047,2,28,186.925,editor,i,"[""In today's society instead of writing letters, calling, or in person meetings in different occupations. We are consumed with the intelligent machines of Al, Chapgpt and other devices for correspondence. In some ways it is fine to have if serving for the right pr""]",pr',,,"[0, 259]","{'t': [186346, 186925], 'l': 3, 'o': [{'o': 'i', 'i': [0, 259], 'a': ' pr'}]}",,,
1048,2,29,187.697,editor,d,"[""In today's society instead of writing letters, calling, or in person meetings in different occupations. We are consumed with the intelligent machines of Al, Chapgpt and other devices for correspondence. In some ways it is fine to have if serving for the right p""]",,r',,"[[0, 261], [0, 262]]","{'t': 187697, 'o': [{'o': 'd', 'i': [[0, 261], [0, 262]]}]}",,,
1049,2,30,200.454,editor,i,"[""In today's society instead of writing letters, calling, or in person meetings in different occupations. We are consumed with the intelligent machines of Al, Chapgpt and other devices for correspondence. In some ways it is fine to have if serving for the right purposes. For example, conducting meetings if colleg""]","urposes. For example, conducting meetings if colleg'",,,"[0, 261]","{'t': [188697, 200454], 'l': 51, 'o': [{'o': 'i', 'i': [0, 261], 'a': 'urposes. For example, conducting meetings if colleg'}]}",,,
1050,2,31,200.915,editor,d,"[""In today's society instead of writing letters, calling, or in person meetings in different occupations. We are consumed with the intelligent machines of Al, Chapgpt and other devices for correspondence. In some ways it is fine to have if serving for the right purposes. For example, conducting meetings if colle""]",,g',,"[[0, 311], [0, 312]]","{'t': 200915, 'o': [{'o': 'd', 'i': [[0, 311], [0, 312]]}]}",,,
1051,2,32,214.147,editor,i,"[""In today's society instead of writing letters, calling, or in person meetings in different occupations. We are consumed with the intelligent machines of Al, Chapgpt and other devices for correspondence. In some ways it is fine to have if serving for the right purposes. For example, conducting meetings if colleague is unavailable or just to explore on own o""]",ague is unavailable or just to explore on own o',,,"[0, 311]","{'t': [201120, 214147], 'l': 47, 'o': [{'o': 'i', 'i': [0, 311], 'a': 'ague is unavailable or just to explore on own o'}]}",,,
1052,2,33,215.346,editor,d,"[""In today's society instead of writing letters, calling, or in person meetings in different occupations. We are consumed with the intelligent machines of Al, Chapgpt and other devices for correspondence. In some ways it is fine to have if serving for the right purposes. For example, conducting meetings if colleague is unavailable or just to explore on o""]",,wn o',,"[[0, 354], [0, 358]]","{'t': [214807, 215346], 'l': 4, 'o': [{'o': 'd', 'i': [[0, 354], [0, 358]], 'd': [[1, 4]]}]}",,,
1053,2,34,226.262,editor,i,"[""In today's society instead of writing letters, calling, or in person meetings in different occupations. We are consumed with the intelligent machines of Al, Chapgpt and other devices for correspondence. In some ways it is fine to have if serving for the right purposes. For example, conducting meetings if colleague is unavailable or just to explore on our own. On the other hand, it can be a dis ""]","ur own. On the other hand, it can be a dis '",,,"[0, 354]","{'t': [216070, 226262], 'l': 43, 'o': [{'o': 'i', 'i': [0, 354], 'a': 'ur own. On the other hand, it can be a dis '}]}",,,
1054,2,35,226.864,editor,d,"[""In today's society instead of writing letters, calling, or in person meetings in different occupations. We are consumed with the intelligent machines of Al, Chapgpt and other devices for correspondence. In some ways it is fine to have if serving for the right purposes. For example, conducting meetings if colleague is unavailable or just to explore on our own. On the other hand, it can be a dis""]",,,,"[[0, 396], [0, 397]]","{'t': 226864, 'o': [{'o': 'd', 'i': [[0, 396], [0, 397]]}]}",,,
1055,2,36,280.422,editor,i,"[""In today's society instead of writing letters, calling, or in person meetings in different occupations. We are consumed with the intelligent machines of Al, Chapgpt and other devices for correspondence. In some ways it is fine to have if serving for the right purposes. For example, conducting meetings if colleague is unavailable or just to explore on our own. On the other hand, it can be a disadvantage particulary for students in school, college, or graduate schools. Because the Al device is a broad concept and it does not address the full question of what is being asked of the person writing the ""]","advantage particulary for students in school, college, or graduate schools. Because the Al device is a broad concept and it does not address the full question of what is being asked of the person writing the '",,,"[0, 396]","{'t': [227222, 280422], 'l': 208, 'o': [{'o': 'i', 'i': [0, 396], 'a': 'advantage particulary for students in school, college, or graduate schools. Because the Al device is a broad concept and it does not address the full question of what is being asked of the person writing the '}]}",,,
1056,2,37,281.718,editor,i,"[""In today's society instead of writing letters, calling, or in person meetings in different occupations. We are consumed with the intelligent machines of Al, Chapgpt and other devices for correspondence. In some ways it is fine to have if serving for the right purposes. For example, conducting meetings if colleague is unavailable or just to explore on our own. On the other hand, it can be a disadvantage particulary for students in school, college, or graduate schools. Because the Al device is a broad concept and it does not address the full question of what is being asked of the person writing the  ""]",,,,"[0, 604]","{'t': 281718, 'o': [{'o': 'i', 'i': [0, 604], 'a': ' '}]}",,,
1057,2,38,282.324,editor,d,"[""In today's society instead of writing letters, calling, or in person meetings in different occupations. We are consumed with the intelligent machines of Al, Chapgpt and other devices for correspondence. In some ways it is fine to have if serving for the right purposes. For example, conducting meetings if colleague is unavailable or just to explore on our own. On the other hand, it can be a disadvantage particulary for students in school, college, or graduate schools. Because the Al device is a broad concept and it does not address the full question of what is being asked of the person writing the ""]",,,,"[[0, 604], [0, 605]]","{'t': 282324, 'o': [{'o': 'd', 'i': [[0, 604], [0, 605]]}]}",,,
1058,2,39,289.656,editor,i,"[""In today's society instead of writing letters, calling, or in person meetings in different occupations. We are consumed with the intelligent machines of Al, Chapgpt and other devices for correspondence. In some ways it is fine to have if serving for the right purposes. For example, conducting meetings if colleague is unavailable or just to explore on our own. On the other hand, it can be a disadvantage particulary for students in school, college, or graduate schools. Because the Al device is a broad concept and it does not address the full question of what is being asked of the person writing the response to the question."", '']",response to the question.\n',,,"[0, 604]","{'t': [283221, 289656], 'l': 26, 'o': [{'o': 'i', 'i': [0, 604], 'a': 'response to the question.\n'}]}",,,
1059,2,40,289.923,editor,i,"[""In today's society instead of writing letters, calling, or in person meetings in different occupations. We are consumed with the intelligent machines of Al, Chapgpt and other devices for correspondence. In some ways it is fine to have if serving for the right purposes. For example, conducting meetings if colleague is unavailable or just to explore on our own. On the other hand, it can be a disadvantage particulary for students in school, college, or graduate schools. Because the Al device is a broad concept and it does not address the full question of what is being asked of the person writing the response to the question."", '', '']",\n',,,"[1, 0]","{'t': 289923, 'o': [{'o': 'i', 'i': [1, 0], 'a': '\n'}]}",,,
1060,2,41,305.492,editor,i,"[""In today's society instead of writing letters, calling, or in person meetings in different occupations. We are consumed with the intelligent machines of Al, Chapgpt and other devices for correspondence. In some ways it is fine to have if serving for the right purposes. For example, conducting meetings if colleague is unavailable or just to explore on our own. On the other hand, it can be a disadvantage particulary for students in school, college, or graduate schools. Because the Al device is a broad concept and it does not address the full question of what is being asked of the person writing the response to the question."", '', 'T']",T',,,"[2, 0]","{'t': 305492, 'o': [{'o': 'i', 'i': [2, 0], 'a': 'T'}]}",,,
1061,2,42,311.598,editor,i,"[""In today's society instead of writing letters, calling, or in person meetings in different occupations. We are consumed with the intelligent machines of Al, Chapgpt and other devices for correspondence. In some ways it is fine to have if serving for the right purposes. For example, conducting meetings if colleague is unavailable or just to explore on our own. On the other hand, it can be a disadvantage particulary for students in school, college, or graduate schools. Because the Al device is a broad concept and it does not address the full question of what is being asked of the person writing the response to the question."", '', 'These days many people ']",hese days many people ',,,"[2, 1]","{'t': [305685, 311598], 'l': 22, 'o': [{'o': 'i', 'i': [2, 1], 'a': 'hese days many people '}]}",,,
1062,2,43,313.202,editor,i,"[""In today's society instead of writing letters, calling, or in person meetings in different occupations. We are consumed with the intelligent machines of Al, Chapgpt and other devices for correspondence. In some ways it is fine to have if serving for the right purposes. For example, conducting meetings if colleague is unavailable or just to explore on our own. On the other hand, it can be a disadvantage particulary for students in school, college, or graduate schools. Because the Al device is a broad concept and it does not address the full question of what is being asked of the person writing the response to the question."", '', 'These days many people l']",l',,,"[2, 23]","{'t': 313202, 'o': [{'o': 'i', 'i': [2, 23], 'a': 'l'}]}",,,
1063,2,44,318.157,editor,i,"[""In today's society instead of writing letters, calling, or in person meetings in different occupations. We are consumed with the intelligent machines of Al, Chapgpt and other devices for correspondence. In some ways it is fine to have if serving for the right purposes. For example, conducting meetings if colleague is unavailable or just to explore on our own. On the other hand, it can be a disadvantage particulary for students in school, college, or graduate schools. Because the Al device is a broad concept and it does not address the full question of what is being asked of the person writing the response to the question."", '', 'These days many people lose sight of what ']",ose sight of what ',,,"[2, 24]","{'t': [313427, 318157], 'l': 18, 'o': [{'o': 'i', 'i': [2, 24], 'a': 'ose sight of what '}]}",,,
1064,2,45,322.029,editor,i,"[""In today's society instead of writing letters, calling, or in person meetings in different occupations. We are consumed with the intelligent machines of Al, Chapgpt and other devices for correspondence. In some ways it is fine to have if serving for the right purposes. For example, conducting meetings if colleague is unavailable or just to explore on our own. On the other hand, it can be a disadvantage particulary for students in school, college, or graduate schools. Because the Al device is a broad concept and it does not address the full question of what is being asked of the person writing the response to the question."", '', 'These days many people lose sight of what i']",i',,,"[2, 42]","{'t': 322029, 'o': [{'o': 'i', 'i': [2, 42], 'a': 'i'}]}",,,
1065,2,46,322.805,editor,i,"[""In today's society instead of writing letters, calling, or in person meetings in different occupations. We are consumed with the intelligent machines of Al, Chapgpt and other devices for correspondence. In some ways it is fine to have if serving for the right purposes. For example, conducting meetings if colleague is unavailable or just to explore on our own. On the other hand, it can be a disadvantage particulary for students in school, college, or graduate schools. Because the Al device is a broad concept and it does not address the full question of what is being asked of the person writing the response to the question."", '', 'These days many people lose sight of what it']",t',,,"[2, 43]","{'t': 322805, 'o': [{'o': 'i', 'i': [2, 43], 'a': 't'}]}",,,
1066,2,47,323.442,editor,d,"[""In today's society instead of writing letters, calling, or in person meetings in different occupations. We are consumed with the intelligent machines of Al, Chapgpt and other devices for correspondence. In some ways it is fine to have if serving for the right purposes. For example, conducting meetings if colleague is unavailable or just to explore on our own. On the other hand, it can be a disadvantage particulary for students in school, college, or graduate schools. Because the Al device is a broad concept and it does not address the full question of what is being asked of the person writing the response to the question."", '', 'These days many people lose sight of what ']",,it',,"[[2, 42], [2, 44]]","{'t': [323248, 323442], 'l': 2, 'o': [{'o': 'd', 'i': [[2, 42], [2, 44]], 'd': [[1, 2]]}]}",,,
1067,2,48,324.862,editor,i,"[""In today's society instead of writing letters, calling, or in person meetings in different occupations. We are consumed with the intelligent machines of Al, Chapgpt and other devices for correspondence. In some ways it is fine to have if serving for the right purposes. For example, conducting meetings if colleague is unavailable or just to explore on our own. On the other hand, it can be a disadvantage particulary for students in school, college, or graduate schools. Because the Al device is a broad concept and it does not address the full question of what is being asked of the person writing the response to the question."", '', 'These days many people lose sight of what e']",e',,,"[2, 42]","{'t': 324862, 'o': [{'o': 'i', 'i': [2, 42], 'a': 'e'}]}",,,
1068,2,49,326.606,editor,d,"[""In today's society instead of writing letters, calling, or in person meetings in different occupations. We are consumed with the intelligent machines of Al, Chapgpt and other devices for correspondence. In some ways it is fine to have if serving for the right purposes. For example, conducting meetings if colleague is unavailable or just to explore on our own. On the other hand, it can be a disadvantage particulary for students in school, college, or graduate schools. Because the Al device is a broad concept and it does not address the full question of what is being asked of the person writing the response to the question."", '', 'These days many people lose sight of what ']",,e',,"[[2, 42], [2, 43]]","{'t': 326606, 'o': [{'o': 'd', 'i': [[2, 42], [2, 43]]}]}",,,
1069,2,50,328.126,editor,i,"[""In today's society instead of writing letters, calling, or in person meetings in different occupations. We are consumed with the intelligent machines of Al, Chapgpt and other devices for correspondence. In some ways it is fine to have if serving for the right purposes. For example, conducting meetings if colleague is unavailable or just to explore on our own. On the other hand, it can be a disadvantage particulary for students in school, college, or graduate schools. Because the Al device is a broad concept and it does not address the full question of what is being asked of the person writing the response to the question."", '', 'These days many people lose sight of what enta']",enta',,,"[2, 42]","{'t': [327243, 328126], 'l': 4, 'o': [{'o': 'i', 'i': [2, 42], 'a': 'enta'}]}",,,
1070,2,51,328.603,editor,d,"[""In today's society instead of writing letters, calling, or in person meetings in different occupations. We are consumed with the intelligent machines of Al, Chapgpt and other devices for correspondence. In some ways it is fine to have if serving for the right purposes. For example, conducting meetings if colleague is unavailable or just to explore on our own. On the other hand, it can be a disadvantage particulary for students in school, college, or graduate schools. Because the Al device is a broad concept and it does not address the full question of what is being asked of the person writing the response to the question."", '', 'These days many people lose sight of what ent']",,a',,"[[2, 45], [2, 46]]","{'t': 328603, 'o': [{'o': 'd', 'i': [[2, 45], [2, 46]]}]}",,,
1071,2,52,336.562,editor,i,"[""In today's society instead of writing letters, calling, or in person meetings in different occupations. We are consumed with the intelligent machines of Al, Chapgpt and other devices for correspondence. In some ways it is fine to have if serving for the right purposes. For example, conducting meetings if colleague is unavailable or just to explore on our own. On the other hand, it can be a disadvantage particulary for students in school, college, or graduate schools. Because the Al device is a broad concept and it does not address the full question of what is being asked of the person writing the response to the question."", '', 'These days many people lose sight of what enter acting with fellow peers. For a']",er acting with fellow peers. For a',,,"[2, 45]","{'t': [328833, 336562], 'l': 34, 'o': [{'o': 'i', 'i': [2, 45], 'a': 'er acting with fellow peers. For a'}]}",,,
1072,2,53,337.012,editor,d,"[""In today's society instead of writing letters, calling, or in person meetings in different occupations. We are consumed with the intelligent machines of Al, Chapgpt and other devices for correspondence. In some ways it is fine to have if serving for the right purposes. For example, conducting meetings if colleague is unavailable or just to explore on our own. On the other hand, it can be a disadvantage particulary for students in school, college, or graduate schools. Because the Al device is a broad concept and it does not address the full question of what is being asked of the person writing the response to the question."", '', 'These days many people lose sight of what enter acting with fellow peers. For ']",,a',,"[[2, 78], [2, 79]]","{'t': 337012, 'o': [{'o': 'd', 'i': [[2, 78], [2, 79]]}]}",,,
1073,2,54,338.096,editor,i,"[""In today's society instead of writing letters, calling, or in person meetings in different occupations. We are consumed with the intelligent machines of Al, Chapgpt and other devices for correspondence. In some ways it is fine to have if serving for the right purposes. For example, conducting meetings if colleague is unavailable or just to explore on our own. On the other hand, it can be a disadvantage particulary for students in school, college, or graduate schools. Because the Al device is a broad concept and it does not address the full question of what is being asked of the person writing the response to the question."", '', 'These days many people lose sight of what enter acting with fellow peers. For ee']",ee',,,"[2, 78]","{'t': [337174, 338096], 'l': 2, 'o': [{'o': 'i', 'i': [2, 78], 'a': 'ee'}]}",,,
1074,2,55,339.005,editor,d,"[""In today's society instead of writing letters, calling, or in person meetings in different occupations. We are consumed with the intelligent machines of Al, Chapgpt and other devices for correspondence. In some ways it is fine to have if serving for the right purposes. For example, conducting meetings if colleague is unavailable or just to explore on our own. On the other hand, it can be a disadvantage particulary for students in school, college, or graduate schools. Because the Al device is a broad concept and it does not address the full question of what is being asked of the person writing the response to the question."", '', 'These days many people lose sight of what enter acting with fellow peers. For e']",,e',,"[[2, 79], [2, 80]]","{'t': 339005, 'o': [{'o': 'd', 'i': [[2, 79], [2, 80]]}]}",,,
1075,2,56,353.252,editor,i,"[""In today's society instead of writing letters, calling, or in person meetings in different occupations. We are consumed with the intelligent machines of Al, Chapgpt and other devices for correspondence. In some ways it is fine to have if serving for the right purposes. For example, conducting meetings if colleague is unavailable or just to explore on our own. On the other hand, it can be a disadvantage particulary for students in school, college, or graduate schools. Because the Al device is a broad concept and it does not address the full question of what is being asked of the person writing the response to the question."", '', 'These days many people lose sight of what enter acting with fellow peers. For everything is done on the computer, al and other devices. I']","verything is done on the computer, al and other devices. I'",,,"[2, 79]","{'t': [339759, 353252], 'l': 58, 'o': [{'o': 'i', 'i': [2, 79], 'a': 'verything is done on the computer, al and other devices. I'}]}",,,
1076,2,57,355.074,editor,d,"[""In today's society instead of writing letters, calling, or in person meetings in different occupations. We are consumed with the intelligent machines of Al, Chapgpt and other devices for correspondence. In some ways it is fine to have if serving for the right purposes. For example, conducting meetings if colleague is unavailable or just to explore on our own. On the other hand, it can be a disadvantage particulary for students in school, college, or graduate schools. Because the Al device is a broad concept and it does not address the full question of what is being asked of the person writing the response to the question."", '', 'These days many people lose sight of what enter acting with fellow peers. For everything is done on the computer, al and other devices. ']",,I',,"[[2, 136], [2, 137]]","{'t': 355074, 'o': [{'o': 'd', 'i': [[2, 136], [2, 137]]}]}",,,
1077,2,58,360.355,editor,i,"[""In today's society instead of writing letters, calling, or in person meetings in different occupations. We are consumed with the intelligent machines of Al, Chapgpt and other devices for correspondence. In some ways it is fine to have if serving for the right purposes. For example, conducting meetings if colleague is unavailable or just to explore on our own. On the other hand, it can be a disadvantage particulary for students in school, college, or graduate schools. Because the Al device is a broad concept and it does not address the full question of what is being asked of the person writing the response to the question."", '', 'These days many people lose sight of what enter acting with fellow peers. For everything is done on the computer, al and other devices. In my view it isnot']",In my view it isnot',,,"[2, 136]","{'t': [355981, 360355], 'l': 19, 'o': [{'o': 'i', 'i': [2, 136], 'a': 'In my view it isnot'}]}",,,
1078,2,59,361.345,editor,d,"[""In today's society instead of writing letters, calling, or in person meetings in different occupations. We are consumed with the intelligent machines of Al, Chapgpt and other devices for correspondence. In some ways it is fine to have if serving for the right purposes. For example, conducting meetings if colleague is unavailable or just to explore on our own. On the other hand, it can be a disadvantage particulary for students in school, college, or graduate schools. Because the Al device is a broad concept and it does not address the full question of what is being asked of the person writing the response to the question."", '', 'These days many people lose sight of what enter acting with fellow peers. For everything is done on the computer, al and other devices. In my view it is']",,not',,"[[2, 152], [2, 155]]","{'t': [360810, 361345], 'l': 3, 'o': [{'o': 'd', 'i': [[2, 152], [2, 155]], 'd': [[1, 3]]}]}",,,
1079,2,60,363.896,editor,i,"[""In today's society instead of writing letters, calling, or in person meetings in different occupations. We are consumed with the intelligent machines of Al, Chapgpt and other devices for correspondence. In some ways it is fine to have if serving for the right purposes. For example, conducting meetings if colleague is unavailable or just to explore on our own. On the other hand, it can be a disadvantage particulary for students in school, college, or graduate schools. Because the Al device is a broad concept and it does not address the full question of what is being asked of the person writing the response to the question."", '', 'These days many people lose sight of what enter acting with fellow peers. For everything is done on the computer, al and other devices. In my view it is not healthy']",not healthy',,,"[2, 152]","{'t': [361731, 363896], 'l': 12, 'o': [{'o': 'i', 'i': [2, 152], 'a': ' not healthy'}]}",,,
1080,2,61,367.139,editor,i,"[""In today's society instead of writing letters, calling, or in person meetings in different occupations. We are consumed with the intelligent machines of Al, Chapgpt and other devices for correspondence. In some ways it is fine to have if serving for the right purposes. For example, conducting meetings if colleague is unavailable or just to explore on our own. On the other hand, it can be a disadvantage particulary for students in school, college, or graduate schools. Because the Al device is a broad concept and it does not address the full question of what is being asked of the person writing the response to the question."", '', 'These days many people lose sight of what enter acting with fellow peers. For everything is done on the computer, al and other devices. In my view it is not healthy ']",,,,"[2, 164]","{'t': 367139, 'o': [{'o': 'i', 'i': [2, 164], 'a': ' '}]}",,,
1081,2,62,367.159,editor,i,"[""In today's society instead of writing letters, calling, or in person meetings in different occupations. We are consumed with the intelligent machines of Al, Chapgpt and other devices for correspondence. In some ways it is fine to have if serving for the right purposes. For example, conducting meetings if colleague is unavailable or just to explore on our own. On the other hand, it can be a disadvantage particulary for students in school, college, or graduate schools. Because the Al device is a broad concept and it does not address the full question of what is being asked of the person writing the response to the question."", '', 'These days many people lose sight of what enter acting with fellow peers. For everything is done on the computer, al and other devices. In my view it is not healthy be']",be',,,"[2, 165]","{'t': [367149, 367159], 'l': 2, 'o': [{'o': 'i', 'i': [2, 165], 'a': 'be'}]}",,,
1082,2,63,373.956,editor,i,"[""In today's society instead of writing letters, calling, or in person meetings in different occupations. We are consumed with the intelligent machines of Al, Chapgpt and other devices for correspondence. In some ways it is fine to have if serving for the right purposes. For example, conducting meetings if colleague is unavailable or just to explore on our own. On the other hand, it can be a disadvantage particulary for students in school, college, or graduate schools. Because the Al device is a broad concept and it does not address the full question of what is being asked of the person writing the response to the question."", '', 'These days many people lose sight of what enter acting with fellow peers. For everything is done on the computer, al and other devices. In my view it is not healthy bec']",c',,,"[2, 167]","{'t': 373956, 'o': [{'o': 'i', 'i': [2, 167], 'a': 'c'}]}",,,
1083,2,64,376.071,editor,i,"[""In today's society instead of writing letters, calling, or in person meetings in different occupations. We are consumed with the intelligent machines of Al, Chapgpt and other devices for correspondence. In some ways it is fine to have if serving for the right purposes. For example, conducting meetings if colleague is unavailable or just to explore on our own. On the other hand, it can be a disadvantage particulary for students in school, college, or graduate schools. Because the Al device is a broad concept and it does not address the full question of what is being asked of the person writing the response to the question."", '', 'These days many people lose sight of what enter acting with fellow peers. For everything is done on the computer, al and other devices. In my view it is not healthy because whe ar']",ause whe ar',,,"[2, 168]","{'t': [374245, 376071], 'l': 11, 'o': [{'o': 'i', 'i': [2, 168], 'a': 'ause whe ar'}]}",,,
1084,2,65,377.208,editor,d,"[""In today's society instead of writing letters, calling, or in person meetings in different occupations. We are consumed with the intelligent machines of Al, Chapgpt and other devices for correspondence. In some ways it is fine to have if serving for the right purposes. For example, conducting meetings if colleague is unavailable or just to explore on our own. On the other hand, it can be a disadvantage particulary for students in school, college, or graduate schools. Because the Al device is a broad concept and it does not address the full question of what is being asked of the person writing the response to the question."", '', 'These days many people lose sight of what enter acting with fellow peers. For everything is done on the computer, al and other devices. In my view it is not healthy because w']",,he ar',,"[[2, 174], [2, 179]]","{'t': [376481, 377208], 'l': 5, 'o': [{'o': 'd', 'i': [[2, 174], [2, 179]], 'd': [[1, 5]]}]}",,,
1085,2,66,378.449,editor,i,"[""In today's society instead of writing letters, calling, or in person meetings in different occupations. We are consumed with the intelligent machines of Al, Chapgpt and other devices for correspondence. In some ways it is fine to have if serving for the right purposes. For example, conducting meetings if colleague is unavailable or just to explore on our own. On the other hand, it can be a disadvantage particulary for students in school, college, or graduate schools. Because the Al device is a broad concept and it does not address the full question of what is being asked of the person writing the response to the question."", '', 'These days many people lose sight of what enter acting with fellow peers. For everything is done on the computer, al and other devices. In my view it is not healthy because we are ']",e are ',,,"[2, 174]","{'t': [377507, 378449], 'l': 6, 'o': [{'o': 'i', 'i': [2, 174], 'a': 'e are '}]}",,,
1086,2,67,380.196,editor,i,"[""In today's society instead of writing letters, calling, or in person meetings in different occupations. We are consumed with the intelligent machines of Al, Chapgpt and other devices for correspondence. In some ways it is fine to have if serving for the right purposes. For example, conducting meetings if colleague is unavailable or just to explore on our own. On the other hand, it can be a disadvantage particulary for students in school, college, or graduate schools. Because the Al device is a broad concept and it does not address the full question of what is being asked of the person writing the response to the question."", '', 'These days many people lose sight of what enter acting with fellow peers. For everything is done on the computer, al and other devices. In my view it is not healthy because we are n']",n',,,"[2, 180]","{'t': 380196, 'o': [{'o': 'i', 'i': [2, 180], 'a': 'n'}]}",,,
1087,2,68,381.159,editor,i,"[""In today's society instead of writing letters, calling, or in person meetings in different occupations. We are consumed with the intelligent machines of Al, Chapgpt and other devices for correspondence. In some ways it is fine to have if serving for the right purposes. For example, conducting meetings if colleague is unavailable or just to explore on our own. On the other hand, it can be a disadvantage particulary for students in school, college, or graduate schools. Because the Al device is a broad concept and it does not address the full question of what is being asked of the person writing the response to the question."", '', 'These days many people lose sight of what enter acting with fellow peers. For everything is done on the computer, al and other devices. In my view it is not healthy because we are not in conta']",ot in conta',,,"[2, 181]","{'t': [380203, 381159], 'l': 11, 'o': [{'o': 'i', 'i': [2, 181], 'a': 'ot in conta'}]}",,,
1088,2,69,384.033,editor,i,"[""In today's society instead of writing letters, calling, or in person meetings in different occupations. We are consumed with the intelligent machines of Al, Chapgpt and other devices for correspondence. In some ways it is fine to have if serving for the right purposes. For example, conducting meetings if colleague is unavailable or just to explore on our own. On the other hand, it can be a disadvantage particulary for students in school, college, or graduate schools. Because the Al device is a broad concept and it does not address the full question of what is being asked of the person writing the response to the question."", '', 'These days many people lose sight of what enter acting with fellow peers. For everything is done on the computer, al and other devices. In my view it is not healthy because we are not in contac']",c',,,"[2, 192]","{'t': 384033, 'o': [{'o': 'i', 'i': [2, 192], 'a': 'c'}]}",,,
1089,2,70,388.52,editor,i,"[""In today's society instead of writing letters, calling, or in person meetings in different occupations. We are consumed with the intelligent machines of Al, Chapgpt and other devices for correspondence. In some ways it is fine to have if serving for the right purposes. For example, conducting meetings if colleague is unavailable or just to explore on our own. On the other hand, it can be a disadvantage particulary for students in school, college, or graduate schools. Because the Al device is a broad concept and it does not address the full question of what is being asked of the person writing the response to the question."", '', 'These days many people lose sight of what enter acting with fellow peers. For everything is done on the computer, al and other devices. In my view it is not healthy because we are not in contact with those fellow colleagues']",t with those fellow colleagues',,,"[2, 193]","{'t': [384058, 388520], 'l': 30, 'o': [{'o': 'i', 'i': [2, 193], 'a': 't with those fellow colleagues'}]}",,,
1090,2,71,390.054,editor,i,"[""In today's society instead of writing letters, calling, or in person meetings in different occupations. We are consumed with the intelligent machines of Al, Chapgpt and other devices for correspondence. In some ways it is fine to have if serving for the right purposes. For example, conducting meetings if colleague is unavailable or just to explore on our own. On the other hand, it can be a disadvantage particulary for students in school, college, or graduate schools. Because the Al device is a broad concept and it does not address the full question of what is being asked of the person writing the response to the question."", '', 'These days many people lose sight of what enter acting with fellow peers. For everything is done on the computer, al and other devices. In my view it is not healthy because we are not in contact with those fellow colleagues ']",,,,"[2, 223]","{'t': 390054, 'o': [{'o': 'i', 'i': [2, 223], 'a': ' '}]}",,,
1091,2,72,398.101,editor,i,"[""In today's society instead of writing letters, calling, or in person meetings in different occupations. We are consumed with the intelligent machines of Al, Chapgpt and other devices for correspondence. In some ways it is fine to have if serving for the right purposes. For example, conducting meetings if colleague is unavailable or just to explore on our own. On the other hand, it can be a disadvantage particulary for students in school, college, or graduate schools. Because the Al device is a broad concept and it does not address the full question of what is being asked of the person writing the response to the question."", '', 'These days many people lose sight of what enter acting with fellow peers. For everything is done on the computer, al and other devices. In my view it is not healthy because we are not in contact with those fellow colleagues and it may be a hinderance in appl']",and it may be a hinderance in appl',,,"[2, 224]","{'t': [390275, 398101], 'l': 34, 'o': [{'o': 'i', 'i': [2, 224], 'a': 'and it may be a hinderance in appl'}]}",,,
1092,2,73,400.018,editor,i,"[""In today's society instead of writing letters, calling, or in person meetings in different occupations. We are consumed with the intelligent machines of Al, Chapgpt and other devices for correspondence. In some ways it is fine to have if serving for the right purposes. For example, conducting meetings if colleague is unavailable or just to explore on our own. On the other hand, it can be a disadvantage particulary for students in school, college, or graduate schools. Because the Al device is a broad concept and it does not address the full question of what is being asked of the person writing the response to the question."", '', 'These days many people lose sight of what enter acting with fellow peers. For everything is done on the computer, al and other devices. In my view it is not healthy because we are not in contact with those fellow colleagues and it may be a hinderance in apply']",y',,,"[2, 258]","{'t': 400018, 'o': [{'o': 'i', 'i': [2, 258], 'a': 'y'}]}",,,
1093,2,74,409.427,editor,i,"[""In today's society instead of writing letters, calling, or in person meetings in different occupations. We are consumed with the intelligent machines of Al, Chapgpt and other devices for correspondence. In some ways it is fine to have if serving for the right purposes. For example, conducting meetings if colleague is unavailable or just to explore on our own. On the other hand, it can be a disadvantage particulary for students in school, college, or graduate schools. Because the Al device is a broad concept and it does not address the full question of what is being asked of the person writing the response to the question."", '', 'These days many people lose sight of what enter acting with fellow peers. For everything is done on the computer, al and other devices. In my view it is not healthy because we are not in contact with those fellow colleagues and it may be a hinderance in applying for future jobs or higher education. ']",ing for future jobs or higher education. ',,,"[2, 259]","{'t': [400628, 409427], 'l': 41, 'o': [{'o': 'i', 'i': [2, 259], 'a': 'ing for future jobs or higher education. '}]}",,,
1094,2,75,419.743,editor,i,"[""In today's society instead of writing letters, calling, or in person meetings in different occupations. We are consumed with the intelligent machines of Al, Chapgpt and other devices for correspondence. In some ways it is fine to have if serving for the right purposes. For example, conducting meetings if colleague is unavailable or just to explore on our own. On the other hand, it can be a disadvantage particulary for students in school, college, or graduate schools. Because the Al device is a broad concept and it does not address the full question of what is being asked of the person writing the response to the question."", '', 'These days many people lose sight of what enter acting with fellow peers. For everything is done on the computer, al and other devices. In my view it is not healthy because we are not in contact with those fellow colleagues and it may be a hinderance in applying for future jobs or higher education. I']",I',,,"[2, 300]","{'t': 419743, 'o': [{'o': 'i', 'i': [2, 300], 'a': 'I'}]}",,,
1095,2,76,435.801,editor,i,"[""In today's society instead of writing letters, calling, or in person meetings in different occupations. We are consumed with the intelligent machines of Al, Chapgpt and other devices for correspondence. In some ways it is fine to have if serving for the right purposes. For example, conducting meetings if colleague is unavailable or just to explore on our own. On the other hand, it can be a disadvantage particulary for students in school, college, or graduate schools. Because the Al device is a broad concept and it does not address the full question of what is being asked of the person writing the response to the question."", '', 'These days many people lose sight of what enter acting with fellow peers. For everything is done on the computer, al and other devices. In my view it is not healthy because we are not in contact with those fellow colleagues and it may be a hinderance in applying for future jobs or higher education. If the instant machines are going to be used it wise to show ']",f the instant machines are going to be used it wise to show ',,,"[2, 301]","{'t': [420065, 435801], 'l': 60, 'o': [{'o': 'i', 'i': [2, 301], 'a': 'f the instant machines are going to be used it wise to show '}]}",,,
1096,2,77,456.225,editor,o,"[""In today's society instead of writing letters, calling, or in person meetings in different occupations. We are consumed with the intelligent machines of Al, Chapgpt and other devices for correspondence. In some ways it is fine to have if serving for the right purposes. For example, conducting meetings if colleague is unavailable or just to explore on our own. On the other hand, it can be a disadvantage particulary for students in school, college, or graduate schools. Because the Al device is a broad concept and it does not address the full question of what is being asked of the person writing the response to the question."", '', 'These days many people lose sight of what enter acting with fellow peers. For everything is done on the computer, al and other devices. In my view it is not healthy because we are not in contact with those fellow colleagues and it may be a hinderance in applying for future jobs or higher education. If the instant machines are going to be used it wise to show ']",,,,"[2, 361]","{'t': 456225, 'o': [{'o': 'o', 'i': [2, 361]}]}",,,
1097,2,78,457.033,editor,i,"[""In today's society instead of writing letters, calling, or in person meetings in different occupations. We are consumed with the intelligent machines of Al, Chapgpt and other devices for correspondence. In some ways it is fine to have if serving for the right purposes. For example, conducting meetings if colleague is unavailable or just to explore on our own. On the other hand, it can be a disadvantage particulary for students in school, college, or graduate schools. Because the Al device is a broad concept and it does not address the full question of what is being asked of the person writing the response to the question."", '', 'These days many people lose sight of what enter acting with fellow peers. For everything is done on the computer, al and other devices. In my view it is not healthy because we are not in contact with those fellow colleagues and it may be a hinderance in applying for future jobs or higher education. If the instant machines are going to be used it wise to show a']",a',,,"[2, 361]","{'t': 457033, 'o': [{'o': 'i', 'i': [2, 361], 'a': 'a'}]}",,,
1098,2,79,458.309,editor,i,"[""In today's society instead of writing letters, calling, or in person meetings in different occupations. We are consumed with the intelligent machines of Al, Chapgpt and other devices for correspondence. In some ways it is fine to have if serving for the right purposes. For example, conducting meetings if colleague is unavailable or just to explore on our own. On the other hand, it can be a disadvantage particulary for students in school, college, or graduate schools. Because the Al device is a broad concept and it does not address the full question of what is being asked of the person writing the response to the question."", '', 'These days many people lose sight of what enter acting with fellow peers. For everything is done on the computer, al and other devices. In my view it is not healthy because we are not in contact with those fellow colleagues and it may be a hinderance in applying for future jobs or higher education. If the instant machines are going to be used it wise to show alll']",lll',,,"[2, 362]","{'t': [457957, 458309], 'l': 3, 'o': [{'o': 'i', 'i': [2, 362], 'a': 'lll'}]}",,,
1099,2,80,458.962,editor,d,"[""In today's society instead of writing letters, calling, or in person meetings in different occupations. We are consumed with the intelligent machines of Al, Chapgpt and other devices for correspondence. In some ways it is fine to have if serving for the right purposes. For example, conducting meetings if colleague is unavailable or just to explore on our own. On the other hand, it can be a disadvantage particulary for students in school, college, or graduate schools. Because the Al device is a broad concept and it does not address the full question of what is being asked of the person writing the response to the question."", '', 'These days many people lose sight of what enter acting with fellow peers. For everything is done on the computer, al and other devices. In my view it is not healthy because we are not in contact with those fellow colleagues and it may be a hinderance in applying for future jobs or higher education. If the instant machines are going to be used it wise to show all']",,l',,"[[2, 364], [2, 365]]","{'t': 458962, 'o': [{'o': 'd', 'i': [[2, 364], [2, 365]]}]}",,,
1100,2,81,477.805,editor,i,"[""In today's society instead of writing letters, calling, or in person meetings in different occupations. We are consumed with the intelligent machines of Al, Chapgpt and other devices for correspondence. In some ways it is fine to have if serving for the right purposes. For example, conducting meetings if colleague is unavailable or just to explore on our own. On the other hand, it can be a disadvantage particulary for students in school, college, or graduate schools. Because the Al device is a broad concept and it does not address the full question of what is being asked of the person writing the response to the question."", '', 'These days many people lose sight of what enter acting with fellow peers. For everything is done on the computer, al and other devices. In my view it is not healthy because we are not in contact with those fellow colleagues and it may be a hinderance in applying for future jobs or higher education. If the instant machines are going to be used it wise to show all students, faculty administrators and others of maintaining physical contact']","students, faculty administrators and others of maintaining physical contact'",,,"[2, 364]","{'t': [459420, 477805], 'l': 76, 'o': [{'o': 'i', 'i': [2, 364], 'a': ' students, faculty administrators and others of maintaining physical contact'}]}",,,
1101,2,82,479.622,editor,i,"[""In today's society instead of writing letters, calling, or in person meetings in different occupations. We are consumed with the intelligent machines of Al, Chapgpt and other devices for correspondence. In some ways it is fine to have if serving for the right purposes. For example, conducting meetings if colleague is unavailable or just to explore on our own. On the other hand, it can be a disadvantage particulary for students in school, college, or graduate schools. Because the Al device is a broad concept and it does not address the full question of what is being asked of the person writing the response to the question."", '', 'These days many people lose sight of what enter acting with fellow peers. For everything is done on the computer, al and other devices. In my view it is not healthy because we are not in contact with those fellow colleagues and it may be a hinderance in applying for future jobs or higher education. If the instant machines are going to be used it wise to show all students, faculty administrators and others of maintaining physical contact ']",,,,"[2, 440]","{'t': 479622, 'o': [{'o': 'i', 'i': [2, 440], 'a': ' '}]}",,,
1102,2,83,494.613,editor,i,"[""In today's society instead of writing letters, calling, or in person meetings in different occupations. We are consumed with the intelligent machines of Al, Chapgpt and other devices for correspondence. In some ways it is fine to have if serving for the right purposes. For example, conducting meetings if colleague is unavailable or just to explore on our own. On the other hand, it can be a disadvantage particulary for students in school, college, or graduate schools. Because the Al device is a broad concept and it does not address the full question of what is being asked of the person writing the response to the question."", '', 'These days many people lose sight of what enter acting with fellow peers. For everything is done on the computer, al and other devices. In my view it is not healthy because we are not in contact with those fellow colleagues and it may be a hinderance in applying for future jobs or higher education. If the instant machines are going to be used it wise to show all students, faculty administrators and others of maintaining physical contact and not solely rely on the al chapgpt and other devices.']",and not solely rely on the al chapgpt and other devices.',,,"[2, 441]","{'t': [479832, 494613], 'l': 56, 'o': [{'o': 'i', 'i': [2, 441], 'a': 'and not solely rely on the al chapgpt and other devices.'}]}",,,
1103,2,84,503.356,editor,i,"[""In today's society instead of writing letters, calling, or in person meetings in different occupations. We are consumed with the intelligent machines of Al, Chapgpt and other devices for correspondence. In some ways it is fine to have if serving for the right purposes. For example, conducting meetings if colleague is unavailable or just to explore on our own. On the other hand, it can be a disadvantage particulary for students in school, college, or graduate schools. Because the Al device is a broad concept and it does not address the full question of what is being asked of the person writing the response to the question."", '', 'These days many people lose sight of what enter acting with fellow peers. For everything is done on the computer, al and other devices. In my view it is not healthy because we are not in contact with those fellow colleagues and it may be a hinderance in applying for future jobs or higher education. If the instant machines are going to be used it wise to show all students, faculty administrators and others of maintaining physical contact and not solely rely on the al chapgpt and other devices.', '']",\n',,,"[2, 497]","{'t': 503356, 'o': [{'o': 'i', 'i': [2, 497], 'a': '\n'}]}",,,
1104,2,85,503.835,editor,i,"[""In today's society instead of writing letters, calling, or in person meetings in different occupations. We are consumed with the intelligent machines of Al, Chapgpt and other devices for correspondence. In some ways it is fine to have if serving for the right purposes. For example, conducting meetings if colleague is unavailable or just to explore on our own. On the other hand, it can be a disadvantage particulary for students in school, college, or graduate schools. Because the Al device is a broad concept and it does not address the full question of what is being asked of the person writing the response to the question."", '', 'These days many people lose sight of what enter acting with fellow peers. For everything is done on the computer, al and other devices. In my view it is not healthy because we are not in contact with those fellow colleagues and it may be a hinderance in applying for future jobs or higher education. If the instant machines are going to be used it wise to show all students, faculty administrators and others of maintaining physical contact and not solely rely on the al chapgpt and other devices.', '', '']",\n',,,"[3, 0]","{'t': 503835, 'o': [{'o': 'i', 'i': [3, 0], 'a': '\n'}]}",,,
1105,2,86,508.679,editor,o,"[""In today's society instead of writing letters, calling, or in person meetings in different occupations. We are consumed with the intelligent machines of Al, Chapgpt and other devices for correspondence. In some ways it is fine to have if serving for the right purposes. For example, conducting meetings if colleague is unavailable or just to explore on our own. On the other hand, it can be a disadvantage particulary for students in school, college, or graduate schools. Because the Al device is a broad concept and it does not address the full question of what is being asked of the person writing the response to the question."", '', 'These days many people lose sight of what enter acting with fellow peers. For everything is done on the computer, al and other devices. In my view it is not healthy because we are not in contact with those fellow colleagues and it may be a hinderance in applying for future jobs or higher education. If the instant machines are going to be used it wise to show all students, faculty administrators and others of maintaining physical contact and not solely rely on the al chapgpt and other devices.', '', '']",,,,"[4, 0]","{'t': 508679, 'o': [{'o': 'o', 'i': [4, 0]}]}",,,
1106,2,87,510.269,editor,i,"[""In today's society instead of writing letters, calling, or in person meetings in different occupations. We are consumed with the intelligent machines of Al, Chapgpt and other devices for correspondence. In some ways it is fine to have if serving for the right purposes. For example, conducting meetings if colleague is unavailable or just to explore on our own. On the other hand, it can be a disadvantage particulary for students in school, college, or graduate schools. Because the Al device is a broad concept and it does not address the full question of what is being asked of the person writing the response to the question."", '', 'These days many people lose sight of what enter acting with fellow peers. For everything is done on the computer, al and other devices. In my view it is not healthy because we are not in contact with those fellow colleagues and it may be a hinderance in applying for future jobs or higher education. If the instant machines are going to be used it wise to show all students, faculty administrators and others of maintaining physical contact and not solely rely on the al chapgpt and other devices.', '', 'W']",W',,,"[4, 0]","{'t': 510269, 'o': [{'o': 'i', 'i': [4, 0], 'a': 'W'}]}",,,
1107,2,88,510.912,editor,i,"[""In today's society instead of writing letters, calling, or in person meetings in different occupations. We are consumed with the intelligent machines of Al, Chapgpt and other devices for correspondence. In some ways it is fine to have if serving for the right purposes. For example, conducting meetings if colleague is unavailable or just to explore on our own. On the other hand, it can be a disadvantage particulary for students in school, college, or graduate schools. Because the Al device is a broad concept and it does not address the full question of what is being asked of the person writing the response to the question."", '', 'These days many people lose sight of what enter acting with fellow peers. For everything is done on the computer, al and other devices. In my view it is not healthy because we are not in contact with those fellow colleagues and it may be a hinderance in applying for future jobs or higher education. If the instant machines are going to be used it wise to show all students, faculty administrators and others of maintaining physical contact and not solely rely on the al chapgpt and other devices.', '', 'When ']",hen ',,,"[4, 1]","{'t': [510432, 510912], 'l': 4, 'o': [{'o': 'i', 'i': [4, 1], 'a': 'hen '}]}",,,
1108,2,89,512.367,editor,i,"[""In today's society instead of writing letters, calling, or in person meetings in different occupations. We are consumed with the intelligent machines of Al, Chapgpt and other devices for correspondence. In some ways it is fine to have if serving for the right purposes. For example, conducting meetings if colleague is unavailable or just to explore on our own. On the other hand, it can be a disadvantage particulary for students in school, college, or graduate schools. Because the Al device is a broad concept and it does not address the full question of what is being asked of the person writing the response to the question."", '', 'These days many people lose sight of what enter acting with fellow peers. For everything is done on the computer, al and other devices. In my view it is not healthy because we are not in contact with those fellow colleagues and it may be a hinderance in applying for future jobs or higher education. If the instant machines are going to be used it wise to show all students, faculty administrators and others of maintaining physical contact and not solely rely on the al chapgpt and other devices.', '', 'When I']",I',,,"[4, 5]","{'t': 512367, 'o': [{'o': 'i', 'i': [4, 5], 'a': 'I'}]}",,,
1109,2,90,514.475,editor,i,"[""In today's society instead of writing letters, calling, or in person meetings in different occupations. We are consumed with the intelligent machines of Al, Chapgpt and other devices for correspondence. In some ways it is fine to have if serving for the right purposes. For example, conducting meetings if colleague is unavailable or just to explore on our own. On the other hand, it can be a disadvantage particulary for students in school, college, or graduate schools. Because the Al device is a broad concept and it does not address the full question of what is being asked of the person writing the response to the question."", '', 'These days many people lose sight of what enter acting with fellow peers. For everything is done on the computer, al and other devices. In my view it is not healthy because we are not in contact with those fellow colleagues and it may be a hinderance in applying for future jobs or higher education. If the instant machines are going to be used it wise to show all students, faculty administrators and others of maintaining physical contact and not solely rely on the al chapgpt and other devices.', '', 'When I read the ']",read the ',,,"[4, 6]","{'t': [512703, 514475], 'l': 10, 'o': [{'o': 'i', 'i': [4, 6], 'a': ' read the '}]}",,,
1110,2,91,515.981,editor,i,"[""In today's society instead of writing letters, calling, or in person meetings in different occupations. We are consumed with the intelligent machines of Al, Chapgpt and other devices for correspondence. In some ways it is fine to have if serving for the right purposes. For example, conducting meetings if colleague is unavailable or just to explore on our own. On the other hand, it can be a disadvantage particulary for students in school, college, or graduate schools. Because the Al device is a broad concept and it does not address the full question of what is being asked of the person writing the response to the question."", '', 'These days many people lose sight of what enter acting with fellow peers. For everything is done on the computer, al and other devices. In my view it is not healthy because we are not in contact with those fellow colleagues and it may be a hinderance in applying for future jobs or higher education. If the instant machines are going to be used it wise to show all students, faculty administrators and others of maintaining physical contact and not solely rely on the al chapgpt and other devices.', '', 'When I read the u']",u',,,"[4, 16]","{'t': 515981, 'o': [{'o': 'i', 'i': [4, 16], 'a': 'u'}]}",,,
1111,2,92,522.538,editor,i,"[""In today's society instead of writing letters, calling, or in person meetings in different occupations. We are consumed with the intelligent machines of Al, Chapgpt and other devices for correspondence. In some ways it is fine to have if serving for the right purposes. For example, conducting meetings if colleague is unavailable or just to explore on our own. On the other hand, it can be a disadvantage particulary for students in school, college, or graduate schools. Because the Al device is a broad concept and it does not address the full question of what is being asked of the person writing the response to the question."", '', 'These days many people lose sight of what enter acting with fellow peers. For everything is done on the computer, al and other devices. In my view it is not healthy because we are not in contact with those fellow colleagues and it may be a hinderance in applying for future jobs or higher education. If the instant machines are going to be used it wise to show all students, faculty administrators and others of maintaining physical contact and not solely rely on the al chapgpt and other devices.', '', 'When I read the utiliarian view the ']",tiliarian view the ',,,"[4, 17]","{'t': [516342, 522538], 'l': 19, 'o': [{'o': 'i', 'i': [4, 17], 'a': 'tiliarian view the '}]}",,,
1112,2,93,523.615,editor,d,"[""In today's society instead of writing letters, calling, or in person meetings in different occupations. We are consumed with the intelligent machines of Al, Chapgpt and other devices for correspondence. In some ways it is fine to have if serving for the right purposes. For example, conducting meetings if colleague is unavailable or just to explore on our own. On the other hand, it can be a disadvantage particulary for students in school, college, or graduate schools. Because the Al device is a broad concept and it does not address the full question of what is being asked of the person writing the response to the question."", '', 'These days many people lose sight of what enter acting with fellow peers. For everything is done on the computer, al and other devices. In my view it is not healthy because we are not in contact with those fellow colleagues and it may be a hinderance in applying for future jobs or higher education. If the instant machines are going to be used it wise to show all students, faculty administrators and others of maintaining physical contact and not solely rely on the al chapgpt and other devices.', '', 'When I read the utiliarian view ']",,the ',,"[[4, 32], [4, 36]]","{'t': [523071, 523615], 'l': 4, 'o': [{'o': 'd', 'i': [[4, 32], [4, 36]], 'd': [[1, 4]]}]}",,,
1113,2,94,544.602,editor,i,"[""In today's society instead of writing letters, calling, or in person meetings in different occupations. We are consumed with the intelligent machines of Al, Chapgpt and other devices for correspondence. In some ways it is fine to have if serving for the right purposes. For example, conducting meetings if colleague is unavailable or just to explore on our own. On the other hand, it can be a disadvantage particulary for students in school, college, or graduate schools. Because the Al device is a broad concept and it does not address the full question of what is being asked of the person writing the response to the question."", '', 'These days many people lose sight of what enter acting with fellow peers. For everything is done on the computer, al and other devices. In my view it is not healthy because we are not in contact with those fellow colleagues and it may be a hinderance in applying for future jobs or higher education. If the instant machines are going to be used it wise to show all students, faculty administrators and others of maintaining physical contact and not solely rely on the al chapgpt and other devices.', '', 'When I read the utiliarian view it stated that machines are good for low skill jobs and some high speed pressured c']",it stated that machines are good for low skill jobs and some high speed pressured c',,,"[4, 32]","{'t': [524001, 544602], 'l': 83, 'o': [{'o': 'i', 'i': [4, 32], 'a': 'it stated that machines are good for low skill jobs and some high speed pressured c'}]}",,,
1114,2,95,545.321,editor,d,"[""In today's society instead of writing letters, calling, or in person meetings in different occupations. We are consumed with the intelligent machines of Al, Chapgpt and other devices for correspondence. In some ways it is fine to have if serving for the right purposes. For example, conducting meetings if colleague is unavailable or just to explore on our own. On the other hand, it can be a disadvantage particulary for students in school, college, or graduate schools. Because the Al device is a broad concept and it does not address the full question of what is being asked of the person writing the response to the question."", '', 'These days many people lose sight of what enter acting with fellow peers. For everything is done on the computer, al and other devices. In my view it is not healthy because we are not in contact with those fellow colleagues and it may be a hinderance in applying for future jobs or higher education. If the instant machines are going to be used it wise to show all students, faculty administrators and others of maintaining physical contact and not solely rely on the al chapgpt and other devices.', '', 'When I read the utiliarian view it stated that machines are good for low skill jobs and some high speed pressured ']",,c',,"[[4, 114], [4, 115]]","{'t': 545321, 'o': [{'o': 'd', 'i': [[4, 114], [4, 115]]}]}",,,
1115,2,96,552.901,editor,i,"[""In today's society instead of writing letters, calling, or in person meetings in different occupations. We are consumed with the intelligent machines of Al, Chapgpt and other devices for correspondence. In some ways it is fine to have if serving for the right purposes. For example, conducting meetings if colleague is unavailable or just to explore on our own. On the other hand, it can be a disadvantage particulary for students in school, college, or graduate schools. Because the Al device is a broad concept and it does not address the full question of what is being asked of the person writing the response to the question."", '', 'These days many people lose sight of what enter acting with fellow peers. For everything is done on the computer, al and other devices. In my view it is not healthy because we are not in contact with those fellow colleagues and it may be a hinderance in applying for future jobs or higher education. If the instant machines are going to be used it wise to show all students, faculty administrators and others of maintaining physical contact and not solely rely on the al chapgpt and other devices.', '', 'When I read the utiliarian view it stated that machines are good for low skill jobs and some high speed pressured jobs for they work better that']",jobs for they work better that',,,"[4, 114]","{'t': [545883, 552901], 'l': 30, 'o': [{'o': 'i', 'i': [4, 114], 'a': 'jobs for they work better that'}]}",,,
1116,2,97,553.472,editor,d,"[""In today's society instead of writing letters, calling, or in person meetings in different occupations. We are consumed with the intelligent machines of Al, Chapgpt and other devices for correspondence. In some ways it is fine to have if serving for the right purposes. For example, conducting meetings if colleague is unavailable or just to explore on our own. On the other hand, it can be a disadvantage particulary for students in school, college, or graduate schools. Because the Al device is a broad concept and it does not address the full question of what is being asked of the person writing the response to the question."", '', 'These days many people lose sight of what enter acting with fellow peers. For everything is done on the computer, al and other devices. In my view it is not healthy because we are not in contact with those fellow colleagues and it may be a hinderance in applying for future jobs or higher education. If the instant machines are going to be used it wise to show all students, faculty administrators and others of maintaining physical contact and not solely rely on the al chapgpt and other devices.', '', 'When I read the utiliarian view it stated that machines are good for low skill jobs and some high speed pressured jobs for they work better tha']",,t',,"[[4, 143], [4, 144]]","{'t': 553472, 'o': [{'o': 'd', 'i': [[4, 143], [4, 144]]}]}",,,
1117,2,98,559.668,editor,i,"[""In today's society instead of writing letters, calling, or in person meetings in different occupations. We are consumed with the intelligent machines of Al, Chapgpt and other devices for correspondence. In some ways it is fine to have if serving for the right purposes. For example, conducting meetings if colleague is unavailable or just to explore on our own. On the other hand, it can be a disadvantage particulary for students in school, college, or graduate schools. Because the Al device is a broad concept and it does not address the full question of what is being asked of the person writing the response to the question."", '', 'These days many people lose sight of what enter acting with fellow peers. For everything is done on the computer, al and other devices. In my view it is not healthy because we are not in contact with those fellow colleagues and it may be a hinderance in applying for future jobs or higher education. If the instant machines are going to be used it wise to show all students, faculty administrators and others of maintaining physical contact and not solely rely on the al chapgpt and other devices.', '', 'When I read the utiliarian view it stated that machines are good for low skill jobs and some high speed pressured jobs for they work better than the individual. If ']",n the individual. If ',,,"[4, 143]","{'t': [553836, 559668], 'l': 21, 'o': [{'o': 'i', 'i': [4, 143], 'a': 'n the individual. If '}]}",,,
1118,2,99,560.819,editor,d,"[""In today's society instead of writing letters, calling, or in person meetings in different occupations. We are consumed with the intelligent machines of Al, Chapgpt and other devices for correspondence. In some ways it is fine to have if serving for the right purposes. For example, conducting meetings if colleague is unavailable or just to explore on our own. On the other hand, it can be a disadvantage particulary for students in school, college, or graduate schools. Because the Al device is a broad concept and it does not address the full question of what is being asked of the person writing the response to the question."", '', 'These days many people lose sight of what enter acting with fellow peers. For everything is done on the computer, al and other devices. In my view it is not healthy because we are not in contact with those fellow colleagues and it may be a hinderance in applying for future jobs or higher education. If the instant machines are going to be used it wise to show all students, faculty administrators and others of maintaining physical contact and not solely rely on the al chapgpt and other devices.', '', 'When I read the utiliarian view it stated that machines are good for low skill jobs and some high speed pressured jobs for they work better than the individual. ']",,If ',,"[[4, 161], [4, 164]]","{'t': [560394, 560819], 'l': 3, 'o': [{'o': 'd', 'i': [[4, 161], [4, 164]], 'd': [[1, 3]]}]}",,,
1119,2,100,562.975,editor,i,"[""In today's society instead of writing letters, calling, or in person meetings in different occupations. We are consumed with the intelligent machines of Al, Chapgpt and other devices for correspondence. In some ways it is fine to have if serving for the right purposes. For example, conducting meetings if colleague is unavailable or just to explore on our own. On the other hand, it can be a disadvantage particulary for students in school, college, or graduate schools. Because the Al device is a broad concept and it does not address the full question of what is being asked of the person writing the response to the question."", '', 'These days many people lose sight of what enter acting with fellow peers. For everything is done on the computer, al and other devices. In my view it is not healthy because we are not in contact with those fellow colleagues and it may be a hinderance in applying for future jobs or higher education. If the instant machines are going to be used it wise to show all students, faculty administrators and others of maintaining physical contact and not solely rely on the al chapgpt and other devices.', '', 'When I read the utiliarian view it stated that machines are good for low skill jobs and some high speed pressured jobs for they work better than the individual. I']",I',,,"[4, 161]","{'t': 562975, 'o': [{'o': 'i', 'i': [4, 161], 'a': 'I'}]}",,,
1120,2,101,565.381,editor,i,"[""In today's society instead of writing letters, calling, or in person meetings in different occupations. We are consumed with the intelligent machines of Al, Chapgpt and other devices for correspondence. In some ways it is fine to have if serving for the right purposes. For example, conducting meetings if colleague is unavailable or just to explore on our own. On the other hand, it can be a disadvantage particulary for students in school, college, or graduate schools. Because the Al device is a broad concept and it does not address the full question of what is being asked of the person writing the response to the question."", '', 'These days many people lose sight of what enter acting with fellow peers. For everything is done on the computer, al and other devices. In my view it is not healthy because we are not in contact with those fellow colleagues and it may be a hinderance in applying for future jobs or higher education. If the instant machines are going to be used it wise to show all students, faculty administrators and others of maintaining physical contact and not solely rely on the al chapgpt and other devices.', '', 'When I read the utiliarian view it stated that machines are good for low skill jobs and some high speed pressured jobs for they work better than the individual. It is my ']",t is my ',,,"[4, 162]","{'t': [563498, 565381], 'l': 8, 'o': [{'o': 'i', 'i': [4, 162], 'a': 't is my '}]}",,,
1121,2,102,567.171,editor,i,"[""In today's society instead of writing letters, calling, or in person meetings in different occupations. We are consumed with the intelligent machines of Al, Chapgpt and other devices for correspondence. In some ways it is fine to have if serving for the right purposes. For example, conducting meetings if colleague is unavailable or just to explore on our own. On the other hand, it can be a disadvantage particulary for students in school, college, or graduate schools. Because the Al device is a broad concept and it does not address the full question of what is being asked of the person writing the response to the question."", '', 'These days many people lose sight of what enter acting with fellow peers. For everything is done on the computer, al and other devices. In my view it is not healthy because we are not in contact with those fellow colleagues and it may be a hinderance in applying for future jobs or higher education. If the instant machines are going to be used it wise to show all students, faculty administrators and others of maintaining physical contact and not solely rely on the al chapgpt and other devices.', '', 'When I read the utiliarian view it stated that machines are good for low skill jobs and some high speed pressured jobs for they work better than the individual. It is my o']",o',,,"[4, 170]","{'t': 567171, 'o': [{'o': 'i', 'i': [4, 170], 'a': 'o'}]}",,,
1122,2,103,567.918,editor,d,"[""In today's society instead of writing letters, calling, or in person meetings in different occupations. We are consumed with the intelligent machines of Al, Chapgpt and other devices for correspondence. In some ways it is fine to have if serving for the right purposes. For example, conducting meetings if colleague is unavailable or just to explore on our own. On the other hand, it can be a disadvantage particulary for students in school, college, or graduate schools. Because the Al device is a broad concept and it does not address the full question of what is being asked of the person writing the response to the question."", '', 'These days many people lose sight of what enter acting with fellow peers. For everything is done on the computer, al and other devices. In my view it is not healthy because we are not in contact with those fellow colleagues and it may be a hinderance in applying for future jobs or higher education. If the instant machines are going to be used it wise to show all students, faculty administrators and others of maintaining physical contact and not solely rely on the al chapgpt and other devices.', '', 'When I read the utiliarian view it stated that machines are good for low skill jobs and some high speed pressured jobs for they work better than the individual. It is my ']",,o',,"[[4, 170], [4, 171]]","{'t': 567918, 'o': [{'o': 'd', 'i': [[4, 170], [4, 171]]}]}",,,
1123,2,104,574.887,editor,i,"[""In today's society instead of writing letters, calling, or in person meetings in different occupations. We are consumed with the intelligent machines of Al, Chapgpt and other devices for correspondence. In some ways it is fine to have if serving for the right purposes. For example, conducting meetings if colleague is unavailable or just to explore on our own. On the other hand, it can be a disadvantage particulary for students in school, college, or graduate schools. Because the Al device is a broad concept and it does not address the full question of what is being asked of the person writing the response to the question."", '', 'These days many people lose sight of what enter acting with fellow peers. For everything is done on the computer, al and other devices. In my view it is not healthy because we are not in contact with those fellow colleagues and it may be a hinderance in applying for future jobs or higher education. If the instant machines are going to be used it wise to show all students, faculty administrators and others of maintaining physical contact and not solely rely on the al chapgpt and other devices.', '', 'When I read the utiliarian view it stated that machines are good for low skill jobs and some high speed pressured jobs for they work better than the individual. It is my assessment that people of all ']",assessment that people of all ',,,"[4, 170]","{'t': [568656, 574887], 'l': 30, 'o': [{'o': 'i', 'i': [4, 170], 'a': 'assessment that people of all '}]}",,,
1124,2,105,577.276,editor,i,"[""In today's society instead of writing letters, calling, or in person meetings in different occupations. We are consumed with the intelligent machines of Al, Chapgpt and other devices for correspondence. In some ways it is fine to have if serving for the right purposes. For example, conducting meetings if colleague is unavailable or just to explore on our own. On the other hand, it can be a disadvantage particulary for students in school, college, or graduate schools. Because the Al device is a broad concept and it does not address the full question of what is being asked of the person writing the response to the question."", '', 'These days many people lose sight of what enter acting with fellow peers. For everything is done on the computer, al and other devices. In my view it is not healthy because we are not in contact with those fellow colleagues and it may be a hinderance in applying for future jobs or higher education. If the instant machines are going to be used it wise to show all students, faculty administrators and others of maintaining physical contact and not solely rely on the al chapgpt and other devices.', '', 'When I read the utiliarian view it stated that machines are good for low skill jobs and some high speed pressured jobs for they work better than the individual. It is my assessment that people of all l']",l',,,"[4, 200]","{'t': 577276, 'o': [{'o': 'i', 'i': [4, 200], 'a': 'l'}]}",,,
1125,2,106,579.635,editor,i,"[""In today's society instead of writing letters, calling, or in person meetings in different occupations. We are consumed with the intelligent machines of Al, Chapgpt and other devices for correspondence. In some ways it is fine to have if serving for the right purposes. For example, conducting meetings if colleague is unavailable or just to explore on our own. On the other hand, it can be a disadvantage particulary for students in school, college, or graduate schools. Because the Al device is a broad concept and it does not address the full question of what is being asked of the person writing the response to the question."", '', 'These days many people lose sight of what enter acting with fellow peers. For everything is done on the computer, al and other devices. In my view it is not healthy because we are not in contact with those fellow colleagues and it may be a hinderance in applying for future jobs or higher education. If the instant machines are going to be used it wise to show all students, faculty administrators and others of maintaining physical contact and not solely rely on the al chapgpt and other devices.', '', 'When I read the utiliarian view it stated that machines are good for low skill jobs and some high speed pressured jobs for they work better than the individual. It is my assessment that people of all levels ofle']",evels ofle',,,"[4, 201]","{'t': [577468, 579635], 'l': 10, 'o': [{'o': 'i', 'i': [4, 201], 'a': 'evels ofle'}]}",,,
1126,2,107,580.297,editor,d,"[""In today's society instead of writing letters, calling, or in person meetings in different occupations. We are consumed with the intelligent machines of Al, Chapgpt and other devices for correspondence. In some ways it is fine to have if serving for the right purposes. For example, conducting meetings if colleague is unavailable or just to explore on our own. On the other hand, it can be a disadvantage particulary for students in school, college, or graduate schools. Because the Al device is a broad concept and it does not address the full question of what is being asked of the person writing the response to the question."", '', 'These days many people lose sight of what enter acting with fellow peers. For everything is done on the computer, al and other devices. In my view it is not healthy because we are not in contact with those fellow colleagues and it may be a hinderance in applying for future jobs or higher education. If the instant machines are going to be used it wise to show all students, faculty administrators and others of maintaining physical contact and not solely rely on the al chapgpt and other devices.', '', 'When I read the utiliarian view it stated that machines are good for low skill jobs and some high speed pressured jobs for they work better than the individual. It is my assessment that people of all levels of']",,le',,"[[4, 209], [4, 211]]","{'t': [580105, 580297], 'l': 2, 'o': [{'o': 'd', 'i': [[4, 209], [4, 211]], 'd': [[1, 2]]}]}",,,
1127,2,108,584.674,editor,i,"[""In today's society instead of writing letters, calling, or in person meetings in different occupations. We are consumed with the intelligent machines of Al, Chapgpt and other devices for correspondence. In some ways it is fine to have if serving for the right purposes. For example, conducting meetings if colleague is unavailable or just to explore on our own. On the other hand, it can be a disadvantage particulary for students in school, college, or graduate schools. Because the Al device is a broad concept and it does not address the full question of what is being asked of the person writing the response to the question."", '', 'These days many people lose sight of what enter acting with fellow peers. For everything is done on the computer, al and other devices. In my view it is not healthy because we are not in contact with those fellow colleagues and it may be a hinderance in applying for future jobs or higher education. If the instant machines are going to be used it wise to show all students, faculty administrators and others of maintaining physical contact and not solely rely on the al chapgpt and other devices.', '', 'When I read the utiliarian view it stated that machines are good for low skill jobs and some high speed pressured jobs for they work better than the individual. It is my assessment that people of all levels of learning can be ']",learning can be ',,,"[4, 209]","{'t': [580818, 584674], 'l': 17, 'o': [{'o': 'i', 'i': [4, 209], 'a': ' learning can be '}]}",,,
1128,2,109,590.854,editor,i,"[""In today's society instead of writing letters, calling, or in person meetings in different occupations. We are consumed with the intelligent machines of Al, Chapgpt and other devices for correspondence. In some ways it is fine to have if serving for the right purposes. For example, conducting meetings if colleague is unavailable or just to explore on our own. On the other hand, it can be a disadvantage particulary for students in school, college, or graduate schools. Because the Al device is a broad concept and it does not address the full question of what is being asked of the person writing the response to the question."", '', 'These days many people lose sight of what enter acting with fellow peers. For everything is done on the computer, al and other devices. In my view it is not healthy because we are not in contact with those fellow colleagues and it may be a hinderance in applying for future jobs or higher education. If the instant machines are going to be used it wise to show all students, faculty administrators and others of maintaining physical contact and not solely rely on the al chapgpt and other devices.', '', 'When I read the utiliarian view it stated that machines are good for low skill jobs and some high speed pressured jobs for they work better than the individual. It is my assessment that people of all levels of learning can be t']",t',,,"[4, 226]","{'t': 590854, 'o': [{'o': 'i', 'i': [4, 226], 'a': 't'}]}",,,
1129,2,110,592.585,editor,i,"[""In today's society instead of writing letters, calling, or in person meetings in different occupations. We are consumed with the intelligent machines of Al, Chapgpt and other devices for correspondence. In some ways it is fine to have if serving for the right purposes. For example, conducting meetings if colleague is unavailable or just to explore on our own. On the other hand, it can be a disadvantage particulary for students in school, college, or graduate schools. Because the Al device is a broad concept and it does not address the full question of what is being asked of the person writing the response to the question."", '', 'These days many people lose sight of what enter acting with fellow peers. For everything is done on the computer, al and other devices. In my view it is not healthy because we are not in contact with those fellow colleagues and it may be a hinderance in applying for future jobs or higher education. If the instant machines are going to be used it wise to show all students, faculty administrators and others of maintaining physical contact and not solely rely on the al chapgpt and other devices.', '', 'When I read the utiliarian view it stated that machines are good for low skill jobs and some high speed pressured jobs for they work better than the individual. It is my assessment that people of all levels of learning can be trained ']",rained ',,,"[4, 227]","{'t': [591141, 592585], 'l': 7, 'o': [{'o': 'i', 'i': [4, 227], 'a': 'rained '}]}",,,
1130,2,111,595.619,editor,i,"[""In today's society instead of writing letters, calling, or in person meetings in different occupations. We are consumed with the intelligent machines of Al, Chapgpt and other devices for correspondence. In some ways it is fine to have if serving for the right purposes. For example, conducting meetings if colleague is unavailable or just to explore on our own. On the other hand, it can be a disadvantage particulary for students in school, college, or graduate schools. Because the Al device is a broad concept and it does not address the full question of what is being asked of the person writing the response to the question."", '', 'These days many people lose sight of what enter acting with fellow peers. For everything is done on the computer, al and other devices. In my view it is not healthy because we are not in contact with those fellow colleagues and it may be a hinderance in applying for future jobs or higher education. If the instant machines are going to be used it wise to show all students, faculty administrators and others of maintaining physical contact and not solely rely on the al chapgpt and other devices.', '', 'When I read the utiliarian view it stated that machines are good for low skill jobs and some high speed pressured jobs for they work better than the individual. It is my assessment that people of all levels of learning can be trained b']",b',,,"[4, 234]","{'t': 595619, 'o': [{'o': 'i', 'i': [4, 234], 'a': 'b'}]}",,,
1131,2,112,598.962,editor,i,"[""In today's society instead of writing letters, calling, or in person meetings in different occupations. We are consumed with the intelligent machines of Al, Chapgpt and other devices for correspondence. In some ways it is fine to have if serving for the right purposes. For example, conducting meetings if colleague is unavailable or just to explore on our own. On the other hand, it can be a disadvantage particulary for students in school, college, or graduate schools. Because the Al device is a broad concept and it does not address the full question of what is being asked of the person writing the response to the question."", '', 'These days many people lose sight of what enter acting with fellow peers. For everything is done on the computer, al and other devices. In my view it is not healthy because we are not in contact with those fellow colleagues and it may be a hinderance in applying for future jobs or higher education. If the instant machines are going to be used it wise to show all students, faculty administrators and others of maintaining physical contact and not solely rely on the al chapgpt and other devices.', '', 'When I read the utiliarian view it stated that machines are good for low skill jobs and some high speed pressured jobs for they work better than the individual. It is my assessment that people of all levels of learning can be trained by others and not ']",y others and not ',,,"[4, 235]","{'t': [596012, 598962], 'l': 17, 'o': [{'o': 'i', 'i': [4, 235], 'a': 'y others and not '}]}",,,
1132,2,113,600.652,editor,i,"[""In today's society instead of writing letters, calling, or in person meetings in different occupations. We are consumed with the intelligent machines of Al, Chapgpt and other devices for correspondence. In some ways it is fine to have if serving for the right purposes. For example, conducting meetings if colleague is unavailable or just to explore on our own. On the other hand, it can be a disadvantage particulary for students in school, college, or graduate schools. Because the Al device is a broad concept and it does not address the full question of what is being asked of the person writing the response to the question."", '', 'These days many people lose sight of what enter acting with fellow peers. For everything is done on the computer, al and other devices. In my view it is not healthy because we are not in contact with those fellow colleagues and it may be a hinderance in applying for future jobs or higher education. If the instant machines are going to be used it wise to show all students, faculty administrators and others of maintaining physical contact and not solely rely on the al chapgpt and other devices.', '', 'When I read the utiliarian view it stated that machines are good for low skill jobs and some high speed pressured jobs for they work better than the individual. It is my assessment that people of all levels of learning can be trained by others and not n']",n',,,"[4, 252]","{'t': 600652, 'o': [{'o': 'i', 'i': [4, 252], 'a': 'n'}]}",,,
1133,2,114,603.177,editor,i,"[""In today's society instead of writing letters, calling, or in person meetings in different occupations. We are consumed with the intelligent machines of Al, Chapgpt and other devices for correspondence. In some ways it is fine to have if serving for the right purposes. For example, conducting meetings if colleague is unavailable or just to explore on our own. On the other hand, it can be a disadvantage particulary for students in school, college, or graduate schools. Because the Al device is a broad concept and it does not address the full question of what is being asked of the person writing the response to the question."", '', 'These days many people lose sight of what enter acting with fellow peers. For everything is done on the computer, al and other devices. In my view it is not healthy because we are not in contact with those fellow colleagues and it may be a hinderance in applying for future jobs or higher education. If the instant machines are going to be used it wise to show all students, faculty administrators and others of maintaining physical contact and not solely rely on the al chapgpt and other devices.', '', 'When I read the utiliarian view it stated that machines are good for low skill jobs and some high speed pressured jobs for they work better than the individual. It is my assessment that people of all levels of learning can be trained by others and not necessarl']",ecessarl',,,"[4, 253]","{'t': [600857, 603177], 'l': 8, 'o': [{'o': 'i', 'i': [4, 253], 'a': 'ecessarl'}]}",,,
1134,2,115,603.835,editor,d,"[""In today's society instead of writing letters, calling, or in person meetings in different occupations. We are consumed with the intelligent machines of Al, Chapgpt and other devices for correspondence. In some ways it is fine to have if serving for the right purposes. For example, conducting meetings if colleague is unavailable or just to explore on our own. On the other hand, it can be a disadvantage particulary for students in school, college, or graduate schools. Because the Al device is a broad concept and it does not address the full question of what is being asked of the person writing the response to the question."", '', 'These days many people lose sight of what enter acting with fellow peers. For everything is done on the computer, al and other devices. In my view it is not healthy because we are not in contact with those fellow colleagues and it may be a hinderance in applying for future jobs or higher education. If the instant machines are going to be used it wise to show all students, faculty administrators and others of maintaining physical contact and not solely rely on the al chapgpt and other devices.', '', 'When I read the utiliarian view it stated that machines are good for low skill jobs and some high speed pressured jobs for they work better than the individual. It is my assessment that people of all levels of learning can be trained by others and not necessar']",,l',,"[[4, 260], [4, 261]]","{'t': 603835, 'o': [{'o': 'd', 'i': [[4, 260], [4, 261]]}]}",,,
1135,2,116,611.431,editor,i,"[""In today's society instead of writing letters, calling, or in person meetings in different occupations. We are consumed with the intelligent machines of Al, Chapgpt and other devices for correspondence. In some ways it is fine to have if serving for the right purposes. For example, conducting meetings if colleague is unavailable or just to explore on our own. On the other hand, it can be a disadvantage particulary for students in school, college, or graduate schools. Because the Al device is a broad concept and it does not address the full question of what is being asked of the person writing the response to the question."", '', 'These days many people lose sight of what enter acting with fellow peers. For everything is done on the computer, al and other devices. In my view it is not healthy because we are not in contact with those fellow colleagues and it may be a hinderance in applying for future jobs or higher education. If the instant machines are going to be used it wise to show all students, faculty administrators and others of maintaining physical contact and not solely rely on the al chapgpt and other devices.', '', 'When I read the utiliarian view it stated that machines are good for low skill jobs and some high speed pressured jobs for they work better than the individual. It is my assessment that people of all levels of learning can be trained by others and not necessarily the devices mentioned. ']",ily the devices mentioned. ',,,"[4, 260]","{'t': [604183, 611431], 'l': 27, 'o': [{'o': 'i', 'i': [4, 260], 'a': 'ily the devices mentioned. '}]}",,,
1136,2,117,612.846,editor,i,"[""In today's society instead of writing letters, calling, or in person meetings in different occupations. We are consumed with the intelligent machines of Al, Chapgpt and other devices for correspondence. In some ways it is fine to have if serving for the right purposes. For example, conducting meetings if colleague is unavailable or just to explore on our own. On the other hand, it can be a disadvantage particulary for students in school, college, or graduate schools. Because the Al device is a broad concept and it does not address the full question of what is being asked of the person writing the response to the question."", '', 'These days many people lose sight of what enter acting with fellow peers. For everything is done on the computer, al and other devices. In my view it is not healthy because we are not in contact with those fellow colleagues and it may be a hinderance in applying for future jobs or higher education. If the instant machines are going to be used it wise to show all students, faculty administrators and others of maintaining physical contact and not solely rely on the al chapgpt and other devices.', '', 'When I read the utiliarian view it stated that machines are good for low skill jobs and some high speed pressured jobs for they work better than the individual. It is my assessment that people of all levels of learning can be trained by others and not necessarily the devices mentioned. I']",I',,,"[4, 287]","{'t': 612846, 'o': [{'o': 'i', 'i': [4, 287], 'a': 'I'}]}",,,
1137,2,118,616.947,editor,i,"[""In today's society instead of writing letters, calling, or in person meetings in different occupations. We are consumed with the intelligent machines of Al, Chapgpt and other devices for correspondence. In some ways it is fine to have if serving for the right purposes. For example, conducting meetings if colleague is unavailable or just to explore on our own. On the other hand, it can be a disadvantage particulary for students in school, college, or graduate schools. Because the Al device is a broad concept and it does not address the full question of what is being asked of the person writing the response to the question."", '', 'These days many people lose sight of what enter acting with fellow peers. For everything is done on the computer, al and other devices. In my view it is not healthy because we are not in contact with those fellow colleagues and it may be a hinderance in applying for future jobs or higher education. If the instant machines are going to be used it wise to show all students, faculty administrators and others of maintaining physical contact and not solely rely on the al chapgpt and other devices.', '', 'When I read the utiliarian view it stated that machines are good for low skill jobs and some high speed pressured jobs for they work better than the individual. It is my assessment that people of all levels of learning can be trained by others and not necessarily the devices mentioned. It is the people of ']",t is the people of ',,,"[4, 288]","{'t': [613205, 616947], 'l': 19, 'o': [{'o': 'i', 'i': [4, 288], 'a': 't is the people of '}]}",,,
1138,2,119,617.786,editor,d,"[""In today's society instead of writing letters, calling, or in person meetings in different occupations. We are consumed with the intelligent machines of Al, Chapgpt and other devices for correspondence. In some ways it is fine to have if serving for the right purposes. For example, conducting meetings if colleague is unavailable or just to explore on our own. On the other hand, it can be a disadvantage particulary for students in school, college, or graduate schools. Because the Al device is a broad concept and it does not address the full question of what is being asked of the person writing the response to the question."", '', 'These days many people lose sight of what enter acting with fellow peers. For everything is done on the computer, al and other devices. In my view it is not healthy because we are not in contact with those fellow colleagues and it may be a hinderance in applying for future jobs or higher education. If the instant machines are going to be used it wise to show all students, faculty administrators and others of maintaining physical contact and not solely rely on the al chapgpt and other devices.', '', 'When I read the utiliarian view it stated that machines are good for low skill jobs and some high speed pressured jobs for they work better than the individual. It is my assessment that people of all levels of learning can be trained by others and not necessarily the devices mentioned. It is the people ']",,of ',,"[[4, 304], [4, 307]]","{'t': [617389, 617786], 'l': 3, 'o': [{'o': 'd', 'i': [[4, 304], [4, 307]], 'd': [[1, 3]]}]}",,,
1139,2,120,618.9,editor,i,"[""In today's society instead of writing letters, calling, or in person meetings in different occupations. We are consumed with the intelligent machines of Al, Chapgpt and other devices for correspondence. In some ways it is fine to have if serving for the right purposes. For example, conducting meetings if colleague is unavailable or just to explore on our own. On the other hand, it can be a disadvantage particulary for students in school, college, or graduate schools. Because the Al device is a broad concept and it does not address the full question of what is being asked of the person writing the response to the question."", '', 'These days many people lose sight of what enter acting with fellow peers. For everything is done on the computer, al and other devices. In my view it is not healthy because we are not in contact with those fellow colleagues and it may be a hinderance in applying for future jobs or higher education. If the instant machines are going to be used it wise to show all students, faculty administrators and others of maintaining physical contact and not solely rely on the al chapgpt and other devices.', '', 'When I read the utiliarian view it stated that machines are good for low skill jobs and some high speed pressured jobs for they work better than the individual. It is my assessment that people of all levels of learning can be trained by others and not necessarily the devices mentioned. It is the people of ']",of ',,,"[4, 304]","{'t': [618496, 618900], 'l': 3, 'o': [{'o': 'i', 'i': [4, 304], 'a': 'of '}]}",,,
1140,2,121,620.464,editor,i,"[""In today's society instead of writing letters, calling, or in person meetings in different occupations. We are consumed with the intelligent machines of Al, Chapgpt and other devices for correspondence. In some ways it is fine to have if serving for the right purposes. For example, conducting meetings if colleague is unavailable or just to explore on our own. On the other hand, it can be a disadvantage particulary for students in school, college, or graduate schools. Because the Al device is a broad concept and it does not address the full question of what is being asked of the person writing the response to the question."", '', 'These days many people lose sight of what enter acting with fellow peers. For everything is done on the computer, al and other devices. In my view it is not healthy because we are not in contact with those fellow colleagues and it may be a hinderance in applying for future jobs or higher education. If the instant machines are going to be used it wise to show all students, faculty administrators and others of maintaining physical contact and not solely rely on the al chapgpt and other devices.', '', 'When I read the utiliarian view it stated that machines are good for low skill jobs and some high speed pressured jobs for they work better than the individual. It is my assessment that people of all levels of learning can be trained by others and not necessarily the devices mentioned. It is the people of n']",n',,,"[4, 307]","{'t': 620464, 'o': [{'o': 'i', 'i': [4, 307], 'a': 'n'}]}",,,
1141,2,122,622.06,editor,i,"[""In today's society instead of writing letters, calling, or in person meetings in different occupations. We are consumed with the intelligent machines of Al, Chapgpt and other devices for correspondence. In some ways it is fine to have if serving for the right purposes. For example, conducting meetings if colleague is unavailable or just to explore on our own. On the other hand, it can be a disadvantage particulary for students in school, college, or graduate schools. Because the Al device is a broad concept and it does not address the full question of what is being asked of the person writing the response to the question."", '', 'These days many people lose sight of what enter acting with fellow peers. For everything is done on the computer, al and other devices. In my view it is not healthy because we are not in contact with those fellow colleagues and it may be a hinderance in applying for future jobs or higher education. If the instant machines are going to be used it wise to show all students, faculty administrators and others of maintaining physical contact and not solely rely on the al chapgpt and other devices.', '', 'When I read the utiliarian view it stated that machines are good for low skill jobs and some high speed pressured jobs for they work better than the individual. It is my assessment that people of all levels of learning can be trained by others and not necessarily the devices mentioned. It is the people of not wise ']",ot wise ',,,"[4, 308]","{'t': [620672, 622060], 'l': 8, 'o': [{'o': 'i', 'i': [4, 308], 'a': 'ot wise '}]}",,,
1142,2,123,623.293,editor,i,"[""In today's society instead of writing letters, calling, or in person meetings in different occupations. We are consumed with the intelligent machines of Al, Chapgpt and other devices for correspondence. In some ways it is fine to have if serving for the right purposes. For example, conducting meetings if colleague is unavailable or just to explore on our own. On the other hand, it can be a disadvantage particulary for students in school, college, or graduate schools. Because the Al device is a broad concept and it does not address the full question of what is being asked of the person writing the response to the question."", '', 'These days many people lose sight of what enter acting with fellow peers. For everything is done on the computer, al and other devices. In my view it is not healthy because we are not in contact with those fellow colleagues and it may be a hinderance in applying for future jobs or higher education. If the instant machines are going to be used it wise to show all students, faculty administrators and others of maintaining physical contact and not solely rely on the al chapgpt and other devices.', '', 'When I read the utiliarian view it stated that machines are good for low skill jobs and some high speed pressured jobs for they work better than the individual. It is my assessment that people of all levels of learning can be trained by others and not necessarily the devices mentioned. It is the people of not wise m']",m',,,"[4, 316]","{'t': 623293, 'o': [{'o': 'i', 'i': [4, 316], 'a': 'm'}]}",,,
1143,2,124,634.449,editor,i,"[""In today's society instead of writing letters, calling, or in person meetings in different occupations. We are consumed with the intelligent machines of Al, Chapgpt and other devices for correspondence. In some ways it is fine to have if serving for the right purposes. For example, conducting meetings if colleague is unavailable or just to explore on our own. On the other hand, it can be a disadvantage particulary for students in school, college, or graduate schools. Because the Al device is a broad concept and it does not address the full question of what is being asked of the person writing the response to the question."", '', 'These days many people lose sight of what enter acting with fellow peers. For everything is done on the computer, al and other devices. In my view it is not healthy because we are not in contact with those fellow colleagues and it may be a hinderance in applying for future jobs or higher education. If the instant machines are going to be used it wise to show all students, faculty administrators and others of maintaining physical contact and not solely rely on the al chapgpt and other devices.', '', 'When I read the utiliarian view it stated that machines are good for low skill jobs and some high speed pressured jobs for they work better than the individual. It is my assessment that people of all levels of learning can be trained by others and not necessarily the devices mentioned. It is the people of not wise minded who believe these devices help i']",inded who believe these devices help i',,,"[4, 317]","{'t': [623576, 634449], 'l': 38, 'o': [{'o': 'i', 'i': [4, 317], 'a': 'inded who believe these devices help i'}]}",,,
1144,2,125,635.182,editor,d,"[""In today's society instead of writing letters, calling, or in person meetings in different occupations. We are consumed with the intelligent machines of Al, Chapgpt and other devices for correspondence. In some ways it is fine to have if serving for the right purposes. For example, conducting meetings if colleague is unavailable or just to explore on our own. On the other hand, it can be a disadvantage particulary for students in school, college, or graduate schools. Because the Al device is a broad concept and it does not address the full question of what is being asked of the person writing the response to the question."", '', 'These days many people lose sight of what enter acting with fellow peers. For everything is done on the computer, al and other devices. In my view it is not healthy because we are not in contact with those fellow colleagues and it may be a hinderance in applying for future jobs or higher education. If the instant machines are going to be used it wise to show all students, faculty administrators and others of maintaining physical contact and not solely rely on the al chapgpt and other devices.', '', 'When I read the utiliarian view it stated that machines are good for low skill jobs and some high speed pressured jobs for they work better than the individual. It is my assessment that people of all levels of learning can be trained by others and not necessarily the devices mentioned. It is the people of not wise minded who believe these devices help ']",,i',,"[[4, 354], [4, 355]]","{'t': 635182, 'o': [{'o': 'd', 'i': [[4, 354], [4, 355]]}]}",,,
1145,2,126,643.765,editor,i,"[""In today's society instead of writing letters, calling, or in person meetings in different occupations. We are consumed with the intelligent machines of Al, Chapgpt and other devices for correspondence. In some ways it is fine to have if serving for the right purposes. For example, conducting meetings if colleague is unavailable or just to explore on our own. On the other hand, it can be a disadvantage particulary for students in school, college, or graduate schools. Because the Al device is a broad concept and it does not address the full question of what is being asked of the person writing the response to the question."", '', 'These days many people lose sight of what enter acting with fellow peers. For everything is done on the computer, al and other devices. In my view it is not healthy because we are not in contact with those fellow colleagues and it may be a hinderance in applying for future jobs or higher education. If the instant machines are going to be used it wise to show all students, faculty administrators and others of maintaining physical contact and not solely rely on the al chapgpt and other devices.', '', 'When I read the utiliarian view it stated that machines are good for low skill jobs and some high speed pressured jobs for they work better than the individual. It is my assessment that people of all levels of learning can be trained by others and not necessarily the devices mentioned. It is the people of not wise minded who believe these devices help but not always. It is up to the peros']",but not always. It is up to the peros',,,"[4, 354]","{'t': [635510, 643765], 'l': 37, 'o': [{'o': 'i', 'i': [4, 354], 'a': 'but not always. It is up to the peros'}]}",,,
1146,2,127,644.368,editor,d,"[""In today's society instead of writing letters, calling, or in person meetings in different occupations. We are consumed with the intelligent machines of Al, Chapgpt and other devices for correspondence. In some ways it is fine to have if serving for the right purposes. For example, conducting meetings if colleague is unavailable or just to explore on our own. On the other hand, it can be a disadvantage particulary for students in school, college, or graduate schools. Because the Al device is a broad concept and it does not address the full question of what is being asked of the person writing the response to the question."", '', 'These days many people lose sight of what enter acting with fellow peers. For everything is done on the computer, al and other devices. In my view it is not healthy because we are not in contact with those fellow colleagues and it may be a hinderance in applying for future jobs or higher education. If the instant machines are going to be used it wise to show all students, faculty administrators and others of maintaining physical contact and not solely rely on the al chapgpt and other devices.', '', 'When I read the utiliarian view it stated that machines are good for low skill jobs and some high speed pressured jobs for they work better than the individual. It is my assessment that people of all levels of learning can be trained by others and not necessarily the devices mentioned. It is the people of not wise minded who believe these devices help but not always. It is up to the per']",,os',,"[[4, 389], [4, 391]]","{'t': [644212, 644368], 'l': 2, 'o': [{'o': 'd', 'i': [[4, 389], [4, 391]], 'd': [[1, 2]]}]}",,,
1147,2,128,657.204,editor,i,"[""In today's society instead of writing letters, calling, or in person meetings in different occupations. We are consumed with the intelligent machines of Al, Chapgpt and other devices for correspondence. In some ways it is fine to have if serving for the right purposes. For example, conducting meetings if colleague is unavailable or just to explore on our own. On the other hand, it can be a disadvantage particulary for students in school, college, or graduate schools. Because the Al device is a broad concept and it does not address the full question of what is being asked of the person writing the response to the question."", '', 'These days many people lose sight of what enter acting with fellow peers. For everything is done on the computer, al and other devices. In my view it is not healthy because we are not in contact with those fellow colleagues and it may be a hinderance in applying for future jobs or higher education. If the instant machines are going to be used it wise to show all students, faculty administrators and others of maintaining physical contact and not solely rely on the al chapgpt and other devices.', '', 'When I read the utiliarian view it stated that machines are good for low skill jobs and some high speed pressured jobs for they work better than the individual. It is my assessment that people of all levels of learning can be trained by others and not necessarily the devices mentioned. It is the people of not wise minded who believe these devices help but not always. It is up to the person to learn and grow in whatever the job maybe.']",son to learn and grow in whatever the job maybe.',,,"[4, 389]","{'t': [645056, 657204], 'l': 48, 'o': [{'o': 'i', 'i': [4, 389], 'a': 'son to learn and grow in whatever the job maybe.'}]}",,,
