Unnamed: 0,essay_num,op_index,time,op_loc,op_type,current_editor,add,delete,selected_text,cursor_location,recording_obj,Unnamed: 12,Unnamed: 13,Unnamed: 14
15403,43,0,76.136,editor,i,['T'],T',,,"[0, 0]","{'t': 76136, 'o': [{'o': 'i', 'i': [0, 0], 'a': 'T'}]}",,,
15404,43,1,77.877,editor,i,['The issue f '],he issue f ',,,"[0, 1]","{'t': [76205, 77877], 'l': 11, 'o': [{'o': 'i', 'i': [0, 1], 'a': 'he issue f '}]}",,,
15405,43,2,78.364,editor,d,['The issue '],,f ',,"[[0, 10], [0, 12]]","{'t': [78233, 78364], 'l': 2, 'o': [{'o': 'd', 'i': [[0, 10], [0, 12]], 'd': [[1, 2]]}]}",,,
15406,43,3,83.882,editor,i,['The issue of automation and society is becm'],of automation and society is becm',,,"[0, 10]","{'t': [78560, 83882], 'l': 33, 'o': [{'o': 'i', 'i': [0, 10], 'a': 'of automation and society is becm'}]}",,,
15407,43,4,84.266,editor,d,['The issue of automation and society is bec'],,m',,"[[0, 42], [0, 43]]","{'t': 84266, 'o': [{'o': 'd', 'i': [[0, 42], [0, 43]]}]}",,,
15408,43,5,85.781,editor,i,['The issue of automation and society is becoming and inc'],oming and inc',,,"[0, 42]","{'t': [84498, 85781], 'l': 13, 'o': [{'o': 'i', 'i': [0, 42], 'a': 'oming and inc'}]}",,,
15409,43,6,86.689,editor,d,['The issue of automation and society is becoming an'],,d inc',,"[[0, 50], [0, 55]]","{'t': [86187, 86689], 'l': 5, 'o': [{'o': 'd', 'i': [[0, 50], [0, 55]], 'd': [[1, 5]]}]}",,,
15410,43,7,88.006,editor,i,['The issue of automation and society is becoming an increso'],increso',,,"[0, 50]","{'t': [86942, 88006], 'l': 8, 'o': [{'o': 'i', 'i': [0, 50], 'a': ' increso'}]}",,,
15411,43,8,88.46,editor,d,['The issue of automation and society is becoming an incres'],,o',,"[[0, 57], [0, 58]]","{'t': 88460, 'o': [{'o': 'd', 'i': [[0, 57], [0, 58]]}]}",,,
15412,43,9,97.721,editor,i,['The issue of automation and society is becoming an incresingly prevalent issue in the modern day as AI '],ingly prevalent issue in the modern day as AI ',,,"[0, 57]","{'t': [88693, 97721], 'l': 46, 'o': [{'o': 'i', 'i': [0, 57], 'a': 'ingly prevalent issue in the modern day as AI '}]}",,,
15413,43,10,98.762,editor,d,['The issue of automation and society is becoming an incresingly prevalent issue in the modern day as '],,AI ',,"[[0, 100], [0, 103]]","{'t': [98478, 98762], 'l': 3, 'o': [{'o': 'd', 'i': [[0, 100], [0, 103]], 'd': [[1, 3]]}]}",,,
15414,43,11,101.622,editor,i,['The issue of automation and society is becoming an incresingly prevalent issue in the modern day as r'],r',,,"[0, 100]","{'t': 101622, 'o': [{'o': 'i', 'i': [0, 100], 'a': 'r'}]}",,,
15415,43,12,102.971,editor,i,['The issue of automation and society is becoming an incresingly prevalent issue in the modern day as robotics nd '],obotics nd ',,,"[0, 101]","{'t': [101738, 102971], 'l': 11, 'o': [{'o': 'i', 'i': [0, 101], 'a': 'obotics nd '}]}",,,
15416,43,13,103.542,editor,d,['The issue of automation and society is becoming an incresingly prevalent issue in the modern day as robotics '],,nd ',,"[[0, 109], [0, 112]]","{'t': [103291, 103542], 'l': 3, 'o': [{'o': 'd', 'i': [[0, 109], [0, 112]], 'd': [[1, 3]]}]}",,,
15417,43,14,103.976,editor,i,['The issue of automation and society is becoming an incresingly prevalent issue in the modern day as robotics an '],an ',,,"[0, 109]","{'t': [103644, 103976], 'l': 3, 'o': [{'o': 'i', 'i': [0, 109], 'a': 'an '}]}",,,
15418,43,15,104.884,editor,d,['The issue of automation and society is becoming an incresingly prevalent issue in the modern day as robotics an'],,,,"[[0, 111], [0, 112]]","{'t': 104884, 'o': [{'o': 'd', 'i': [[0, 111], [0, 112]]}]}",,,
15419,43,16,112.081,editor,i,['The issue of automation and society is becoming an incresingly prevalent issue in the modern day as robotics and AI is becoming more sphisticated. We aer '],d AI is becoming more sphisticated. We aer ',,,"[0, 111]","{'t': [105084, 112081], 'l': 43, 'o': [{'o': 'i', 'i': [0, 111], 'a': 'd AI is becoming more sphisticated. We aer '}]}",,,
15420,43,17,112.77,editor,d,['The issue of automation and society is becoming an incresingly prevalent issue in the modern day as robotics and AI is becoming more sphisticated. We a'],,er ',,"[[0, 151], [0, 154]]","{'t': [112503, 112770], 'l': 3, 'o': [{'o': 'd', 'i': [[0, 151], [0, 154]], 'd': [[1, 3]]}]}",,,
15421,43,18,113.568,editor,i,['The issue of automation and society is becoming an incresingly prevalent issue in the modern day as robotics and AI is becoming more sphisticated. We are not '],re not ',,,"[0, 151]","{'t': [112889, 113568], 'l': 7, 'o': [{'o': 'i', 'i': [0, 151], 'a': 're not '}]}",,,
15422,43,19,114.317,editor,d,['The issue of automation and society is becoming an incresingly prevalent issue in the modern day as robotics and AI is becoming more sphisticated. We are no'],,t ',,"[[0, 156], [0, 158]]","{'t': [114195, 114317], 'l': 2, 'o': [{'o': 'd', 'i': [[0, 156], [0, 158]], 'd': [[1, 2]]}]}",,,
15423,43,20,116.319,editor,i,['The issue of automation and society is becoming an incresingly prevalent issue in the modern day as robotics and AI is becoming more sphisticated. We are now entering a pri'],w entering a pri',,,"[0, 156]","{'t': [114396, 116319], 'l': 16, 'o': [{'o': 'i', 'i': [0, 156], 'a': 'w entering a pri'}]}",,,
15424,43,21,116.78,editor,d,['The issue of automation and society is becoming an incresingly prevalent issue in the modern day as robotics and AI is becoming more sphisticated. We are now entering a pr'],,i',,"[[0, 171], [0, 172]]","{'t': 116780, 'o': [{'o': 'd', 'i': [[0, 171], [0, 172]]}]}",,,
15425,43,22,117.761,editor,i,['The issue of automation and society is becoming an incresingly prevalent issue in the modern day as robotics and AI is becoming more sphisticated. We are now entering a precipi'],ecipi',,,"[0, 171]","{'t': [116880, 117761], 'l': 5, 'o': [{'o': 'i', 'i': [0, 171], 'a': 'ecipi'}]}",,,
15426,43,23,119.297,editor,d,['The issue of automation and society is becoming an incresingly prevalent issue in the modern day as robotics and AI is becoming more sphisticated. We are now entering a '],,precipi',,"[[0, 169], [0, 176]]","{'t': [118301, 119297], 'l': 7, 'o': [{'o': 'd', 'i': [[0, 169], [0, 176]], 'd': [[1, 7]]}]}",,,
15427,43,24,119.647,editor,i,['The issue of automation and society is becoming an incresingly prevalent issue in the modern day as robotics and AI is becoming more sphisticated. We are now entering a wr'],wr',,,"[0, 169]","{'t': [119431, 119647], 'l': 2, 'o': [{'o': 'i', 'i': [0, 169], 'a': 'wr'}]}",,,
15428,43,25,119.981,editor,d,['The issue of automation and society is becoming an incresingly prevalent issue in the modern day as robotics and AI is becoming more sphisticated. We are now entering a w'],,r',,"[[0, 170], [0, 171]]","{'t': 119981, 'o': [{'o': 'd', 'i': [[0, 170], [0, 171]]}]}",,,
15429,43,26,124.704,editor,i,['The issue of automation and society is becoming an incresingly prevalent issue in the modern day as robotics and AI is becoming more sphisticated. We are now entering a world where automation is beginn'],orld where automation is beginn',,,"[0, 170]","{'t': [120237, 124704], 'l': 31, 'o': [{'o': 'i', 'i': [0, 170], 'a': 'orld where automation is beginn'}]}",,,
15430,43,27,125.636,editor,d,['The issue of automation and society is becoming an incresingly prevalent issue in the modern day as robotics and AI is becoming more sphisticated. We are now entering a world where automation is '],,beginn',,"[[0, 195], [0, 201]]","{'t': [124971, 125636], 'l': 6, 'o': [{'o': 'd', 'i': [[0, 195], [0, 201]], 'd': [[1, 6]]}]}",,,
15431,43,28,127.71,editor,i,['The issue of automation and society is becoming an incresingly prevalent issue in the modern day as robotics and AI is becoming more sphisticated. We are now entering a world where automation is a'],a',,,"[0, 195]","{'t': 127710, 'o': [{'o': 'i', 'i': [0, 195], 'a': 'a'}]}",,,
15432,43,29,141.272,editor,i,"['The issue of automation and society is becoming an incresingly prevalent issue in the modern day as robotics and AI is becoming more sphisticated. We are now entering a world where automation is able to complete many of the different tasks that humans can, meaning that humans will not ahve ']","ble to complete many of the different tasks that humans can, meaning that humans will not ahve '",,,"[0, 196]","{'t': [127845, 141272], 'l': 95, 'o': [{'o': 'i', 'i': [0, 196], 'a': 'ble to complete many of the different tasks that humans can, meaning that humans will not ahve '}]}",,,
15433,43,30,142.046,editor,d,"['The issue of automation and society is becoming an incresingly prevalent issue in the modern day as robotics and AI is becoming more sphisticated. We are now entering a world where automation is able to complete many of the different tasks that humans can, meaning that humans will not ']",,ahve ',,"[[0, 286], [0, 291]]","{'t': [141542, 142046], 'l': 5, 'o': [{'o': 'd', 'i': [[0, 286], [0, 291]], 'd': [[1, 5]]}]}",,,
15434,43,31,150.26,editor,i,"['The issue of automation and society is becoming an incresingly prevalent issue in the modern day as robotics and AI is becoming more sphisticated. We are now entering a world where automation is able to complete many of the different tasks that humans can, meaning that humans will not have to do them any more. These tasks vary, from the low']","have to do them any more. These tasks vary, from the low'",,,"[0, 286]","{'t': [142253, 150260], 'l': 56, 'o': [{'o': 'i', 'i': [0, 286], 'a': 'have to do them any more. These tasks vary, from the low'}]}",,,
15435,43,32,151.795,editor,i,"['The issue of automation and society is becoming an incresingly prevalent issue in the modern day as robotics and AI is becoming more sphisticated. We are now entering a world where automation is able to complete many of the different tasks that humans can, meaning that humans will not have to do them any more. These tasks vary, from the low-']",-',,,"[0, 342]","{'t': 151795, 'o': [{'o': 'i', 'i': [0, 342], 'a': '-'}]}",,,
15436,43,33,160.375,editor,i,"['The issue of automation and society is becoming an incresingly prevalent issue in the modern day as robotics and AI is becoming more sphisticated. We are now entering a world where automation is able to complete many of the different tasks that humans can, meaning that humans will not have to do them any more. These tasks vary, from the low-skill, mundane tasks like cleaning, file organiza']","skill, mundane tasks like cleaning, file organiza'",,,"[0, 343]","{'t': [151918, 160375], 'l': 49, 'o': [{'o': 'i', 'i': [0, 343], 'a': 'skill, mundane tasks like cleaning, file organiza'}]}",,,
15437,43,34,160.922,editor,d,"['The issue of automation and society is becoming an incresingly prevalent issue in the modern day as robotics and AI is becoming more sphisticated. We are now entering a world where automation is able to complete many of the different tasks that humans can, meaning that humans will not have to do them any more. These tasks vary, from the low-skill, mundane tasks like cleaning, file organiz']",,a',,"[[0, 391], [0, 392]]","{'t': 160922, 'o': [{'o': 'd', 'i': [[0, 391], [0, 392]]}]}",,,
15438,43,35,161.29,editor,i,"['The issue of automation and society is becoming an incresingly prevalent issue in the modern day as robotics and AI is becoming more sphisticated. We are now entering a world where automation is able to complete many of the different tasks that humans can, meaning that humans will not have to do them any more. These tasks vary, from the low-skill, mundane tasks like cleaning, file organiza']",a',,,"[0, 391]","{'t': 161290, 'o': [{'o': 'i', 'i': [0, 391], 'a': 'a'}]}",,,
15439,43,36,162.988,editor,i,"['The issue of automation and society is becoming an incresingly prevalent issue in the modern day as robotics and AI is becoming more sphisticated. We are now entering a world where automation is able to complete many of the different tasks that humans can, meaning that humans will not have to do them any more. These tasks vary, from the low-skill, mundane tasks like cleaning, file organizat']",t',,,"[0, 392]","{'t': 162988, 'o': [{'o': 'i', 'i': [0, 392], 'a': 't'}]}",,,
15440,43,37,163.603,editor,i,"['The issue of automation and society is becoming an incresingly prevalent issue in the modern day as robotics and AI is becoming more sphisticated. We are now entering a world where automation is able to complete many of the different tasks that humans can, meaning that humans will not have to do them any more. These tasks vary, from the low-skill, mundane tasks like cleaning, file organization, ']","ion, '",,,"[0, 393]","{'t': [163072, 163603], 'l': 5, 'o': [{'o': 'i', 'i': [0, 393], 'a': 'ion, '}]}",,,
15441,43,38,165.545,editor,i,"['The issue of automation and society is becoming an incresingly prevalent issue in the modern day as robotics and AI is becoming more sphisticated. We are now entering a world where automation is able to complete many of the different tasks that humans can, meaning that humans will not have to do them any more. These tasks vary, from the low-skill, mundane tasks like cleaning, file organization, a']",a',,,"[0, 398]","{'t': 165545, 'o': [{'o': 'i', 'i': [0, 398], 'a': 'a'}]}",,,
15442,43,39,166.022,editor,i,"['The issue of automation and society is becoming an incresingly prevalent issue in the modern day as robotics and AI is becoming more sphisticated. We are now entering a world where automation is able to complete many of the different tasks that humans can, meaning that humans will not have to do them any more. These tasks vary, from the low-skill, mundane tasks like cleaning, file organization, and m']",nd m',,,"[0, 399]","{'t': [165668, 166022], 'l': 4, 'o': [{'o': 'i', 'i': [0, 399], 'a': 'nd m'}]}",,,
15443,43,40,166.35,editor,d,"['The issue of automation and society is becoming an incresingly prevalent issue in the modern day as robotics and AI is becoming more sphisticated. We are now entering a world where automation is able to complete many of the different tasks that humans can, meaning that humans will not have to do them any more. These tasks vary, from the low-skill, mundane tasks like cleaning, file organization, and ']",,m',,"[[0, 402], [0, 403]]","{'t': 166350, 'o': [{'o': 'd', 'i': [[0, 402], [0, 403]]}]}",,,
15444,43,41,166.604,editor,i,"['The issue of automation and society is becoming an incresingly prevalent issue in the modern day as robotics and AI is becoming more sphisticated. We are now entering a world where automation is able to complete many of the different tasks that humans can, meaning that humans will not have to do them any more. These tasks vary, from the low-skill, mundane tasks like cleaning, file organization, and  ']",,,,"[0, 402]","{'t': 166604, 'o': [{'o': 'i', 'i': [0, 402], 'a': ' '}]}",,,
15445,43,42,167.1,editor,d,"['The issue of automation and society is becoming an incresingly prevalent issue in the modern day as robotics and AI is becoming more sphisticated. We are now entering a world where automation is able to complete many of the different tasks that humans can, meaning that humans will not have to do them any more. These tasks vary, from the low-skill, mundane tasks like cleaning, file organization, and ']",,,,"[[0, 402], [0, 403]]","{'t': 167100, 'o': [{'o': 'd', 'i': [[0, 402], [0, 403]]}]}",,,
15446,43,43,169.843,editor,i,"['The issue of automation and society is becoming an incresingly prevalent issue in the modern day as robotics and AI is becoming more sphisticated. We are now entering a world where automation is able to complete many of the different tasks that humans can, meaning that humans will not have to do them any more. These tasks vary, from the low-skill, mundane tasks like cleaning, file organization, and manufactoring ']",manufactoring ',,,"[0, 402]","{'t': [167465, 169843], 'l': 14, 'o': [{'o': 'i', 'i': [0, 402], 'a': 'manufactoring '}]}",,,
15447,43,44,170.245,editor,d,"['The issue of automation and society is becoming an incresingly prevalent issue in the modern day as robotics and AI is becoming more sphisticated. We are now entering a world where automation is able to complete many of the different tasks that humans can, meaning that humans will not have to do them any more. These tasks vary, from the low-skill, mundane tasks like cleaning, file organization, and manufactoring']",,,,"[[0, 415], [0, 416]]","{'t': 170245, 'o': [{'o': 'd', 'i': [[0, 415], [0, 416]]}]}",,,
15448,43,45,170.489,editor,i,"['The issue of automation and society is becoming an incresingly prevalent issue in the modern day as robotics and AI is becoming more sphisticated. We are now entering a world where automation is able to complete many of the different tasks that humans can, meaning that humans will not have to do them any more. These tasks vary, from the low-skill, mundane tasks like cleaning, file organization, and manufactoring, ']",", '",,,"[0, 415]","{'t': [170454, 170489], 'l': 2, 'o': [{'o': 'i', 'i': [0, 415], 'a': ', '}]}",,,
15449,43,46,174.538,editor,i,"['The issue of automation and society is becoming an incresingly prevalent issue in the modern day as robotics and AI is becoming more sphisticated. We are now entering a world where automation is able to complete many of the different tasks that humans can, meaning that humans will not have to do them any more. These tasks vary, from the low-skill, mundane tasks like cleaning, file organization, and manufactoring, t']",t',,,"[0, 417]","{'t': 174538, 'o': [{'o': 'i', 'i': [0, 417], 'a': 't'}]}",,,
15450,43,47,179.446,editor,i,"['The issue of automation and society is becoming an incresingly prevalent issue in the modern day as robotics and AI is becoming more sphisticated. We are now entering a world where automation is able to complete many of the different tasks that humans can, meaning that humans will not have to do them any more. These tasks vary, from the low-skill, mundane tasks like cleaning, file organization, and manufactoring, to high-speed tasks lk']",o high-speed tasks lk',,,"[0, 418]","{'t': [174619, 179446], 'l': 21, 'o': [{'o': 'i', 'i': [0, 418], 'a': 'o high-speed tasks lk'}]}",,,
15451,43,48,179.709,editor,d,"['The issue of automation and society is becoming an incresingly prevalent issue in the modern day as robotics and AI is becoming more sphisticated. We are now entering a world where automation is able to complete many of the different tasks that humans can, meaning that humans will not have to do them any more. These tasks vary, from the low-skill, mundane tasks like cleaning, file organization, and manufactoring, to high-speed tasks l']",,k',,"[[0, 438], [0, 439]]","{'t': 179709, 'o': [{'o': 'd', 'i': [[0, 438], [0, 439]]}]}",,,
15452,43,49,181.816,editor,i,"['The issue of automation and society is becoming an incresingly prevalent issue in the modern day as robotics and AI is becoming more sphisticated. We are now entering a world where automation is able to complete many of the different tasks that humans can, meaning that humans will not have to do them any more. These tasks vary, from the low-skill, mundane tasks like cleaning, file organization, and manufactoring, to high-speed tasks like processing. ']",ike processing. ',,,"[0, 438]","{'t': [179883, 181816], 'l': 16, 'o': [{'o': 'i', 'i': [0, 438], 'a': 'ike processing. '}]}",,,
15453,43,50,186.828,editor,i,"['The issue of automation and society is becoming an incresingly prevalent issue in the modern day as robotics and AI is becoming more sphisticated. We are now entering a world where automation is able to complete many of the different tasks that humans can, meaning that humans will not have to do them any more. These tasks vary, from the low-skill, mundane tasks like cleaning, file organization, and manufactoring, to high-speed tasks like processing. A']",A',,,"[0, 454]","{'t': 186828, 'o': [{'o': 'i', 'i': [0, 454], 'a': 'A'}]}",,,
15454,43,51,190.758,editor,i,"['The issue of automation and society is becoming an incresingly prevalent issue in the modern day as robotics and AI is becoming more sphisticated. We are now entering a world where automation is able to complete many of the different tasks that humans can, meaning that humans will not have to do them any more. These tasks vary, from the low-skill, mundane tasks like cleaning, file organization, and manufactoring, to high-speed tasks like processing. Automation is potenitally']",utomation is potenitally',,,"[0, 455]","{'t': [186985, 190758], 'l': 24, 'o': [{'o': 'i', 'i': [0, 455], 'a': 'utomation is potenitally'}]}",,,
15455,43,52,191.692,editor,d,"['The issue of automation and society is becoming an incresingly prevalent issue in the modern day as robotics and AI is becoming more sphisticated. We are now entering a world where automation is able to complete many of the different tasks that humans can, meaning that humans will not have to do them any more. These tasks vary, from the low-skill, mundane tasks like cleaning, file organization, and manufactoring, to high-speed tasks like processing. Automation is poten']",,itally',,"[[0, 473], [0, 479]]","{'t': [191054, 191692], 'l': 6, 'o': [{'o': 'd', 'i': [[0, 473], [0, 479]], 'd': [[1, 6]]}]}",,,
15456,43,53,194.392,editor,i,"['The issue of automation and society is becoming an incresingly prevalent issue in the modern day as robotics and AI is becoming more sphisticated. We are now entering a world where automation is able to complete many of the different tasks that humans can, meaning that humans will not have to do them any more. These tasks vary, from the low-skill, mundane tasks like cleaning, file organization, and manufactoring, to high-speed tasks like processing. Automation is potentially one of th ']",tially one of th ',,,"[0, 473]","{'t': [191807, 194392], 'l': 17, 'o': [{'o': 'i', 'i': [0, 473], 'a': 'tially one of th '}]}",,,
15457,43,54,194.678,editor,d,"['The issue of automation and society is becoming an incresingly prevalent issue in the modern day as robotics and AI is becoming more sphisticated. We are now entering a world where automation is able to complete many of the different tasks that humans can, meaning that humans will not have to do them any more. These tasks vary, from the low-skill, mundane tasks like cleaning, file organization, and manufactoring, to high-speed tasks like processing. Automation is potentially one of th']",,,,"[[0, 489], [0, 490]]","{'t': 194678, 'o': [{'o': 'd', 'i': [[0, 489], [0, 490]]}]}",,,
15458,43,55,207.795,editor,i,"['The issue of automation and society is becoming an incresingly prevalent issue in the modern day as robotics and AI is becoming more sphisticated. We are now entering a world where automation is able to complete many of the different tasks that humans can, meaning that humans will not have to do them any more. These tasks vary, from the low-skill, mundane tasks like cleaning, file organization, and manufactoring, to high-speed tasks like processing. Automation is potentially one of the most important tools that humans have developed, but could also be a problem given ']","e most important tools that humans have developed, but could also be a problem given '",,,"[0, 489]","{'t': [194778, 207795], 'l': 85, 'o': [{'o': 'i', 'i': [0, 489], 'a': 'e most important tools that humans have developed, but could also be a problem given '}]}",,,
15459,43,56,208.025,editor,d,"['The issue of automation and society is becoming an incresingly prevalent issue in the modern day as robotics and AI is becoming more sphisticated. We are now entering a world where automation is able to complete many of the different tasks that humans can, meaning that humans will not have to do them any more. These tasks vary, from the low-skill, mundane tasks like cleaning, file organization, and manufactoring, to high-speed tasks like processing. Automation is potentially one of the most important tools that humans have developed, but could also be a problem given']",,,,"[[0, 573], [0, 574]]","{'t': 208025, 'o': [{'o': 'd', 'i': [[0, 573], [0, 574]]}]}",,,
15460,43,57,208.372,editor,i,"['The issue of automation and society is becoming an incresingly prevalent issue in the modern day as robotics and AI is becoming more sphisticated. We are now entering a world where automation is able to complete many of the different tasks that humans can, meaning that humans will not have to do them any more. These tasks vary, from the low-skill, mundane tasks like cleaning, file organization, and manufactoring, to high-speed tasks like processing. Automation is potentially one of the most important tools that humans have developed, but could also be a problem given ']",,,,"[0, 573]","{'t': 208372, 'o': [{'o': 'i', 'i': [0, 573], 'a': ' '}]}",,,
15461,43,58,209.666,editor,d,"['The issue of automation and society is becoming an incresingly prevalent issue in the modern day as robotics and AI is becoming more sphisticated. We are now entering a world where automation is able to complete many of the different tasks that humans can, meaning that humans will not have to do them any more. These tasks vary, from the low-skill, mundane tasks like cleaning, file organization, and manufactoring, to high-speed tasks like processing. Automation is potentially one of the most important tools that humans have developed, but could also be a problem ']",,given ',,"[[0, 568], [0, 574]]","{'t': [208640, 209666], 'l': 6, 'o': [{'o': 'd', 'i': [[0, 568], [0, 574]], 'd': [[1, 6]]}]}",,,
15462,43,59,211.557,editor,i,"['The issue of automation and society is becoming an incresingly prevalent issue in the modern day as robotics and AI is becoming more sphisticated. We are now entering a world where automation is able to complete many of the different tasks that humans can, meaning that humans will not have to do them any more. These tasks vary, from the low-skill, mundane tasks like cleaning, file organization, and manufactoring, to high-speed tasks like processing. Automation is potentially one of the most important tools that humans have developed, but could also be a problem that accentuae']",that accentuae',,,"[0, 568]","{'t': [209851, 211557], 'l': 14, 'o': [{'o': 'i', 'i': [0, 568], 'a': 'that accentuae'}]}",,,
15463,43,60,211.81,editor,d,"['The issue of automation and society is becoming an incresingly prevalent issue in the modern day as robotics and AI is becoming more sphisticated. We are now entering a world where automation is able to complete many of the different tasks that humans can, meaning that humans will not have to do them any more. These tasks vary, from the low-skill, mundane tasks like cleaning, file organization, and manufactoring, to high-speed tasks like processing. Automation is potentially one of the most important tools that humans have developed, but could also be a problem that accentua']",,e',,"[[0, 581], [0, 582]]","{'t': 211810, 'o': [{'o': 'd', 'i': [[0, 581], [0, 582]]}]}",,,
15464,43,61,219.181,editor,i,"['The issue of automation and society is becoming an incresingly prevalent issue in the modern day as robotics and AI is becoming more sphisticated. We are now entering a world where automation is able to complete many of the different tasks that humans can, meaning that humans will not have to do them any more. These tasks vary, from the low-skill, mundane tasks like cleaning, file organization, and manufactoring, to high-speed tasks like processing. Automation is potentially one of the most important tools that humans have developed, but could also be a problem that accentuates the inequities that are in our socieite']",tes the inequities that are in our socieite',,,"[0, 581]","{'t': [211882, 219181], 'l': 43, 'o': [{'o': 'i', 'i': [0, 581], 'a': 'tes the inequities that are in our socieite'}]}",,,
15465,43,62,220.397,editor,d,"['The issue of automation and society is becoming an incresingly prevalent issue in the modern day as robotics and AI is becoming more sphisticated. We are now entering a world where automation is able to complete many of the different tasks that humans can, meaning that humans will not have to do them any more. These tasks vary, from the low-skill, mundane tasks like cleaning, file organization, and manufactoring, to high-speed tasks like processing. Automation is potentially one of the most important tools that humans have developed, but could also be a problem that accentuates the inequities that are in our soci']",,eite',,"[[0, 620], [0, 624]]","{'t': [219977, 220397], 'l': 4, 'o': [{'o': 'd', 'i': [[0, 620], [0, 624]], 'd': [[1, 4]]}]}",,,
15466,43,63,222.05,editor,i,"['The issue of automation and society is becoming an incresingly prevalent issue in the modern day as robotics and AI is becoming more sphisticated. We are now entering a world where automation is able to complete many of the different tasks that humans can, meaning that humans will not have to do them any more. These tasks vary, from the low-skill, mundane tasks like cleaning, file organization, and manufactoring, to high-speed tasks like processing. Automation is potentially one of the most important tools that humans have developed, but could also be a problem that accentuates the inequities that are in our socities. ', '']",ties. \n',,,"[0, 620]","{'t': [221293, 222050], 'l': 7, 'o': [{'o': 'i', 'i': [0, 620], 'a': 'ties. \n'}]}",,,
15467,43,64,224.189,editor,i,"['The issue of automation and society is becoming an incresingly prevalent issue in the modern day as robotics and AI is becoming more sphisticated. We are now entering a world where automation is able to complete many of the different tasks that humans can, meaning that humans will not have to do them any more. These tasks vary, from the low-skill, mundane tasks like cleaning, file organization, and manufactoring, to high-speed tasks like processing. Automation is potentially one of the most important tools that humans have developed, but could also be a problem that accentuates the inequities that are in our socities. ', 'In my optioni']",In my optioni',,,"[1, 0]","{'t': [222494, 224189], 'l': 13, 'o': [{'o': 'i', 'i': [1, 0], 'a': 'In my optioni'}]}",,,
15468,43,65,224.939,editor,d,"['The issue of automation and society is becoming an incresingly prevalent issue in the modern day as robotics and AI is becoming more sphisticated. We are now entering a world where automation is able to complete many of the different tasks that humans can, meaning that humans will not have to do them any more. These tasks vary, from the low-skill, mundane tasks like cleaning, file organization, and manufactoring, to high-speed tasks like processing. Automation is potentially one of the most important tools that humans have developed, but could also be a problem that accentuates the inequities that are in our socities. ', 'In my op']",,tioni',,"[[1, 8], [1, 13]]","{'t': [224420, 224939], 'l': 5, 'o': [{'o': 'd', 'i': [[1, 8], [1, 13]], 'd': [[1, 5]]}]}",,,
15469,43,66,226.713,editor,i,"['The issue of automation and society is becoming an incresingly prevalent issue in the modern day as robotics and AI is becoming more sphisticated. We are now entering a world where automation is able to complete many of the different tasks that humans can, meaning that humans will not have to do them any more. These tasks vary, from the low-skill, mundane tasks like cleaning, file organization, and manufactoring, to high-speed tasks like processing. Automation is potentially one of the most important tools that humans have developed, but could also be a problem that accentuates the inequities that are in our socities. ', 'In my opinion, ']","inion, '",,,"[1, 8]","{'t': [225529, 226713], 'l': 7, 'o': [{'o': 'i', 'i': [1, 8], 'a': 'inion, '}]}",,,
15470,43,67,229.155,editor,i,"['The issue of automation and society is becoming an incresingly prevalent issue in the modern day as robotics and AI is becoming more sphisticated. We are now entering a world where automation is able to complete many of the different tasks that humans can, meaning that humans will not have to do them any more. These tasks vary, from the low-skill, mundane tasks like cleaning, file organization, and manufactoring, to high-speed tasks like processing. Automation is potentially one of the most important tools that humans have developed, but could also be a problem that accentuates the inequities that are in our socities. ', 'In my opinion, I']",I',,,"[1, 15]","{'t': 229155, 'o': [{'o': 'i', 'i': [1, 15], 'a': 'I'}]}",,,
15471,43,68,232.947,editor,i,"['The issue of automation and society is becoming an incresingly prevalent issue in the modern day as robotics and AI is becoming more sphisticated. We are now entering a world where automation is able to complete many of the different tasks that humans can, meaning that humans will not have to do them any more. These tasks vary, from the low-skill, mundane tasks like cleaning, file organization, and manufactoring, to high-speed tasks like processing. Automation is potentially one of the most important tools that humans have developed, but could also be a problem that accentuates the inequities that are in our socities. ', 'In my opinion, I think that it is important ']",think that it is important ',,,"[1, 16]","{'t': [229323, 232947], 'l': 28, 'o': [{'o': 'i', 'i': [1, 16], 'a': ' think that it is important '}]}",,,
15472,43,69,234.49,editor,o,"['The issue of automation and society is becoming an incresingly prevalent issue in the modern day as robotics and AI is becoming more sphisticated. We are now entering a world where automation is able to complete many of the different tasks that humans can, meaning that humans will not have to do them any more. These tasks vary, from the low-skill, mundane tasks like cleaning, file organization, and manufactoring, to high-speed tasks like processing. Automation is potentially one of the most important tools that humans have developed, but could also be a problem that accentuates the inequities that are in our socities. ', 'In my opinion, I think that it is important ']",,,,"[1, 44]","{'t': 234490, 'o': [{'o': 'o', 'i': [1, 44]}]}",,,
15473,43,70,235.357,editor,l,"['The issue of automation and society is becoming an incresingly prevalent issue in the modern day as robotics and AI is becoming more sphisticated. We are now entering a world where automation is able to complete many of the different tasks that humans can, meaning that humans will not have to do them any more. These tasks vary, from the low-skill, mundane tasks like cleaning, file organization, and manufactoring, to high-speed tasks like processing. Automation is potentially one of the most important tools that humans have developed, but could also be a problem that accentuates the inequities that are in our socities. ', 'In my opinion, I think that it is important ']",,,"In my opinion, I think that it is important '","[[1, 44], [1, 0]]","{'t': [234608, 235357], 'l': 15, 'o': [{'o': 'l', 'i': [1, 44], 's': [[1, [[43, 41], 39, 37, [35, 34], 31, 28, [25, 24], 22, 20, 44, 0]]]}]}",,,
15474,43,71,235.979,editor,d_i,"['The issue of automation and society is becoming an incresingly prevalent issue in the modern day as robotics and AI is becoming more sphisticated. We are now entering a world where automation is able to complete many of the different tasks that humans can, meaning that humans will not have to do them any more. These tasks vary, from the low-skill, mundane tasks like cleaning, file organization, and manufactoring, to high-speed tasks like processing. Automation is potentially one of the most important tools that humans have developed, but could also be a problem that accentuates the inequities that are in our socities. ', 'M']",M',"In my opinion, I think that it is important '","In my opinion, I think that it is important '","[[1, 0], [1, 44]]","{'t': 235979, 'o': [{'o': 'i', 'i': [[1, 0], [1, 44]], 'a': 'M'}]}",,,
15475,43,72,236.359,editor,i,"['The issue of automation and society is becoming an incresingly prevalent issue in the modern day as robotics and AI is becoming more sphisticated. We are now entering a world where automation is able to complete many of the different tasks that humans can, meaning that humans will not have to do them any more. These tasks vary, from the low-skill, mundane tasks like cleaning, file organization, and manufactoring, to high-speed tasks like processing. Automation is potentially one of the most important tools that humans have developed, but could also be a problem that accentuates the inequities that are in our socities. ', 'Mu ']",u ',,,"[1, 1]","{'t': [236207, 236359], 'l': 2, 'o': [{'o': 'i', 'i': [1, 1], 'a': 'u '}]}",,,
15476,43,73,236.811,editor,d,"['The issue of automation and society is becoming an incresingly prevalent issue in the modern day as robotics and AI is becoming more sphisticated. We are now entering a world where automation is able to complete many of the different tasks that humans can, meaning that humans will not have to do them any more. These tasks vary, from the low-skill, mundane tasks like cleaning, file organization, and manufactoring, to high-speed tasks like processing. Automation is potentially one of the most important tools that humans have developed, but could also be a problem that accentuates the inequities that are in our socities. ', 'M']",,u ',,"[[1, 1], [1, 3]]","{'t': [236672, 236811], 'l': 2, 'o': [{'o': 'd', 'i': [[1, 1], [1, 3]], 'd': [[1, 2]]}]}",,,
15477,43,74,246.364,editor,i,"['The issue of automation and society is becoming an incresingly prevalent issue in the modern day as robotics and AI is becoming more sphisticated. We are now entering a world where automation is able to complete many of the different tasks that humans can, meaning that humans will not have to do them any more. These tasks vary, from the low-skill, mundane tasks like cleaning, file organization, and manufactoring, to high-speed tasks like processing. Automation is potentially one of the most important tools that humans have developed, but could also be a problem that accentuates the inequities that are in our socities. ', 'My stance on automation is that we should take full advantae']",y stance on automation is that we should take full advantae',,,"[1, 1]","{'t': [237149, 246364], 'l': 59, 'o': [{'o': 'i', 'i': [1, 1], 'a': 'y stance on automation is that we should take full advantae'}]}",,,
15478,43,75,246.662,editor,d,"['The issue of automation and society is becoming an incresingly prevalent issue in the modern day as robotics and AI is becoming more sphisticated. We are now entering a world where automation is able to complete many of the different tasks that humans can, meaning that humans will not have to do them any more. These tasks vary, from the low-skill, mundane tasks like cleaning, file organization, and manufactoring, to high-speed tasks like processing. Automation is potentially one of the most important tools that humans have developed, but could also be a problem that accentuates the inequities that are in our socities. ', 'My stance on automation is that we should take full advanta']",,e',,"[[1, 59], [1, 60]]","{'t': 246662, 'o': [{'o': 'd', 'i': [[1, 59], [1, 60]]}]}",,,
15479,43,76,248.032,editor,i,"['The issue of automation and society is becoming an incresingly prevalent issue in the modern day as robotics and AI is becoming more sphisticated. We are now entering a world where automation is able to complete many of the different tasks that humans can, meaning that humans will not have to do them any more. These tasks vary, from the low-skill, mundane tasks like cleaning, file organization, and manufactoring, to high-speed tasks like processing. Automation is potentially one of the most important tools that humans have developed, but could also be a problem that accentuates the inequities that are in our socities. ', 'My stance on automation is that we should take full advantage of it b']",ge of it b',,,"[1, 59]","{'t': [246769, 248032], 'l': 10, 'o': [{'o': 'i', 'i': [1, 59], 'a': 'ge of it b'}]}",,,
15480,43,77,248.467,editor,d,"['The issue of automation and society is becoming an incresingly prevalent issue in the modern day as robotics and AI is becoming more sphisticated. We are now entering a world where automation is able to complete many of the different tasks that humans can, meaning that humans will not have to do them any more. These tasks vary, from the low-skill, mundane tasks like cleaning, file organization, and manufactoring, to high-speed tasks like processing. Automation is potentially one of the most important tools that humans have developed, but could also be a problem that accentuates the inequities that are in our socities. ', 'My stance on automation is that we should take full advantage of it']",,b',,"[[1, 67], [1, 69]]","{'t': [248331, 248467], 'l': 2, 'o': [{'o': 'd', 'i': [[1, 67], [1, 69]], 'd': [[1, 2]]}]}",,,
15481,43,78,255.35,editor,i,"['The issue of automation and society is becoming an incresingly prevalent issue in the modern day as robotics and AI is becoming more sphisticated. We are now entering a world where automation is able to complete many of the different tasks that humans can, meaning that humans will not have to do them any more. These tasks vary, from the low-skill, mundane tasks like cleaning, file organization, and manufactoring, to high-speed tasks like processing. Automation is potentially one of the most important tools that humans have developed, but could also be a problem that accentuates the inequities that are in our socities. ', 'My stance on automation is that we should take full advantage of it where it can increase the quality of human lik']",where it can increase the quality of human lik',,,"[1, 67]","{'t': [248912, 255350], 'l': 47, 'o': [{'o': 'i', 'i': [1, 67], 'a': ' where it can increase the quality of human lik'}]}",,,
15482,43,79,255.713,editor,d,"['The issue of automation and society is becoming an incresingly prevalent issue in the modern day as robotics and AI is becoming more sphisticated. We are now entering a world where automation is able to complete many of the different tasks that humans can, meaning that humans will not have to do them any more. These tasks vary, from the low-skill, mundane tasks like cleaning, file organization, and manufactoring, to high-speed tasks like processing. Automation is potentially one of the most important tools that humans have developed, but could also be a problem that accentuates the inequities that are in our socities. ', 'My stance on automation is that we should take full advantage of it where it can increase the quality of human li']",,k',,"[[1, 113], [1, 114]]","{'t': 255713, 'o': [{'o': 'd', 'i': [[1, 113], [1, 114]]}]}",,,
15483,43,80,278.843,editor,i,"['The issue of automation and society is becoming an incresingly prevalent issue in the modern day as robotics and AI is becoming more sphisticated. We are now entering a world where automation is able to complete many of the different tasks that humans can, meaning that humans will not have to do them any more. These tasks vary, from the low-skill, mundane tasks like cleaning, file organization, and manufactoring, to high-speed tasks like processing. Automation is potentially one of the most important tools that humans have developed, but could also be a problem that accentuates the inequities that are in our socities. ', 'My stance on automation is that we should take full advantage of it where it can increase the quality of human life/other life, but that it should be heavily regulated so that it does not degrade the quality of life of humanity, especially for those in minorities. ']","fe/other life, but that it should be heavily regulated so that it does not degrade the quality of life of humanity, especially for those in minorities. '",,,"[1, 113]","{'t': [255821, 278843], 'l': 152, 'o': [{'o': 'i', 'i': [1, 113], 'a': 'fe/other life, but that it should be heavily regulated so that it does not degrade the quality of life of humanity, especially for those in minorities. '}]}",,,
15484,43,81,282.254,editor,i,"['The issue of automation and society is becoming an incresingly prevalent issue in the modern day as robotics and AI is becoming more sphisticated. We are now entering a world where automation is able to complete many of the different tasks that humans can, meaning that humans will not have to do them any more. These tasks vary, from the low-skill, mundane tasks like cleaning, file organization, and manufactoring, to high-speed tasks like processing. Automation is potentially one of the most important tools that humans have developed, but could also be a problem that accentuates the inequities that are in our socities. ', 'My stance on automation is that we should take full advantage of it where it can increase the quality of human life/other life, but that it should be heavily regulated so that it does not degrade the quality of life of humanity, especially for those in minorities. W']",W',,,"[1, 265]","{'t': 282254, 'o': [{'o': 'i', 'i': [1, 265], 'a': 'W'}]}",,,
15485,43,82,288.439,editor,i,"['The issue of automation and society is becoming an incresingly prevalent issue in the modern day as robotics and AI is becoming more sphisticated. We are now entering a world where automation is able to complete many of the different tasks that humans can, meaning that humans will not have to do them any more. These tasks vary, from the low-skill, mundane tasks like cleaning, file organization, and manufactoring, to high-speed tasks like processing. Automation is potentially one of the most important tools that humans have developed, but could also be a problem that accentuates the inequities that are in our socities. ', 'My stance on automation is that we should take full advantage of it where it can increase the quality of human life/other life, but that it should be heavily regulated so that it does not degrade the quality of life of humanity, especially for those in minorities. What I mean by this is allowing AI and auo']",hat I mean by this is allowing AI and auo',,,"[1, 266]","{'t': [282390, 288439], 'l': 41, 'o': [{'o': 'i', 'i': [1, 266], 'a': 'hat I mean by this is allowing AI and auo'}]}",,,
15486,43,83,288.691,editor,d,"['The issue of automation and society is becoming an incresingly prevalent issue in the modern day as robotics and AI is becoming more sphisticated. We are now entering a world where automation is able to complete many of the different tasks that humans can, meaning that humans will not have to do them any more. These tasks vary, from the low-skill, mundane tasks like cleaning, file organization, and manufactoring, to high-speed tasks like processing. Automation is potentially one of the most important tools that humans have developed, but could also be a problem that accentuates the inequities that are in our socities. ', 'My stance on automation is that we should take full advantage of it where it can increase the quality of human life/other life, but that it should be heavily regulated so that it does not degrade the quality of life of humanity, especially for those in minorities. What I mean by this is allowing AI and au']",,o',,"[[1, 306], [1, 307]]","{'t': 288691, 'o': [{'o': 'd', 'i': [[1, 306], [1, 307]]}]}",,,
15487,43,84,292.596,editor,i,"['The issue of automation and society is becoming an incresingly prevalent issue in the modern day as robotics and AI is becoming more sphisticated. We are now entering a world where automation is able to complete many of the different tasks that humans can, meaning that humans will not have to do them any more. These tasks vary, from the low-skill, mundane tasks like cleaning, file organization, and manufactoring, to high-speed tasks like processing. Automation is potentially one of the most important tools that humans have developed, but could also be a problem that accentuates the inequities that are in our socities. ', 'My stance on automation is that we should take full advantage of it where it can increase the quality of human life/other life, but that it should be heavily regulated so that it does not degrade the quality of life of humanity, especially for those in minorities. What I mean by this is allowing AI and automation to be used for someo']",tomation to be used for someo',,,"[1, 306]","{'t': [288794, 292596], 'l': 29, 'o': [{'o': 'i', 'i': [1, 306], 'a': 'tomation to be used for someo'}]}",,,
15488,43,85,292.848,editor,d,"['The issue of automation and society is becoming an incresingly prevalent issue in the modern day as robotics and AI is becoming more sphisticated. We are now entering a world where automation is able to complete many of the different tasks that humans can, meaning that humans will not have to do them any more. These tasks vary, from the low-skill, mundane tasks like cleaning, file organization, and manufactoring, to high-speed tasks like processing. Automation is potentially one of the most important tools that humans have developed, but could also be a problem that accentuates the inequities that are in our socities. ', 'My stance on automation is that we should take full advantage of it where it can increase the quality of human life/other life, but that it should be heavily regulated so that it does not degrade the quality of life of humanity, especially for those in minorities. What I mean by this is allowing AI and automation to be used for some']",,o',,"[[1, 334], [1, 335]]","{'t': 292848, 'o': [{'o': 'd', 'i': [[1, 334], [1, 335]]}]}",,,
15489,43,86,297.848,editor,i,"['The issue of automation and society is becoming an incresingly prevalent issue in the modern day as robotics and AI is becoming more sphisticated. We are now entering a world where automation is able to complete many of the different tasks that humans can, meaning that humans will not have to do them any more. These tasks vary, from the low-skill, mundane tasks like cleaning, file organization, and manufactoring, to high-speed tasks like processing. Automation is potentially one of the most important tools that humans have developed, but could also be a problem that accentuates the inequities that are in our socities. ', 'My stance on automation is that we should take full advantage of it where it can increase the quality of human life/other life, but that it should be heavily regulated so that it does not degrade the quality of life of humanity, especially for those in minorities. What I mean by this is allowing AI and automation to be used for some of the mundane tasks that humans ']",of the mundane tasks that humans ',,,"[1, 334]","{'t': [293240, 297848], 'l': 34, 'o': [{'o': 'i', 'i': [1, 334], 'a': ' of the mundane tasks that humans '}]}",,,
15490,43,87,298.873,editor,d,"['The issue of automation and society is becoming an incresingly prevalent issue in the modern day as robotics and AI is becoming more sphisticated. We are now entering a world where automation is able to complete many of the different tasks that humans can, meaning that humans will not have to do them any more. These tasks vary, from the low-skill, mundane tasks like cleaning, file organization, and manufactoring, to high-speed tasks like processing. Automation is potentially one of the most important tools that humans have developed, but could also be a problem that accentuates the inequities that are in our socities. ', 'My stance on automation is that we should take full advantage of it where it can increase the quality of human life/other life, but that it should be heavily regulated so that it does not degrade the quality of life of humanity, especially for those in minorities. What I mean by this is allowing AI and automation to be used for some of the mundane tasks that h']",,umans ',,"[[1, 362], [1, 368]]","{'t': [298112, 298873], 'l': 6, 'o': [{'o': 'd', 'i': [[1, 362], [1, 368]], 'd': [[1, 6]]}]}",,,
15491,43,88,299.153,editor,i,"['The issue of automation and society is becoming an incresingly prevalent issue in the modern day as robotics and AI is becoming more sphisticated. We are now entering a world where automation is able to complete many of the different tasks that humans can, meaning that humans will not have to do them any more. These tasks vary, from the low-skill, mundane tasks like cleaning, file organization, and manufactoring, to high-speed tasks like processing. Automation is potentially one of the most important tools that humans have developed, but could also be a problem that accentuates the inequities that are in our socities. ', 'My stance on automation is that we should take full advantage of it where it can increase the quality of human life/other life, but that it should be heavily regulated so that it does not degrade the quality of life of humanity, especially for those in minorities. What I mean by this is allowing AI and automation to be used for some of the mundane tasks that har']",ar',,,"[1, 362]","{'t': [299032, 299153], 'l': 2, 'o': [{'o': 'i', 'i': [1, 362], 'a': 'ar'}]}",,,
15492,43,89,299.608,editor,d,"['The issue of automation and society is becoming an incresingly prevalent issue in the modern day as robotics and AI is becoming more sphisticated. We are now entering a world where automation is able to complete many of the different tasks that humans can, meaning that humans will not have to do them any more. These tasks vary, from the low-skill, mundane tasks like cleaning, file organization, and manufactoring, to high-speed tasks like processing. Automation is potentially one of the most important tools that humans have developed, but could also be a problem that accentuates the inequities that are in our socities. ', 'My stance on automation is that we should take full advantage of it where it can increase the quality of human life/other life, but that it should be heavily regulated so that it does not degrade the quality of life of humanity, especially for those in minorities. What I mean by this is allowing AI and automation to be used for some of the mundane tasks that ']",,har',,"[[1, 361], [1, 364]]","{'t': [299358, 299608], 'l': 3, 'o': [{'o': 'd', 'i': [[1, 361], [1, 364]], 'd': [[1, 3]]}]}",,,
15493,43,90,301.646,editor,i,"['The issue of automation and society is becoming an incresingly prevalent issue in the modern day as robotics and AI is becoming more sphisticated. We are now entering a world where automation is able to complete many of the different tasks that humans can, meaning that humans will not have to do them any more. These tasks vary, from the low-skill, mundane tasks like cleaning, file organization, and manufactoring, to high-speed tasks like processing. Automation is potentially one of the most important tools that humans have developed, but could also be a problem that accentuates the inequities that are in our socities. ', 'My stance on automation is that we should take full advantage of it where it can increase the quality of human life/other life, but that it should be heavily regulated so that it does not degrade the quality of life of humanity, especially for those in minorities. What I mean by this is allowing AI and automation to be used for some of the mundane tasks that are not erichin']",are not erichin',,,"[1, 361]","{'t': [299734, 301646], 'l': 15, 'o': [{'o': 'i', 'i': [1, 361], 'a': 'are not erichin'}]}",,,
15494,43,91,302.546,editor,d,"['The issue of automation and society is becoming an incresingly prevalent issue in the modern day as robotics and AI is becoming more sphisticated. We are now entering a world where automation is able to complete many of the different tasks that humans can, meaning that humans will not have to do them any more. These tasks vary, from the low-skill, mundane tasks like cleaning, file organization, and manufactoring, to high-speed tasks like processing. Automation is potentially one of the most important tools that humans have developed, but could also be a problem that accentuates the inequities that are in our socities. ', 'My stance on automation is that we should take full advantage of it where it can increase the quality of human life/other life, but that it should be heavily regulated so that it does not degrade the quality of life of humanity, especially for those in minorities. What I mean by this is allowing AI and automation to be used for some of the mundane tasks that are not e']",,richin',,"[[1, 370], [1, 376]]","{'t': [301899, 302546], 'l': 6, 'o': [{'o': 'd', 'i': [[1, 370], [1, 376]], 'd': [[1, 6]]}]}",,,
15495,43,92,302.765,editor,i,"['The issue of automation and society is becoming an incresingly prevalent issue in the modern day as robotics and AI is becoming more sphisticated. We are now entering a world where automation is able to complete many of the different tasks that humans can, meaning that humans will not have to do them any more. These tasks vary, from the low-skill, mundane tasks like cleaning, file organization, and manufactoring, to high-speed tasks like processing. Automation is potentially one of the most important tools that humans have developed, but could also be a problem that accentuates the inequities that are in our socities. ', 'My stance on automation is that we should take full advantage of it where it can increase the quality of human life/other life, but that it should be heavily regulated so that it does not degrade the quality of life of humanity, especially for those in minorities. What I mean by this is allowing AI and automation to be used for some of the mundane tasks that are not en']",n',,,"[1, 370]","{'t': 302765, 'o': [{'o': 'i', 'i': [1, 370], 'a': 'n'}]}",,,
15496,43,93,303.465,editor,d,"['The issue of automation and society is becoming an incresingly prevalent issue in the modern day as robotics and AI is becoming more sphisticated. We are now entering a world where automation is able to complete many of the different tasks that humans can, meaning that humans will not have to do them any more. These tasks vary, from the low-skill, mundane tasks like cleaning, file organization, and manufactoring, to high-speed tasks like processing. Automation is potentially one of the most important tools that humans have developed, but could also be a problem that accentuates the inequities that are in our socities. ', 'My stance on automation is that we should take full advantage of it where it can increase the quality of human life/other life, but that it should be heavily regulated so that it does not degrade the quality of life of humanity, especially for those in minorities. What I mean by this is allowing AI and automation to be used for some of the mundane tasks that are not ']",,en',,"[[1, 369], [1, 371]]","{'t': [303044, 303465], 'l': 2, 'o': [{'o': 'd', 'i': [[1, 369], [1, 371]], 'd': [[1, 2]]}]}",,,
15497,43,94,310.723,editor,i,"['The issue of automation and society is becoming an incresingly prevalent issue in the modern day as robotics and AI is becoming more sphisticated. We are now entering a world where automation is able to complete many of the different tasks that humans can, meaning that humans will not have to do them any more. These tasks vary, from the low-skill, mundane tasks like cleaning, file organization, and manufactoring, to high-speed tasks like processing. Automation is potentially one of the most important tools that humans have developed, but could also be a problem that accentuates the inequities that are in our socities. ', 'My stance on automation is that we should take full advantage of it where it can increase the quality of human life/other life, but that it should be heavily regulated so that it does not degrade the quality of life of humanity, especially for those in minorities. What I mean by this is allowing AI and automation to be used for some of the mundane tasks that are not necessarily enrichiing to the human expereince']",necessarily enrichiing to the human expereince',,,"[1, 369]","{'t': [303668, 310723], 'l': 46, 'o': [{'o': 'i', 'i': [1, 369], 'a': 'necessarily enrichiing to the human expereince'}]}",,,
15498,43,95,311.752,editor,d,"['The issue of automation and society is becoming an incresingly prevalent issue in the modern day as robotics and AI is becoming more sphisticated. We are now entering a world where automation is able to complete many of the different tasks that humans can, meaning that humans will not have to do them any more. These tasks vary, from the low-skill, mundane tasks like cleaning, file organization, and manufactoring, to high-speed tasks like processing. Automation is potentially one of the most important tools that humans have developed, but could also be a problem that accentuates the inequities that are in our socities. ', 'My stance on automation is that we should take full advantage of it where it can increase the quality of human life/other life, but that it should be heavily regulated so that it does not degrade the quality of life of humanity, especially for those in minorities. What I mean by this is allowing AI and automation to be used for some of the mundane tasks that are not necessarily enrichiing to the human expe']",,reince',,"[[1, 409], [1, 415]]","{'t': [311071, 311752], 'l': 6, 'o': [{'o': 'd', 'i': [[1, 409], [1, 415]], 'd': [[1, 6]]}]}",,,
15499,43,96,315.466,editor,i,"['The issue of automation and society is becoming an incresingly prevalent issue in the modern day as robotics and AI is becoming more sphisticated. We are now entering a world where automation is able to complete many of the different tasks that humans can, meaning that humans will not have to do them any more. These tasks vary, from the low-skill, mundane tasks like cleaning, file organization, and manufactoring, to high-speed tasks like processing. Automation is potentially one of the most important tools that humans have developed, but could also be a problem that accentuates the inequities that are in our socities. ', 'My stance on automation is that we should take full advantage of it where it can increase the quality of human life/other life, but that it should be heavily regulated so that it does not degrade the quality of life of humanity, especially for those in minorities. What I mean by this is allowing AI and automation to be used for some of the mundane tasks that are not necessarily enrichiing to the human experience, like cleaning, ']","rience, like cleaning, '",,,"[1, 409]","{'t': [312587, 315466], 'l': 23, 'o': [{'o': 'i', 'i': [1, 409], 'a': 'rience, like cleaning, '}]}",,,
15500,43,97,317.848,editor,d,"['The issue of automation and society is becoming an incresingly prevalent issue in the modern day as robotics and AI is becoming more sphisticated. We are now entering a world where automation is able to complete many of the different tasks that humans can, meaning that humans will not have to do them any more. These tasks vary, from the low-skill, mundane tasks like cleaning, file organization, and manufactoring, to high-speed tasks like processing. Automation is potentially one of the most important tools that humans have developed, but could also be a problem that accentuates the inequities that are in our socities. ', 'My stance on automation is that we should take full advantage of it where it can increase the quality of human life/other life, but that it should be heavily regulated so that it does not degrade the quality of life of humanity, especially for those in minorities. What I mean by this is allowing AI and automation to be used for some of the mundane tasks that are not necessarily enrichiing to the human experience, like cleaning,']",,,,"[[1, 431], [1, 432]]","{'t': 317848, 'o': [{'o': 'd', 'i': [[1, 431], [1, 432]]}]}",,,
15501,43,98,317.957,editor,d,"['The issue of automation and society is becoming an incresingly prevalent issue in the modern day as robotics and AI is becoming more sphisticated. We are now entering a world where automation is able to complete many of the different tasks that humans can, meaning that humans will not have to do them any more. These tasks vary, from the low-skill, mundane tasks like cleaning, file organization, and manufactoring, to high-speed tasks like processing. Automation is potentially one of the most important tools that humans have developed, but could also be a problem that accentuates the inequities that are in our socities. ', 'My stance on automation is that we should take full advantage of it where it can increase the quality of human life/other life, but that it should be heavily regulated so that it does not degrade the quality of life of humanity, especially for those in minorities. What I mean by this is allowing AI and automation to be used for some of the mundane tasks that are not necessarily enrichiing to the human experience, like cleaning']",,",'",,"[[1, 430], [1, 431]]","{'t': 317957, 'o': [{'o': 'd', 'i': [[1, 430], [1, 431]]}]}",,,
15502,43,99,321.105,editor,i,"['The issue of automation and society is becoming an incresingly prevalent issue in the modern day as robotics and AI is becoming more sphisticated. We are now entering a world where automation is able to complete many of the different tasks that humans can, meaning that humans will not have to do them any more. These tasks vary, from the low-skill, mundane tasks like cleaning, file organization, and manufactoring, to high-speed tasks like processing. Automation is potentially one of the most important tools that humans have developed, but could also be a problem that accentuates the inequities that are in our socities. ', 'My stance on automation is that we should take full advantage of it where it can increase the quality of human life/other life, but that it should be heavily regulated so that it does not degrade the quality of life of humanity, especially for those in minorities. What I mean by this is allowing AI and automation to be used for some of the mundane tasks that are not necessarily enrichiing to the human experience, like cleaning or manufactoring ']",or manufactoring ',,,"[1, 430]","{'t': [318188, 321105], 'l': 18, 'o': [{'o': 'i', 'i': [1, 430], 'a': ' or manufactoring '}]}",,,
15503,43,100,323.814,editor,d,"['The issue of automation and society is becoming an incresingly prevalent issue in the modern day as robotics and AI is becoming more sphisticated. We are now entering a world where automation is able to complete many of the different tasks that humans can, meaning that humans will not have to do them any more. These tasks vary, from the low-skill, mundane tasks like cleaning, file organization, and manufactoring, to high-speed tasks like processing. Automation is potentially one of the most important tools that humans have developed, but could also be a problem that accentuates the inequities that are in our socities. ', 'My stance on automation is that we should take full advantage of it where it can increase the quality of human life/other life, but that it should be heavily regulated so that it does not degrade the quality of life of humanity, especially for those in minorities. What I mean by this is allowing AI and automation to be used for some of the mundane tasks that are not necessarily enrichiing to the human experience, like cleaning or manufactoring']",,,,"[[1, 447], [1, 448]]","{'t': 323814, 'o': [{'o': 'd', 'i': [[1, 447], [1, 448]]}]}",,,
15504,43,101,329.408,editor,o,"['The issue of automation and society is becoming an incresingly prevalent issue in the modern day as robotics and AI is becoming more sphisticated. We are now entering a world where automation is able to complete many of the different tasks that humans can, meaning that humans will not have to do them any more. These tasks vary, from the low-skill, mundane tasks like cleaning, file organization, and manufactoring, to high-speed tasks like processing. Automation is potentially one of the most important tools that humans have developed, but could also be a problem that accentuates the inequities that are in our socities. ', 'My stance on automation is that we should take full advantage of it where it can increase the quality of human life/other life, but that it should be heavily regulated so that it does not degrade the quality of life of humanity, especially for those in minorities. What I mean by this is allowing AI and automation to be used for some of the mundane tasks that are not necessarily enrichiing to the human experience, like cleaning or manufactoring']",,,,"[1, 433]","{'t': 329408, 'o': [{'o': 'o', 'i': [1, 433]}]}",,,
15505,43,102,329.695,editor,d,"['The issue of automation and society is becoming an incresingly prevalent issue in the modern day as robotics and AI is becoming more sphisticated. We are now entering a world where automation is able to complete many of the different tasks that humans can, meaning that humans will not have to do them any more. These tasks vary, from the low-skill, mundane tasks like cleaning, file organization, and manufactoring, to high-speed tasks like processing. Automation is potentially one of the most important tools that humans have developed, but could also be a problem that accentuates the inequities that are in our socities. ', 'My stance on automation is that we should take full advantage of it where it can increase the quality of human life/other life, but that it should be heavily regulated so that it does not degrade the quality of life of humanity, especially for those in minorities. What I mean by this is allowing AI and automation to be used for some of the mundane tasks that are not necessarily enrichiing to the human experience, like cleaning o manufactoring']",,r',,"[[1, 432], [1, 433]]","{'t': 329695, 'o': [{'o': 'd', 'i': [[1, 432], [1, 433]]}]}",,,
15506,43,103,329.961,editor,d,"['The issue of automation and society is becoming an incresingly prevalent issue in the modern day as robotics and AI is becoming more sphisticated. We are now entering a world where automation is able to complete many of the different tasks that humans can, meaning that humans will not have to do them any more. These tasks vary, from the low-skill, mundane tasks like cleaning, file organization, and manufactoring, to high-speed tasks like processing. Automation is potentially one of the most important tools that humans have developed, but could also be a problem that accentuates the inequities that are in our socities. ', 'My stance on automation is that we should take full advantage of it where it can increase the quality of human life/other life, but that it should be heavily regulated so that it does not degrade the quality of life of humanity, especially for those in minorities. What I mean by this is allowing AI and automation to be used for some of the mundane tasks that are not necessarily enrichiing to the human experience, like cleaning manufactoring']",,o',,"[[1, 430], [1, 432]]","{'t': [329833, 329961], 'l': 2, 'o': [{'o': 'd', 'i': [[1, 430], [1, 432]], 'd': [[1, 2]]}]}",,,
15507,43,104,330.665,editor,i,"['The issue of automation and society is becoming an incresingly prevalent issue in the modern day as robotics and AI is becoming more sphisticated. We are now entering a world where automation is able to complete many of the different tasks that humans can, meaning that humans will not have to do them any more. These tasks vary, from the low-skill, mundane tasks like cleaning, file organization, and manufactoring, to high-speed tasks like processing. Automation is potentially one of the most important tools that humans have developed, but could also be a problem that accentuates the inequities that are in our socities. ', 'My stance on automation is that we should take full advantage of it where it can increase the quality of human life/other life, but that it should be heavily regulated so that it does not degrade the quality of life of humanity, especially for those in minorities. What I mean by this is allowing AI and automation to be used for some of the mundane tasks that are not necessarily enrichiing to the human experience, like cleaning, manufactoring']",",'",,,"[1, 430]","{'t': 330665, 'o': [{'o': 'i', 'i': [1, 430], 'a': ','}]}",,,
15508,43,105,331.384,editor,o,"['The issue of automation and society is becoming an incresingly prevalent issue in the modern day as robotics and AI is becoming more sphisticated. We are now entering a world where automation is able to complete many of the different tasks that humans can, meaning that humans will not have to do them any more. These tasks vary, from the low-skill, mundane tasks like cleaning, file organization, and manufactoring, to high-speed tasks like processing. Automation is potentially one of the most important tools that humans have developed, but could also be a problem that accentuates the inequities that are in our socities. ', 'My stance on automation is that we should take full advantage of it where it can increase the quality of human life/other life, but that it should be heavily regulated so that it does not degrade the quality of life of humanity, especially for those in minorities. What I mean by this is allowing AI and automation to be used for some of the mundane tasks that are not necessarily enrichiing to the human experience, like cleaning, manufactoring']",,,,"[1, 445]","{'t': 331384, 'o': [{'o': 'o', 'i': [1, 445]}]}",,,
15509,43,106,331.906,editor,i,"['The issue of automation and society is becoming an incresingly prevalent issue in the modern day as robotics and AI is becoming more sphisticated. We are now entering a world where automation is able to complete many of the different tasks that humans can, meaning that humans will not have to do them any more. These tasks vary, from the low-skill, mundane tasks like cleaning, file organization, and manufactoring, to high-speed tasks like processing. Automation is potentially one of the most important tools that humans have developed, but could also be a problem that accentuates the inequities that are in our socities. ', 'My stance on automation is that we should take full advantage of it where it can increase the quality of human life/other life, but that it should be heavily regulated so that it does not degrade the quality of life of humanity, especially for those in minorities. What I mean by this is allowing AI and automation to be used for some of the mundane tasks that are not necessarily enrichiing to the human experience, like cleaning, manufactoring,']",",'",,,"[1, 445]","{'t': 331906, 'o': [{'o': 'i', 'i': [1, 445], 'a': ','}]}",,,
15510,43,107,333.767,editor,i,"['The issue of automation and society is becoming an incresingly prevalent issue in the modern day as robotics and AI is becoming more sphisticated. We are now entering a world where automation is able to complete many of the different tasks that humans can, meaning that humans will not have to do them any more. These tasks vary, from the low-skill, mundane tasks like cleaning, file organization, and manufactoring, to high-speed tasks like processing. Automation is potentially one of the most important tools that humans have developed, but could also be a problem that accentuates the inequities that are in our socities. ', 'My stance on automation is that we should take full advantage of it where it can increase the quality of human life/other life, but that it should be heavily regulated so that it does not degrade the quality of life of humanity, especially for those in minorities. What I mean by this is allowing AI and automation to be used for some of the mundane tasks that are not necessarily enrichiing to the human experience, like cleaning, manufactoring, or data entry']",or data entry',,,"[1, 446]","{'t': [332020, 333767], 'l': 14, 'o': [{'o': 'i', 'i': [1, 446], 'a': ' or data entry'}]}",,,
15511,43,108,336.945,editor,o,"['The issue of automation and society is becoming an incresingly prevalent issue in the modern day as robotics and AI is becoming more sphisticated. We are now entering a world where automation is able to complete many of the different tasks that humans can, meaning that humans will not have to do them any more. These tasks vary, from the low-skill, mundane tasks like cleaning, file organization, and manufactoring, to high-speed tasks like processing. Automation is potentially one of the most important tools that humans have developed, but could also be a problem that accentuates the inequities that are in our socities. ', 'My stance on automation is that we should take full advantage of it where it can increase the quality of human life/other life, but that it should be heavily regulated so that it does not degrade the quality of life of humanity, especially for those in minorities. What I mean by this is allowing AI and automation to be used for some of the mundane tasks that are not necessarily enrichiing to the human experience, like cleaning, manufactoring, or data entry']",,,,"[1, 388]","{'t': 336945, 'o': [{'o': 'o', 'i': [1, 388]}]}",,,
15512,43,109,337.228,editor,d,"['The issue of automation and society is becoming an incresingly prevalent issue in the modern day as robotics and AI is becoming more sphisticated. We are now entering a world where automation is able to complete many of the different tasks that humans can, meaning that humans will not have to do them any more. These tasks vary, from the low-skill, mundane tasks like cleaning, file organization, and manufactoring, to high-speed tasks like processing. Automation is potentially one of the most important tools that humans have developed, but could also be a problem that accentuates the inequities that are in our socities. ', 'My stance on automation is that we should take full advantage of it where it can increase the quality of human life/other life, but that it should be heavily regulated so that it does not degrade the quality of life of humanity, especially for those in minorities. What I mean by this is allowing AI and automation to be used for some of the mundane tasks that are not necessarily enriching to the human experience, like cleaning, manufactoring, or data entry']",,i',,"[[1, 387], [1, 388]]","{'t': 337228, 'o': [{'o': 'd', 'i': [[1, 387], [1, 388]]}]}",,,
15513,43,110,338.293,editor,o,"['The issue of automation and society is becoming an incresingly prevalent issue in the modern day as robotics and AI is becoming more sphisticated. We are now entering a world where automation is able to complete many of the different tasks that humans can, meaning that humans will not have to do them any more. These tasks vary, from the low-skill, mundane tasks like cleaning, file organization, and manufactoring, to high-speed tasks like processing. Automation is potentially one of the most important tools that humans have developed, but could also be a problem that accentuates the inequities that are in our socities. ', 'My stance on automation is that we should take full advantage of it where it can increase the quality of human life/other life, but that it should be heavily regulated so that it does not degrade the quality of life of humanity, especially for those in minorities. What I mean by this is allowing AI and automation to be used for some of the mundane tasks that are not necessarily enriching to the human experience, like cleaning, manufactoring, or data entry']",,,,"[1, 459]","{'t': 338293, 'o': [{'o': 'o', 'i': [1, 459]}]}",,,
15514,43,111,343.922,editor,i,"['The issue of automation and society is becoming an incresingly prevalent issue in the modern day as robotics and AI is becoming more sphisticated. We are now entering a world where automation is able to complete many of the different tasks that humans can, meaning that humans will not have to do them any more. These tasks vary, from the low-skill, mundane tasks like cleaning, file organization, and manufactoring, to high-speed tasks like processing. Automation is potentially one of the most important tools that humans have developed, but could also be a problem that accentuates the inequities that are in our socities. ', 'My stance on automation is that we should take full advantage of it where it can increase the quality of human life/other life, but that it should be heavily regulated so that it does not degrade the quality of life of humanity, especially for those in minorities. What I mean by this is allowing AI and automation to be used for some of the mundane tasks that are not necessarily enriching to the human experience, like cleaning, manufactoring, or data entry,']",",'",,,"[1, 459]","{'t': 343922, 'o': [{'o': 'i', 'i': [1, 459], 'a': ','}]}",,,
15515,43,112,344.481,editor,d,"['The issue of automation and society is becoming an incresingly prevalent issue in the modern day as robotics and AI is becoming more sphisticated. We are now entering a world where automation is able to complete many of the different tasks that humans can, meaning that humans will not have to do them any more. These tasks vary, from the low-skill, mundane tasks like cleaning, file organization, and manufactoring, to high-speed tasks like processing. Automation is potentially one of the most important tools that humans have developed, but could also be a problem that accentuates the inequities that are in our socities. ', 'My stance on automation is that we should take full advantage of it where it can increase the quality of human life/other life, but that it should be heavily regulated so that it does not degrade the quality of life of humanity, especially for those in minorities. What I mean by this is allowing AI and automation to be used for some of the mundane tasks that are not necessarily enriching to the human experience, like cleaning, manufactoring, or data entry']",,",'",,"[[1, 459], [1, 460]]","{'t': 344481, 'o': [{'o': 'd', 'i': [[1, 459], [1, 460]]}]}",,,
15516,43,113,348.746,editor,i,"['The issue of automation and society is becoming an incresingly prevalent issue in the modern day as robotics and AI is becoming more sphisticated. We are now entering a world where automation is able to complete many of the different tasks that humans can, meaning that humans will not have to do them any more. These tasks vary, from the low-skill, mundane tasks like cleaning, file organization, and manufactoring, to high-speed tasks like processing. Automation is potentially one of the most important tools that humans have developed, but could also be a problem that accentuates the inequities that are in our socities. ', 'My stance on automation is that we should take full advantage of it where it can increase the quality of human life/other life, but that it should be heavily regulated so that it does not degrade the quality of life of humanity, especially for those in minorities. What I mean by this is allowing AI and automation to be used for some of the mundane tasks that are not necessarily enriching to the human experience, like cleaning, manufactoring, or data entry; or for some of the more']",; or for some of the more',,,"[1, 459]","{'t': [344941, 348746], 'l': 25, 'o': [{'o': 'i', 'i': [1, 459], 'a': '; or for some of the more'}]}",,,
15517,43,114,351.128,editor,d,"['The issue of automation and society is becoming an incresingly prevalent issue in the modern day as robotics and AI is becoming more sphisticated. We are now entering a world where automation is able to complete many of the different tasks that humans can, meaning that humans will not have to do them any more. These tasks vary, from the low-skill, mundane tasks like cleaning, file organization, and manufactoring, to high-speed tasks like processing. Automation is potentially one of the most important tools that humans have developed, but could also be a problem that accentuates the inequities that are in our socities. ', 'My stance on automation is that we should take full advantage of it where it can increase the quality of human life/other life, but that it should be heavily regulated so that it does not degrade the quality of life of humanity, especially for those in minorities. What I mean by this is allowing AI and automation to be used for some of the mundane tasks that are not necessarily enriching to the human experience, like cleaning, manufactoring, or data entry; or for ']",,some of the more',,"[[1, 468], [1, 484]]","{'t': [348902, 351128], 'l': 16, 'o': [{'o': 'd', 'i': [[1, 468], [1, 484]], 'd': [[1, 16]]}]}",,,
15518,43,115,354.422,editor,i,"['The issue of automation and society is becoming an incresingly prevalent issue in the modern day as robotics and AI is becoming more sphisticated. We are now entering a world where automation is able to complete many of the different tasks that humans can, meaning that humans will not have to do them any more. These tasks vary, from the low-skill, mundane tasks like cleaning, file organization, and manufactoring, to high-speed tasks like processing. Automation is potentially one of the most important tools that humans have developed, but could also be a problem that accentuates the inequities that are in our socities. ', 'My stance on automation is that we should take full advantage of it where it can increase the quality of human life/other life, but that it should be heavily regulated so that it does not degrade the quality of life of humanity, especially for those in minorities. What I mean by this is allowing AI and automation to be used for some of the mundane tasks that are not necessarily enriching to the human experience, like cleaning, manufactoring, or data entry; or for tasks that can be acomp']",tasks that can be acomp',,,"[1, 468]","{'t': [351430, 354422], 'l': 23, 'o': [{'o': 'i', 'i': [1, 468], 'a': 'tasks that can be acomp'}]}",,,
15519,43,116,355.08,editor,d,"['The issue of automation and society is becoming an incresingly prevalent issue in the modern day as robotics and AI is becoming more sphisticated. We are now entering a world where automation is able to complete many of the different tasks that humans can, meaning that humans will not have to do them any more. These tasks vary, from the low-skill, mundane tasks like cleaning, file organization, and manufactoring, to high-speed tasks like processing. Automation is potentially one of the most important tools that humans have developed, but could also be a problem that accentuates the inequities that are in our socities. ', 'My stance on automation is that we should take full advantage of it where it can increase the quality of human life/other life, but that it should be heavily regulated so that it does not degrade the quality of life of humanity, especially for those in minorities. What I mean by this is allowing AI and automation to be used for some of the mundane tasks that are not necessarily enriching to the human experience, like cleaning, manufactoring, or data entry; or for tasks that can be ac']",,omp',,"[[1, 488], [1, 491]]","{'t': [354645, 355080], 'l': 3, 'o': [{'o': 'd', 'i': [[1, 488], [1, 491]], 'd': [[1, 3]]}]}",,,
15520,43,117,366.294,editor,i,"['The issue of automation and society is becoming an incresingly prevalent issue in the modern day as robotics and AI is becoming more sphisticated. We are now entering a world where automation is able to complete many of the different tasks that humans can, meaning that humans will not have to do them any more. These tasks vary, from the low-skill, mundane tasks like cleaning, file organization, and manufactoring, to high-speed tasks like processing. Automation is potentially one of the most important tools that humans have developed, but could also be a problem that accentuates the inequities that are in our socities. ', 'My stance on automation is that we should take full advantage of it where it can increase the quality of human life/other life, but that it should be heavily regulated so that it does not degrade the quality of life of humanity, especially for those in minorities. What I mean by this is allowing AI and automation to be used for some of the mundane tasks that are not necessarily enriching to the human experience, like cleaning, manufactoring, or data entry; or for tasks that can be accomplished much more quickly by a computer like certain kinds of processing. However, ']","complished much more quickly by a computer like certain kinds of processing. However, '",,,"[1, 488]","{'t': [355236, 366294], 'l': 86, 'o': [{'o': 'i', 'i': [1, 488], 'a': 'complished much more quickly by a computer like certain kinds of processing. However, '}]}",,,
15521,43,118,368.484,editor,i,"['The issue of automation and society is becoming an incresingly prevalent issue in the modern day as robotics and AI is becoming more sphisticated. We are now entering a world where automation is able to complete many of the different tasks that humans can, meaning that humans will not have to do them any more. These tasks vary, from the low-skill, mundane tasks like cleaning, file organization, and manufactoring, to high-speed tasks like processing. Automation is potentially one of the most important tools that humans have developed, but could also be a problem that accentuates the inequities that are in our socities. ', 'My stance on automation is that we should take full advantage of it where it can increase the quality of human life/other life, but that it should be heavily regulated so that it does not degrade the quality of life of humanity, especially for those in minorities. What I mean by this is allowing AI and automation to be used for some of the mundane tasks that are not necessarily enriching to the human experience, like cleaning, manufactoring, or data entry; or for tasks that can be accomplished much more quickly by a computer like certain kinds of processing. However, w']",w',,,"[1, 574]","{'t': 368484, 'o': [{'o': 'i', 'i': [1, 574], 'a': 'w'}]}",,,
15522,43,119,371.166,editor,i,"['The issue of automation and society is becoming an incresingly prevalent issue in the modern day as robotics and AI is becoming more sphisticated. We are now entering a world where automation is able to complete many of the different tasks that humans can, meaning that humans will not have to do them any more. These tasks vary, from the low-skill, mundane tasks like cleaning, file organization, and manufactoring, to high-speed tasks like processing. Automation is potentially one of the most important tools that humans have developed, but could also be a problem that accentuates the inequities that are in our socities. ', 'My stance on automation is that we should take full advantage of it where it can increase the quality of human life/other life, but that it should be heavily regulated so that it does not degrade the quality of life of humanity, especially for those in minorities. What I mean by this is allowing AI and automation to be used for some of the mundane tasks that are not necessarily enriching to the human experience, like cleaning, manufactoring, or data entry; or for tasks that can be accomplished much more quickly by a computer like certain kinds of processing. However, we are seeing a situatio']",e are seeing a situatio',,,"[1, 575]","{'t': [368588, 371166], 'l': 23, 'o': [{'o': 'i', 'i': [1, 575], 'a': 'e are seeing a situatio'}]}",,,
15523,43,120,371.493,editor,d,"['The issue of automation and society is becoming an incresingly prevalent issue in the modern day as robotics and AI is becoming more sphisticated. We are now entering a world where automation is able to complete many of the different tasks that humans can, meaning that humans will not have to do them any more. These tasks vary, from the low-skill, mundane tasks like cleaning, file organization, and manufactoring, to high-speed tasks like processing. Automation is potentially one of the most important tools that humans have developed, but could also be a problem that accentuates the inequities that are in our socities. ', 'My stance on automation is that we should take full advantage of it where it can increase the quality of human life/other life, but that it should be heavily regulated so that it does not degrade the quality of life of humanity, especially for those in minorities. What I mean by this is allowing AI and automation to be used for some of the mundane tasks that are not necessarily enriching to the human experience, like cleaning, manufactoring, or data entry; or for tasks that can be accomplished much more quickly by a computer like certain kinds of processing. However, we are seeing a situati']",,o',,"[[1, 597], [1, 598]]","{'t': 371493, 'o': [{'o': 'd', 'i': [[1, 597], [1, 598]]}]}",,,
15524,43,121,373.03,editor,i,"['The issue of automation and society is becoming an incresingly prevalent issue in the modern day as robotics and AI is becoming more sphisticated. We are now entering a world where automation is able to complete many of the different tasks that humans can, meaning that humans will not have to do them any more. These tasks vary, from the low-skill, mundane tasks like cleaning, file organization, and manufactoring, to high-speed tasks like processing. Automation is potentially one of the most important tools that humans have developed, but could also be a problem that accentuates the inequities that are in our socities. ', 'My stance on automation is that we should take full advantage of it where it can increase the quality of human life/other life, but that it should be heavily regulated so that it does not degrade the quality of life of humanity, especially for those in minorities. What I mean by this is allowing AI and automation to be used for some of the mundane tasks that are not necessarily enriching to the human experience, like cleaning, manufactoring, or data entry; or for tasks that can be accomplished much more quickly by a computer like certain kinds of processing. However, we are seeing a situation h']",on h',,,"[1, 597]","{'t': [372523, 373030], 'l': 4, 'o': [{'o': 'i', 'i': [1, 597], 'a': 'on h'}]}",,,
15525,43,122,373.407,editor,d,"['The issue of automation and society is becoming an incresingly prevalent issue in the modern day as robotics and AI is becoming more sphisticated. We are now entering a world where automation is able to complete many of the different tasks that humans can, meaning that humans will not have to do them any more. These tasks vary, from the low-skill, mundane tasks like cleaning, file organization, and manufactoring, to high-speed tasks like processing. Automation is potentially one of the most important tools that humans have developed, but could also be a problem that accentuates the inequities that are in our socities. ', 'My stance on automation is that we should take full advantage of it where it can increase the quality of human life/other life, but that it should be heavily regulated so that it does not degrade the quality of life of humanity, especially for those in minorities. What I mean by this is allowing AI and automation to be used for some of the mundane tasks that are not necessarily enriching to the human experience, like cleaning, manufactoring, or data entry; or for tasks that can be accomplished much more quickly by a computer like certain kinds of processing. However, we are seeing a situation ']",,h',,"[[1, 600], [1, 601]]","{'t': 373407, 'o': [{'o': 'd', 'i': [[1, 600], [1, 601]]}]}",,,
15526,43,123,387.72,editor,i,"['The issue of automation and society is becoming an incresingly prevalent issue in the modern day as robotics and AI is becoming more sphisticated. We are now entering a world where automation is able to complete many of the different tasks that humans can, meaning that humans will not have to do them any more. These tasks vary, from the low-skill, mundane tasks like cleaning, file organization, and manufactoring, to high-speed tasks like processing. Automation is potentially one of the most important tools that humans have developed, but could also be a problem that accentuates the inequities that are in our socities. ', 'My stance on automation is that we should take full advantage of it where it can increase the quality of human life/other life, but that it should be heavily regulated so that it does not degrade the quality of life of humanity, especially for those in minorities. What I mean by this is allowing AI and automation to be used for some of the mundane tasks that are not necessarily enriching to the human experience, like cleaning, manufactoring, or data entry; or for tasks that can be accomplished much more quickly by a computer like certain kinds of processing. However, we are seeing a situation where AI is creeping in and starting to replace human creative activities and enriching jobs that ']",where AI is creeping in and starting to replace human creative activities and enriching jobs that ',,,"[1, 600]","{'t': [373510, 387720], 'l': 98, 'o': [{'o': 'i', 'i': [1, 600], 'a': 'where AI is creeping in and starting to replace human creative activities and enriching jobs that '}]}",,,
15527,43,124,389.428,editor,d,"['The issue of automation and society is becoming an incresingly prevalent issue in the modern day as robotics and AI is becoming more sphisticated. We are now entering a world where automation is able to complete many of the different tasks that humans can, meaning that humans will not have to do them any more. These tasks vary, from the low-skill, mundane tasks like cleaning, file organization, and manufactoring, to high-speed tasks like processing. Automation is potentially one of the most important tools that humans have developed, but could also be a problem that accentuates the inequities that are in our socities. ', 'My stance on automation is that we should take full advantage of it where it can increase the quality of human life/other life, but that it should be heavily regulated so that it does not degrade the quality of life of humanity, especially for those in minorities. What I mean by this is allowing AI and automation to be used for some of the mundane tasks that are not necessarily enriching to the human experience, like cleaning, manufactoring, or data entry; or for tasks that can be accomplished much more quickly by a computer like certain kinds of processing. However, we are seeing a situation where AI is creeping in and starting to replace human creative activities and enriching ']",,jobs that ',,"[[1, 688], [1, 698]]","{'t': [387972, 389428], 'l': 10, 'o': [{'o': 'd', 'i': [[1, 688], [1, 698]], 'd': [[1, 10]]}]}",,,
15528,43,125,393.521,editor,i,"['The issue of automation and society is becoming an incresingly prevalent issue in the modern day as robotics and AI is becoming more sphisticated. We are now entering a world where automation is able to complete many of the different tasks that humans can, meaning that humans will not have to do them any more. These tasks vary, from the low-skill, mundane tasks like cleaning, file organization, and manufactoring, to high-speed tasks like processing. Automation is potentially one of the most important tools that humans have developed, but could also be a problem that accentuates the inequities that are in our socities. ', 'My stance on automation is that we should take full advantage of it where it can increase the quality of human life/other life, but that it should be heavily regulated so that it does not degrade the quality of life of humanity, especially for those in minorities. What I mean by this is allowing AI and automation to be used for some of the mundane tasks that are not necessarily enriching to the human experience, like cleaning, manufactoring, or data entry; or for tasks that can be accomplished much more quickly by a computer like certain kinds of processing. However, we are seeing a situation where AI is creeping in and starting to replace human creative activities and enriching careers that people deticate thei']",careers that people deticate thei',,,"[1, 688]","{'t': [389778, 393521], 'l': 33, 'o': [{'o': 'i', 'i': [1, 688], 'a': 'careers that people deticate thei'}]}",,,
15529,43,126,394.105,editor,d,"['The issue of automation and society is becoming an incresingly prevalent issue in the modern day as robotics and AI is becoming more sphisticated. We are now entering a world where automation is able to complete many of the different tasks that humans can, meaning that humans will not have to do them any more. These tasks vary, from the low-skill, mundane tasks like cleaning, file organization, and manufactoring, to high-speed tasks like processing. Automation is potentially one of the most important tools that humans have developed, but could also be a problem that accentuates the inequities that are in our socities. ', 'My stance on automation is that we should take full advantage of it where it can increase the quality of human life/other life, but that it should be heavily regulated so that it does not degrade the quality of life of humanity, especially for those in minorities. What I mean by this is allowing AI and automation to be used for some of the mundane tasks that are not necessarily enriching to the human experience, like cleaning, manufactoring, or data entry; or for tasks that can be accomplished much more quickly by a computer like certain kinds of processing. However, we are seeing a situation where AI is creeping in and starting to replace human creative activities and enriching careers that people deticate the']",,i',,"[[1, 720], [1, 721]]","{'t': 394105, 'o': [{'o': 'd', 'i': [[1, 720], [1, 721]]}]}",,,
15530,43,127,398.538,editor,i,"['The issue of automation and society is becoming an incresingly prevalent issue in the modern day as robotics and AI is becoming more sphisticated. We are now entering a world where automation is able to complete many of the different tasks that humans can, meaning that humans will not have to do them any more. These tasks vary, from the low-skill, mundane tasks like cleaning, file organization, and manufactoring, to high-speed tasks like processing. Automation is potentially one of the most important tools that humans have developed, but could also be a problem that accentuates the inequities that are in our socities. ', 'My stance on automation is that we should take full advantage of it where it can increase the quality of human life/other life, but that it should be heavily regulated so that it does not degrade the quality of life of humanity, especially for those in minorities. What I mean by this is allowing AI and automation to be used for some of the mundane tasks that are not necessarily enriching to the human experience, like cleaning, manufactoring, or data entry; or for tasks that can be accomplished much more quickly by a computer like certain kinds of processing. However, we are seeing a situation where AI is creeping in and starting to replace human creative activities and enriching careers that people deticate their lives to. Things like ar,']","ir lives to. Things like ar,'",,,"[1, 720]","{'t': [394695, 398538], 'l': 28, 'o': [{'o': 'i', 'i': [1, 720], 'a': 'ir lives to. Things like ar,'}]}",,,
15531,43,128,398.832,editor,d,"['The issue of automation and society is becoming an incresingly prevalent issue in the modern day as robotics and AI is becoming more sphisticated. We are now entering a world where automation is able to complete many of the different tasks that humans can, meaning that humans will not have to do them any more. These tasks vary, from the low-skill, mundane tasks like cleaning, file organization, and manufactoring, to high-speed tasks like processing. Automation is potentially one of the most important tools that humans have developed, but could also be a problem that accentuates the inequities that are in our socities. ', 'My stance on automation is that we should take full advantage of it where it can increase the quality of human life/other life, but that it should be heavily regulated so that it does not degrade the quality of life of humanity, especially for those in minorities. What I mean by this is allowing AI and automation to be used for some of the mundane tasks that are not necessarily enriching to the human experience, like cleaning, manufactoring, or data entry; or for tasks that can be accomplished much more quickly by a computer like certain kinds of processing. However, we are seeing a situation where AI is creeping in and starting to replace human creative activities and enriching careers that people deticate their lives to. Things like ar']",,",'",,"[[1, 747], [1, 748]]","{'t': 398832, 'o': [{'o': 'd', 'i': [[1, 747], [1, 748]]}]}",,,
15532,43,129,401.301,editor,i,"['The issue of automation and society is becoming an incresingly prevalent issue in the modern day as robotics and AI is becoming more sphisticated. We are now entering a world where automation is able to complete many of the different tasks that humans can, meaning that humans will not have to do them any more. These tasks vary, from the low-skill, mundane tasks like cleaning, file organization, and manufactoring, to high-speed tasks like processing. Automation is potentially one of the most important tools that humans have developed, but could also be a problem that accentuates the inequities that are in our socities. ', 'My stance on automation is that we should take full advantage of it where it can increase the quality of human life/other life, but that it should be heavily regulated so that it does not degrade the quality of life of humanity, especially for those in minorities. What I mean by this is allowing AI and automation to be used for some of the mundane tasks that are not necessarily enriching to the human experience, like cleaning, manufactoring, or data entry; or for tasks that can be accomplished much more quickly by a computer like certain kinds of processing. However, we are seeing a situation where AI is creeping in and starting to replace human creative activities and enriching careers that people deticate their lives to. Things like art, creative wrti=']","t, creative wrti='",,,"[1, 747]","{'t': [399090, 401301], 'l': 17, 'o': [{'o': 'i', 'i': [1, 747], 'a': 't, creative wrti='}]}",,,
15533,43,130,401.837,editor,d,"['The issue of automation and society is becoming an incresingly prevalent issue in the modern day as robotics and AI is becoming more sphisticated. We are now entering a world where automation is able to complete many of the different tasks that humans can, meaning that humans will not have to do them any more. These tasks vary, from the low-skill, mundane tasks like cleaning, file organization, and manufactoring, to high-speed tasks like processing. Automation is potentially one of the most important tools that humans have developed, but could also be a problem that accentuates the inequities that are in our socities. ', 'My stance on automation is that we should take full advantage of it where it can increase the quality of human life/other life, but that it should be heavily regulated so that it does not degrade the quality of life of humanity, especially for those in minorities. What I mean by this is allowing AI and automation to be used for some of the mundane tasks that are not necessarily enriching to the human experience, like cleaning, manufactoring, or data entry; or for tasks that can be accomplished much more quickly by a computer like certain kinds of processing. However, we are seeing a situation where AI is creeping in and starting to replace human creative activities and enriching careers that people deticate their lives to. Things like art, creative w']",,rti=',,"[[1, 760], [1, 764]]","{'t': [401426, 401837], 'l': 4, 'o': [{'o': 'd', 'i': [[1, 760], [1, 764]], 'd': [[1, 4]]}]}",,,
15534,43,131,403.72,editor,i,"['The issue of automation and society is becoming an incresingly prevalent issue in the modern day as robotics and AI is becoming more sphisticated. We are now entering a world where automation is able to complete many of the different tasks that humans can, meaning that humans will not have to do them any more. These tasks vary, from the low-skill, mundane tasks like cleaning, file organization, and manufactoring, to high-speed tasks like processing. Automation is potentially one of the most important tools that humans have developed, but could also be a problem that accentuates the inequities that are in our socities. ', 'My stance on automation is that we should take full advantage of it where it can increase the quality of human life/other life, but that it should be heavily regulated so that it does not degrade the quality of life of humanity, especially for those in minorities. What I mean by this is allowing AI and automation to be used for some of the mundane tasks that are not necessarily enriching to the human experience, like cleaning, manufactoring, or data entry; or for tasks that can be accomplished much more quickly by a computer like certain kinds of processing. However, we are seeing a situation where AI is creeping in and starting to replace human creative activities and enriching careers that people deticate their lives to. Things like art, creative writing, ad ']","riting, ad '",,,"[1, 760]","{'t': [402422, 403720], 'l': 11, 'o': [{'o': 'i', 'i': [1, 760], 'a': 'riting, ad '}]}",,,
15535,43,132,404.104,editor,d,"['The issue of automation and society is becoming an incresingly prevalent issue in the modern day as robotics and AI is becoming more sphisticated. We are now entering a world where automation is able to complete many of the different tasks that humans can, meaning that humans will not have to do them any more. These tasks vary, from the low-skill, mundane tasks like cleaning, file organization, and manufactoring, to high-speed tasks like processing. Automation is potentially one of the most important tools that humans have developed, but could also be a problem that accentuates the inequities that are in our socities. ', 'My stance on automation is that we should take full advantage of it where it can increase the quality of human life/other life, but that it should be heavily regulated so that it does not degrade the quality of life of humanity, especially for those in minorities. What I mean by this is allowing AI and automation to be used for some of the mundane tasks that are not necessarily enriching to the human experience, like cleaning, manufactoring, or data entry; or for tasks that can be accomplished much more quickly by a computer like certain kinds of processing. However, we are seeing a situation where AI is creeping in and starting to replace human creative activities and enriching careers that people deticate their lives to. Things like art, creative writing, a']",,d ',,"[[1, 769], [1, 771]]","{'t': [403984, 404104], 'l': 2, 'o': [{'o': 'd', 'i': [[1, 769], [1, 771]], 'd': [[1, 2]]}]}",,,
15536,43,133,405.302,editor,i,"['The issue of automation and society is becoming an incresingly prevalent issue in the modern day as robotics and AI is becoming more sphisticated. We are now entering a world where automation is able to complete many of the different tasks that humans can, meaning that humans will not have to do them any more. These tasks vary, from the low-skill, mundane tasks like cleaning, file organization, and manufactoring, to high-speed tasks like processing. Automation is potentially one of the most important tools that humans have developed, but could also be a problem that accentuates the inequities that are in our socities. ', 'My stance on automation is that we should take full advantage of it where it can increase the quality of human life/other life, but that it should be heavily regulated so that it does not degrade the quality of life of humanity, especially for those in minorities. What I mean by this is allowing AI and automation to be used for some of the mundane tasks that are not necessarily enriching to the human experience, like cleaning, manufactoring, or data entry; or for tasks that can be accomplished much more quickly by a computer like certain kinds of processing. However, we are seeing a situation where AI is creeping in and starting to replace human creative activities and enriching careers that people deticate their lives to. Things like art, creative writing, and science']",nd science',,,"[1, 769]","{'t': [404323, 405302], 'l': 10, 'o': [{'o': 'i', 'i': [1, 769], 'a': 'nd science'}]}",,,
15537,43,134,407.154,editor,d,"['The issue of automation and society is becoming an incresingly prevalent issue in the modern day as robotics and AI is becoming more sphisticated. We are now entering a world where automation is able to complete many of the different tasks that humans can, meaning that humans will not have to do them any more. These tasks vary, from the low-skill, mundane tasks like cleaning, file organization, and manufactoring, to high-speed tasks like processing. Automation is potentially one of the most important tools that humans have developed, but could also be a problem that accentuates the inequities that are in our socities. ', 'My stance on automation is that we should take full advantage of it where it can increase the quality of human life/other life, but that it should be heavily regulated so that it does not degrade the quality of life of humanity, especially for those in minorities. What I mean by this is allowing AI and automation to be used for some of the mundane tasks that are not necessarily enriching to the human experience, like cleaning, manufactoring, or data entry; or for tasks that can be accomplished much more quickly by a computer like certain kinds of processing. However, we are seeing a situation where AI is creeping in and starting to replace human creative activities and enriching careers that people deticate their lives to. Things like art, creative writing, ']",,and science',,"[[1, 768], [1, 779]]","{'t': [405648, 407154], 'l': 11, 'o': [{'o': 'd', 'i': [[1, 768], [1, 779]], 'd': [[1, 11]]}]}",,,
15538,43,135,414.256,editor,i,"['The issue of automation and society is becoming an incresingly prevalent issue in the modern day as robotics and AI is becoming more sphisticated. We are now entering a world where automation is able to complete many of the different tasks that humans can, meaning that humans will not have to do them any more. These tasks vary, from the low-skill, mundane tasks like cleaning, file organization, and manufactoring, to high-speed tasks like processing. Automation is potentially one of the most important tools that humans have developed, but could also be a problem that accentuates the inequities that are in our socities. ', 'My stance on automation is that we should take full advantage of it where it can increase the quality of human life/other life, but that it should be heavily regulated so that it does not degrade the quality of life of humanity, especially for those in minorities. What I mean by this is allowing AI and automation to be used for some of the mundane tasks that are not necessarily enriching to the human experience, like cleaning, manufactoring, or data entry; or for tasks that can be accomplished much more quickly by a computer like certain kinds of processing. However, we are seeing a situation where AI is creeping in and starting to replace human creative activities and enriching careers that people deticate their lives to. Things like art, creative writing, programming, and science and gradually being voertake']","programming, and science and gradually being voertake'",,,"[1, 768]","{'t': [407711, 414256], 'l': 53, 'o': [{'o': 'i', 'i': [1, 768], 'a': 'programming, and science and gradually being voertake'}]}",,,
15539,43,136,415.291,editor,d,"['The issue of automation and society is becoming an incresingly prevalent issue in the modern day as robotics and AI is becoming more sphisticated. We are now entering a world where automation is able to complete many of the different tasks that humans can, meaning that humans will not have to do them any more. These tasks vary, from the low-skill, mundane tasks like cleaning, file organization, and manufactoring, to high-speed tasks like processing. Automation is potentially one of the most important tools that humans have developed, but could also be a problem that accentuates the inequities that are in our socities. ', 'My stance on automation is that we should take full advantage of it where it can increase the quality of human life/other life, but that it should be heavily regulated so that it does not degrade the quality of life of humanity, especially for those in minorities. What I mean by this is allowing AI and automation to be used for some of the mundane tasks that are not necessarily enriching to the human experience, like cleaning, manufactoring, or data entry; or for tasks that can be accomplished much more quickly by a computer like certain kinds of processing. However, we are seeing a situation where AI is creeping in and starting to replace human creative activities and enriching careers that people deticate their lives to. Things like art, creative writing, programming, and science and gradually being v']",,oertake',,"[[1, 814], [1, 821]]","{'t': [414489, 415291], 'l': 7, 'o': [{'o': 'd', 'i': [[1, 814], [1, 821]], 'd': [[1, 7]]}]}",,,
15540,43,137,415.68,editor,i,"['The issue of automation and society is becoming an incresingly prevalent issue in the modern day as robotics and AI is becoming more sphisticated. We are now entering a world where automation is able to complete many of the different tasks that humans can, meaning that humans will not have to do them any more. These tasks vary, from the low-skill, mundane tasks like cleaning, file organization, and manufactoring, to high-speed tasks like processing. Automation is potentially one of the most important tools that humans have developed, but could also be a problem that accentuates the inequities that are in our socities. ', 'My stance on automation is that we should take full advantage of it where it can increase the quality of human life/other life, but that it should be heavily regulated so that it does not degrade the quality of life of humanity, especially for those in minorities. What I mean by this is allowing AI and automation to be used for some of the mundane tasks that are not necessarily enriching to the human experience, like cleaning, manufactoring, or data entry; or for tasks that can be accomplished much more quickly by a computer like certain kinds of processing. However, we are seeing a situation where AI is creeping in and starting to replace human creative activities and enriching careers that people deticate their lives to. Things like art, creative writing, programming, and science and gradually being vov']",ov',,,"[1, 814]","{'t': [415575, 415680], 'l': 2, 'o': [{'o': 'i', 'i': [1, 814], 'a': 'ov'}]}",,,
15541,43,138,416.194,editor,d,"['The issue of automation and society is becoming an incresingly prevalent issue in the modern day as robotics and AI is becoming more sphisticated. We are now entering a world where automation is able to complete many of the different tasks that humans can, meaning that humans will not have to do them any more. These tasks vary, from the low-skill, mundane tasks like cleaning, file organization, and manufactoring, to high-speed tasks like processing. Automation is potentially one of the most important tools that humans have developed, but could also be a problem that accentuates the inequities that are in our socities. ', 'My stance on automation is that we should take full advantage of it where it can increase the quality of human life/other life, but that it should be heavily regulated so that it does not degrade the quality of life of humanity, especially for those in minorities. What I mean by this is allowing AI and automation to be used for some of the mundane tasks that are not necessarily enriching to the human experience, like cleaning, manufactoring, or data entry; or for tasks that can be accomplished much more quickly by a computer like certain kinds of processing. However, we are seeing a situation where AI is creeping in and starting to replace human creative activities and enriching careers that people deticate their lives to. Things like art, creative writing, programming, and science and gradually being ']",,vov',,"[[1, 813], [1, 816]]","{'t': [415934, 416194], 'l': 3, 'o': [{'o': 'd', 'i': [[1, 813], [1, 816]], 'd': [[1, 3]]}]}",,,
15542,43,139,419.074,editor,i,"['The issue of automation and society is becoming an incresingly prevalent issue in the modern day as robotics and AI is becoming more sphisticated. We are now entering a world where automation is able to complete many of the different tasks that humans can, meaning that humans will not have to do them any more. These tasks vary, from the low-skill, mundane tasks like cleaning, file organization, and manufactoring, to high-speed tasks like processing. Automation is potentially one of the most important tools that humans have developed, but could also be a problem that accentuates the inequities that are in our socities. ', 'My stance on automation is that we should take full advantage of it where it can increase the quality of human life/other life, but that it should be heavily regulated so that it does not degrade the quality of life of humanity, especially for those in minorities. What I mean by this is allowing AI and automation to be used for some of the mundane tasks that are not necessarily enriching to the human experience, like cleaning, manufactoring, or data entry; or for tasks that can be accomplished much more quickly by a computer like certain kinds of processing. However, we are seeing a situation where AI is creeping in and starting to replace human creative activities and enriching careers that people deticate their lives to. Things like art, creative writing, programming, and science and gradually being overtaken by AI ']",overtaken by AI ',,,"[1, 813]","{'t': [416431, 419074], 'l': 16, 'o': [{'o': 'i', 'i': [1, 813], 'a': 'overtaken by AI '}]}",,,
15543,43,140,419.611,editor,d,"['The issue of automation and society is becoming an incresingly prevalent issue in the modern day as robotics and AI is becoming more sphisticated. We are now entering a world where automation is able to complete many of the different tasks that humans can, meaning that humans will not have to do them any more. These tasks vary, from the low-skill, mundane tasks like cleaning, file organization, and manufactoring, to high-speed tasks like processing. Automation is potentially one of the most important tools that humans have developed, but could also be a problem that accentuates the inequities that are in our socities. ', 'My stance on automation is that we should take full advantage of it where it can increase the quality of human life/other life, but that it should be heavily regulated so that it does not degrade the quality of life of humanity, especially for those in minorities. What I mean by this is allowing AI and automation to be used for some of the mundane tasks that are not necessarily enriching to the human experience, like cleaning, manufactoring, or data entry; or for tasks that can be accomplished much more quickly by a computer like certain kinds of processing. However, we are seeing a situation where AI is creeping in and starting to replace human creative activities and enriching careers that people deticate their lives to. Things like art, creative writing, programming, and science and gradually being overtaken by AI']",,,,"[[1, 828], [1, 829]]","{'t': 419611, 'o': [{'o': 'd', 'i': [[1, 828], [1, 829]]}]}",,,
15544,43,141,422.114,editor,i,"['The issue of automation and society is becoming an incresingly prevalent issue in the modern day as robotics and AI is becoming more sphisticated. We are now entering a world where automation is able to complete many of the different tasks that humans can, meaning that humans will not have to do them any more. These tasks vary, from the low-skill, mundane tasks like cleaning, file organization, and manufactoring, to high-speed tasks like processing. Automation is potentially one of the most important tools that humans have developed, but could also be a problem that accentuates the inequities that are in our socities. ', 'My stance on automation is that we should take full advantage of it where it can increase the quality of human life/other life, but that it should be heavily regulated so that it does not degrade the quality of life of humanity, especially for those in minorities. What I mean by this is allowing AI and automation to be used for some of the mundane tasks that are not necessarily enriching to the human experience, like cleaning, manufactoring, or data entry; or for tasks that can be accomplished much more quickly by a computer like certain kinds of processing. However, we are seeing a situation where AI is creeping in and starting to replace human creative activities and enriching careers that people deticate their lives to. Things like art, creative writing, programming, and science and gradually being overtaken by AI. It is vital']",. It is vital',,,"[1, 828]","{'t': [419861, 422114], 'l': 13, 'o': [{'o': 'i', 'i': [1, 828], 'a': '. It is vital'}]}",,,
15545,43,142,423.972,editor,d,"['The issue of automation and society is becoming an incresingly prevalent issue in the modern day as robotics and AI is becoming more sphisticated. We are now entering a world where automation is able to complete many of the different tasks that humans can, meaning that humans will not have to do them any more. These tasks vary, from the low-skill, mundane tasks like cleaning, file organization, and manufactoring, to high-speed tasks like processing. Automation is potentially one of the most important tools that humans have developed, but could also be a problem that accentuates the inequities that are in our socities. ', 'My stance on automation is that we should take full advantage of it where it can increase the quality of human life/other life, but that it should be heavily regulated so that it does not degrade the quality of life of humanity, especially for those in minorities. What I mean by this is allowing AI and automation to be used for some of the mundane tasks that are not necessarily enriching to the human experience, like cleaning, manufactoring, or data entry; or for tasks that can be accomplished much more quickly by a computer like certain kinds of processing. However, we are seeing a situation where AI is creeping in and starting to replace human creative activities and enriching careers that people deticate their lives to. Things like art, creative writing, programming, and science and gradually being overtaken by AI. ']",,It is vital',,"[[1, 830], [1, 841]]","{'t': [422680, 423972], 'l': 11, 'o': [{'o': 'd', 'i': [[1, 830], [1, 841]], 'd': [[1, 11]]}]}",,,
15546,43,143,428.229,editor,i,"['The issue of automation and society is becoming an incresingly prevalent issue in the modern day as robotics and AI is becoming more sphisticated. We are now entering a world where automation is able to complete many of the different tasks that humans can, meaning that humans will not have to do them any more. These tasks vary, from the low-skill, mundane tasks like cleaning, file organization, and manufactoring, to high-speed tasks like processing. Automation is potentially one of the most important tools that humans have developed, but could also be a problem that accentuates the inequities that are in our socities. ', 'My stance on automation is that we should take full advantage of it where it can increase the quality of human life/other life, but that it should be heavily regulated so that it does not degrade the quality of life of humanity, especially for those in minorities. What I mean by this is allowing AI and automation to be used for some of the mundane tasks that are not necessarily enriching to the human experience, like cleaning, manufactoring, or data entry; or for tasks that can be accomplished much more quickly by a computer like certain kinds of processing. However, we are seeing a situation where AI is creeping in and starting to replace human creative activities and enriching careers that people deticate their lives to. Things like art, creative writing, programming, and science and gradually being overtaken by AI. Additionally, there are situation ']","Additionally, there are situation '",,,"[1, 830]","{'t': [424369, 428229], 'l': 34, 'o': [{'o': 'i', 'i': [1, 830], 'a': 'Additionally, there are situation '}]}",,,
15547,43,144,428.668,editor,d,"['The issue of automation and society is becoming an incresingly prevalent issue in the modern day as robotics and AI is becoming more sphisticated. We are now entering a world where automation is able to complete many of the different tasks that humans can, meaning that humans will not have to do them any more. These tasks vary, from the low-skill, mundane tasks like cleaning, file organization, and manufactoring, to high-speed tasks like processing. Automation is potentially one of the most important tools that humans have developed, but could also be a problem that accentuates the inequities that are in our socities. ', 'My stance on automation is that we should take full advantage of it where it can increase the quality of human life/other life, but that it should be heavily regulated so that it does not degrade the quality of life of humanity, especially for those in minorities. What I mean by this is allowing AI and automation to be used for some of the mundane tasks that are not necessarily enriching to the human experience, like cleaning, manufactoring, or data entry; or for tasks that can be accomplished much more quickly by a computer like certain kinds of processing. However, we are seeing a situation where AI is creeping in and starting to replace human creative activities and enriching careers that people deticate their lives to. Things like art, creative writing, programming, and science and gradually being overtaken by AI. Additionally, there are situation']",,,,"[[1, 863], [1, 864]]","{'t': 428668, 'o': [{'o': 'd', 'i': [[1, 863], [1, 864]]}]}",,,
15548,43,145,430.902,editor,i,"['The issue of automation and society is becoming an incresingly prevalent issue in the modern day as robotics and AI is becoming more sphisticated. We are now entering a world where automation is able to complete many of the different tasks that humans can, meaning that humans will not have to do them any more. These tasks vary, from the low-skill, mundane tasks like cleaning, file organization, and manufactoring, to high-speed tasks like processing. Automation is potentially one of the most important tools that humans have developed, but could also be a problem that accentuates the inequities that are in our socities. ', 'My stance on automation is that we should take full advantage of it where it can increase the quality of human life/other life, but that it should be heavily regulated so that it does not degrade the quality of life of humanity, especially for those in minorities. What I mean by this is allowing AI and automation to be used for some of the mundane tasks that are not necessarily enriching to the human experience, like cleaning, manufactoring, or data entry; or for tasks that can be accomplished much more quickly by a computer like certain kinds of processing. However, we are seeing a situation where AI is creeping in and starting to replace human creative activities and enriching careers that people deticate their lives to. Things like art, creative writing, programming, and science and gradually being overtaken by AI. Additionally, there are situations where minorities']",s where minorities',,,"[1, 863]","{'t': [428745, 430902], 'l': 18, 'o': [{'o': 'i', 'i': [1, 863], 'a': 's where minorities'}]}",,,
15549,43,146,432.292,editor,i,"['The issue of automation and society is becoming an incresingly prevalent issue in the modern day as robotics and AI is becoming more sphisticated. We are now entering a world where automation is able to complete many of the different tasks that humans can, meaning that humans will not have to do them any more. These tasks vary, from the low-skill, mundane tasks like cleaning, file organization, and manufactoring, to high-speed tasks like processing. Automation is potentially one of the most important tools that humans have developed, but could also be a problem that accentuates the inequities that are in our socities. ', 'My stance on automation is that we should take full advantage of it where it can increase the quality of human life/other life, but that it should be heavily regulated so that it does not degrade the quality of life of humanity, especially for those in minorities. What I mean by this is allowing AI and automation to be used for some of the mundane tasks that are not necessarily enriching to the human experience, like cleaning, manufactoring, or data entry; or for tasks that can be accomplished much more quickly by a computer like certain kinds of processing. However, we are seeing a situation where AI is creeping in and starting to replace human creative activities and enriching careers that people deticate their lives to. Things like art, creative writing, programming, and science and gradually being overtaken by AI. Additionally, there are situations where minorities ']",,,,"[1, 881]","{'t': 432292, 'o': [{'o': 'i', 'i': [1, 881], 'a': ' '}]}",,,
15550,43,147,434.768,editor,i,"['The issue of automation and society is becoming an incresingly prevalent issue in the modern day as robotics and AI is becoming more sphisticated. We are now entering a world where automation is able to complete many of the different tasks that humans can, meaning that humans will not have to do them any more. These tasks vary, from the low-skill, mundane tasks like cleaning, file organization, and manufactoring, to high-speed tasks like processing. Automation is potentially one of the most important tools that humans have developed, but could also be a problem that accentuates the inequities that are in our socities. ', 'My stance on automation is that we should take full advantage of it where it can increase the quality of human life/other life, but that it should be heavily regulated so that it does not degrade the quality of life of humanity, especially for those in minorities. What I mean by this is allowing AI and automation to be used for some of the mundane tasks that are not necessarily enriching to the human experience, like cleaning, manufactoring, or data entry; or for tasks that can be accomplished much more quickly by a computer like certain kinds of processing. However, we are seeing a situation where AI is creeping in and starting to replace human creative activities and enriching careers that people deticate their lives to. Things like art, creative writing, programming, and science and gradually being overtaken by AI. Additionally, there are situations where minorities or those in lower ']",or those in lower ',,,"[1, 882]","{'t': [432551, 434768], 'l': 18, 'o': [{'o': 'i', 'i': [1, 882], 'a': 'or those in lower '}]}",,,
15551,43,148,439.389,editor,i,"['The issue of automation and society is becoming an incresingly prevalent issue in the modern day as robotics and AI is becoming more sphisticated. We are now entering a world where automation is able to complete many of the different tasks that humans can, meaning that humans will not have to do them any more. These tasks vary, from the low-skill, mundane tasks like cleaning, file organization, and manufactoring, to high-speed tasks like processing. Automation is potentially one of the most important tools that humans have developed, but could also be a problem that accentuates the inequities that are in our socities. ', 'My stance on automation is that we should take full advantage of it where it can increase the quality of human life/other life, but that it should be heavily regulated so that it does not degrade the quality of life of humanity, especially for those in minorities. What I mean by this is allowing AI and automation to be used for some of the mundane tasks that are not necessarily enriching to the human experience, like cleaning, manufactoring, or data entry; or for tasks that can be accomplished much more quickly by a computer like certain kinds of processing. However, we are seeing a situation where AI is creeping in and starting to replace human creative activities and enriching careers that people deticate their lives to. Things like art, creative writing, programming, and science and gradually being overtaken by AI. Additionally, there are situations where minorities or those in lower f']",f',,,"[1, 900]","{'t': 439389, 'o': [{'o': 'i', 'i': [1, 900], 'a': 'f'}]}",,,
15552,43,149,440.203,editor,i,"['The issue of automation and society is becoming an incresingly prevalent issue in the modern day as robotics and AI is becoming more sphisticated. We are now entering a world where automation is able to complete many of the different tasks that humans can, meaning that humans will not have to do them any more. These tasks vary, from the low-skill, mundane tasks like cleaning, file organization, and manufactoring, to high-speed tasks like processing. Automation is potentially one of the most important tools that humans have developed, but could also be a problem that accentuates the inequities that are in our socities. ', 'My stance on automation is that we should take full advantage of it where it can increase the quality of human life/other life, but that it should be heavily regulated so that it does not degrade the quality of life of humanity, especially for those in minorities. What I mean by this is allowing AI and automation to be used for some of the mundane tasks that are not necessarily enriching to the human experience, like cleaning, manufactoring, or data entry; or for tasks that can be accomplished much more quickly by a computer like certain kinds of processing. However, we are seeing a situation where AI is creeping in and starting to replace human creative activities and enriching careers that people deticate their lives to. Things like art, creative writing, programming, and science and gradually being overtaken by AI. Additionally, there are situations where minorities or those in lower fin']",in',,,"[1, 901]","{'t': [439518, 440203], 'l': 2, 'o': [{'o': 'i', 'i': [1, 901], 'a': 'in'}]}",,,
15553,43,150,441.098,editor,d,"['The issue of automation and society is becoming an incresingly prevalent issue in the modern day as robotics and AI is becoming more sphisticated. We are now entering a world where automation is able to complete many of the different tasks that humans can, meaning that humans will not have to do them any more. These tasks vary, from the low-skill, mundane tasks like cleaning, file organization, and manufactoring, to high-speed tasks like processing. Automation is potentially one of the most important tools that humans have developed, but could also be a problem that accentuates the inequities that are in our socities. ', 'My stance on automation is that we should take full advantage of it where it can increase the quality of human life/other life, but that it should be heavily regulated so that it does not degrade the quality of life of humanity, especially for those in minorities. What I mean by this is allowing AI and automation to be used for some of the mundane tasks that are not necessarily enriching to the human experience, like cleaning, manufactoring, or data entry; or for tasks that can be accomplished much more quickly by a computer like certain kinds of processing. However, we are seeing a situation where AI is creeping in and starting to replace human creative activities and enriching careers that people deticate their lives to. Things like art, creative writing, programming, and science and gradually being overtaken by AI. Additionally, there are situations where minorities or those in lower ']",,fin',,"[[1, 900], [1, 903]]","{'t': [440829, 441098], 'l': 3, 'o': [{'o': 'd', 'i': [[1, 900], [1, 903]], 'd': [[1, 3]]}]}",,,
15554,43,151,446.33,editor,i,"['The issue of automation and society is becoming an incresingly prevalent issue in the modern day as robotics and AI is becoming more sphisticated. We are now entering a world where automation is able to complete many of the different tasks that humans can, meaning that humans will not have to do them any more. These tasks vary, from the low-skill, mundane tasks like cleaning, file organization, and manufactoring, to high-speed tasks like processing. Automation is potentially one of the most important tools that humans have developed, but could also be a problem that accentuates the inequities that are in our socities. ', 'My stance on automation is that we should take full advantage of it where it can increase the quality of human life/other life, but that it should be heavily regulated so that it does not degrade the quality of life of humanity, especially for those in minorities. What I mean by this is allowing AI and automation to be used for some of the mundane tasks that are not necessarily enriching to the human experience, like cleaning, manufactoring, or data entry; or for tasks that can be accomplished much more quickly by a computer like certain kinds of processing. However, we are seeing a situation where AI is creeping in and starting to replace human creative activities and enriching careers that people deticate their lives to. Things like art, creative writing, programming, and science and gradually being overtaken by AI. Additionally, there are situations where minorities or those in lower income brackets are being impacte ']",income brackets are being impacte ',,,"[1, 900]","{'t': [441379, 446330], 'l': 34, 'o': [{'o': 'i', 'i': [1, 900], 'a': 'income brackets are being impacte '}]}",,,
15555,43,152,446.699,editor,d,"['The issue of automation and society is becoming an incresingly prevalent issue in the modern day as robotics and AI is becoming more sphisticated. We are now entering a world where automation is able to complete many of the different tasks that humans can, meaning that humans will not have to do them any more. These tasks vary, from the low-skill, mundane tasks like cleaning, file organization, and manufactoring, to high-speed tasks like processing. Automation is potentially one of the most important tools that humans have developed, but could also be a problem that accentuates the inequities that are in our socities. ', 'My stance on automation is that we should take full advantage of it where it can increase the quality of human life/other life, but that it should be heavily regulated so that it does not degrade the quality of life of humanity, especially for those in minorities. What I mean by this is allowing AI and automation to be used for some of the mundane tasks that are not necessarily enriching to the human experience, like cleaning, manufactoring, or data entry; or for tasks that can be accomplished much more quickly by a computer like certain kinds of processing. However, we are seeing a situation where AI is creeping in and starting to replace human creative activities and enriching careers that people deticate their lives to. Things like art, creative writing, programming, and science and gradually being overtaken by AI. Additionally, there are situations where minorities or those in lower income brackets are being impacte']",,,,"[[1, 933], [1, 934]]","{'t': 446699, 'o': [{'o': 'd', 'i': [[1, 933], [1, 934]]}]}",,,
15556,43,153,448.432,editor,i,"['The issue of automation and society is becoming an incresingly prevalent issue in the modern day as robotics and AI is becoming more sphisticated. We are now entering a world where automation is able to complete many of the different tasks that humans can, meaning that humans will not have to do them any more. These tasks vary, from the low-skill, mundane tasks like cleaning, file organization, and manufactoring, to high-speed tasks like processing. Automation is potentially one of the most important tools that humans have developed, but could also be a problem that accentuates the inequities that are in our socities. ', 'My stance on automation is that we should take full advantage of it where it can increase the quality of human life/other life, but that it should be heavily regulated so that it does not degrade the quality of life of humanity, especially for those in minorities. What I mean by this is allowing AI and automation to be used for some of the mundane tasks that are not necessarily enriching to the human experience, like cleaning, manufactoring, or data entry; or for tasks that can be accomplished much more quickly by a computer like certain kinds of processing. However, we are seeing a situation where AI is creeping in and starting to replace human creative activities and enriching careers that people deticate their lives to. Things like art, creative writing, programming, and science and gradually being overtaken by AI. Additionally, there are situations where minorities or those in lower income brackets are being impacted by autpmatio']",d by autpmatio',,,"[1, 933]","{'t': [446819, 448432], 'l': 14, 'o': [{'o': 'i', 'i': [1, 933], 'a': 'd by autpmatio'}]}",,,
15557,43,154,449.337,editor,d,"['The issue of automation and society is becoming an incresingly prevalent issue in the modern day as robotics and AI is becoming more sphisticated. We are now entering a world where automation is able to complete many of the different tasks that humans can, meaning that humans will not have to do them any more. These tasks vary, from the low-skill, mundane tasks like cleaning, file organization, and manufactoring, to high-speed tasks like processing. Automation is potentially one of the most important tools that humans have developed, but could also be a problem that accentuates the inequities that are in our socities. ', 'My stance on automation is that we should take full advantage of it where it can increase the quality of human life/other life, but that it should be heavily regulated so that it does not degrade the quality of life of humanity, especially for those in minorities. What I mean by this is allowing AI and automation to be used for some of the mundane tasks that are not necessarily enriching to the human experience, like cleaning, manufactoring, or data entry; or for tasks that can be accomplished much more quickly by a computer like certain kinds of processing. However, we are seeing a situation where AI is creeping in and starting to replace human creative activities and enriching careers that people deticate their lives to. Things like art, creative writing, programming, and science and gradually being overtaken by AI. Additionally, there are situations where minorities or those in lower income brackets are being impacted by aut']",,pmatio',,"[[1, 941], [1, 947]]","{'t': [448701, 449337], 'l': 6, 'o': [{'o': 'd', 'i': [[1, 941], [1, 947]], 'd': [[1, 6]]}]}",,,
15558,43,155,452.195,editor,i,"['The issue of automation and society is becoming an incresingly prevalent issue in the modern day as robotics and AI is becoming more sphisticated. We are now entering a world where automation is able to complete many of the different tasks that humans can, meaning that humans will not have to do them any more. These tasks vary, from the low-skill, mundane tasks like cleaning, file organization, and manufactoring, to high-speed tasks like processing. Automation is potentially one of the most important tools that humans have developed, but could also be a problem that accentuates the inequities that are in our socities. ', 'My stance on automation is that we should take full advantage of it where it can increase the quality of human life/other life, but that it should be heavily regulated so that it does not degrade the quality of life of humanity, especially for those in minorities. What I mean by this is allowing AI and automation to be used for some of the mundane tasks that are not necessarily enriching to the human experience, like cleaning, manufactoring, or data entry; or for tasks that can be accomplished much more quickly by a computer like certain kinds of processing. However, we are seeing a situation where AI is creeping in and starting to replace human creative activities and enriching careers that people deticate their lives to. Things like art, creative writing, programming, and science and gradually being overtaken by AI. Additionally, there are situations where minorities or those in lower income brackets are being impacted by automation getting rd']",omation getting rd',,,"[1, 941]","{'t': [449706, 452195], 'l': 18, 'o': [{'o': 'i', 'i': [1, 941], 'a': 'omation getting rd'}]}",,,
15559,43,156,452.481,editor,d,"['The issue of automation and society is becoming an incresingly prevalent issue in the modern day as robotics and AI is becoming more sphisticated. We are now entering a world where automation is able to complete many of the different tasks that humans can, meaning that humans will not have to do them any more. These tasks vary, from the low-skill, mundane tasks like cleaning, file organization, and manufactoring, to high-speed tasks like processing. Automation is potentially one of the most important tools that humans have developed, but could also be a problem that accentuates the inequities that are in our socities. ', 'My stance on automation is that we should take full advantage of it where it can increase the quality of human life/other life, but that it should be heavily regulated so that it does not degrade the quality of life of humanity, especially for those in minorities. What I mean by this is allowing AI and automation to be used for some of the mundane tasks that are not necessarily enriching to the human experience, like cleaning, manufactoring, or data entry; or for tasks that can be accomplished much more quickly by a computer like certain kinds of processing. However, we are seeing a situation where AI is creeping in and starting to replace human creative activities and enriching careers that people deticate their lives to. Things like art, creative writing, programming, and science and gradually being overtaken by AI. Additionally, there are situations where minorities or those in lower income brackets are being impacted by automation getting r']",,d',,"[[1, 958], [1, 959]]","{'t': 452481, 'o': [{'o': 'd', 'i': [[1, 958], [1, 959]]}]}",,,
15560,43,157,455.538,editor,i,"['The issue of automation and society is becoming an incresingly prevalent issue in the modern day as robotics and AI is becoming more sphisticated. We are now entering a world where automation is able to complete many of the different tasks that humans can, meaning that humans will not have to do them any more. These tasks vary, from the low-skill, mundane tasks like cleaning, file organization, and manufactoring, to high-speed tasks like processing. Automation is potentially one of the most important tools that humans have developed, but could also be a problem that accentuates the inequities that are in our socities. ', 'My stance on automation is that we should take full advantage of it where it can increase the quality of human life/other life, but that it should be heavily regulated so that it does not degrade the quality of life of humanity, especially for those in minorities. What I mean by this is allowing AI and automation to be used for some of the mundane tasks that are not necessarily enriching to the human experience, like cleaning, manufactoring, or data entry; or for tasks that can be accomplished much more quickly by a computer like certain kinds of processing. However, we are seeing a situation where AI is creeping in and starting to replace human creative activities and enriching careers that people deticate their lives to. Things like art, creative writing, programming, and science and gradually being overtaken by AI. Additionally, there are situations where minorities or those in lower income brackets are being impacted by automation getting rid of jobs that they ned t']",id of jobs that they ned t',,,"[1, 958]","{'t': [452758, 455538], 'l': 26, 'o': [{'o': 'i', 'i': [1, 958], 'a': 'id of jobs that they ned t'}]}",,,
15561,43,158,456.074,editor,d,"['The issue of automation and society is becoming an incresingly prevalent issue in the modern day as robotics and AI is becoming more sphisticated. We are now entering a world where automation is able to complete many of the different tasks that humans can, meaning that humans will not have to do them any more. These tasks vary, from the low-skill, mundane tasks like cleaning, file organization, and manufactoring, to high-speed tasks like processing. Automation is potentially one of the most important tools that humans have developed, but could also be a problem that accentuates the inequities that are in our socities. ', 'My stance on automation is that we should take full advantage of it where it can increase the quality of human life/other life, but that it should be heavily regulated so that it does not degrade the quality of life of humanity, especially for those in minorities. What I mean by this is allowing AI and automation to be used for some of the mundane tasks that are not necessarily enriching to the human experience, like cleaning, manufactoring, or data entry; or for tasks that can be accomplished much more quickly by a computer like certain kinds of processing. However, we are seeing a situation where AI is creeping in and starting to replace human creative activities and enriching careers that people deticate their lives to. Things like art, creative writing, programming, and science and gradually being overtaken by AI. Additionally, there are situations where minorities or those in lower income brackets are being impacted by automation getting rid of jobs that they ne']",,d t',,"[[1, 981], [1, 984]]","{'t': [455798, 456074], 'l': 3, 'o': [{'o': 'd', 'i': [[1, 981], [1, 984]], 'd': [[1, 3]]}]}",,,
15562,43,159,462.133,editor,i,"['The issue of automation and society is becoming an incresingly prevalent issue in the modern day as robotics and AI is becoming more sphisticated. We are now entering a world where automation is able to complete many of the different tasks that humans can, meaning that humans will not have to do them any more. These tasks vary, from the low-skill, mundane tasks like cleaning, file organization, and manufactoring, to high-speed tasks like processing. Automation is potentially one of the most important tools that humans have developed, but could also be a problem that accentuates the inequities that are in our socities. ', 'My stance on automation is that we should take full advantage of it where it can increase the quality of human life/other life, but that it should be heavily regulated so that it does not degrade the quality of life of humanity, especially for those in minorities. What I mean by this is allowing AI and automation to be used for some of the mundane tasks that are not necessarily enriching to the human experience, like cleaning, manufactoring, or data entry; or for tasks that can be accomplished much more quickly by a computer like certain kinds of processing. However, we are seeing a situation where AI is creeping in and starting to replace human creative activities and enriching careers that people deticate their lives to. Things like art, creative writing, programming, and science and gradually being overtaken by AI. Additionally, there are situations where minorities or those in lower income brackets are being impacted by automation getting rid of jobs that they need to survive and thrive. Be']",ed to survive and thrive. Be',,,"[1, 981]","{'t': [456240, 462133], 'l': 28, 'o': [{'o': 'i', 'i': [1, 981], 'a': 'ed to survive and thrive. Be'}]}",,,
15563,43,160,462.638,editor,d,"['The issue of automation and society is becoming an incresingly prevalent issue in the modern day as robotics and AI is becoming more sphisticated. We are now entering a world where automation is able to complete many of the different tasks that humans can, meaning that humans will not have to do them any more. These tasks vary, from the low-skill, mundane tasks like cleaning, file organization, and manufactoring, to high-speed tasks like processing. Automation is potentially one of the most important tools that humans have developed, but could also be a problem that accentuates the inequities that are in our socities. ', 'My stance on automation is that we should take full advantage of it where it can increase the quality of human life/other life, but that it should be heavily regulated so that it does not degrade the quality of life of humanity, especially for those in minorities. What I mean by this is allowing AI and automation to be used for some of the mundane tasks that are not necessarily enriching to the human experience, like cleaning, manufactoring, or data entry; or for tasks that can be accomplished much more quickly by a computer like certain kinds of processing. However, we are seeing a situation where AI is creeping in and starting to replace human creative activities and enriching careers that people deticate their lives to. Things like art, creative writing, programming, and science and gradually being overtaken by AI. Additionally, there are situations where minorities or those in lower income brackets are being impacted by automation getting rid of jobs that they need to survive and thrive. ']",,Be',,"[[1, 1007], [1, 1009]]","{'t': [462512, 462638], 'l': 2, 'o': [{'o': 'd', 'i': [[1, 1007], [1, 1009]], 'd': [[1, 2]]}]}",,,
15564,43,161,464.291,editor,i,"['The issue of automation and society is becoming an incresingly prevalent issue in the modern day as robotics and AI is becoming more sphisticated. We are now entering a world where automation is able to complete many of the different tasks that humans can, meaning that humans will not have to do them any more. These tasks vary, from the low-skill, mundane tasks like cleaning, file organization, and manufactoring, to high-speed tasks like processing. Automation is potentially one of the most important tools that humans have developed, but could also be a problem that accentuates the inequities that are in our socities. ', 'My stance on automation is that we should take full advantage of it where it can increase the quality of human life/other life, but that it should be heavily regulated so that it does not degrade the quality of life of humanity, especially for those in minorities. What I mean by this is allowing AI and automation to be used for some of the mundane tasks that are not necessarily enriching to the human experience, like cleaning, manufactoring, or data entry; or for tasks that can be accomplished much more quickly by a computer like certain kinds of processing. However, we are seeing a situation where AI is creeping in and starting to replace human creative activities and enriching careers that people deticate their lives to. Things like art, creative writing, programming, and science and gradually being overtaken by AI. Additionally, there are situations where minorities or those in lower income brackets are being impacted by automation getting rid of jobs that they need to survive and thrive. B']",B',,,"[1, 1007]","{'t': 464291, 'o': [{'o': 'i', 'i': [1, 1007], 'a': 'B'}]}",,,
15565,43,162,465.897,editor,i,"['The issue of automation and society is becoming an incresingly prevalent issue in the modern day as robotics and AI is becoming more sphisticated. We are now entering a world where automation is able to complete many of the different tasks that humans can, meaning that humans will not have to do them any more. These tasks vary, from the low-skill, mundane tasks like cleaning, file organization, and manufactoring, to high-speed tasks like processing. Automation is potentially one of the most important tools that humans have developed, but could also be a problem that accentuates the inequities that are in our socities. ', 'My stance on automation is that we should take full advantage of it where it can increase the quality of human life/other life, but that it should be heavily regulated so that it does not degrade the quality of life of humanity, especially for those in minorities. What I mean by this is allowing AI and automation to be used for some of the mundane tasks that are not necessarily enriching to the human experience, like cleaning, manufactoring, or data entry; or for tasks that can be accomplished much more quickly by a computer like certain kinds of processing. However, we are seeing a situation where AI is creeping in and starting to replace human creative activities and enriching careers that people deticate their lives to. Things like art, creative writing, programming, and science and gradually being overtaken by AI. Additionally, there are situations where minorities or those in lower income brackets are being impacted by automation getting rid of jobs that they need to survive and thrive. Because of this, ']","ecause of this, '",,,"[1, 1008]","{'t': [464396, 465897], 'l': 16, 'o': [{'o': 'i', 'i': [1, 1008], 'a': 'ecause of this, '}]}",,,
15566,43,163,469.09,editor,i,"['The issue of automation and society is becoming an incresingly prevalent issue in the modern day as robotics and AI is becoming more sphisticated. We are now entering a world where automation is able to complete many of the different tasks that humans can, meaning that humans will not have to do them any more. These tasks vary, from the low-skill, mundane tasks like cleaning, file organization, and manufactoring, to high-speed tasks like processing. Automation is potentially one of the most important tools that humans have developed, but could also be a problem that accentuates the inequities that are in our socities. ', 'My stance on automation is that we should take full advantage of it where it can increase the quality of human life/other life, but that it should be heavily regulated so that it does not degrade the quality of life of humanity, especially for those in minorities. What I mean by this is allowing AI and automation to be used for some of the mundane tasks that are not necessarily enriching to the human experience, like cleaning, manufactoring, or data entry; or for tasks that can be accomplished much more quickly by a computer like certain kinds of processing. However, we are seeing a situation where AI is creeping in and starting to replace human creative activities and enriching careers that people deticate their lives to. Things like art, creative writing, programming, and science and gradually being overtaken by AI. Additionally, there are situations where minorities or those in lower income brackets are being impacted by automation getting rid of jobs that they need to survive and thrive. Because of this, w']",w',,,"[1, 1024]","{'t': 469090, 'o': [{'o': 'i', 'i': [1, 1024], 'a': 'w'}]}",,,
15567,43,164,471.74,editor,i,"['The issue of automation and society is becoming an incresingly prevalent issue in the modern day as robotics and AI is becoming more sphisticated. We are now entering a world where automation is able to complete many of the different tasks that humans can, meaning that humans will not have to do them any more. These tasks vary, from the low-skill, mundane tasks like cleaning, file organization, and manufactoring, to high-speed tasks like processing. Automation is potentially one of the most important tools that humans have developed, but could also be a problem that accentuates the inequities that are in our socities. ', 'My stance on automation is that we should take full advantage of it where it can increase the quality of human life/other life, but that it should be heavily regulated so that it does not degrade the quality of life of humanity, especially for those in minorities. What I mean by this is allowing AI and automation to be used for some of the mundane tasks that are not necessarily enriching to the human experience, like cleaning, manufactoring, or data entry; or for tasks that can be accomplished much more quickly by a computer like certain kinds of processing. However, we are seeing a situation where AI is creeping in and starting to replace human creative activities and enriching careers that people deticate their lives to. Things like art, creative writing, programming, and science and gradually being overtaken by AI. Additionally, there are situations where minorities or those in lower income brackets are being impacted by automation getting rid of jobs that they need to survive and thrive. Because of this, we need a situation where ']",e need a situation where ',,,"[1, 1025]","{'t': [469201, 471740], 'l': 25, 'o': [{'o': 'i', 'i': [1, 1025], 'a': 'e need a situation where '}]}",,,
15568,43,165,474.663,editor,d,"['The issue of automation and society is becoming an incresingly prevalent issue in the modern day as robotics and AI is becoming more sphisticated. We are now entering a world where automation is able to complete many of the different tasks that humans can, meaning that humans will not have to do them any more. These tasks vary, from the low-skill, mundane tasks like cleaning, file organization, and manufactoring, to high-speed tasks like processing. Automation is potentially one of the most important tools that humans have developed, but could also be a problem that accentuates the inequities that are in our socities. ', 'My stance on automation is that we should take full advantage of it where it can increase the quality of human life/other life, but that it should be heavily regulated so that it does not degrade the quality of life of humanity, especially for those in minorities. What I mean by this is allowing AI and automation to be used for some of the mundane tasks that are not necessarily enriching to the human experience, like cleaning, manufactoring, or data entry; or for tasks that can be accomplished much more quickly by a computer like certain kinds of processing. However, we are seeing a situation where AI is creeping in and starting to replace human creative activities and enriching careers that people deticate their lives to. Things like art, creative writing, programming, and science and gradually being overtaken by AI. Additionally, there are situations where minorities or those in lower income brackets are being impacted by automation getting rid of jobs that they need to survive and thrive. Because of this, we need ']",,a situation where ',,"[[1, 1032], [1, 1050]]","{'t': [472279, 474663], 'l': 18, 'o': [{'o': 'd', 'i': [[1, 1032], [1, 1050]], 'd': [[1, 18]]}]}",,,
15569,43,166,478.508,editor,i,"['The issue of automation and society is becoming an incresingly prevalent issue in the modern day as robotics and AI is becoming more sphisticated. We are now entering a world where automation is able to complete many of the different tasks that humans can, meaning that humans will not have to do them any more. These tasks vary, from the low-skill, mundane tasks like cleaning, file organization, and manufactoring, to high-speed tasks like processing. Automation is potentially one of the most important tools that humans have developed, but could also be a problem that accentuates the inequities that are in our socities. ', 'My stance on automation is that we should take full advantage of it where it can increase the quality of human life/other life, but that it should be heavily regulated so that it does not degrade the quality of life of humanity, especially for those in minorities. What I mean by this is allowing AI and automation to be used for some of the mundane tasks that are not necessarily enriching to the human experience, like cleaning, manufactoring, or data entry; or for tasks that can be accomplished much more quickly by a computer like certain kinds of processing. However, we are seeing a situation where AI is creeping in and starting to replace human creative activities and enriching careers that people deticate their lives to. Things like art, creative writing, programming, and science and gradually being overtaken by AI. Additionally, there are situations where minorities or those in lower income brackets are being impacted by automation getting rid of jobs that they need to survive and thrive. Because of this, we need strong regulation on AU ']",strong regulation on AU ',,,"[1, 1032]","{'t': [475053, 478508], 'l': 24, 'o': [{'o': 'i', 'i': [1, 1032], 'a': 'strong regulation on AU '}]}",,,
15570,43,167,479.514,editor,d,"['The issue of automation and society is becoming an incresingly prevalent issue in the modern day as robotics and AI is becoming more sphisticated. We are now entering a world where automation is able to complete many of the different tasks that humans can, meaning that humans will not have to do them any more. These tasks vary, from the low-skill, mundane tasks like cleaning, file organization, and manufactoring, to high-speed tasks like processing. Automation is potentially one of the most important tools that humans have developed, but could also be a problem that accentuates the inequities that are in our socities. ', 'My stance on automation is that we should take full advantage of it where it can increase the quality of human life/other life, but that it should be heavily regulated so that it does not degrade the quality of life of humanity, especially for those in minorities. What I mean by this is allowing AI and automation to be used for some of the mundane tasks that are not necessarily enriching to the human experience, like cleaning, manufactoring, or data entry; or for tasks that can be accomplished much more quickly by a computer like certain kinds of processing. However, we are seeing a situation where AI is creeping in and starting to replace human creative activities and enriching careers that people deticate their lives to. Things like art, creative writing, programming, and science and gradually being overtaken by AI. Additionally, there are situations where minorities or those in lower income brackets are being impacted by automation getting rid of jobs that they need to survive and thrive. Because of this, we need strong regulation on A']",,U ',,"[[1, 1054], [1, 1056]]","{'t': [479398, 479514], 'l': 2, 'o': [{'o': 'd', 'i': [[1, 1054], [1, 1056]], 'd': [[1, 2]]}]}",,,
15571,43,168,479.774,editor,i,"['The issue of automation and society is becoming an incresingly prevalent issue in the modern day as robotics and AI is becoming more sphisticated. We are now entering a world where automation is able to complete many of the different tasks that humans can, meaning that humans will not have to do them any more. These tasks vary, from the low-skill, mundane tasks like cleaning, file organization, and manufactoring, to high-speed tasks like processing. Automation is potentially one of the most important tools that humans have developed, but could also be a problem that accentuates the inequities that are in our socities. ', 'My stance on automation is that we should take full advantage of it where it can increase the quality of human life/other life, but that it should be heavily regulated so that it does not degrade the quality of life of humanity, especially for those in minorities. What I mean by this is allowing AI and automation to be used for some of the mundane tasks that are not necessarily enriching to the human experience, like cleaning, manufactoring, or data entry; or for tasks that can be accomplished much more quickly by a computer like certain kinds of processing. However, we are seeing a situation where AI is creeping in and starting to replace human creative activities and enriching careers that people deticate their lives to. Things like art, creative writing, programming, and science and gradually being overtaken by AI. Additionally, there are situations where minorities or those in lower income brackets are being impacted by automation getting rid of jobs that they need to survive and thrive. Because of this, we need strong regulation on AI']",I',,,"[1, 1054]","{'t': 479774, 'o': [{'o': 'i', 'i': [1, 1054], 'a': 'I'}]}",,,
15572,43,169,480.977,editor,i,"['The issue of automation and society is becoming an incresingly prevalent issue in the modern day as robotics and AI is becoming more sphisticated. We are now entering a world where automation is able to complete many of the different tasks that humans can, meaning that humans will not have to do them any more. These tasks vary, from the low-skill, mundane tasks like cleaning, file organization, and manufactoring, to high-speed tasks like processing. Automation is potentially one of the most important tools that humans have developed, but could also be a problem that accentuates the inequities that are in our socities. ', 'My stance on automation is that we should take full advantage of it where it can increase the quality of human life/other life, but that it should be heavily regulated so that it does not degrade the quality of life of humanity, especially for those in minorities. What I mean by this is allowing AI and automation to be used for some of the mundane tasks that are not necessarily enriching to the human experience, like cleaning, manufactoring, or data entry; or for tasks that can be accomplished much more quickly by a computer like certain kinds of processing. However, we are seeing a situation where AI is creeping in and starting to replace human creative activities and enriching careers that people deticate their lives to. Things like art, creative writing, programming, and science and gradually being overtaken by AI. Additionally, there are situations where minorities or those in lower income brackets are being impacted by automation getting rid of jobs that they need to survive and thrive. Because of this, we need strong regulation on AI/']",/',,,"[1, 1055]","{'t': 480977, 'o': [{'o': 'i', 'i': [1, 1055], 'a': '/'}]}",,,
15573,43,170,481.266,editor,i,"['The issue of automation and society is becoming an incresingly prevalent issue in the modern day as robotics and AI is becoming more sphisticated. We are now entering a world where automation is able to complete many of the different tasks that humans can, meaning that humans will not have to do them any more. These tasks vary, from the low-skill, mundane tasks like cleaning, file organization, and manufactoring, to high-speed tasks like processing. Automation is potentially one of the most important tools that humans have developed, but could also be a problem that accentuates the inequities that are in our socities. ', 'My stance on automation is that we should take full advantage of it where it can increase the quality of human life/other life, but that it should be heavily regulated so that it does not degrade the quality of life of humanity, especially for those in minorities. What I mean by this is allowing AI and automation to be used for some of the mundane tasks that are not necessarily enriching to the human experience, like cleaning, manufactoring, or data entry; or for tasks that can be accomplished much more quickly by a computer like certain kinds of processing. However, we are seeing a situation where AI is creeping in and starting to replace human creative activities and enriching careers that people deticate their lives to. Things like art, creative writing, programming, and science and gradually being overtaken by AI. Additionally, there are situations where minorities or those in lower income brackets are being impacted by automation getting rid of jobs that they need to survive and thrive. Because of this, we need strong regulation on AI/au']",au',,,"[1, 1056]","{'t': [481104, 481266], 'l': 2, 'o': [{'o': 'i', 'i': [1, 1056], 'a': 'au'}]}",,,
15574,43,171,482.193,editor,d,"['The issue of automation and society is becoming an incresingly prevalent issue in the modern day as robotics and AI is becoming more sphisticated. We are now entering a world where automation is able to complete many of the different tasks that humans can, meaning that humans will not have to do them any more. These tasks vary, from the low-skill, mundane tasks like cleaning, file organization, and manufactoring, to high-speed tasks like processing. Automation is potentially one of the most important tools that humans have developed, but could also be a problem that accentuates the inequities that are in our socities. ', 'My stance on automation is that we should take full advantage of it where it can increase the quality of human life/other life, but that it should be heavily regulated so that it does not degrade the quality of life of humanity, especially for those in minorities. What I mean by this is allowing AI and automation to be used for some of the mundane tasks that are not necessarily enriching to the human experience, like cleaning, manufactoring, or data entry; or for tasks that can be accomplished much more quickly by a computer like certain kinds of processing. However, we are seeing a situation where AI is creeping in and starting to replace human creative activities and enriching careers that people deticate their lives to. Things like art, creative writing, programming, and science and gradually being overtaken by AI. Additionally, there are situations where minorities or those in lower income brackets are being impacted by automation getting rid of jobs that they need to survive and thrive. Because of this, we need strong regulation on AI']",,/au',,"[[1, 1055], [1, 1058]]","{'t': [481928, 482193], 'l': 3, 'o': [{'o': 'd', 'i': [[1, 1055], [1, 1058]], 'd': [[1, 3]]}]}",,,
15575,43,172,484.607,editor,i,"['The issue of automation and society is becoming an incresingly prevalent issue in the modern day as robotics and AI is becoming more sphisticated. We are now entering a world where automation is able to complete many of the different tasks that humans can, meaning that humans will not have to do them any more. These tasks vary, from the low-skill, mundane tasks like cleaning, file organization, and manufactoring, to high-speed tasks like processing. Automation is potentially one of the most important tools that humans have developed, but could also be a problem that accentuates the inequities that are in our socities. ', 'My stance on automation is that we should take full advantage of it where it can increase the quality of human life/other life, but that it should be heavily regulated so that it does not degrade the quality of life of humanity, especially for those in minorities. What I mean by this is allowing AI and automation to be used for some of the mundane tasks that are not necessarily enriching to the human experience, like cleaning, manufactoring, or data entry; or for tasks that can be accomplished much more quickly by a computer like certain kinds of processing. However, we are seeing a situation where AI is creeping in and starting to replace human creative activities and enriching careers that people deticate their lives to. Things like art, creative writing, programming, and science and gradually being overtaken by AI. Additionally, there are situations where minorities or those in lower income brackets are being impacted by automation getting rid of jobs that they need to survive and thrive. Because of this, we need strong regulation on AI and automation t ']",and automation t ',,,"[1, 1055]","{'t': [482463, 484607], 'l': 18, 'o': [{'o': 'i', 'i': [1, 1055], 'a': ' and automation t '}]}",,,
15576,43,173,484.882,editor,d,"['The issue of automation and society is becoming an incresingly prevalent issue in the modern day as robotics and AI is becoming more sphisticated. We are now entering a world where automation is able to complete many of the different tasks that humans can, meaning that humans will not have to do them any more. These tasks vary, from the low-skill, mundane tasks like cleaning, file organization, and manufactoring, to high-speed tasks like processing. Automation is potentially one of the most important tools that humans have developed, but could also be a problem that accentuates the inequities that are in our socities. ', 'My stance on automation is that we should take full advantage of it where it can increase the quality of human life/other life, but that it should be heavily regulated so that it does not degrade the quality of life of humanity, especially for those in minorities. What I mean by this is allowing AI and automation to be used for some of the mundane tasks that are not necessarily enriching to the human experience, like cleaning, manufactoring, or data entry; or for tasks that can be accomplished much more quickly by a computer like certain kinds of processing. However, we are seeing a situation where AI is creeping in and starting to replace human creative activities and enriching careers that people deticate their lives to. Things like art, creative writing, programming, and science and gradually being overtaken by AI. Additionally, there are situations where minorities or those in lower income brackets are being impacted by automation getting rid of jobs that they need to survive and thrive. Because of this, we need strong regulation on AI and automation t']",,,,"[[1, 1072], [1, 1073]]","{'t': 484882, 'o': [{'o': 'd', 'i': [[1, 1072], [1, 1073]]}]}",,,
15577,43,174,486.082,editor,i,"['The issue of automation and society is becoming an incresingly prevalent issue in the modern day as robotics and AI is becoming more sphisticated. We are now entering a world where automation is able to complete many of the different tasks that humans can, meaning that humans will not have to do them any more. These tasks vary, from the low-skill, mundane tasks like cleaning, file organization, and manufactoring, to high-speed tasks like processing. Automation is potentially one of the most important tools that humans have developed, but could also be a problem that accentuates the inequities that are in our socities. ', 'My stance on automation is that we should take full advantage of it where it can increase the quality of human life/other life, but that it should be heavily regulated so that it does not degrade the quality of life of humanity, especially for those in minorities. What I mean by this is allowing AI and automation to be used for some of the mundane tasks that are not necessarily enriching to the human experience, like cleaning, manufactoring, or data entry; or for tasks that can be accomplished much more quickly by a computer like certain kinds of processing. However, we are seeing a situation where AI is creeping in and starting to replace human creative activities and enriching careers that people deticate their lives to. Things like art, creative writing, programming, and science and gradually being overtaken by AI. Additionally, there are situations where minorities or those in lower income brackets are being impacted by automation getting rid of jobs that they need to survive and thrive. Because of this, we need strong regulation on AI and automation to help s']",o help s',,,"[1, 1072]","{'t': [485089, 486082], 'l': 8, 'o': [{'o': 'i', 'i': [1, 1072], 'a': 'o help s'}]}",,,
15578,43,175,486.512,editor,d,"['The issue of automation and society is becoming an incresingly prevalent issue in the modern day as robotics and AI is becoming more sphisticated. We are now entering a world where automation is able to complete many of the different tasks that humans can, meaning that humans will not have to do them any more. These tasks vary, from the low-skill, mundane tasks like cleaning, file organization, and manufactoring, to high-speed tasks like processing. Automation is potentially one of the most important tools that humans have developed, but could also be a problem that accentuates the inequities that are in our socities. ', 'My stance on automation is that we should take full advantage of it where it can increase the quality of human life/other life, but that it should be heavily regulated so that it does not degrade the quality of life of humanity, especially for those in minorities. What I mean by this is allowing AI and automation to be used for some of the mundane tasks that are not necessarily enriching to the human experience, like cleaning, manufactoring, or data entry; or for tasks that can be accomplished much more quickly by a computer like certain kinds of processing. However, we are seeing a situation where AI is creeping in and starting to replace human creative activities and enriching careers that people deticate their lives to. Things like art, creative writing, programming, and science and gradually being overtaken by AI. Additionally, there are situations where minorities or those in lower income brackets are being impacted by automation getting rid of jobs that they need to survive and thrive. Because of this, we need strong regulation on AI and automation to help ']",,s',,"[[1, 1079], [1, 1080]]","{'t': 486512, 'o': [{'o': 'd', 'i': [[1, 1079], [1, 1080]]}]}",,,
15579,43,176,492.28,editor,i,"['The issue of automation and society is becoming an incresingly prevalent issue in the modern day as robotics and AI is becoming more sphisticated. We are now entering a world where automation is able to complete many of the different tasks that humans can, meaning that humans will not have to do them any more. These tasks vary, from the low-skill, mundane tasks like cleaning, file organization, and manufactoring, to high-speed tasks like processing. Automation is potentially one of the most important tools that humans have developed, but could also be a problem that accentuates the inequities that are in our socities. ', 'My stance on automation is that we should take full advantage of it where it can increase the quality of human life/other life, but that it should be heavily regulated so that it does not degrade the quality of life of humanity, especially for those in minorities. What I mean by this is allowing AI and automation to be used for some of the mundane tasks that are not necessarily enriching to the human experience, like cleaning, manufactoring, or data entry; or for tasks that can be accomplished much more quickly by a computer like certain kinds of processing. However, we are seeing a situation where AI is creeping in and starting to replace human creative activities and enriching careers that people deticate their lives to. Things like art, creative writing, programming, and science and gradually being overtaken by AI. Additionally, there are situations where minorities or those in lower income brackets are being impacted by automation getting rid of jobs that they need to survive and thrive. Because of this, we need strong regulation on AI and automation to help ensure that it is actually helping humanity ']",ensure that it is actually helping humanity ',,,"[1, 1079]","{'t': [486905, 492280], 'l': 44, 'o': [{'o': 'i', 'i': [1, 1079], 'a': 'ensure that it is actually helping humanity '}]}",,,
15580,43,177,492.607,editor,d,"['The issue of automation and society is becoming an incresingly prevalent issue in the modern day as robotics and AI is becoming more sphisticated. We are now entering a world where automation is able to complete many of the different tasks that humans can, meaning that humans will not have to do them any more. These tasks vary, from the low-skill, mundane tasks like cleaning, file organization, and manufactoring, to high-speed tasks like processing. Automation is potentially one of the most important tools that humans have developed, but could also be a problem that accentuates the inequities that are in our socities. ', 'My stance on automation is that we should take full advantage of it where it can increase the quality of human life/other life, but that it should be heavily regulated so that it does not degrade the quality of life of humanity, especially for those in minorities. What I mean by this is allowing AI and automation to be used for some of the mundane tasks that are not necessarily enriching to the human experience, like cleaning, manufactoring, or data entry; or for tasks that can be accomplished much more quickly by a computer like certain kinds of processing. However, we are seeing a situation where AI is creeping in and starting to replace human creative activities and enriching careers that people deticate their lives to. Things like art, creative writing, programming, and science and gradually being overtaken by AI. Additionally, there are situations where minorities or those in lower income brackets are being impacted by automation getting rid of jobs that they need to survive and thrive. Because of this, we need strong regulation on AI and automation to help ensure that it is actually helping humanity']",,,,"[[1, 1122], [1, 1123]]","{'t': 492607, 'o': [{'o': 'd', 'i': [[1, 1122], [1, 1123]]}]}",,,
15581,43,178,500.982,editor,i,"['The issue of automation and society is becoming an incresingly prevalent issue in the modern day as robotics and AI is becoming more sphisticated. We are now entering a world where automation is able to complete many of the different tasks that humans can, meaning that humans will not have to do them any more. These tasks vary, from the low-skill, mundane tasks like cleaning, file organization, and manufactoring, to high-speed tasks like processing. Automation is potentially one of the most important tools that humans have developed, but could also be a problem that accentuates the inequities that are in our socities. ', 'My stance on automation is that we should take full advantage of it where it can increase the quality of human life/other life, but that it should be heavily regulated so that it does not degrade the quality of life of humanity, especially for those in minorities. What I mean by this is allowing AI and automation to be used for some of the mundane tasks that are not necessarily enriching to the human experience, like cleaning, manufactoring, or data entry; or for tasks that can be accomplished much more quickly by a computer like certain kinds of processing. However, we are seeing a situation where AI is creeping in and starting to replace human creative activities and enriching careers that people deticate their lives to. Things like art, creative writing, programming, and science and gradually being overtaken by AI. Additionally, there are situations where minorities or those in lower income brackets are being impacted by automation getting rid of jobs that they need to survive and thrive. Because of this, we need strong regulation on AI and automation to help ensure that it is actually helping humanity, not increasing equity gaps and removing creatie ']",", not increasing equity gaps and removing creatie '",,,"[1, 1122]","{'t': [493062, 500982], 'l': 50, 'o': [{'o': 'i', 'i': [1, 1122], 'a': ', not increasing equity gaps and removing creatie '}]}",,,
15582,43,179,502.89,editor,d,"['The issue of automation and society is becoming an incresingly prevalent issue in the modern day as robotics and AI is becoming more sphisticated. We are now entering a world where automation is able to complete many of the different tasks that humans can, meaning that humans will not have to do them any more. These tasks vary, from the low-skill, mundane tasks like cleaning, file organization, and manufactoring, to high-speed tasks like processing. Automation is potentially one of the most important tools that humans have developed, but could also be a problem that accentuates the inequities that are in our socities. ', 'My stance on automation is that we should take full advantage of it where it can increase the quality of human life/other life, but that it should be heavily regulated so that it does not degrade the quality of life of humanity, especially for those in minorities. What I mean by this is allowing AI and automation to be used for some of the mundane tasks that are not necessarily enriching to the human experience, like cleaning, manufactoring, or data entry; or for tasks that can be accomplished much more quickly by a computer like certain kinds of processing. However, we are seeing a situation where AI is creeping in and starting to replace human creative activities and enriching careers that people deticate their lives to. Things like art, creative writing, programming, and science and gradually being overtaken by AI. Additionally, there are situations where minorities or those in lower income brackets are being impacted by automation getting rid of jobs that they need to survive and thrive. Because of this, we need strong regulation on AI and automation to help ensure that it is actually helping humanity, not increasing equity gaps and remov']",,ing creatie ',,"[[1, 1160], [1, 1172]]","{'t': [501238, 502890], 'l': 12, 'o': [{'o': 'd', 'i': [[1, 1160], [1, 1172]], 'd': [[1, 12]]}]}",,,
15583,43,180,505.548,editor,i,"['The issue of automation and society is becoming an incresingly prevalent issue in the modern day as robotics and AI is becoming more sphisticated. We are now entering a world where automation is able to complete many of the different tasks that humans can, meaning that humans will not have to do them any more. These tasks vary, from the low-skill, mundane tasks like cleaning, file organization, and manufactoring, to high-speed tasks like processing. Automation is potentially one of the most important tools that humans have developed, but could also be a problem that accentuates the inequities that are in our socities. ', 'My stance on automation is that we should take full advantage of it where it can increase the quality of human life/other life, but that it should be heavily regulated so that it does not degrade the quality of life of humanity, especially for those in minorities. What I mean by this is allowing AI and automation to be used for some of the mundane tasks that are not necessarily enriching to the human experience, like cleaning, manufactoring, or data entry; or for tasks that can be accomplished much more quickly by a computer like certain kinds of processing. However, we are seeing a situation where AI is creeping in and starting to replace human creative activities and enriching careers that people deticate their lives to. Things like art, creative writing, programming, and science and gradually being overtaken by AI. Additionally, there are situations where minorities or those in lower income brackets are being impacted by automation getting rid of jobs that they need to survive and thrive. Because of this, we need strong regulation on AI and automation to help ensure that it is actually helping humanity, not increasing equity gaps and removing humans grom']",ing humans grom',,,"[1, 1160]","{'t': [503612, 505548], 'l': 15, 'o': [{'o': 'i', 'i': [1, 1160], 'a': 'ing humans grom'}]}",,,
15584,43,181,506.406,editor,d,"['The issue of automation and society is becoming an incresingly prevalent issue in the modern day as robotics and AI is becoming more sphisticated. We are now entering a world where automation is able to complete many of the different tasks that humans can, meaning that humans will not have to do them any more. These tasks vary, from the low-skill, mundane tasks like cleaning, file organization, and manufactoring, to high-speed tasks like processing. Automation is potentially one of the most important tools that humans have developed, but could also be a problem that accentuates the inequities that are in our socities. ', 'My stance on automation is that we should take full advantage of it where it can increase the quality of human life/other life, but that it should be heavily regulated so that it does not degrade the quality of life of humanity, especially for those in minorities. What I mean by this is allowing AI and automation to be used for some of the mundane tasks that are not necessarily enriching to the human experience, like cleaning, manufactoring, or data entry; or for tasks that can be accomplished much more quickly by a computer like certain kinds of processing. However, we are seeing a situation where AI is creeping in and starting to replace human creative activities and enriching careers that people deticate their lives to. Things like art, creative writing, programming, and science and gradually being overtaken by AI. Additionally, there are situations where minorities or those in lower income brackets are being impacted by automation getting rid of jobs that they need to survive and thrive. Because of this, we need strong regulation on AI and automation to help ensure that it is actually helping humanity, not increasing equity gaps and removing humans ']",,grom',,"[[1, 1171], [1, 1175]]","{'t': [505798, 506406], 'l': 4, 'o': [{'o': 'd', 'i': [[1, 1171], [1, 1175]], 'd': [[1, 4]]}]}",,,
15585,43,182,508.04,editor,i,"['The issue of automation and society is becoming an incresingly prevalent issue in the modern day as robotics and AI is becoming more sphisticated. We are now entering a world where automation is able to complete many of the different tasks that humans can, meaning that humans will not have to do them any more. These tasks vary, from the low-skill, mundane tasks like cleaning, file organization, and manufactoring, to high-speed tasks like processing. Automation is potentially one of the most important tools that humans have developed, but could also be a problem that accentuates the inequities that are in our socities. ', 'My stance on automation is that we should take full advantage of it where it can increase the quality of human life/other life, but that it should be heavily regulated so that it does not degrade the quality of life of humanity, especially for those in minorities. What I mean by this is allowing AI and automation to be used for some of the mundane tasks that are not necessarily enriching to the human experience, like cleaning, manufactoring, or data entry; or for tasks that can be accomplished much more quickly by a computer like certain kinds of processing. However, we are seeing a situation where AI is creeping in and starting to replace human creative activities and enriching careers that people deticate their lives to. Things like art, creative writing, programming, and science and gradually being overtaken by AI. Additionally, there are situations where minorities or those in lower income brackets are being impacted by automation getting rid of jobs that they need to survive and thrive. Because of this, we need strong regulation on AI and automation to help ensure that it is actually helping humanity, not increasing equity gaps and removing humans from vreativ']",from vreativ',,,"[1, 1171]","{'t': [506655, 508040], 'l': 12, 'o': [{'o': 'i', 'i': [1, 1171], 'a': 'from vreativ'}]}",,,
15586,43,183,508.979,editor,d,"['The issue of automation and society is becoming an incresingly prevalent issue in the modern day as robotics and AI is becoming more sphisticated. We are now entering a world where automation is able to complete many of the different tasks that humans can, meaning that humans will not have to do them any more. These tasks vary, from the low-skill, mundane tasks like cleaning, file organization, and manufactoring, to high-speed tasks like processing. Automation is potentially one of the most important tools that humans have developed, but could also be a problem that accentuates the inequities that are in our socities. ', 'My stance on automation is that we should take full advantage of it where it can increase the quality of human life/other life, but that it should be heavily regulated so that it does not degrade the quality of life of humanity, especially for those in minorities. What I mean by this is allowing AI and automation to be used for some of the mundane tasks that are not necessarily enriching to the human experience, like cleaning, manufactoring, or data entry; or for tasks that can be accomplished much more quickly by a computer like certain kinds of processing. However, we are seeing a situation where AI is creeping in and starting to replace human creative activities and enriching careers that people deticate their lives to. Things like art, creative writing, programming, and science and gradually being overtaken by AI. Additionally, there are situations where minorities or those in lower income brackets are being impacted by automation getting rid of jobs that they need to survive and thrive. Because of this, we need strong regulation on AI and automation to help ensure that it is actually helping humanity, not increasing equity gaps and removing humans from ']",,vreativ',,"[[1, 1176], [1, 1183]]","{'t': [508225, 508979], 'l': 7, 'o': [{'o': 'd', 'i': [[1, 1176], [1, 1183]], 'd': [[1, 7]]}]}",,,
15587,43,184,514.163,editor,i,"['The issue of automation and society is becoming an incresingly prevalent issue in the modern day as robotics and AI is becoming more sphisticated. We are now entering a world where automation is able to complete many of the different tasks that humans can, meaning that humans will not have to do them any more. These tasks vary, from the low-skill, mundane tasks like cleaning, file organization, and manufactoring, to high-speed tasks like processing. Automation is potentially one of the most important tools that humans have developed, but could also be a problem that accentuates the inequities that are in our socities. ', 'My stance on automation is that we should take full advantage of it where it can increase the quality of human life/other life, but that it should be heavily regulated so that it does not degrade the quality of life of humanity, especially for those in minorities. What I mean by this is allowing AI and automation to be used for some of the mundane tasks that are not necessarily enriching to the human experience, like cleaning, manufactoring, or data entry; or for tasks that can be accomplished much more quickly by a computer like certain kinds of processing. However, we are seeing a situation where AI is creeping in and starting to replace human creative activities and enriching careers that people deticate their lives to. Things like art, creative writing, programming, and science and gradually being overtaken by AI. Additionally, there are situations where minorities or those in lower income brackets are being impacted by automation getting rid of jobs that they need to survive and thrive. Because of this, we need strong regulation on AI and automation to help ensure that it is actually helping humanity, not increasing equity gaps and removing humans from creative acts and professions. ', '']",creative acts and professions. \n',,,"[1, 1176]","{'t': [509451, 514163], 'l': 32, 'o': [{'o': 'i', 'i': [1, 1176], 'a': 'creative acts and professions. \n'}]}",,,
15588,43,185,518.914,editor,i,"['The issue of automation and society is becoming an incresingly prevalent issue in the modern day as robotics and AI is becoming more sphisticated. We are now entering a world where automation is able to complete many of the different tasks that humans can, meaning that humans will not have to do them any more. These tasks vary, from the low-skill, mundane tasks like cleaning, file organization, and manufactoring, to high-speed tasks like processing. Automation is potentially one of the most important tools that humans have developed, but could also be a problem that accentuates the inequities that are in our socities. ', 'My stance on automation is that we should take full advantage of it where it can increase the quality of human life/other life, but that it should be heavily regulated so that it does not degrade the quality of life of humanity, especially for those in minorities. What I mean by this is allowing AI and automation to be used for some of the mundane tasks that are not necessarily enriching to the human experience, like cleaning, manufactoring, or data entry; or for tasks that can be accomplished much more quickly by a computer like certain kinds of processing. However, we are seeing a situation where AI is creeping in and starting to replace human creative activities and enriching careers that people deticate their lives to. Things like art, creative writing, programming, and science and gradually being overtaken by AI. Additionally, there are situations where minorities or those in lower income brackets are being impacted by automation getting rid of jobs that they need to survive and thrive. Because of this, we need strong regulation on AI and automation to help ensure that it is actually helping humanity, not increasing equity gaps and removing humans from creative acts and professions. ', 'When looking at the differnt ']",When looking at the differnt ',,,"[2, 0]","{'t': [515029, 518914], 'l': 29, 'o': [{'o': 'i', 'i': [2, 0], 'a': 'When looking at the differnt '}]}",,,
15589,43,186,519.994,editor,d,"['The issue of automation and society is becoming an incresingly prevalent issue in the modern day as robotics and AI is becoming more sphisticated. We are now entering a world where automation is able to complete many of the different tasks that humans can, meaning that humans will not have to do them any more. These tasks vary, from the low-skill, mundane tasks like cleaning, file organization, and manufactoring, to high-speed tasks like processing. Automation is potentially one of the most important tools that humans have developed, but could also be a problem that accentuates the inequities that are in our socities. ', 'My stance on automation is that we should take full advantage of it where it can increase the quality of human life/other life, but that it should be heavily regulated so that it does not degrade the quality of life of humanity, especially for those in minorities. What I mean by this is allowing AI and automation to be used for some of the mundane tasks that are not necessarily enriching to the human experience, like cleaning, manufactoring, or data entry; or for tasks that can be accomplished much more quickly by a computer like certain kinds of processing. However, we are seeing a situation where AI is creeping in and starting to replace human creative activities and enriching careers that people deticate their lives to. Things like art, creative writing, programming, and science and gradually being overtaken by AI. Additionally, there are situations where minorities or those in lower income brackets are being impacted by automation getting rid of jobs that they need to survive and thrive. Because of this, we need strong regulation on AI and automation to help ensure that it is actually helping humanity, not increasing equity gaps and removing humans from creative acts and professions. ', 'When looking at the differ']",,nt ',,"[[2, 26], [2, 29]]","{'t': [519699, 519994], 'l': 3, 'o': [{'o': 'd', 'i': [[2, 26], [2, 29]], 'd': [[1, 3]]}]}",,,
15590,43,187,520.891,editor,i,"['The issue of automation and society is becoming an incresingly prevalent issue in the modern day as robotics and AI is becoming more sphisticated. We are now entering a world where automation is able to complete many of the different tasks that humans can, meaning that humans will not have to do them any more. These tasks vary, from the low-skill, mundane tasks like cleaning, file organization, and manufactoring, to high-speed tasks like processing. Automation is potentially one of the most important tools that humans have developed, but could also be a problem that accentuates the inequities that are in our socities. ', 'My stance on automation is that we should take full advantage of it where it can increase the quality of human life/other life, but that it should be heavily regulated so that it does not degrade the quality of life of humanity, especially for those in minorities. What I mean by this is allowing AI and automation to be used for some of the mundane tasks that are not necessarily enriching to the human experience, like cleaning, manufactoring, or data entry; or for tasks that can be accomplished much more quickly by a computer like certain kinds of processing. However, we are seeing a situation where AI is creeping in and starting to replace human creative activities and enriching careers that people deticate their lives to. Things like art, creative writing, programming, and science and gradually being overtaken by AI. Additionally, there are situations where minorities or those in lower income brackets are being impacted by automation getting rid of jobs that they need to survive and thrive. Because of this, we need strong regulation on AI and automation to help ensure that it is actually helping humanity, not increasing equity gaps and removing humans from creative acts and professions. ', 'When looking at the different ']",ent ',,,"[2, 26]","{'t': [520181, 520891], 'l': 4, 'o': [{'o': 'i', 'i': [2, 26], 'a': 'ent '}]}",,,
15591,43,188,522.579,editor,i,"['The issue of automation and society is becoming an incresingly prevalent issue in the modern day as robotics and AI is becoming more sphisticated. We are now entering a world where automation is able to complete many of the different tasks that humans can, meaning that humans will not have to do them any more. These tasks vary, from the low-skill, mundane tasks like cleaning, file organization, and manufactoring, to high-speed tasks like processing. Automation is potentially one of the most important tools that humans have developed, but could also be a problem that accentuates the inequities that are in our socities. ', 'My stance on automation is that we should take full advantage of it where it can increase the quality of human life/other life, but that it should be heavily regulated so that it does not degrade the quality of life of humanity, especially for those in minorities. What I mean by this is allowing AI and automation to be used for some of the mundane tasks that are not necessarily enriching to the human experience, like cleaning, manufactoring, or data entry; or for tasks that can be accomplished much more quickly by a computer like certain kinds of processing. However, we are seeing a situation where AI is creeping in and starting to replace human creative activities and enriching careers that people deticate their lives to. Things like art, creative writing, programming, and science and gradually being overtaken by AI. Additionally, there are situations where minorities or those in lower income brackets are being impacted by automation getting rid of jobs that they need to survive and thrive. Because of this, we need strong regulation on AI and automation to help ensure that it is actually helping humanity, not increasing equity gaps and removing humans from creative acts and professions. ', 'When looking at the different p']",p',,,"[2, 30]","{'t': 522579, 'o': [{'o': 'i', 'i': [2, 30], 'a': 'p'}]}",,,
15592,43,189,525.33,editor,i,"['The issue of automation and society is becoming an incresingly prevalent issue in the modern day as robotics and AI is becoming more sphisticated. We are now entering a world where automation is able to complete many of the different tasks that humans can, meaning that humans will not have to do them any more. These tasks vary, from the low-skill, mundane tasks like cleaning, file organization, and manufactoring, to high-speed tasks like processing. Automation is potentially one of the most important tools that humans have developed, but could also be a problem that accentuates the inequities that are in our socities. ', 'My stance on automation is that we should take full advantage of it where it can increase the quality of human life/other life, but that it should be heavily regulated so that it does not degrade the quality of life of humanity, especially for those in minorities. What I mean by this is allowing AI and automation to be used for some of the mundane tasks that are not necessarily enriching to the human experience, like cleaning, manufactoring, or data entry; or for tasks that can be accomplished much more quickly by a computer like certain kinds of processing. However, we are seeing a situation where AI is creeping in and starting to replace human creative activities and enriching careers that people deticate their lives to. Things like art, creative writing, programming, and science and gradually being overtaken by AI. Additionally, there are situations where minorities or those in lower income brackets are being impacted by automation getting rid of jobs that they need to survive and thrive. Because of this, we need strong regulation on AI and automation to help ensure that it is actually helping humanity, not increasing equity gaps and removing humans from creative acts and professions. ', 'When looking at the different perspectives provided, ']","erspectives provided, '",,,"[2, 31]","{'t': [522700, 525330], 'l': 22, 'o': [{'o': 'i', 'i': [2, 31], 'a': 'erspectives provided, '}]}",,,
15593,43,190,540.136,editor,i,"['The issue of automation and society is becoming an incresingly prevalent issue in the modern day as robotics and AI is becoming more sphisticated. We are now entering a world where automation is able to complete many of the different tasks that humans can, meaning that humans will not have to do them any more. These tasks vary, from the low-skill, mundane tasks like cleaning, file organization, and manufactoring, to high-speed tasks like processing. Automation is potentially one of the most important tools that humans have developed, but could also be a problem that accentuates the inequities that are in our socities. ', 'My stance on automation is that we should take full advantage of it where it can increase the quality of human life/other life, but that it should be heavily regulated so that it does not degrade the quality of life of humanity, especially for those in minorities. What I mean by this is allowing AI and automation to be used for some of the mundane tasks that are not necessarily enriching to the human experience, like cleaning, manufactoring, or data entry; or for tasks that can be accomplished much more quickly by a computer like certain kinds of processing. However, we are seeing a situation where AI is creeping in and starting to replace human creative activities and enriching careers that people deticate their lives to. Things like art, creative writing, programming, and science and gradually being overtaken by AI. Additionally, there are situations where minorities or those in lower income brackets are being impacted by automation getting rid of jobs that they need to survive and thrive. Because of this, we need strong regulation on AI and automation to help ensure that it is actually helping humanity, not increasing equity gaps and removing humans from creative acts and professions. ', 'When looking at the different perspectives provided, I']",I',,,"[2, 53]","{'t': 540136, 'o': [{'o': 'i', 'i': [2, 53], 'a': 'I'}]}",,,
15594,43,191,540.697,editor,i,"['The issue of automation and society is becoming an incresingly prevalent issue in the modern day as robotics and AI is becoming more sphisticated. We are now entering a world where automation is able to complete many of the different tasks that humans can, meaning that humans will not have to do them any more. These tasks vary, from the low-skill, mundane tasks like cleaning, file organization, and manufactoring, to high-speed tasks like processing. Automation is potentially one of the most important tools that humans have developed, but could also be a problem that accentuates the inequities that are in our socities. ', 'My stance on automation is that we should take full advantage of it where it can increase the quality of human life/other life, but that it should be heavily regulated so that it does not degrade the quality of life of humanity, especially for those in minorities. What I mean by this is allowing AI and automation to be used for some of the mundane tasks that are not necessarily enriching to the human experience, like cleaning, manufactoring, or data entry; or for tasks that can be accomplished much more quickly by a computer like certain kinds of processing. However, we are seeing a situation where AI is creeping in and starting to replace human creative activities and enriching careers that people deticate their lives to. Things like art, creative writing, programming, and science and gradually being overtaken by AI. Additionally, there are situations where minorities or those in lower income brackets are being impacted by automation getting rid of jobs that they need to survive and thrive. Because of this, we need strong regulation on AI and automation to help ensure that it is actually helping humanity, not increasing equity gaps and removing humans from creative acts and professions. ', 'When looking at the different perspectives provided, I tin']",tin',,,"[2, 54]","{'t': [540273, 540697], 'l': 4, 'o': [{'o': 'i', 'i': [2, 54], 'a': ' tin'}]}",,,
15595,43,192,541.076,editor,d,"['The issue of automation and society is becoming an incresingly prevalent issue in the modern day as robotics and AI is becoming more sphisticated. We are now entering a world where automation is able to complete many of the different tasks that humans can, meaning that humans will not have to do them any more. These tasks vary, from the low-skill, mundane tasks like cleaning, file organization, and manufactoring, to high-speed tasks like processing. Automation is potentially one of the most important tools that humans have developed, but could also be a problem that accentuates the inequities that are in our socities. ', 'My stance on automation is that we should take full advantage of it where it can increase the quality of human life/other life, but that it should be heavily regulated so that it does not degrade the quality of life of humanity, especially for those in minorities. What I mean by this is allowing AI and automation to be used for some of the mundane tasks that are not necessarily enriching to the human experience, like cleaning, manufactoring, or data entry; or for tasks that can be accomplished much more quickly by a computer like certain kinds of processing. However, we are seeing a situation where AI is creeping in and starting to replace human creative activities and enriching careers that people deticate their lives to. Things like art, creative writing, programming, and science and gradually being overtaken by AI. Additionally, there are situations where minorities or those in lower income brackets are being impacted by automation getting rid of jobs that they need to survive and thrive. Because of this, we need strong regulation on AI and automation to help ensure that it is actually helping humanity, not increasing equity gaps and removing humans from creative acts and professions. ', 'When looking at the different perspectives provided, I t']",,in',,"[[2, 56], [2, 58]]","{'t': [540964, 541076], 'l': 2, 'o': [{'o': 'd', 'i': [[2, 56], [2, 58]], 'd': [[1, 2]]}]}",,,
15596,43,193,542.8,editor,i,"['The issue of automation and society is becoming an incresingly prevalent issue in the modern day as robotics and AI is becoming more sphisticated. We are now entering a world where automation is able to complete many of the different tasks that humans can, meaning that humans will not have to do them any more. These tasks vary, from the low-skill, mundane tasks like cleaning, file organization, and manufactoring, to high-speed tasks like processing. Automation is potentially one of the most important tools that humans have developed, but could also be a problem that accentuates the inequities that are in our socities. ', 'My stance on automation is that we should take full advantage of it where it can increase the quality of human life/other life, but that it should be heavily regulated so that it does not degrade the quality of life of humanity, especially for those in minorities. What I mean by this is allowing AI and automation to be used for some of the mundane tasks that are not necessarily enriching to the human experience, like cleaning, manufactoring, or data entry; or for tasks that can be accomplished much more quickly by a computer like certain kinds of processing. However, we are seeing a situation where AI is creeping in and starting to replace human creative activities and enriching careers that people deticate their lives to. Things like art, creative writing, programming, and science and gradually being overtaken by AI. Additionally, there are situations where minorities or those in lower income brackets are being impacted by automation getting rid of jobs that they need to survive and thrive. Because of this, we need strong regulation on AI and automation to help ensure that it is actually helping humanity, not increasing equity gaps and removing humans from creative acts and professions. ', 'When looking at the different perspectives provided, I think that min ']",hink that min ',,,"[2, 56]","{'t': [541334, 542800], 'l': 14, 'o': [{'o': 'i', 'i': [2, 56], 'a': 'hink that min '}]}",,,
15597,43,194,543.152,editor,d,"['The issue of automation and society is becoming an incresingly prevalent issue in the modern day as robotics and AI is becoming more sphisticated. We are now entering a world where automation is able to complete many of the different tasks that humans can, meaning that humans will not have to do them any more. These tasks vary, from the low-skill, mundane tasks like cleaning, file organization, and manufactoring, to high-speed tasks like processing. Automation is potentially one of the most important tools that humans have developed, but could also be a problem that accentuates the inequities that are in our socities. ', 'My stance on automation is that we should take full advantage of it where it can increase the quality of human life/other life, but that it should be heavily regulated so that it does not degrade the quality of life of humanity, especially for those in minorities. What I mean by this is allowing AI and automation to be used for some of the mundane tasks that are not necessarily enriching to the human experience, like cleaning, manufactoring, or data entry; or for tasks that can be accomplished much more quickly by a computer like certain kinds of processing. However, we are seeing a situation where AI is creeping in and starting to replace human creative activities and enriching careers that people deticate their lives to. Things like art, creative writing, programming, and science and gradually being overtaken by AI. Additionally, there are situations where minorities or those in lower income brackets are being impacted by automation getting rid of jobs that they need to survive and thrive. Because of this, we need strong regulation on AI and automation to help ensure that it is actually helping humanity, not increasing equity gaps and removing humans from creative acts and professions. ', 'When looking at the different perspectives provided, I think that min']",,,,"[[2, 69], [2, 70]]","{'t': 543152, 'o': [{'o': 'd', 'i': [[2, 69], [2, 70]]}]}",,,
15598,43,195,546.832,editor,i,"['The issue of automation and society is becoming an incresingly prevalent issue in the modern day as robotics and AI is becoming more sphisticated. We are now entering a world where automation is able to complete many of the different tasks that humans can, meaning that humans will not have to do them any more. These tasks vary, from the low-skill, mundane tasks like cleaning, file organization, and manufactoring, to high-speed tasks like processing. Automation is potentially one of the most important tools that humans have developed, but could also be a problem that accentuates the inequities that are in our socities. ', 'My stance on automation is that we should take full advantage of it where it can increase the quality of human life/other life, but that it should be heavily regulated so that it does not degrade the quality of life of humanity, especially for those in minorities. What I mean by this is allowing AI and automation to be used for some of the mundane tasks that are not necessarily enriching to the human experience, like cleaning, manufactoring, or data entry; or for tasks that can be accomplished much more quickly by a computer like certain kinds of processing. However, we are seeing a situation where AI is creeping in and starting to replace human creative activities and enriching careers that people deticate their lives to. Things like art, creative writing, programming, and science and gradually being overtaken by AI. Additionally, there are situations where minorities or those in lower income brackets are being impacted by automation getting rid of jobs that they need to survive and thrive. Because of this, we need strong regulation on AI and automation to help ensure that it is actually helping humanity, not increasing equity gaps and removing humans from creative acts and professions. ', 'When looking at the different perspectives provided, I think that mine most resembles ']",e most resembles ',,,"[2, 69]","{'t': [543243, 546832], 'l': 17, 'o': [{'o': 'i', 'i': [2, 69], 'a': 'e most resembles '}]}",,,
15599,43,196,548.761,editor,i,"['The issue of automation and society is becoming an incresingly prevalent issue in the modern day as robotics and AI is becoming more sphisticated. We are now entering a world where automation is able to complete many of the different tasks that humans can, meaning that humans will not have to do them any more. These tasks vary, from the low-skill, mundane tasks like cleaning, file organization, and manufactoring, to high-speed tasks like processing. Automation is potentially one of the most important tools that humans have developed, but could also be a problem that accentuates the inequities that are in our socities. ', 'My stance on automation is that we should take full advantage of it where it can increase the quality of human life/other life, but that it should be heavily regulated so that it does not degrade the quality of life of humanity, especially for those in minorities. What I mean by this is allowing AI and automation to be used for some of the mundane tasks that are not necessarily enriching to the human experience, like cleaning, manufactoring, or data entry; or for tasks that can be accomplished much more quickly by a computer like certain kinds of processing. However, we are seeing a situation where AI is creeping in and starting to replace human creative activities and enriching careers that people deticate their lives to. Things like art, creative writing, programming, and science and gradually being overtaken by AI. Additionally, there are situations where minorities or those in lower income brackets are being impacted by automation getting rid of jobs that they need to survive and thrive. Because of this, we need strong regulation on AI and automation to help ensure that it is actually helping humanity, not increasing equity gaps and removing humans from creative acts and professions. ', 'When looking at the different perspectives provided, I think that mine most resembles t']",t',,,"[2, 86]","{'t': 548761, 'o': [{'o': 'i', 'i': [2, 86], 'a': 't'}]}",,,
15600,43,197,551.614,editor,i,"['The issue of automation and society is becoming an incresingly prevalent issue in the modern day as robotics and AI is becoming more sphisticated. We are now entering a world where automation is able to complete many of the different tasks that humans can, meaning that humans will not have to do them any more. These tasks vary, from the low-skill, mundane tasks like cleaning, file organization, and manufactoring, to high-speed tasks like processing. Automation is potentially one of the most important tools that humans have developed, but could also be a problem that accentuates the inequities that are in our socities. ', 'My stance on automation is that we should take full advantage of it where it can increase the quality of human life/other life, but that it should be heavily regulated so that it does not degrade the quality of life of humanity, especially for those in minorities. What I mean by this is allowing AI and automation to be used for some of the mundane tasks that are not necessarily enriching to the human experience, like cleaning, manufactoring, or data entry; or for tasks that can be accomplished much more quickly by a computer like certain kinds of processing. However, we are seeing a situation where AI is creeping in and starting to replace human creative activities and enriching careers that people deticate their lives to. Things like art, creative writing, programming, and science and gradually being overtaken by AI. Additionally, there are situations where minorities or those in lower income brackets are being impacted by automation getting rid of jobs that they need to survive and thrive. Because of this, we need strong regulation on AI and automation to help ensure that it is actually helping humanity, not increasing equity gaps and removing humans from creative acts and professions. ', 'When looking at the different perspectives provided, I think that mine most resembles the utilitat']",he utilitat',,,"[2, 87]","{'t': [548862, 551614], 'l': 11, 'o': [{'o': 'i', 'i': [2, 87], 'a': 'he utilitat'}]}",,,
15601,43,198,552.036,editor,d,"['The issue of automation and society is becoming an incresingly prevalent issue in the modern day as robotics and AI is becoming more sphisticated. We are now entering a world where automation is able to complete many of the different tasks that humans can, meaning that humans will not have to do them any more. These tasks vary, from the low-skill, mundane tasks like cleaning, file organization, and manufactoring, to high-speed tasks like processing. Automation is potentially one of the most important tools that humans have developed, but could also be a problem that accentuates the inequities that are in our socities. ', 'My stance on automation is that we should take full advantage of it where it can increase the quality of human life/other life, but that it should be heavily regulated so that it does not degrade the quality of life of humanity, especially for those in minorities. What I mean by this is allowing AI and automation to be used for some of the mundane tasks that are not necessarily enriching to the human experience, like cleaning, manufactoring, or data entry; or for tasks that can be accomplished much more quickly by a computer like certain kinds of processing. However, we are seeing a situation where AI is creeping in and starting to replace human creative activities and enriching careers that people deticate their lives to. Things like art, creative writing, programming, and science and gradually being overtaken by AI. Additionally, there are situations where minorities or those in lower income brackets are being impacted by automation getting rid of jobs that they need to survive and thrive. Because of this, we need strong regulation on AI and automation to help ensure that it is actually helping humanity, not increasing equity gaps and removing humans from creative acts and professions. ', 'When looking at the different perspectives provided, I think that mine most resembles the utilita']",,t',,"[[2, 97], [2, 98]]","{'t': 552036, 'o': [{'o': 'd', 'i': [[2, 97], [2, 98]]}]}",,,
15602,43,199,552.638,editor,i,"['The issue of automation and society is becoming an incresingly prevalent issue in the modern day as robotics and AI is becoming more sphisticated. We are now entering a world where automation is able to complete many of the different tasks that humans can, meaning that humans will not have to do them any more. These tasks vary, from the low-skill, mundane tasks like cleaning, file organization, and manufactoring, to high-speed tasks like processing. Automation is potentially one of the most important tools that humans have developed, but could also be a problem that accentuates the inequities that are in our socities. ', 'My stance on automation is that we should take full advantage of it where it can increase the quality of human life/other life, but that it should be heavily regulated so that it does not degrade the quality of life of humanity, especially for those in minorities. What I mean by this is allowing AI and automation to be used for some of the mundane tasks that are not necessarily enriching to the human experience, like cleaning, manufactoring, or data entry; or for tasks that can be accomplished much more quickly by a computer like certain kinds of processing. However, we are seeing a situation where AI is creeping in and starting to replace human creative activities and enriching careers that people deticate their lives to. Things like art, creative writing, programming, and science and gradually being overtaken by AI. Additionally, there are situations where minorities or those in lower income brackets are being impacted by automation getting rid of jobs that they need to survive and thrive. Because of this, we need strong regulation on AI and automation to help ensure that it is actually helping humanity, not increasing equity gaps and removing humans from creative acts and professions. ', 'When looking at the different perspectives provided, I think that mine most resembles the utilitariu']",riu',,,"[2, 97]","{'t': [552383, 552638], 'l': 3, 'o': [{'o': 'i', 'i': [2, 97], 'a': 'riu'}]}",,,
15603,43,200,552.979,editor,d,"['The issue of automation and society is becoming an incresingly prevalent issue in the modern day as robotics and AI is becoming more sphisticated. We are now entering a world where automation is able to complete many of the different tasks that humans can, meaning that humans will not have to do them any more. These tasks vary, from the low-skill, mundane tasks like cleaning, file organization, and manufactoring, to high-speed tasks like processing. Automation is potentially one of the most important tools that humans have developed, but could also be a problem that accentuates the inequities that are in our socities. ', 'My stance on automation is that we should take full advantage of it where it can increase the quality of human life/other life, but that it should be heavily regulated so that it does not degrade the quality of life of humanity, especially for those in minorities. What I mean by this is allowing AI and automation to be used for some of the mundane tasks that are not necessarily enriching to the human experience, like cleaning, manufactoring, or data entry; or for tasks that can be accomplished much more quickly by a computer like certain kinds of processing. However, we are seeing a situation where AI is creeping in and starting to replace human creative activities and enriching careers that people deticate their lives to. Things like art, creative writing, programming, and science and gradually being overtaken by AI. Additionally, there are situations where minorities or those in lower income brackets are being impacted by automation getting rid of jobs that they need to survive and thrive. Because of this, we need strong regulation on AI and automation to help ensure that it is actually helping humanity, not increasing equity gaps and removing humans from creative acts and professions. ', 'When looking at the different perspectives provided, I think that mine most resembles the utilitari']",,u',,"[[2, 99], [2, 100]]","{'t': 552979, 'o': [{'o': 'd', 'i': [[2, 99], [2, 100]]}]}",,,
15604,43,201,556.027,editor,i,"['The issue of automation and society is becoming an incresingly prevalent issue in the modern day as robotics and AI is becoming more sphisticated. We are now entering a world where automation is able to complete many of the different tasks that humans can, meaning that humans will not have to do them any more. These tasks vary, from the low-skill, mundane tasks like cleaning, file organization, and manufactoring, to high-speed tasks like processing. Automation is potentially one of the most important tools that humans have developed, but could also be a problem that accentuates the inequities that are in our socities. ', 'My stance on automation is that we should take full advantage of it where it can increase the quality of human life/other life, but that it should be heavily regulated so that it does not degrade the quality of life of humanity, especially for those in minorities. What I mean by this is allowing AI and automation to be used for some of the mundane tasks that are not necessarily enriching to the human experience, like cleaning, manufactoring, or data entry; or for tasks that can be accomplished much more quickly by a computer like certain kinds of processing. However, we are seeing a situation where AI is creeping in and starting to replace human creative activities and enriching careers that people deticate their lives to. Things like art, creative writing, programming, and science and gradually being overtaken by AI. Additionally, there are situations where minorities or those in lower income brackets are being impacted by automation getting rid of jobs that they need to survive and thrive. Because of this, we need strong regulation on AI and automation to help ensure that it is actually helping humanity, not increasing equity gaps and removing humans from creative acts and professions. ', 'When looking at the different perspectives provided, I think that mine most resembles the utilitarian view, but with some va']","an view, but with some va'",,,"[2, 99]","{'t': [553089, 556027], 'l': 25, 'o': [{'o': 'i', 'i': [2, 99], 'a': 'an view, but with some va'}]}",,,
15605,43,202,556.564,editor,d,"['The issue of automation and society is becoming an incresingly prevalent issue in the modern day as robotics and AI is becoming more sphisticated. We are now entering a world where automation is able to complete many of the different tasks that humans can, meaning that humans will not have to do them any more. These tasks vary, from the low-skill, mundane tasks like cleaning, file organization, and manufactoring, to high-speed tasks like processing. Automation is potentially one of the most important tools that humans have developed, but could also be a problem that accentuates the inequities that are in our socities. ', 'My stance on automation is that we should take full advantage of it where it can increase the quality of human life/other life, but that it should be heavily regulated so that it does not degrade the quality of life of humanity, especially for those in minorities. What I mean by this is allowing AI and automation to be used for some of the mundane tasks that are not necessarily enriching to the human experience, like cleaning, manufactoring, or data entry; or for tasks that can be accomplished much more quickly by a computer like certain kinds of processing. However, we are seeing a situation where AI is creeping in and starting to replace human creative activities and enriching careers that people deticate their lives to. Things like art, creative writing, programming, and science and gradually being overtaken by AI. Additionally, there are situations where minorities or those in lower income brackets are being impacted by automation getting rid of jobs that they need to survive and thrive. Because of this, we need strong regulation on AI and automation to help ensure that it is actually helping humanity, not increasing equity gaps and removing humans from creative acts and professions. ', 'When looking at the different perspectives provided, I think that mine most resembles the utilitarian view, but with some ']",,va',,"[[2, 122], [2, 124]]","{'t': [556423, 556564], 'l': 2, 'o': [{'o': 'd', 'i': [[2, 122], [2, 124]], 'd': [[1, 2]]}]}",,,
15606,43,203,562.595,editor,i,"['The issue of automation and society is becoming an incresingly prevalent issue in the modern day as robotics and AI is becoming more sphisticated. We are now entering a world where automation is able to complete many of the different tasks that humans can, meaning that humans will not have to do them any more. These tasks vary, from the low-skill, mundane tasks like cleaning, file organization, and manufactoring, to high-speed tasks like processing. Automation is potentially one of the most important tools that humans have developed, but could also be a problem that accentuates the inequities that are in our socities. ', 'My stance on automation is that we should take full advantage of it where it can increase the quality of human life/other life, but that it should be heavily regulated so that it does not degrade the quality of life of humanity, especially for those in minorities. What I mean by this is allowing AI and automation to be used for some of the mundane tasks that are not necessarily enriching to the human experience, like cleaning, manufactoring, or data entry; or for tasks that can be accomplished much more quickly by a computer like certain kinds of processing. However, we are seeing a situation where AI is creeping in and starting to replace human creative activities and enriching careers that people deticate their lives to. Things like art, creative writing, programming, and science and gradually being overtaken by AI. Additionally, there are situations where minorities or those in lower income brackets are being impacted by automation getting rid of jobs that they need to survive and thrive. Because of this, we need strong regulation on AI and automation to help ensure that it is actually helping humanity, not increasing equity gaps and removing humans from creative acts and professions. ', 'When looking at the different perspectives provided, I think that mine most resembles the utilitarian view, but with some caveats. The utilitarian view ']",caveats. The utilitarian view ',,,"[2, 122]","{'t': [556923, 562595], 'l': 30, 'o': [{'o': 'i', 'i': [2, 122], 'a': 'caveats. The utilitarian view '}]}",,,
15607,43,204,564.132,editor,i,"['The issue of automation and society is becoming an incresingly prevalent issue in the modern day as robotics and AI is becoming more sphisticated. We are now entering a world where automation is able to complete many of the different tasks that humans can, meaning that humans will not have to do them any more. These tasks vary, from the low-skill, mundane tasks like cleaning, file organization, and manufactoring, to high-speed tasks like processing. Automation is potentially one of the most important tools that humans have developed, but could also be a problem that accentuates the inequities that are in our socities. ', 'My stance on automation is that we should take full advantage of it where it can increase the quality of human life/other life, but that it should be heavily regulated so that it does not degrade the quality of life of humanity, especially for those in minorities. What I mean by this is allowing AI and automation to be used for some of the mundane tasks that are not necessarily enriching to the human experience, like cleaning, manufactoring, or data entry; or for tasks that can be accomplished much more quickly by a computer like certain kinds of processing. However, we are seeing a situation where AI is creeping in and starting to replace human creative activities and enriching careers that people deticate their lives to. Things like art, creative writing, programming, and science and gradually being overtaken by AI. Additionally, there are situations where minorities or those in lower income brackets are being impacted by automation getting rid of jobs that they need to survive and thrive. Because of this, we need strong regulation on AI and automation to help ensure that it is actually helping humanity, not increasing equity gaps and removing humans from creative acts and professions. ', 'When looking at the different perspectives provided, I think that mine most resembles the utilitarian view, but with some caveats. The utilitarian view s']",s',,,"[2, 152]","{'t': 564132, 'o': [{'o': 'i', 'i': [2, 152], 'a': 's'}]}",,,
15608,43,205,564.661,editor,d,"['The issue of automation and society is becoming an incresingly prevalent issue in the modern day as robotics and AI is becoming more sphisticated. We are now entering a world where automation is able to complete many of the different tasks that humans can, meaning that humans will not have to do them any more. These tasks vary, from the low-skill, mundane tasks like cleaning, file organization, and manufactoring, to high-speed tasks like processing. Automation is potentially one of the most important tools that humans have developed, but could also be a problem that accentuates the inequities that are in our socities. ', 'My stance on automation is that we should take full advantage of it where it can increase the quality of human life/other life, but that it should be heavily regulated so that it does not degrade the quality of life of humanity, especially for those in minorities. What I mean by this is allowing AI and automation to be used for some of the mundane tasks that are not necessarily enriching to the human experience, like cleaning, manufactoring, or data entry; or for tasks that can be accomplished much more quickly by a computer like certain kinds of processing. However, we are seeing a situation where AI is creeping in and starting to replace human creative activities and enriching careers that people deticate their lives to. Things like art, creative writing, programming, and science and gradually being overtaken by AI. Additionally, there are situations where minorities or those in lower income brackets are being impacted by automation getting rid of jobs that they need to survive and thrive. Because of this, we need strong regulation on AI and automation to help ensure that it is actually helping humanity, not increasing equity gaps and removing humans from creative acts and professions. ', 'When looking at the different perspectives provided, I think that mine most resembles the utilitarian view, but with some caveats. The utilitarian view ']",,s',,"[[2, 152], [2, 153]]","{'t': 564661, 'o': [{'o': 'd', 'i': [[2, 152], [2, 153]]}]}",,,
15609,43,206,566.01,editor,i,"['The issue of automation and society is becoming an incresingly prevalent issue in the modern day as robotics and AI is becoming more sphisticated. We are now entering a world where automation is able to complete many of the different tasks that humans can, meaning that humans will not have to do them any more. These tasks vary, from the low-skill, mundane tasks like cleaning, file organization, and manufactoring, to high-speed tasks like processing. Automation is potentially one of the most important tools that humans have developed, but could also be a problem that accentuates the inequities that are in our socities. ', 'My stance on automation is that we should take full advantage of it where it can increase the quality of human life/other life, but that it should be heavily regulated so that it does not degrade the quality of life of humanity, especially for those in minorities. What I mean by this is allowing AI and automation to be used for some of the mundane tasks that are not necessarily enriching to the human experience, like cleaning, manufactoring, or data entry; or for tasks that can be accomplished much more quickly by a computer like certain kinds of processing. However, we are seeing a situation where AI is creeping in and starting to replace human creative activities and enriching careers that people deticate their lives to. Things like art, creative writing, programming, and science and gradually being overtaken by AI. Additionally, there are situations where minorities or those in lower income brackets are being impacted by automation getting rid of jobs that they need to survive and thrive. Because of this, we need strong regulation on AI and automation to help ensure that it is actually helping humanity, not increasing equity gaps and removing humans from creative acts and professions. ', 'When looking at the different perspectives provided, I think that mine most resembles the utilitarian view, but with some caveats. The utilitarian view m']",m',,,"[2, 152]","{'t': 566010, 'o': [{'o': 'i', 'i': [2, 152], 'a': 'm'}]}",,,
15610,43,207,567.374,editor,i,"['The issue of automation and society is becoming an incresingly prevalent issue in the modern day as robotics and AI is becoming more sphisticated. We are now entering a world where automation is able to complete many of the different tasks that humans can, meaning that humans will not have to do them any more. These tasks vary, from the low-skill, mundane tasks like cleaning, file organization, and manufactoring, to high-speed tasks like processing. Automation is potentially one of the most important tools that humans have developed, but could also be a problem that accentuates the inequities that are in our socities. ', 'My stance on automation is that we should take full advantage of it where it can increase the quality of human life/other life, but that it should be heavily regulated so that it does not degrade the quality of life of humanity, especially for those in minorities. What I mean by this is allowing AI and automation to be used for some of the mundane tasks that are not necessarily enriching to the human experience, like cleaning, manufactoring, or data entry; or for tasks that can be accomplished much more quickly by a computer like certain kinds of processing. However, we are seeing a situation where AI is creeping in and starting to replace human creative activities and enriching careers that people deticate their lives to. Things like art, creative writing, programming, and science and gradually being overtaken by AI. Additionally, there are situations where minorities or those in lower income brackets are being impacted by automation getting rid of jobs that they need to survive and thrive. Because of this, we need strong regulation on AI and automation to help ensure that it is actually helping humanity, not increasing equity gaps and removing humans from creative acts and professions. ', 'When looking at the different perspectives provided, I think that mine most resembles the utilitarian view, but with some caveats. The utilitarian view maintains that ']",aintains that ',,,"[2, 153]","{'t': [566088, 567374], 'l': 14, 'o': [{'o': 'i', 'i': [2, 153], 'a': 'aintains that '}]}",,,
15611,43,208,570.92,editor,i,"['The issue of automation and society is becoming an incresingly prevalent issue in the modern day as robotics and AI is becoming more sphisticated. We are now entering a world where automation is able to complete many of the different tasks that humans can, meaning that humans will not have to do them any more. These tasks vary, from the low-skill, mundane tasks like cleaning, file organization, and manufactoring, to high-speed tasks like processing. Automation is potentially one of the most important tools that humans have developed, but could also be a problem that accentuates the inequities that are in our socities. ', 'My stance on automation is that we should take full advantage of it where it can increase the quality of human life/other life, but that it should be heavily regulated so that it does not degrade the quality of life of humanity, especially for those in minorities. What I mean by this is allowing AI and automation to be used for some of the mundane tasks that are not necessarily enriching to the human experience, like cleaning, manufactoring, or data entry; or for tasks that can be accomplished much more quickly by a computer like certain kinds of processing. However, we are seeing a situation where AI is creeping in and starting to replace human creative activities and enriching careers that people deticate their lives to. Things like art, creative writing, programming, and science and gradually being overtaken by AI. Additionally, there are situations where minorities or those in lower income brackets are being impacted by automation getting rid of jobs that they need to survive and thrive. Because of this, we need strong regulation on AI and automation to help ensure that it is actually helping humanity, not increasing equity gaps and removing humans from creative acts and professions. ', 'When looking at the different perspectives provided, I think that mine most resembles the utilitarian view, but with some caveats. The utilitarian view maintains that m']",m',,,"[2, 167]","{'t': 570920, 'o': [{'o': 'i', 'i': [2, 167], 'a': 'm'}]}",,,
15612,43,209,573.011,editor,i,"['The issue of automation and society is becoming an incresingly prevalent issue in the modern day as robotics and AI is becoming more sphisticated. We are now entering a world where automation is able to complete many of the different tasks that humans can, meaning that humans will not have to do them any more. These tasks vary, from the low-skill, mundane tasks like cleaning, file organization, and manufactoring, to high-speed tasks like processing. Automation is potentially one of the most important tools that humans have developed, but could also be a problem that accentuates the inequities that are in our socities. ', 'My stance on automation is that we should take full advantage of it where it can increase the quality of human life/other life, but that it should be heavily regulated so that it does not degrade the quality of life of humanity, especially for those in minorities. What I mean by this is allowing AI and automation to be used for some of the mundane tasks that are not necessarily enriching to the human experience, like cleaning, manufactoring, or data entry; or for tasks that can be accomplished much more quickly by a computer like certain kinds of processing. However, we are seeing a situation where AI is creeping in and starting to replace human creative activities and enriching careers that people deticate their lives to. Things like art, creative writing, programming, and science and gradually being overtaken by AI. Additionally, there are situations where minorities or those in lower income brackets are being impacted by automation getting rid of jobs that they need to survive and thrive. Because of this, we need strong regulation on AI and automation to help ensure that it is actually helping humanity, not increasing equity gaps and removing humans from creative acts and professions. ', 'When looking at the different perspectives provided, I think that mine most resembles the utilitarian view, but with some caveats. The utilitarian view maintains that machienes s']",achienes s',,,"[2, 168]","{'t': [570999, 573011], 'l': 10, 'o': [{'o': 'i', 'i': [2, 168], 'a': 'achienes s'}]}",,,
15613,43,210,574.16,editor,d,"['The issue of automation and society is becoming an incresingly prevalent issue in the modern day as robotics and AI is becoming more sphisticated. We are now entering a world where automation is able to complete many of the different tasks that humans can, meaning that humans will not have to do them any more. These tasks vary, from the low-skill, mundane tasks like cleaning, file organization, and manufactoring, to high-speed tasks like processing. Automation is potentially one of the most important tools that humans have developed, but could also be a problem that accentuates the inequities that are in our socities. ', 'My stance on automation is that we should take full advantage of it where it can increase the quality of human life/other life, but that it should be heavily regulated so that it does not degrade the quality of life of humanity, especially for those in minorities. What I mean by this is allowing AI and automation to be used for some of the mundane tasks that are not necessarily enriching to the human experience, like cleaning, manufactoring, or data entry; or for tasks that can be accomplished much more quickly by a computer like certain kinds of processing. However, we are seeing a situation where AI is creeping in and starting to replace human creative activities and enriching careers that people deticate their lives to. Things like art, creative writing, programming, and science and gradually being overtaken by AI. Additionally, there are situations where minorities or those in lower income brackets are being impacted by automation getting rid of jobs that they need to survive and thrive. Because of this, we need strong regulation on AI and automation to help ensure that it is actually helping humanity, not increasing equity gaps and removing humans from creative acts and professions. ', 'When looking at the different perspectives provided, I think that mine most resembles the utilitarian view, but with some caveats. The utilitarian view maintains that mach']",,ienes s',,"[[2, 171], [2, 178]]","{'t': [573344, 574160], 'l': 7, 'o': [{'o': 'd', 'i': [[2, 171], [2, 178]], 'd': [[1, 7]]}]}",,,
15614,43,211,578.548,editor,i,"['The issue of automation and society is becoming an incresingly prevalent issue in the modern day as robotics and AI is becoming more sphisticated. We are now entering a world where automation is able to complete many of the different tasks that humans can, meaning that humans will not have to do them any more. These tasks vary, from the low-skill, mundane tasks like cleaning, file organization, and manufactoring, to high-speed tasks like processing. Automation is potentially one of the most important tools that humans have developed, but could also be a problem that accentuates the inequities that are in our socities. ', 'My stance on automation is that we should take full advantage of it where it can increase the quality of human life/other life, but that it should be heavily regulated so that it does not degrade the quality of life of humanity, especially for those in minorities. What I mean by this is allowing AI and automation to be used for some of the mundane tasks that are not necessarily enriching to the human experience, like cleaning, manufactoring, or data entry; or for tasks that can be accomplished much more quickly by a computer like certain kinds of processing. However, we are seeing a situation where AI is creeping in and starting to replace human creative activities and enriching careers that people deticate their lives to. Things like art, creative writing, programming, and science and gradually being overtaken by AI. Additionally, there are situations where minorities or those in lower income brackets are being impacted by automation getting rid of jobs that they need to survive and thrive. Because of this, we need strong regulation on AI and automation to help ensure that it is actually helping humanity, not increasing equity gaps and removing humans from creative acts and professions. ', 'When looking at the different perspectives provided, I think that mine most resembles the utilitarian view, but with some caveats. The utilitarian view maintains that machienes should be allowed to ']",ienes should be allowed to ',,,"[2, 171]","{'t': [575044, 578548], 'l': 27, 'o': [{'o': 'i', 'i': [2, 171], 'a': 'ienes should be allowed to '}]}",,,
15615,43,212,580.241,editor,i,"['The issue of automation and society is becoming an incresingly prevalent issue in the modern day as robotics and AI is becoming more sphisticated. We are now entering a world where automation is able to complete many of the different tasks that humans can, meaning that humans will not have to do them any more. These tasks vary, from the low-skill, mundane tasks like cleaning, file organization, and manufactoring, to high-speed tasks like processing. Automation is potentially one of the most important tools that humans have developed, but could also be a problem that accentuates the inequities that are in our socities. ', 'My stance on automation is that we should take full advantage of it where it can increase the quality of human life/other life, but that it should be heavily regulated so that it does not degrade the quality of life of humanity, especially for those in minorities. What I mean by this is allowing AI and automation to be used for some of the mundane tasks that are not necessarily enriching to the human experience, like cleaning, manufactoring, or data entry; or for tasks that can be accomplished much more quickly by a computer like certain kinds of processing. However, we are seeing a situation where AI is creeping in and starting to replace human creative activities and enriching careers that people deticate their lives to. Things like art, creative writing, programming, and science and gradually being overtaken by AI. Additionally, there are situations where minorities or those in lower income brackets are being impacted by automation getting rid of jobs that they need to survive and thrive. Because of this, we need strong regulation on AI and automation to help ensure that it is actually helping humanity, not increasing equity gaps and removing humans from creative acts and professions. ', 'When looking at the different perspectives provided, I think that mine most resembles the utilitarian view, but with some caveats. The utilitarian view maintains that machienes should be allowed to t']",t',,,"[2, 198]","{'t': 580241, 'o': [{'o': 'i', 'i': [2, 198], 'a': 't'}]}",,,
15616,43,213,581.226,editor,i,"['The issue of automation and society is becoming an incresingly prevalent issue in the modern day as robotics and AI is becoming more sphisticated. We are now entering a world where automation is able to complete many of the different tasks that humans can, meaning that humans will not have to do them any more. These tasks vary, from the low-skill, mundane tasks like cleaning, file organization, and manufactoring, to high-speed tasks like processing. Automation is potentially one of the most important tools that humans have developed, but could also be a problem that accentuates the inequities that are in our socities. ', 'My stance on automation is that we should take full advantage of it where it can increase the quality of human life/other life, but that it should be heavily regulated so that it does not degrade the quality of life of humanity, especially for those in minorities. What I mean by this is allowing AI and automation to be used for some of the mundane tasks that are not necessarily enriching to the human experience, like cleaning, manufactoring, or data entry; or for tasks that can be accomplished much more quickly by a computer like certain kinds of processing. However, we are seeing a situation where AI is creeping in and starting to replace human creative activities and enriching careers that people deticate their lives to. Things like art, creative writing, programming, and science and gradually being overtaken by AI. Additionally, there are situations where minorities or those in lower income brackets are being impacted by automation getting rid of jobs that they need to survive and thrive. Because of this, we need strong regulation on AI and automation to help ensure that it is actually helping humanity, not increasing equity gaps and removing humans from creative acts and professions. ', 'When looking at the different perspectives provided, I think that mine most resembles the utilitarian view, but with some caveats. The utilitarian view maintains that machienes should be allowed to take ove ']",ake ove ',,,"[2, 199]","{'t': [580387, 581226], 'l': 8, 'o': [{'o': 'i', 'i': [2, 199], 'a': 'ake ove '}]}",,,
15617,43,214,581.568,editor,d,"['The issue of automation and society is becoming an incresingly prevalent issue in the modern day as robotics and AI is becoming more sphisticated. We are now entering a world where automation is able to complete many of the different tasks that humans can, meaning that humans will not have to do them any more. These tasks vary, from the low-skill, mundane tasks like cleaning, file organization, and manufactoring, to high-speed tasks like processing. Automation is potentially one of the most important tools that humans have developed, but could also be a problem that accentuates the inequities that are in our socities. ', 'My stance on automation is that we should take full advantage of it where it can increase the quality of human life/other life, but that it should be heavily regulated so that it does not degrade the quality of life of humanity, especially for those in minorities. What I mean by this is allowing AI and automation to be used for some of the mundane tasks that are not necessarily enriching to the human experience, like cleaning, manufactoring, or data entry; or for tasks that can be accomplished much more quickly by a computer like certain kinds of processing. However, we are seeing a situation where AI is creeping in and starting to replace human creative activities and enriching careers that people deticate their lives to. Things like art, creative writing, programming, and science and gradually being overtaken by AI. Additionally, there are situations where minorities or those in lower income brackets are being impacted by automation getting rid of jobs that they need to survive and thrive. Because of this, we need strong regulation on AI and automation to help ensure that it is actually helping humanity, not increasing equity gaps and removing humans from creative acts and professions. ', 'When looking at the different perspectives provided, I think that mine most resembles the utilitarian view, but with some caveats. The utilitarian view maintains that machienes should be allowed to take ove']",,,,"[[2, 206], [2, 207]]","{'t': 581568, 'o': [{'o': 'd', 'i': [[2, 206], [2, 207]]}]}",,,
15618,43,215,589.077,editor,i,"['The issue of automation and society is becoming an incresingly prevalent issue in the modern day as robotics and AI is becoming more sphisticated. We are now entering a world where automation is able to complete many of the different tasks that humans can, meaning that humans will not have to do them any more. These tasks vary, from the low-skill, mundane tasks like cleaning, file organization, and manufactoring, to high-speed tasks like processing. Automation is potentially one of the most important tools that humans have developed, but could also be a problem that accentuates the inequities that are in our socities. ', 'My stance on automation is that we should take full advantage of it where it can increase the quality of human life/other life, but that it should be heavily regulated so that it does not degrade the quality of life of humanity, especially for those in minorities. What I mean by this is allowing AI and automation to be used for some of the mundane tasks that are not necessarily enriching to the human experience, like cleaning, manufactoring, or data entry; or for tasks that can be accomplished much more quickly by a computer like certain kinds of processing. However, we are seeing a situation where AI is creeping in and starting to replace human creative activities and enriching careers that people deticate their lives to. Things like art, creative writing, programming, and science and gradually being overtaken by AI. Additionally, there are situations where minorities or those in lower income brackets are being impacted by automation getting rid of jobs that they need to survive and thrive. Because of this, we need strong regulation on AI and automation to help ensure that it is actually helping humanity, not increasing equity gaps and removing humans from creative acts and professions. ', 'When looking at the different perspectives provided, I think that mine most resembles the utilitarian view, but with some caveats. The utilitarian view maintains that machienes should be allowed to take over lower-paying, repetitive jobs so that humans can ac']","r lower-paying, repetitive jobs so that humans can ac'",,,"[2, 206]","{'t': [581659, 589077], 'l': 53, 'o': [{'o': 'i', 'i': [2, 206], 'a': 'r lower-paying, repetitive jobs so that humans can ac'}]}",,,
15619,43,216,589.96,editor,d,"['The issue of automation and society is becoming an incresingly prevalent issue in the modern day as robotics and AI is becoming more sphisticated. We are now entering a world where automation is able to complete many of the different tasks that humans can, meaning that humans will not have to do them any more. These tasks vary, from the low-skill, mundane tasks like cleaning, file organization, and manufactoring, to high-speed tasks like processing. Automation is potentially one of the most important tools that humans have developed, but could also be a problem that accentuates the inequities that are in our socities. ', 'My stance on automation is that we should take full advantage of it where it can increase the quality of human life/other life, but that it should be heavily regulated so that it does not degrade the quality of life of humanity, especially for those in minorities. What I mean by this is allowing AI and automation to be used for some of the mundane tasks that are not necessarily enriching to the human experience, like cleaning, manufactoring, or data entry; or for tasks that can be accomplished much more quickly by a computer like certain kinds of processing. However, we are seeing a situation where AI is creeping in and starting to replace human creative activities and enriching careers that people deticate their lives to. Things like art, creative writing, programming, and science and gradually being overtaken by AI. Additionally, there are situations where minorities or those in lower income brackets are being impacted by automation getting rid of jobs that they need to survive and thrive. Because of this, we need strong regulation on AI and automation to help ensure that it is actually helping humanity, not increasing equity gaps and removing humans from creative acts and professions. ', 'When looking at the different perspectives provided, I think that mine most resembles the utilitarian view, but with some caveats. The utilitarian view maintains that machienes should be allowed to take over lower-paying, repetitive jobs so that humans can ']",,ac',,"[[2, 257], [2, 259]]","{'t': [589817, 589960], 'l': 2, 'o': [{'o': 'd', 'i': [[2, 257], [2, 259]], 'd': [[1, 2]]}]}",,,
15620,43,217,593.401,editor,i,"['The issue of automation and society is becoming an incresingly prevalent issue in the modern day as robotics and AI is becoming more sphisticated. We are now entering a world where automation is able to complete many of the different tasks that humans can, meaning that humans will not have to do them any more. These tasks vary, from the low-skill, mundane tasks like cleaning, file organization, and manufactoring, to high-speed tasks like processing. Automation is potentially one of the most important tools that humans have developed, but could also be a problem that accentuates the inequities that are in our socities. ', 'My stance on automation is that we should take full advantage of it where it can increase the quality of human life/other life, but that it should be heavily regulated so that it does not degrade the quality of life of humanity, especially for those in minorities. What I mean by this is allowing AI and automation to be used for some of the mundane tasks that are not necessarily enriching to the human experience, like cleaning, manufactoring, or data entry; or for tasks that can be accomplished much more quickly by a computer like certain kinds of processing. However, we are seeing a situation where AI is creeping in and starting to replace human creative activities and enriching careers that people deticate their lives to. Things like art, creative writing, programming, and science and gradually being overtaken by AI. Additionally, there are situations where minorities or those in lower income brackets are being impacted by automation getting rid of jobs that they need to survive and thrive. Because of this, we need strong regulation on AI and automation to help ensure that it is actually helping humanity, not increasing equity gaps and removing humans from creative acts and professions. ', 'When looking at the different perspectives provided, I think that mine most resembles the utilitarian view, but with some caveats. The utilitarian view maintains that machienes should be allowed to take over lower-paying, repetitive jobs so that humans can b']",b',,,"[2, 257]","{'t': 593401, 'o': [{'o': 'i', 'i': [2, 257], 'a': 'b'}]}",,,
15621,43,218,604.377,editor,i,"['The issue of automation and society is becoming an incresingly prevalent issue in the modern day as robotics and AI is becoming more sphisticated. We are now entering a world where automation is able to complete many of the different tasks that humans can, meaning that humans will not have to do them any more. These tasks vary, from the low-skill, mundane tasks like cleaning, file organization, and manufactoring, to high-speed tasks like processing. Automation is potentially one of the most important tools that humans have developed, but could also be a problem that accentuates the inequities that are in our socities. ', 'My stance on automation is that we should take full advantage of it where it can increase the quality of human life/other life, but that it should be heavily regulated so that it does not degrade the quality of life of humanity, especially for those in minorities. What I mean by this is allowing AI and automation to be used for some of the mundane tasks that are not necessarily enriching to the human experience, like cleaning, manufactoring, or data entry; or for tasks that can be accomplished much more quickly by a computer like certain kinds of processing. However, we are seeing a situation where AI is creeping in and starting to replace human creative activities and enriching careers that people deticate their lives to. Things like art, creative writing, programming, and science and gradually being overtaken by AI. Additionally, there are situations where minorities or those in lower income brackets are being impacted by automation getting rid of jobs that they need to survive and thrive. Because of this, we need strong regulation on AI and automation to help ensure that it is actually helping humanity, not increasing equity gaps and removing humans from creative acts and professions. ', 'When looking at the different perspectives provided, I think that mine most resembles the utilitarian view, but with some caveats. The utilitarian view maintains that machienes should be allowed to take over lower-paying, repetitive jobs so that humans can be more prosperous and pursue more creative activities. It ']",e more prosperous and pursue more creative activities. It ',,,"[2, 258]","{'t': [593469, 604377], 'l': 58, 'o': [{'o': 'i', 'i': [2, 258], 'a': 'e more prosperous and pursue more creative activities. It '}]}",,,
15622,43,219,604.805,editor,d,"['The issue of automation and society is becoming an incresingly prevalent issue in the modern day as robotics and AI is becoming more sphisticated. We are now entering a world where automation is able to complete many of the different tasks that humans can, meaning that humans will not have to do them any more. These tasks vary, from the low-skill, mundane tasks like cleaning, file organization, and manufactoring, to high-speed tasks like processing. Automation is potentially one of the most important tools that humans have developed, but could also be a problem that accentuates the inequities that are in our socities. ', 'My stance on automation is that we should take full advantage of it where it can increase the quality of human life/other life, but that it should be heavily regulated so that it does not degrade the quality of life of humanity, especially for those in minorities. What I mean by this is allowing AI and automation to be used for some of the mundane tasks that are not necessarily enriching to the human experience, like cleaning, manufactoring, or data entry; or for tasks that can be accomplished much more quickly by a computer like certain kinds of processing. However, we are seeing a situation where AI is creeping in and starting to replace human creative activities and enriching careers that people deticate their lives to. Things like art, creative writing, programming, and science and gradually being overtaken by AI. Additionally, there are situations where minorities or those in lower income brackets are being impacted by automation getting rid of jobs that they need to survive and thrive. Because of this, we need strong regulation on AI and automation to help ensure that it is actually helping humanity, not increasing equity gaps and removing humans from creative acts and professions. ', 'When looking at the different perspectives provided, I think that mine most resembles the utilitarian view, but with some caveats. The utilitarian view maintains that machienes should be allowed to take over lower-paying, repetitive jobs so that humans can be more prosperous and pursue more creative activities. I']",,t ',,"[[2, 314], [2, 316]]","{'t': [604676, 604805], 'l': 2, 'o': [{'o': 'd', 'i': [[2, 314], [2, 316]], 'd': [[1, 2]]}]}",,,
15623,43,220,605.788,editor,i,"['The issue of automation and society is becoming an incresingly prevalent issue in the modern day as robotics and AI is becoming more sphisticated. We are now entering a world where automation is able to complete many of the different tasks that humans can, meaning that humans will not have to do them any more. These tasks vary, from the low-skill, mundane tasks like cleaning, file organization, and manufactoring, to high-speed tasks like processing. Automation is potentially one of the most important tools that humans have developed, but could also be a problem that accentuates the inequities that are in our socities. ', 'My stance on automation is that we should take full advantage of it where it can increase the quality of human life/other life, but that it should be heavily regulated so that it does not degrade the quality of life of humanity, especially for those in minorities. What I mean by this is allowing AI and automation to be used for some of the mundane tasks that are not necessarily enriching to the human experience, like cleaning, manufactoring, or data entry; or for tasks that can be accomplished much more quickly by a computer like certain kinds of processing. However, we are seeing a situation where AI is creeping in and starting to replace human creative activities and enriching careers that people deticate their lives to. Things like art, creative writing, programming, and science and gradually being overtaken by AI. Additionally, there are situations where minorities or those in lower income brackets are being impacted by automation getting rid of jobs that they need to survive and thrive. Because of this, we need strong regulation on AI and automation to help ensure that it is actually helping humanity, not increasing equity gaps and removing humans from creative acts and professions. ', 'When looking at the different perspectives provided, I think that mine most resembles the utilitarian view, but with some caveats. The utilitarian view maintains that machienes should be allowed to take over lower-paying, repetitive jobs so that humans can be more prosperous and pursue more creative activities. I alo ']",alo ',,,"[2, 314]","{'t': [605007, 605788], 'l': 5, 'o': [{'o': 'i', 'i': [2, 314], 'a': ' alo '}]}",,,
15624,43,221,606.185,editor,d,"['The issue of automation and society is becoming an incresingly prevalent issue in the modern day as robotics and AI is becoming more sphisticated. We are now entering a world where automation is able to complete many of the different tasks that humans can, meaning that humans will not have to do them any more. These tasks vary, from the low-skill, mundane tasks like cleaning, file organization, and manufactoring, to high-speed tasks like processing. Automation is potentially one of the most important tools that humans have developed, but could also be a problem that accentuates the inequities that are in our socities. ', 'My stance on automation is that we should take full advantage of it where it can increase the quality of human life/other life, but that it should be heavily regulated so that it does not degrade the quality of life of humanity, especially for those in minorities. What I mean by this is allowing AI and automation to be used for some of the mundane tasks that are not necessarily enriching to the human experience, like cleaning, manufactoring, or data entry; or for tasks that can be accomplished much more quickly by a computer like certain kinds of processing. However, we are seeing a situation where AI is creeping in and starting to replace human creative activities and enriching careers that people deticate their lives to. Things like art, creative writing, programming, and science and gradually being overtaken by AI. Additionally, there are situations where minorities or those in lower income brackets are being impacted by automation getting rid of jobs that they need to survive and thrive. Because of this, we need strong regulation on AI and automation to help ensure that it is actually helping humanity, not increasing equity gaps and removing humans from creative acts and professions. ', 'When looking at the different perspectives provided, I think that mine most resembles the utilitarian view, but with some caveats. The utilitarian view maintains that machienes should be allowed to take over lower-paying, repetitive jobs so that humans can be more prosperous and pursue more creative activities. I al']",,o ',,"[[2, 317], [2, 319]]","{'t': [606070, 606185], 'l': 2, 'o': [{'o': 'd', 'i': [[2, 317], [2, 319]], 'd': [[1, 2]]}]}",,,
15625,43,222,609.417,editor,i,"['The issue of automation and society is becoming an incresingly prevalent issue in the modern day as robotics and AI is becoming more sphisticated. We are now entering a world where automation is able to complete many of the different tasks that humans can, meaning that humans will not have to do them any more. These tasks vary, from the low-skill, mundane tasks like cleaning, file organization, and manufactoring, to high-speed tasks like processing. Automation is potentially one of the most important tools that humans have developed, but could also be a problem that accentuates the inequities that are in our socities. ', 'My stance on automation is that we should take full advantage of it where it can increase the quality of human life/other life, but that it should be heavily regulated so that it does not degrade the quality of life of humanity, especially for those in minorities. What I mean by this is allowing AI and automation to be used for some of the mundane tasks that are not necessarily enriching to the human experience, like cleaning, manufactoring, or data entry; or for tasks that can be accomplished much more quickly by a computer like certain kinds of processing. However, we are seeing a situation where AI is creeping in and starting to replace human creative activities and enriching careers that people deticate their lives to. Things like art, creative writing, programming, and science and gradually being overtaken by AI. Additionally, there are situations where minorities or those in lower income brackets are being impacted by automation getting rid of jobs that they need to survive and thrive. Because of this, we need strong regulation on AI and automation to help ensure that it is actually helping humanity, not increasing equity gaps and removing humans from creative acts and professions. ', 'When looking at the different perspectives provided, I think that mine most resembles the utilitarian view, but with some caveats. The utilitarian view maintains that machienes should be allowed to take over lower-paying, repetitive jobs so that humans can be more prosperous and pursue more creative activities. I also agree that this should e ']",so agree that this should e ',,,"[2, 317]","{'t': [606301, 609417], 'l': 28, 'o': [{'o': 'i', 'i': [2, 317], 'a': 'so agree that this should e '}]}",,,
15626,43,223,609.782,editor,d,"['The issue of automation and society is becoming an incresingly prevalent issue in the modern day as robotics and AI is becoming more sphisticated. We are now entering a world where automation is able to complete many of the different tasks that humans can, meaning that humans will not have to do them any more. These tasks vary, from the low-skill, mundane tasks like cleaning, file organization, and manufactoring, to high-speed tasks like processing. Automation is potentially one of the most important tools that humans have developed, but could also be a problem that accentuates the inequities that are in our socities. ', 'My stance on automation is that we should take full advantage of it where it can increase the quality of human life/other life, but that it should be heavily regulated so that it does not degrade the quality of life of humanity, especially for those in minorities. What I mean by this is allowing AI and automation to be used for some of the mundane tasks that are not necessarily enriching to the human experience, like cleaning, manufactoring, or data entry; or for tasks that can be accomplished much more quickly by a computer like certain kinds of processing. However, we are seeing a situation where AI is creeping in and starting to replace human creative activities and enriching careers that people deticate their lives to. Things like art, creative writing, programming, and science and gradually being overtaken by AI. Additionally, there are situations where minorities or those in lower income brackets are being impacted by automation getting rid of jobs that they need to survive and thrive. Because of this, we need strong regulation on AI and automation to help ensure that it is actually helping humanity, not increasing equity gaps and removing humans from creative acts and professions. ', 'When looking at the different perspectives provided, I think that mine most resembles the utilitarian view, but with some caveats. The utilitarian view maintains that machienes should be allowed to take over lower-paying, repetitive jobs so that humans can be more prosperous and pursue more creative activities. I also agree that this should ']",,e ',,"[[2, 343], [2, 345]]","{'t': [609649, 609782], 'l': 2, 'o': [{'o': 'd', 'i': [[2, 343], [2, 345]], 'd': [[1, 2]]}]}",,,
15627,43,224,613.563,editor,i,"['The issue of automation and society is becoming an incresingly prevalent issue in the modern day as robotics and AI is becoming more sphisticated. We are now entering a world where automation is able to complete many of the different tasks that humans can, meaning that humans will not have to do them any more. These tasks vary, from the low-skill, mundane tasks like cleaning, file organization, and manufactoring, to high-speed tasks like processing. Automation is potentially one of the most important tools that humans have developed, but could also be a problem that accentuates the inequities that are in our socities. ', 'My stance on automation is that we should take full advantage of it where it can increase the quality of human life/other life, but that it should be heavily regulated so that it does not degrade the quality of life of humanity, especially for those in minorities. What I mean by this is allowing AI and automation to be used for some of the mundane tasks that are not necessarily enriching to the human experience, like cleaning, manufactoring, or data entry; or for tasks that can be accomplished much more quickly by a computer like certain kinds of processing. However, we are seeing a situation where AI is creeping in and starting to replace human creative activities and enriching careers that people deticate their lives to. Things like art, creative writing, programming, and science and gradually being overtaken by AI. Additionally, there are situations where minorities or those in lower income brackets are being impacted by automation getting rid of jobs that they need to survive and thrive. Because of this, we need strong regulation on AI and automation to help ensure that it is actually helping humanity, not increasing equity gaps and removing humans from creative acts and professions. ', 'When looking at the different perspectives provided, I think that mine most resembles the utilitarian view, but with some caveats. The utilitarian view maintains that machienes should be allowed to take over lower-paying, repetitive jobs so that humans can be more prosperous and pursue more creative activities. I also agree that this should be the case, but I feel that the ']","be the case, but I feel that the '",,,"[2, 343]","{'t': [609986, 613563], 'l': 33, 'o': [{'o': 'i', 'i': [2, 343], 'a': 'be the case, but I feel that the '}]}",,,
15628,43,225,614.667,editor,d,"['The issue of automation and society is becoming an incresingly prevalent issue in the modern day as robotics and AI is becoming more sphisticated. We are now entering a world where automation is able to complete many of the different tasks that humans can, meaning that humans will not have to do them any more. These tasks vary, from the low-skill, mundane tasks like cleaning, file organization, and manufactoring, to high-speed tasks like processing. Automation is potentially one of the most important tools that humans have developed, but could also be a problem that accentuates the inequities that are in our socities. ', 'My stance on automation is that we should take full advantage of it where it can increase the quality of human life/other life, but that it should be heavily regulated so that it does not degrade the quality of life of humanity, especially for those in minorities. What I mean by this is allowing AI and automation to be used for some of the mundane tasks that are not necessarily enriching to the human experience, like cleaning, manufactoring, or data entry; or for tasks that can be accomplished much more quickly by a computer like certain kinds of processing. However, we are seeing a situation where AI is creeping in and starting to replace human creative activities and enriching careers that people deticate their lives to. Things like art, creative writing, programming, and science and gradually being overtaken by AI. Additionally, there are situations where minorities or those in lower income brackets are being impacted by automation getting rid of jobs that they need to survive and thrive. Because of this, we need strong regulation on AI and automation to help ensure that it is actually helping humanity, not increasing equity gaps and removing humans from creative acts and professions. ', 'When looking at the different perspectives provided, I think that mine most resembles the utilitarian view, but with some caveats. The utilitarian view maintains that machienes should be allowed to take over lower-paying, repetitive jobs so that humans can be more prosperous and pursue more creative activities. I also agree that this should be the case, but I feel that t']",,he ',,"[[2, 373], [2, 376]]","{'t': [614413, 614667], 'l': 3, 'o': [{'o': 'd', 'i': [[2, 373], [2, 376]], 'd': [[1, 3]]}]}",,,
15629,43,226,618.004,editor,i,"['The issue of automation and society is becoming an incresingly prevalent issue in the modern day as robotics and AI is becoming more sphisticated. We are now entering a world where automation is able to complete many of the different tasks that humans can, meaning that humans will not have to do them any more. These tasks vary, from the low-skill, mundane tasks like cleaning, file organization, and manufactoring, to high-speed tasks like processing. Automation is potentially one of the most important tools that humans have developed, but could also be a problem that accentuates the inequities that are in our socities. ', 'My stance on automation is that we should take full advantage of it where it can increase the quality of human life/other life, but that it should be heavily regulated so that it does not degrade the quality of life of humanity, especially for those in minorities. What I mean by this is allowing AI and automation to be used for some of the mundane tasks that are not necessarily enriching to the human experience, like cleaning, manufactoring, or data entry; or for tasks that can be accomplished much more quickly by a computer like certain kinds of processing. However, we are seeing a situation where AI is creeping in and starting to replace human creative activities and enriching careers that people deticate their lives to. Things like art, creative writing, programming, and science and gradually being overtaken by AI. Additionally, there are situations where minorities or those in lower income brackets are being impacted by automation getting rid of jobs that they need to survive and thrive. Because of this, we need strong regulation on AI and automation to help ensure that it is actually helping humanity, not increasing equity gaps and removing humans from creative acts and professions. ', 'When looking at the different perspectives provided, I think that mine most resembles the utilitarian view, but with some caveats. The utilitarian view maintains that machienes should be allowed to take over lower-paying, repetitive jobs so that humans can be more prosperous and pursue more creative activities. I also agree that this should be the case, but I feel that this view leaves ou ']",his view leaves ou ',,,"[2, 373]","{'t': [615323, 618004], 'l': 19, 'o': [{'o': 'i', 'i': [2, 373], 'a': 'his view leaves ou '}]}",,,
15630,43,227,618.297,editor,d,"['The issue of automation and society is becoming an incresingly prevalent issue in the modern day as robotics and AI is becoming more sphisticated. We are now entering a world where automation is able to complete many of the different tasks that humans can, meaning that humans will not have to do them any more. These tasks vary, from the low-skill, mundane tasks like cleaning, file organization, and manufactoring, to high-speed tasks like processing. Automation is potentially one of the most important tools that humans have developed, but could also be a problem that accentuates the inequities that are in our socities. ', 'My stance on automation is that we should take full advantage of it where it can increase the quality of human life/other life, but that it should be heavily regulated so that it does not degrade the quality of life of humanity, especially for those in minorities. What I mean by this is allowing AI and automation to be used for some of the mundane tasks that are not necessarily enriching to the human experience, like cleaning, manufactoring, or data entry; or for tasks that can be accomplished much more quickly by a computer like certain kinds of processing. However, we are seeing a situation where AI is creeping in and starting to replace human creative activities and enriching careers that people deticate their lives to. Things like art, creative writing, programming, and science and gradually being overtaken by AI. Additionally, there are situations where minorities or those in lower income brackets are being impacted by automation getting rid of jobs that they need to survive and thrive. Because of this, we need strong regulation on AI and automation to help ensure that it is actually helping humanity, not increasing equity gaps and removing humans from creative acts and professions. ', 'When looking at the different perspectives provided, I think that mine most resembles the utilitarian view, but with some caveats. The utilitarian view maintains that machienes should be allowed to take over lower-paying, repetitive jobs so that humans can be more prosperous and pursue more creative activities. I also agree that this should be the case, but I feel that this view leaves ou']",,,,"[[2, 391], [2, 392]]","{'t': 618297, 'o': [{'o': 'd', 'i': [[2, 391], [2, 392]]}]}",,,
15631,43,228,621.496,editor,i,"['The issue of automation and society is becoming an incresingly prevalent issue in the modern day as robotics and AI is becoming more sphisticated. We are now entering a world where automation is able to complete many of the different tasks that humans can, meaning that humans will not have to do them any more. These tasks vary, from the low-skill, mundane tasks like cleaning, file organization, and manufactoring, to high-speed tasks like processing. Automation is potentially one of the most important tools that humans have developed, but could also be a problem that accentuates the inequities that are in our socities. ', 'My stance on automation is that we should take full advantage of it where it can increase the quality of human life/other life, but that it should be heavily regulated so that it does not degrade the quality of life of humanity, especially for those in minorities. What I mean by this is allowing AI and automation to be used for some of the mundane tasks that are not necessarily enriching to the human experience, like cleaning, manufactoring, or data entry; or for tasks that can be accomplished much more quickly by a computer like certain kinds of processing. However, we are seeing a situation where AI is creeping in and starting to replace human creative activities and enriching careers that people deticate their lives to. Things like art, creative writing, programming, and science and gradually being overtaken by AI. Additionally, there are situations where minorities or those in lower income brackets are being impacted by automation getting rid of jobs that they need to survive and thrive. Because of this, we need strong regulation on AI and automation to help ensure that it is actually helping humanity, not increasing equity gaps and removing humans from creative acts and professions. ', 'When looking at the different perspectives provided, I think that mine most resembles the utilitarian view, but with some caveats. The utilitarian view maintains that machienes should be allowed to take over lower-paying, repetitive jobs so that humans can be more prosperous and pursue more creative activities. I also agree that this should be the case, but I feel that this view leaves out some very important va']",t some very important va',,,"[2, 391]","{'t': [618400, 621496], 'l': 24, 'o': [{'o': 'i', 'i': [2, 391], 'a': 't some very important va'}]}",,,
15632,43,229,622.16,editor,d,"['The issue of automation and society is becoming an incresingly prevalent issue in the modern day as robotics and AI is becoming more sphisticated. We are now entering a world where automation is able to complete many of the different tasks that humans can, meaning that humans will not have to do them any more. These tasks vary, from the low-skill, mundane tasks like cleaning, file organization, and manufactoring, to high-speed tasks like processing. Automation is potentially one of the most important tools that humans have developed, but could also be a problem that accentuates the inequities that are in our socities. ', 'My stance on automation is that we should take full advantage of it where it can increase the quality of human life/other life, but that it should be heavily regulated so that it does not degrade the quality of life of humanity, especially for those in minorities. What I mean by this is allowing AI and automation to be used for some of the mundane tasks that are not necessarily enriching to the human experience, like cleaning, manufactoring, or data entry; or for tasks that can be accomplished much more quickly by a computer like certain kinds of processing. However, we are seeing a situation where AI is creeping in and starting to replace human creative activities and enriching careers that people deticate their lives to. Things like art, creative writing, programming, and science and gradually being overtaken by AI. Additionally, there are situations where minorities or those in lower income brackets are being impacted by automation getting rid of jobs that they need to survive and thrive. Because of this, we need strong regulation on AI and automation to help ensure that it is actually helping humanity, not increasing equity gaps and removing humans from creative acts and professions. ', 'When looking at the different perspectives provided, I think that mine most resembles the utilitarian view, but with some caveats. The utilitarian view maintains that machienes should be allowed to take over lower-paying, repetitive jobs so that humans can be more prosperous and pursue more creative activities. I also agree that this should be the case, but I feel that this view leaves out some very important ']",,va',,"[[2, 413], [2, 415]]","{'t': [622042, 622160], 'l': 2, 'o': [{'o': 'd', 'i': [[2, 413], [2, 415]], 'd': [[1, 2]]}]}",,,
15633,43,230,625.525,editor,i,"['The issue of automation and society is becoming an incresingly prevalent issue in the modern day as robotics and AI is becoming more sphisticated. We are now entering a world where automation is able to complete many of the different tasks that humans can, meaning that humans will not have to do them any more. These tasks vary, from the low-skill, mundane tasks like cleaning, file organization, and manufactoring, to high-speed tasks like processing. Automation is potentially one of the most important tools that humans have developed, but could also be a problem that accentuates the inequities that are in our socities. ', 'My stance on automation is that we should take full advantage of it where it can increase the quality of human life/other life, but that it should be heavily regulated so that it does not degrade the quality of life of humanity, especially for those in minorities. What I mean by this is allowing AI and automation to be used for some of the mundane tasks that are not necessarily enriching to the human experience, like cleaning, manufactoring, or data entry; or for tasks that can be accomplished much more quickly by a computer like certain kinds of processing. However, we are seeing a situation where AI is creeping in and starting to replace human creative activities and enriching careers that people deticate their lives to. Things like art, creative writing, programming, and science and gradually being overtaken by AI. Additionally, there are situations where minorities or those in lower income brackets are being impacted by automation getting rid of jobs that they need to survive and thrive. Because of this, we need strong regulation on AI and automation to help ensure that it is actually helping humanity, not increasing equity gaps and removing humans from creative acts and professions. ', 'When looking at the different perspectives provided, I think that mine most resembles the utilitarian view, but with some caveats. The utilitarian view maintains that machienes should be allowed to take over lower-paying, repetitive jobs so that humans can be more prosperous and pursue more creative activities. I also agree that this should be the case, but I feel that this view leaves out some very important caveats to make sure that ']",caveats to make sure that ',,,"[2, 413]","{'t': [622317, 625525], 'l': 26, 'o': [{'o': 'i', 'i': [2, 413], 'a': 'caveats to make sure that '}]}",,,
15634,43,231,628.719,editor,i,"['The issue of automation and society is becoming an incresingly prevalent issue in the modern day as robotics and AI is becoming more sphisticated. We are now entering a world where automation is able to complete many of the different tasks that humans can, meaning that humans will not have to do them any more. These tasks vary, from the low-skill, mundane tasks like cleaning, file organization, and manufactoring, to high-speed tasks like processing. Automation is potentially one of the most important tools that humans have developed, but could also be a problem that accentuates the inequities that are in our socities. ', 'My stance on automation is that we should take full advantage of it where it can increase the quality of human life/other life, but that it should be heavily regulated so that it does not degrade the quality of life of humanity, especially for those in minorities. What I mean by this is allowing AI and automation to be used for some of the mundane tasks that are not necessarily enriching to the human experience, like cleaning, manufactoring, or data entry; or for tasks that can be accomplished much more quickly by a computer like certain kinds of processing. However, we are seeing a situation where AI is creeping in and starting to replace human creative activities and enriching careers that people deticate their lives to. Things like art, creative writing, programming, and science and gradually being overtaken by AI. Additionally, there are situations where minorities or those in lower income brackets are being impacted by automation getting rid of jobs that they need to survive and thrive. Because of this, we need strong regulation on AI and automation to help ensure that it is actually helping humanity, not increasing equity gaps and removing humans from creative acts and professions. ', 'When looking at the different perspectives provided, I think that mine most resembles the utilitarian view, but with some caveats. The utilitarian view maintains that machienes should be allowed to take over lower-paying, repetitive jobs so that humans can be more prosperous and pursue more creative activities. I also agree that this should be the case, but I feel that this view leaves out some very important caveats to make sure that m']",m',,,"[2, 439]","{'t': 628719, 'o': [{'o': 'i', 'i': [2, 439], 'a': 'm'}]}",,,
15635,43,232,631.862,editor,i,"['The issue of automation and society is becoming an incresingly prevalent issue in the modern day as robotics and AI is becoming more sphisticated. We are now entering a world where automation is able to complete many of the different tasks that humans can, meaning that humans will not have to do them any more. These tasks vary, from the low-skill, mundane tasks like cleaning, file organization, and manufactoring, to high-speed tasks like processing. Automation is potentially one of the most important tools that humans have developed, but could also be a problem that accentuates the inequities that are in our socities. ', 'My stance on automation is that we should take full advantage of it where it can increase the quality of human life/other life, but that it should be heavily regulated so that it does not degrade the quality of life of humanity, especially for those in minorities. What I mean by this is allowing AI and automation to be used for some of the mundane tasks that are not necessarily enriching to the human experience, like cleaning, manufactoring, or data entry; or for tasks that can be accomplished much more quickly by a computer like certain kinds of processing. However, we are seeing a situation where AI is creeping in and starting to replace human creative activities and enriching careers that people deticate their lives to. Things like art, creative writing, programming, and science and gradually being overtaken by AI. Additionally, there are situations where minorities or those in lower income brackets are being impacted by automation getting rid of jobs that they need to survive and thrive. Because of this, we need strong regulation on AI and automation to help ensure that it is actually helping humanity, not increasing equity gaps and removing humans from creative acts and professions. ', ""When looking at the different perspectives provided, I think that mine most resembles the utilitarian view, but with some caveats. The utilitarian view maintains that machienes should be allowed to take over lower-paying, repetitive jobs so that humans can be more prosperous and pursue more creative activities. I also agree that this should be the case, but I feel that this view leaves out some very important caveats to make sure that machienes also don' ""]",achienes also don' ,,,"[2, 440]","{'t': [628805, 631862], 'l': 19, 'o': [{'o': 'i', 'i': [2, 440], 'a': ""achienes also don' ""}]}",,,
15636,43,233,632.085,editor,d,"['The issue of automation and society is becoming an incresingly prevalent issue in the modern day as robotics and AI is becoming more sphisticated. We are now entering a world where automation is able to complete many of the different tasks that humans can, meaning that humans will not have to do them any more. These tasks vary, from the low-skill, mundane tasks like cleaning, file organization, and manufactoring, to high-speed tasks like processing. Automation is potentially one of the most important tools that humans have developed, but could also be a problem that accentuates the inequities that are in our socities. ', 'My stance on automation is that we should take full advantage of it where it can increase the quality of human life/other life, but that it should be heavily regulated so that it does not degrade the quality of life of humanity, especially for those in minorities. What I mean by this is allowing AI and automation to be used for some of the mundane tasks that are not necessarily enriching to the human experience, like cleaning, manufactoring, or data entry; or for tasks that can be accomplished much more quickly by a computer like certain kinds of processing. However, we are seeing a situation where AI is creeping in and starting to replace human creative activities and enriching careers that people deticate their lives to. Things like art, creative writing, programming, and science and gradually being overtaken by AI. Additionally, there are situations where minorities or those in lower income brackets are being impacted by automation getting rid of jobs that they need to survive and thrive. Because of this, we need strong regulation on AI and automation to help ensure that it is actually helping humanity, not increasing equity gaps and removing humans from creative acts and professions. ', ""When looking at the different perspectives provided, I think that mine most resembles the utilitarian view, but with some caveats. The utilitarian view maintains that machienes should be allowed to take over lower-paying, repetitive jobs so that humans can be more prosperous and pursue more creative activities. I also agree that this should be the case, but I feel that this view leaves out some very important caveats to make sure that machienes also don'""]",,,,"[[2, 458], [2, 459]]","{'t': 632085, 'o': [{'o': 'd', 'i': [[2, 458], [2, 459]]}]}",,,
15637,43,234,635.442,editor,y,,,,"The issue of automation and society is becoming an incresingly prevalent issue in the modern day as robotics and AI is becoming more sphisticated. We are now entering a world where automation is able to complete many of the different tasks that humans can, meaning that humans will not have to do them any more. These tasks vary, from the low-skill, mundane tasks like cleaning, file organization, and manufactoring, to high-speed tasks like processing. Automation is potentially one of the most important tools that humans have developed, but could also be a problem that accentuates the inequities that are in our socities. 
My stance on automation is that we should take full advantage of it where it can increase the quality of human life/other life, but that it should be heavily regulated so that it does not degrade the quality of life of humanity, especially for those in minorities. What I mean by this is allowing AI and automation to be used for some of the mundane tasks that are not necessarily enriching to the human experience, like cleaning, manufactoring, or data entry; or for tasks that can be accomplished much more quickly by a computer like certain kinds of processing. However, we are seeing a situation where AI is creeping in and starting to replace human creative activities and enriching careers that people deticate their lives to. Things like art, creative writing, programming, and science and gradually being overtaken by AI. Additionally, there are situations where minorities or those in lower income brackets are being impacted by automation getting rid of jobs that they need to survive and thrive. Because of this, we need strong regulation on AI and automation to help ensure that it is actually helping humanity, not increasing equity gaps and removing humans from creative acts and professions. 
When looking at the different perspectives provided, I think that mine most resembles the utilitarian view, but with some caveats. The utilitarian view maintains that machienes should be allowed to take over lower-paying, repetitive jobs so that humans can be more prosperous and pursue more creative activities. I also agree that this should be the case, but I feel that this view leaves out some very important caveats to make sure that machienes also don't leave people out of jobs entirely and widen equity gaps. ",,,,,
15638,43,235,636.877,editor,i,"['The issue of automation and society is becoming an incresingly prevalent issue in the modern day as robotics and AI is becoming more sphisticated. We are now entering a world where automation is able to complete many of the different tasks that humans can, meaning that humans will not have to do them any more. These tasks vary, from the low-skill, mundane tasks like cleaning, file organization, and manufactoring, to high-speed tasks like processing. Automation is potentially one of the most important tools that humans have developed, but could also be a problem that accentuates the inequities that are in our socities. ', 'My stance on automation is that we should take full advantage of it where it can increase the quality of human life/other life, but that it should be heavily regulated so that it does not degrade the quality of life of humanity, especially for those in minorities. What I mean by this is allowing AI and automation to be used for some of the mundane tasks that are not necessarily enriching to the human experience, like cleaning, manufactoring, or data entry; or for tasks that can be accomplished much more quickly by a computer like certain kinds of processing. However, we are seeing a situation where AI is creeping in and starting to replace human creative activities and enriching careers that people deticate their lives to. Things like art, creative writing, programming, and science and gradually being overtaken by AI. Additionally, there are situations where minorities or those in lower income brackets are being impacted by automation getting rid of jobs that they need to survive and thrive. Because of this, we need strong regulation on AI and automation to help ensure that it is actually helping humanity, not increasing equity gaps and removing humans from creative acts and professions. ', ""When looking at the different perspectives provided, I think that mine most resembles the utilitarian view, but with some caveats. The utilitarian view maintains that machienes should be allowed to take over lower-paying, repetitive jobs so that humans can be more prosperous and pursue more creative activities. I also agree that this should be the case, but I feel that this view leaves out some very important caveats to make sure that machienes also don't leave people out of jobs entiel""]",t leave people out of jobs entiel',,,"[2, 458]","{'t': [632451, 636877], 'l': 33, 'o': [{'o': 'i', 'i': [2, 458], 'a': 't leave people out of jobs entiel'}]}",,,
15639,43,236,637.299,editor,d,"['The issue of automation and society is becoming an incresingly prevalent issue in the modern day as robotics and AI is becoming more sphisticated. We are now entering a world where automation is able to complete many of the different tasks that humans can, meaning that humans will not have to do them any more. These tasks vary, from the low-skill, mundane tasks like cleaning, file organization, and manufactoring, to high-speed tasks like processing. Automation is potentially one of the most important tools that humans have developed, but could also be a problem that accentuates the inequities that are in our socities. ', 'My stance on automation is that we should take full advantage of it where it can increase the quality of human life/other life, but that it should be heavily regulated so that it does not degrade the quality of life of humanity, especially for those in minorities. What I mean by this is allowing AI and automation to be used for some of the mundane tasks that are not necessarily enriching to the human experience, like cleaning, manufactoring, or data entry; or for tasks that can be accomplished much more quickly by a computer like certain kinds of processing. However, we are seeing a situation where AI is creeping in and starting to replace human creative activities and enriching careers that people deticate their lives to. Things like art, creative writing, programming, and science and gradually being overtaken by AI. Additionally, there are situations where minorities or those in lower income brackets are being impacted by automation getting rid of jobs that they need to survive and thrive. Because of this, we need strong regulation on AI and automation to help ensure that it is actually helping humanity, not increasing equity gaps and removing humans from creative acts and professions. ', ""When looking at the different perspectives provided, I think that mine most resembles the utilitarian view, but with some caveats. The utilitarian view maintains that machienes should be allowed to take over lower-paying, repetitive jobs so that humans can be more prosperous and pursue more creative activities. I also agree that this should be the case, but I feel that this view leaves out some very important caveats to make sure that machienes also don't leave people out of jobs enti""]",,el',,"[[2, 489], [2, 491]]","{'t': [637174, 637299], 'l': 2, 'o': [{'o': 'd', 'i': [[2, 489], [2, 491]], 'd': [[1, 2]]}]}",,,
15640,43,237,642.272,editor,i,"['The issue of automation and society is becoming an incresingly prevalent issue in the modern day as robotics and AI is becoming more sphisticated. We are now entering a world where automation is able to complete many of the different tasks that humans can, meaning that humans will not have to do them any more. These tasks vary, from the low-skill, mundane tasks like cleaning, file organization, and manufactoring, to high-speed tasks like processing. Automation is potentially one of the most important tools that humans have developed, but could also be a problem that accentuates the inequities that are in our socities. ', 'My stance on automation is that we should take full advantage of it where it can increase the quality of human life/other life, but that it should be heavily regulated so that it does not degrade the quality of life of humanity, especially for those in minorities. What I mean by this is allowing AI and automation to be used for some of the mundane tasks that are not necessarily enriching to the human experience, like cleaning, manufactoring, or data entry; or for tasks that can be accomplished much more quickly by a computer like certain kinds of processing. However, we are seeing a situation where AI is creeping in and starting to replace human creative activities and enriching careers that people deticate their lives to. Things like art, creative writing, programming, and science and gradually being overtaken by AI. Additionally, there are situations where minorities or those in lower income brackets are being impacted by automation getting rid of jobs that they need to survive and thrive. Because of this, we need strong regulation on AI and automation to help ensure that it is actually helping humanity, not increasing equity gaps and removing humans from creative acts and professions. ', ""When looking at the different perspectives provided, I think that mine most resembles the utilitarian view, but with some caveats. The utilitarian view maintains that machienes should be allowed to take over lower-paying, repetitive jobs so that humans can be more prosperous and pursue more creative activities. I also agree that this should be the case, but I feel that this view leaves out some very important caveats to make sure that machienes also don't leave people out of jobs entirely and widen equity gaps. ""]",rely and widen equity gaps. ',,,"[2, 489]","{'t': [637375, 642272], 'l': 28, 'o': [{'o': 'i', 'i': [2, 489], 'a': 'rely and widen equity gaps. '}]}",,,
15641,43,238,650.679,editor,o,"['The issue of automation and society is becoming an incresingly prevalent issue in the modern day as robotics and AI is becoming more sphisticated. We are now entering a world where automation is able to complete many of the different tasks that humans can, meaning that humans will not have to do them any more. These tasks vary, from the low-skill, mundane tasks like cleaning, file organization, and manufactoring, to high-speed tasks like processing. Automation is potentially one of the most important tools that humans have developed, but could also be a problem that accentuates the inequities that are in our socities. ', 'My stance on automation is that we should take full advantage of it where it can increase the quality of human life/other life, but that it should be heavily regulated so that it does not degrade the quality of life of humanity, especially for those in minorities. What I mean by this is allowing AI and automation to be used for some of the mundane tasks that are not necessarily enriching to the human experience, like cleaning, manufactoring, or data entry; or for tasks that can be accomplished much more quickly by a computer like certain kinds of processing. However, we are seeing a situation where AI is creeping in and starting to replace human creative activities and enriching careers that people deticate their lives to. Things like art, creative writing, programming, and science and gradually being overtaken by AI. Additionally, there are situations where minorities or those in lower income brackets are being impacted by automation getting rid of jobs that they need to survive and thrive. Because of this, we need strong regulation on AI and automation to help ensure that it is actually helping humanity, not increasing equity gaps and removing humans from creative acts and professions. ', ""When looking at the different perspectives provided, I think that mine most resembles the utilitarian view, but with some caveats. The utilitarian view maintains that machienes should be allowed to take over lower-paying, repetitive jobs so that humans can be more prosperous and pursue more creative activities. I also agree that this should be the case, but I feel that this view leaves out some very important caveats to make sure that machienes also don't leave people out of jobs entirely and widen equity gaps. ""]",,,,"[2, 517]","{'t': 650679, 'o': [{'o': 'o', 'i': [2, 517]}]}",,,
15642,43,239,653.09,editor,l,"['The issue of automation and society is becoming an incresingly prevalent issue in the modern day as robotics and AI is becoming more sphisticated. We are now entering a world where automation is able to complete many of the different tasks that humans can, meaning that humans will not have to do them any more. These tasks vary, from the low-skill, mundane tasks like cleaning, file organization, and manufactoring, to high-speed tasks like processing. Automation is potentially one of the most important tools that humans have developed, but could also be a problem that accentuates the inequities that are in our socities. ', 'My stance on automation is that we should take full advantage of it where it can increase the quality of human life/other life, but that it should be heavily regulated so that it does not degrade the quality of life of humanity, especially for those in minorities. What I mean by this is allowing AI and automation to be used for some of the mundane tasks that are not necessarily enriching to the human experience, like cleaning, manufactoring, or data entry; or for tasks that can be accomplished much more quickly by a computer like certain kinds of processing. However, we are seeing a situation where AI is creeping in and starting to replace human creative activities and enriching careers that people deticate their lives to. Things like art, creative writing, programming, and science and gradually being overtaken by AI. Additionally, there are situations where minorities or those in lower income brackets are being impacted by automation getting rid of jobs that they need to survive and thrive. Because of this, we need strong regulation on AI and automation to help ensure that it is actually helping humanity, not increasing equity gaps and removing humans from creative acts and professions. ', ""When looking at the different perspectives provided, I think that mine most resembles the utilitarian view, but with some caveats. The utilitarian view maintains that machienes should be allowed to take over lower-paying, repetitive jobs so that humans can be more prosperous and pursue more creative activities. I also agree that this should be the case, but I feel that this view leaves out some very important caveats to make sure that machienes also don't leave people out of jobs entirely and widen equity gaps. ""]",,,"When looking at the different perspectives provided, I think that mine most resembles the utilitarian view, but with some caveats. The utilitarian view maintains that machienes should be allowed to take over lower-paying, repetitive jobs so that humans can be more prosperous and pursue more creative activities. I also agree that this should be the case, but I feel that this view leaves out some very important caveats to make sure that machienes also don't leave people out of jobs entirely and widen equity gaps. ","[[2, 517], [2, 0]]","{'t': [650941, 653090], 'l': 27, 'o': [{'o': 'l', 'i': [2, 517], 's': [[2, [448, [380, 379]]], [1, [1199, 991, 785, 583, [513, 512], 375, 306, 235, 172]], [0, [564, 437, 305, 167, 0, 33, 95, 164, [233, 232], 161, 90, 27, 0]]]}]}",,,
15643,43,240,655.037,editor,o,"['The issue of automation and society is becoming an incresingly prevalent issue in the modern day as robotics and AI is becoming more sphisticated. We are now entering a world where automation is able to complete many of the different tasks that humans can, meaning that humans will not have to do them any more. These tasks vary, from the low-skill, mundane tasks like cleaning, file organization, and manufactoring, to high-speed tasks like processing. Automation is potentially one of the most important tools that humans have developed, but could also be a problem that accentuates the inequities that are in our socities. ', 'My stance on automation is that we should take full advantage of it where it can increase the quality of human life/other life, but that it should be heavily regulated so that it does not degrade the quality of life of humanity, especially for those in minorities. What I mean by this is allowing AI and automation to be used for some of the mundane tasks that are not necessarily enriching to the human experience, like cleaning, manufactoring, or data entry; or for tasks that can be accomplished much more quickly by a computer like certain kinds of processing. However, we are seeing a situation where AI is creeping in and starting to replace human creative activities and enriching careers that people deticate their lives to. Things like art, creative writing, programming, and science and gradually being overtaken by AI. Additionally, there are situations where minorities or those in lower income brackets are being impacted by automation getting rid of jobs that they need to survive and thrive. Because of this, we need strong regulation on AI and automation to help ensure that it is actually helping humanity, not increasing equity gaps and removing humans from creative acts and professions. ', ""When looking at the different perspectives provided, I think that mine most resembles the utilitarian view, but with some caveats. The utilitarian view maintains that machienes should be allowed to take over lower-paying, repetitive jobs so that humans can be more prosperous and pursue more creative activities. I also agree that this should be the case, but I feel that this view leaves out some very important caveats to make sure that machienes also don't leave people out of jobs entirely and widen equity gaps. ""]",,,,"[0, 429]","{'t': 655037, 'o': [{'o': 'o', 'i': [0, 429]}]}",,,
15644,43,241,659.351,gpt,p,,,,"The issue of automation and society is becoming an incresingly prevalent issue in the modern day as robotics and AI is becoming more sphisticated. We are now entering a world where automation is able to complete many of the different tasks that humans can, meaning that humans will not have to do them any more. These tasks vary, from the low-skill, mundane tasks like cleaning, file organization, and manufactoring, to high-speed tasks like processing. Automation is potentially one of the most important tools that humans have developed, but could also be a problem that accentuates the inequities that are in our socities. 
My stance on automation is that we should take full advantage of it where it can increase the quality of human life/other life, but that it should be heavily regulated so that it does not degrade the quality of life of humanity, especially for those in minorities. What I mean by this is allowing AI and automation to be used for some of the mundane tasks that are not necessarily enriching to the human experience, like cleaning, manufactoring, or data entry; or for tasks that can be accomplished much more quickly by a computer like certain kinds of processing. However, we are seeing a situation where AI is creeping in and starting to replace human creative activities and enriching careers that people deticate their lives to. Things like art, creative writing, programming, and science and gradually being overtaken by AI. Additionally, there are situations where minorities or those in lower income brackets are being impacted by automation getting rid of jobs that they need to survive and thrive. Because of this, we need strong regulation on AI and automation to help ensure that it is actually helping humanity, not increasing equity gaps and removing humans from creative acts and professions. 
When looking at the different perspectives provided, I think that mine most resembles the utilitarian view, but with some caveats. The utilitarian view maintains that machienes should be allowed to take over lower-paying, repetitive jobs so that humans can be more prosperous and pursue more creative activities. I also agree that this should be the case, but I feel that this view leaves out some very important caveats to make sure that machienes also don't leave people out of jobs entirely and widen equity gaps. ",,,,,
15645,43,242,659.602,gpt,gpt_inquiry,,,,"Can you look over this essay for general grammar/spelling issues and tell me where any are?
The issue of automation and society is becoming an incresingly prevalent issue in the modern day as robotics and AI is becoming more sphisticated. We are now entering a world where automation is able to complete many of the different tasks that humans can, meaning that humans will not have to do them any more. These tasks vary, from the low-skill, mundane tasks like cleaning, file organization, and manufactoring, to high-speed tasks like processing. Automation is potentially one of the most important tools that humans have developed, but could also be a problem that accentuates the inequities that are in our socities. 
My stance on automation is that we should take full advantage of it where it can increase the quality of human life/other life, but that it should be heavily regulated so that it does not degrade the quality of life of humanity, especially for those in minorities. What I mean by this is allowing AI and automation to be used for some of the mundane tasks that are not necessarily enriching to the human experience, like cleaning, manufactoring, or data entry; or for tasks that can be accomplished much more quickly by a computer like certain kinds of processing. However, we are seeing a situation where AI is creeping in and starting to replace human creative activities and enriching careers that people deticate their lives to. Things like art, creative writing, programming, and science and gradually being overtaken by AI. Additionally, there are situations where minorities or those in lower income brackets are being impacted by automation getting rid of jobs that they need to survive and thrive. Because of this, we need strong regulation on AI and automation to help ensure that it is actually helping humanity, not increasing equity gaps and removing humans from creative acts and professions. 
When looking at the different perspectives provided, I think that mine most resembles the utilitarian view, but with some caveats. The utilitarian view maintains that machienes should be allowed to take over lower-paying, repetitive jobs so that humans can be more prosperous and pursue more creative activities. I also agree that this should be the case, but I feel that this view leaves out some very important caveats to make sure that machienes also don't leave people out of jobs entirely and widen equity gaps. ",,,,,
15646,43,243,666.249,gpt,gpt_response,,,,"The issue of automation and society is becoming an increasingly prevalent issue in the modern day as robotics and AI are becoming more sophisticated. We are now entering a world where automation is able to complete many of the different tasks that humans can, meaning that humans will not have to do them anymore. These tasks vary, from the low-skill, mundane tasks like cleaning, file organization, and manufacturing, to high-speed tasks like processing. Automation is potentially one of the most important tools that humans have developed but could also be a problem that accentuates the inequities that are in our societies. My stance on automation is that we should take full advantage of it where it can increase the quality of human life/other life, but that it should be heavily regulated so that it does not degrade the quality of life of humanity, especially for those in minorities. What I mean by this is allowing AI and automation to be used for some of the mundane tasks that are not necessarily enriching to the human experience, like cleaning, manufacturing, or data entry; or for tasks that can be accomplished much more quickly by a computer like certain kinds of processing. However, we are seeing a situation where AI is creeping in and starting to replace human creative activities and enriching careers that people dedicate their lives to. Things like art, creative writing, programming, and science are gradually being overtaken by AI. Additionally, there are situations where minorities or those in lower income brackets are being impacted by automation getting rid of jobs that they need to survive and thrive. Because of this, we need strong regulation on AI and automation to help ensure that it is actually helping humanity, not increasing equity gaps and removing humans from creative acts and professions. When looking at the different perspectives provided, I think that mine most resembles the utilitarian view, but with some caveats. The utilitarian view maintains that machines should be allowed to take over lower-paying, repetitive jobs so that humans can be more prosperous and pursue more creative activities. I also agree that this should be the case, but I feel that this view leaves out some very important caveats to make sure that machines also don't leave people out of jobs entirely and widen equity gaps.",,,,,
15647,43,244,702.344,gpt,p,,,,"The issue of automation and society is becoming an incresingly prevalent issue in the modern day as robotics and AI is becoming more sphisticated. We are now entering a world where automation is able to complete many of the different tasks that humans can, meaning that humans will not have to do them any more. These tasks vary, from the low-skill, mundane tasks like cleaning, file organization, and manufactoring, to high-speed tasks like processing. Automation is potentially one of the most important tools that humans have developed, but could also be a problem that accentuates the inequities that are in our socities. 
My stance on automation is that we should take full advantage of it where it can increase the quality of human life/other life, but that it should be heavily regulated so that it does not degrade the quality of life of humanity, especially for those in minorities. What I mean by this is allowing AI and automation to be used for some of the mundane tasks that are not necessarily enriching to the human experience, like cleaning, manufactoring, or data entry; or for tasks that can be accomplished much more quickly by a computer like certain kinds of processing. However, we are seeing a situation where AI is creeping in and starting to replace human creative activities and enriching careers that people deticate their lives to. Things like art, creative writing, programming, and science and gradually being overtaken by AI. Additionally, there are situations where minorities or those in lower income brackets are being impacted by automation getting rid of jobs that they need to survive and thrive. Because of this, we need strong regulation on AI and automation to help ensure that it is actually helping humanity, not increasing equity gaps and removing humans from creative acts and professions. 
When looking at the different perspectives provided, I think that mine most resembles the utilitarian view, but with some caveats. The utilitarian view maintains that machienes should be allowed to take over lower-paying, repetitive jobs so that humans can be more prosperous and pursue more creative activities. I also agree that this should be the case, but I feel that this view leaves out some very important caveats to make sure that machienes also don't leave people out of jobs entirely and widen equity gaps. ",,,,,
15648,43,245,702.905,gpt,gpt_inquiry,,,,"Not what I asked -- I need you to look over this article and tell me where grammar/spelling issues are:
The issue of automation and society is becoming an incresingly prevalent issue in the modern day as robotics and AI is becoming more sphisticated. We are now entering a world where automation is able to complete many of the different tasks that humans can, meaning that humans will not have to do them any more. These tasks vary, from the low-skill, mundane tasks like cleaning, file organization, and manufactoring, to high-speed tasks like processing. Automation is potentially one of the most important tools that humans have developed, but could also be a problem that accentuates the inequities that are in our socities. 
My stance on automation is that we should take full advantage of it where it can increase the quality of human life/other life, but that it should be heavily regulated so that it does not degrade the quality of life of humanity, especially for those in minorities. What I mean by this is allowing AI and automation to be used for some of the mundane tasks that are not necessarily enriching to the human experience, like cleaning, manufactoring, or data entry; or for tasks that can be accomplished much more quickly by a computer like certain kinds of processing. However, we are seeing a situation where AI is creeping in and starting to replace human creative activities and enriching careers that people deticate their lives to. Things like art, creative writing, programming, and science and gradually being overtaken by AI. Additionally, there are situations where minorities or those in lower income brackets are being impacted by automation getting rid of jobs that they need to survive and thrive. Because of this, we need strong regulation on AI and automation to help ensure that it is actually helping humanity, not increasing equity gaps and removing humans from creative acts and professions. 
When looking at the different perspectives provided, I think that mine most resembles the utilitarian view, but with some caveats. The utilitarian view maintains that machienes should be allowed to take over lower-paying, repetitive jobs so that humans can be more prosperous and pursue more creative activities. I also agree that this should be the case, but I feel that this view leaves out some very important caveats to make sure that machienes also don't leave people out of jobs entirely and widen equity gaps. ",,,,,
15649,43,246,709.971,gpt,gpt_response,,,,"The issue of automation and society is becoming an increasingly prevalent issue in the modern day as robotics and AI are becoming more sophisticated. We are now entering a world where automation is able to complete many of the different tasks that humans can, meaning that humans will not have to do them anymore. These tasks vary, from the low-skill, mundane tasks like cleaning, file organization, and manufacturing, to high-speed tasks like processing. Automation is potentially one of the most important tools that humans have developed, but could also be a problem that accentuates the inequities that are in our societies. 
My stance on automation is that we should take full advantage of it where it can increase the quality of human life/other life, but that it should be heavily regulated so that it does not degrade the quality of life of humanity, especially for those in minorities. What I mean by this is allowing AI and automation to be used for some of the mundane tasks that are not necessarily enriching to the human experience, like cleaning, manufacturing, or data entry; or for tasks that can be accomplished much more quickly by a computer like certain kinds of processing. However, we are seeing a situation where AI is creeping in and starting to replace human creative activities and enriching careers that people dedicate their lives to. Things like art, creative writing, programming, and science are gradually being overtaken by AI. Additionally, there are situations where minorities or those in lower income brackets are being impacted by automation getting rid of jobs that they need to survive and thrive. Because of this, we need strong regulation on AI and automation to help ensure that it is actually helping humanity, not increasing equity gaps and removing humans from creative acts and professions. 
When looking at the different perspectives provided, I think that mine most resembles the utilitarian view, but with some caveats. The utilitarian view maintains that machines should be allowed to take over lower-paying, repetitive jobs so that humans can be more prosperous and pursue more creative activities. I also agree that this should be the case, but I feel that this view leaves out some very important caveats to make sure that machines also don't leave people out of jobs entirely and widen equity gaps.",,,,,
15650,43,247,734.691,gpt,gpt_inquiry,,,,aaaaaalright nevermind then,,,,,
15651,43,248,735.691,gpt,gpt_response,,,,"I apologize if my response did not meet your expectations. If you have any other questions or need further assistance, please let me know.",,,,,
